Kullanıcı Adı,Puan (Yıldız),Yorum Metni,Tarih (Metin),Tarih (Yaklaşık),Beğeni,İşletme Yanıtı,Kullanıcı Yorum Sayısı,Yorum ID
metin gökkoca,5.0,"This is our 5th visit and it's excellent in every way. I definitely recommend it.

We would also like to thank Ms. Ayşenur at Fox Bar for her attentiveness and friendliness.",Edited 12 hours ago,2026-08-03,,"Dear Guest,

First of all, thank you for choosing our hotel for your holiday and for taking the time to write your review.

All your comments are important to us at Adora Hotel & Resort. They encourage us to improve and become better. We strive to provide you, our valued guests, with impeccable service.

We are delighted to have hosted you and wish you a healthy and peaceful year with your loved ones.

Sincerely,

The Adora Hotel & Resort Family",4 reviews,Ci9DQUlRQUNvZENodHljRjlvT25BeFYzTlJNVTFWWkRGQ2NHdE9OMnN6UkRkamIzYxAB
Анна Калинина,5.0,"Everything was fantastic! The service, the food, the hospitality! Absolutely fantastic!

I'd especially like to praise Damla. She helped us book a restaurant reservation and maintained an interesting and lively conversation. Everything was simply fantastic! Our family was thrilled!",13 hours ago,2026-08-03,,,2 reviews,Ci9DQUlRQUNvZENodHljRjlvT2tVdGR5MDFOWEJ3TUV3d0xUUmlaRWQ0ZGtSNWVIYxAB
elena graf,5.0,"We spent our family vacation at the hotel. It was lovely. The grounds were spacious and well-organized, but not too large, unlike some other hotels we've stayed at in Turkey. There was plenty of delicious food. You could even grab a bite to eat at the bar at night. The pool was never crowded, and there was plenty of space on the beach as well. A particularly nice feature was that there were always sun loungers available, both on the beach and by the pool.

To top it all off, we had a wonderful dinner on the rooftop terrace at the Sehrazat restaurant. The food was also delicious, and the service was excellent. Many thanks to Ida! 😊",13 hours ago,2026-08-03,,,,Ci9DQUlRQUNvZENodHljRjlvT25oUk5YWTBTRTgwYm01M2VsOXhhRTh5ZUhOUlFXYxAB
Светлана Токарева,5.0,"This is our first time at the ADORA Hotel. My grandchildren, daughter, and I are enjoying a wonderful summer vacation on the Mediterranean coast. The stay is so pleasant and relaxing that we want to come back again. The hotel's entertainment staff keeps us busy all day long and never lets us get bored. The hotel's service staff is wonderful and friendly. Ida is always helpful and accommodating. We also visited the SEHRAZAT restaurant. The view of the hotel and the sea from the 7th floor is magnificent. The food is exquisite and the service is excellent. WE WILL DEFINITELY BE BACK. With love from Yekaterinburg.",13 hours ago,2026-08-03,,,,Ci9DQUlRQUNvZENodHljRjlvT2taRmFtVmlWWE5GUVVFeWVHRlVXV2RPUzFwbFYwRRAB
Jana Vargová,5.0,,13 hours ago,2026-08-03,,,1 review,Ci9DQUlRQUNvZENodHljRjlvT2xReFQyRXlZM0ppVlhkM1dIcFJhbGxsTFRKQlUyYxAB
Eugen Hi,5.0,"We highly recommend this hotel. This is our second time staying here, and we always enjoy coming back. It's clean and the staff are very attentive. The Kids Club does a fantastic job.

The à la carte dining, with its stunning view, is a wonderful way to end the holiday – the view was absolutely beautiful. Ida and Hasan were very friendly and welcoming staff members.",14 hours ago,2026-08-03,,,7 reviews · 4 photos,Ci9DQUlRQUNvZENodHljRjlvT2xoMWJrVkRkblU0ZUhob2VFOW9NVk52UkdobVNVRRAB
Olga Lindt,5.0,"Very good hotel, highly recommended.",14 hours ago,2026-08-03,,,,Ci9DQUlRQUNvZENodHljRjlvT2t0U2QzUnBiRk5yWWxKd0xYRlhiRlk0U21reVdFRRAB
Марина Сараева,5.0,"I loved the Mezzetto restaurant! The staff was pleasant and friendly, and the waiter, Ahmed, was very understanding and helpful. The seafood was delicious: squid and shrimp. The pumpkin dessert was delicious too.",14 hours ago,2026-08-03,,,,Ci9DQUlRQUNvZENodHljRjlvT21WMFZVdHlabTVFZGtkRVQyMDFSbGcxY2pOWGNGRRAB
Alex Lagutin,5.0,"The place is great. The location is very close to the beach, the service is perfectly fine, we liked everything.
Big thanks to Damla",Edited 14 hours ago,2026-08-03,,,,Ci9DQUlRQUNvZENodHljRjlvT25aek1IZHlUR05QYmtwVFVYbGZNSEp0ZVVFeVUzYxAB
Berfin Turan,5.0,"We have been happily coming to this hotel for three years and we enjoy it to the fullest. We have a very pleasant and fun time with both our families and friends. The animation team and baristas are very sweet, especially Mr. Muhammet and Mr. Ayşenur, they are very good at their jobs and very friendly. Mr. Doğu was attentive and caring towards us throughout our entire holiday, we thank him very much as well. Thank you to the entire hotel team ❤️",18 hours ago,2026-08-03,,,3 reviews,Ci9DQUlRQUNvZENodHljRjlvT2xjd1RXWlliWGxLT0ZsVVNFMU1OMlpxT0UxblJIYxAB
Eymen Koc,5.0,"We are currently spending our vacation at the Adora Resort Hotel and are very satisfied. The hotel is very clean and well-maintained. The staff is friendly, attentive, and always helpful. The food is varied and delicious – there's something for everyone. The pool area and the beach are beautiful and perfect for relaxing. The entertainment program is also fun and creates a great atmosphere. Overall, we feel very comfortable here and are enjoying our stay. We would definitely recommend the Adora Resort Hotel and would love to come back!",20 hours ago,2026-08-03,,,2 reviews,Ci9DQUlRQUNvZENodHljRjlvT2tkUGJEbG5iRVZuWHkxbU0zWmxUMmxZVG5kcVRtYxAB
Ömer kaya,5.0,"We are completely satisfied! Everything was perfect – the room was clean, the staff very friendly and helpful, the food delicious, and the overall atmosphere pleasant. We thoroughly enjoyed our stay and can wholeheartedly recommend this hotel. Thank you for the excellent service!",20 hours ago,2026-08-03,,,1 review,Ci9DQUlRQUNvZENodHljRjlvT214bFMxOXJRVlZETVZaS1R6WXlkbTE2TVZsRlpHYxAB
Ufuk Kaygisiz,5.0,"We stayed at the Adora Hotel in Antalya and had a wonderful holiday. The hotel is very clean and well-maintained. The food was varied and delicious, so everyone could find something to their liking. The staff were always friendly, helpful, and attentive. We especially enjoyed the beautiful beach, the large pools, and the diverse entertainment program. The rooms were also clean and comfortable. Overall, we had a fantastic time and would definitely recommend the hotel. We would love to come back!",20 hours ago,2026-08-03,,,1 review,Ci9DQUlRQUNvZENodHljRjlvT21aR2FFODJaWFUwUlhaNVFtbHhUM2xVUkVseE1rRRAB
Grzegorz,5.0,,21 hours ago,2026-08-03,,,Local Guide · 7 reviews · 25 photos,Ci9DQUlRQUNvZENodHljRjlvT2tOTlFrVlFZMTlXUW5SQ1JXZDNhVEpxZVhrNE0yYxAB
İstanbulenergy Drink,5.0,"The hotel is very nice, the staff are very attentive and friendly, especially a young man in the restaurant, if I remember correctly his name was Gergen. Even though it wasn't dinner time, he brought us food because we were hungry and took care of us. He was so friendly that I felt the need to write this review. Also, we called room service to raise the portable bed in the room, and they came and changed the bed immediately, without any complaints or grumbling, with a smile and attentiveness. I guess we've become so used to not receiving good service despite paying for it that the service here made me very happy.",a day ago,2026-08-03,,,4 reviews,Ci9DQUlRQUNvZENodHljRjlvT2pCSVQzSmFWbmM0WWpKcFdXOVhVR0paWkRoSWRtYxAB
FATMA POLAT,5.0,,a day ago,2026-08-03,,,2 reviews · 1 photo,Ci9DQUlRQUNvZENodHljRjlvT25OS2JUQjBTekJtVjJ4cFZUZDFNMWhvVFdGMFRGRRAB
Murat Isbilir,5.0,,a day ago,2026-08-03,,,Local Guide · 15 reviews · 4 photos,Ci9DQUlRQUNvZENodHljRjlvT214MGFHMWxUV1pLVFUwMFMyTXdNM0JYYms5elUyYxAB
Jeff W,3.0,"3 stars. The room was nice, the grounds green. However, many things on the property are outdated and not maintained. The food was always cold, and while the selection is large on the first day, it's constantly repeated, so after a week, you lose your appetite. In our opinion, the biggest problem is the situation with the sun loungers on the beach. They are ""reserved"" very early in the morning and then remain unused all day. Nothing is done about it. The cocktails are good, but they are sometimes professionally made and sometimes less so. It's a shame that some waiters serve drinks in plastic cups in the evening. The service at reception was very unpleasant and, in our opinion, unfriendly. A late check-out costs €15/hour. All in all, it's a normal hotel, perfectly fine for a week's family vacation. Everything on the property is easily accessible, and there's an entertainment program throughout the day.

The service at mealtimes isn't particularly good; dishes are cleared, yes, but if you're lucky, you might be asked about drinks once per meal. We got our own second drink, and the same went for our first one at lunchtime. We often felt ignored here.

The selection of juices, especially at breakfast, is poor; they taste completely artificial. Freshly squeezed juices were available for an extra charge.",a day ago,2026-08-03,,,Local Guide · 66 reviews · 7 photos,Ci9DQUlRQUNvZENodHljRjlvT2xodk5WcE9ZMFZ3UnpKUmRVcEVkRk52U2pONFJVRRAB
Nisanur Dülger,5.0,"In a word, a perfect hotel. The food, the cleanliness, and above all, their communication with the guests – they truly take care of everyone individually. I've been going to this hotel for 3 years and I'm really very satisfied. Everyone has a smile on their face. The variety and taste of the food were amazing. I highly recommend it; you will never leave unhappy. I definitely recommend it, I think you should give it a chance 🥰",a day ago,2026-08-03,,,,Ci9DQUlRQUNvZENodHljRjlvT25rMlpFWjJkVEoxT1VoMmVGcHRWVXhqUWpGNlNFRRAB
Pawel Grzegorczyk,5.0,,a day ago,2026-08-03,,,3 reviews,Ci9DQUlRQUNvZENodHljRjlvT25oV1UxZFdaMWwxVTFoV1lTMVNOR1psWlRWWmRXYxAB
Zerina Mahmutovic,5.0,"The holiday at Adora Hotel was fantastic from the food, the sea, the pool to the disco in the evening, the staff was very pleasant and professional, the resort has everything you could need at any time, bars that are open 24 hours and more. If we were to come to Turkey again, we would definitely visit Adora again.",a day ago,2026-08-03,,,1 review,Ci9DQUlRQUNvZENodHljRjlvT2tkZlZIRXlXRGt0YlZNMlIyWnlORmRwVVRWUGJYYxAB
A.H.,4.0,"The hotel has a very nice complex. The facilities are excellent, and there's something for everyone.

We had a bungalow room. It could have been cleaned more thoroughly. Otherwise, the cleaning was reliable, and the minibar was stocked with international drinks. There could also have been more storage space for our belongings for four people.

The food was excellent. There was a huge selection, and there was something for everyone, even at any time of day.

The sports facilities are highly recommended. The instructors are very friendly.

We also used the spa and can highly recommend it.

All in all, it's a great family hotel.",a day ago,2026-08-03,,,1 review,Ci9DQUlRQUNvZENodHljRjlvT2pWVWRqVk5lbWhwVW1KU2VIRm9aVEpSZVROTWEwRRAB
Nataliya Bayazitova,5.0,"We had a truly luxurious vacation at the fabulous Adora Hotel! Thank you so much for the top-notch service; there was nothing to complain about. This is our sixth time in Turkey, but this hotel is beyond praise. The staff is polite, and the waiters are masters of their craft. A special THANK YOU to the Shehrazad restaurant and the manager, Ida, for the compliments on the table and the wonderful atmosphere created for our large group!!! We're planning to visit you again next year; look forward to seeing you!",a day ago,2026-08-03,,,1 review · 2 photos,Ci9DQUlRQUNvZENodHljRjlvT2pacFdGQkxaRkZJWlVJMVJuazRhbkF5VWxkck5VRRAB
Денис Гриценко,5.0,"Excellent service! Excellent cuisine! You can barely hear the shows! There's no blaring music, apparently because the hotel is a family-friendly place. There are plenty of sun loungers on the beach, which was a pleasant surprise. Perfect for a family vacation!",a day ago,2026-08-03,,,,Ci9DQUlRQUNvZENodHljRjlvT2tsRlZrNWhWRXhtTTJKTlNUZHlXWFkyUlZNNU1tYxAB
Swetlana Frühauf (Swetik),5.0,"Very nice, large hotel, very friendly staff",a day ago,2026-08-03,,,Local Guide · 8 reviews,Ci9DQUlRQUNvZENodHljRjlvT2pobGNrMTVWbXA0WkhadU9HVnpTMHhpVmpsUVVtYxAB
Дми Наз,5.0,"I really liked this hotel and highly recommend it for a family vacation! It has it all: a wonderful sandy beach with a gentle slope into the sea, fine pebbles at the entrance, comfortable for your feet, and clean, clear water. There's great entertainment and a mini club for children, and plenty of activities for adults, too. There are shops on site where you can buy everything you need, as well as numerous bars and restaurants. I'd especially like to mention the Sehrazat à la carte restaurant, located on the roof of the main building, offering a stunning view of the sea and surrounding area. Excellent service and delicious cuisine! The hotel gets a solid 5!",a day ago,2026-08-03,,,,Ci9DQUlRQUNvZENodHljRjlvT21wQk4wNDRTRWt3Ym14VlQzSXlPRjlYWjFocFRYYxAB
Darvin Villerstoune,5.0,"Everything was great, I recommend it, I liked the Shekhrozat restaurant in the hotel the most!",a day ago,2026-08-03,,,,Ci9DQUlRQUNvZENodHljRjlvT25sYVJXNTBWMWxQY1hwcldWY3hTRXRGTWtOMmJsRRAB
Kinga Wojciechowska-Kozłowska,5.0,"A hotel with enormous potential, perfectly situated amidst a beautiful garden.
A wide selection of food, all fresh and beautifully presented.
The service was top-notch, striving to meet all guest needs.
The à la carte restaurant made a very good impression on us. The food was fresh, delicious, and beautifully presented, and the service was polite and helpful. The pleasant atmosphere made us happy to return. I highly recommend it!",a day ago,2026-08-03,,,,Ci9DQUlRQUNvZENodHljRjlvT21ab05HNUVUemQzUm01UlN6RkdZVXQwUVhaUWNWRRAB
Евгений Владимиров,5.0,Great staff!,a day ago,2026-08-03,,,1 review,Ci9DQUlRQUNvZENodHljRjlvT2todllXSlJXbFZpWjBGVlZGVkRaMWRPYlcxS1pYYxAB
Igor Dmitruc,5.0,,a day ago,2026-08-03,,,3 reviews · 2 photos,Ci9DQUlRQUNvZENodHljRjlvT25aamJVSnNXVXQyYW01amN6TlRWMjB4VXpCNGIwRRAB
Marina Iva,5.0,"A wonderful hotel with a clear sea. I've been to Turkey many times, but I liked this hotel the most. There's plenty of food to choose from, and the drinks and cocktails are good. The a la carte menu on the 4th floor was delicious. The receptionist, Ida, is always polite.",a day ago,2026-08-03,,,1 photo,Ci9DQUlRQUNvZENodHljRjlvT2t4UmRWUlRlbG96ZFV0V1ZXeGlVMGhZTFhwUlgzYxAB
Анастасия Бурлуцкая,5.0,"We recommend it to everyone!!!
We are very satisfied!",a day ago,2026-08-03,,,Local Guide · 13 reviews · 68 photos,Ci9DQUlRQUNvZENodHljRjlvT25wWU5GaE1ZbVkxWkdaRVNIWkZZVEYxZVMxalQyYxAB
Ирина Авдеева,5.0,"A wonderful hotel! We thank the entire staff for their attentive, friendly, and caring attitude towards their guests. This isn't our first time in Turkey, so we can compare. Beautiful grounds, excellent housekeeping and cleanliness throughout, and delicious cuisine!!!
We'll definitely be back next year!!!",a day ago,2026-08-03,,,,Ci9DQUlRQUNvZENodHljRjlvT2xFdFh6RXpURWhNYzNRMWQwNWtTVXhZT0daT1lWRRAB
Ridvan özkan,5.0,,a day ago,2026-08-03,,,,Ci9DQUlRQUNvZENodHljRjlvT21GT2JFeE9ZMFJ3YTNWSFVVWkZiWGxsVWpZd05WRRAB
Victoria Gherceac,5.0,"The restaurant is superb, caring and very attentive people. I recommend!",a day ago,2026-08-03,,,2 reviews · 3 photos,Ci9DQUlRQUNvZENodHljRjlvT21ORWMwRXpUbXRQU0dSU1VIQmhXbU42VFc1UlYyYxAB
Michał Masłowski,5.0,"A great hotel, everything was perfect. Great entertainment (with the best animator, Alina!), fantastic evening shows every day. The food was good, and the pool, waterslides, and sea were fantastic!",Edited a day ago,2026-08-03,,"Dear Guests,
First, we would like to thank you for choosing our property for your vacation and for taking the time to leave us a review.

All your comments are very important to us, as the Adora Resort Hotels family. They serve as an incentive for us to continually improve and strive for better results. We strive to provide our valued guests with excellent service. We would like to express our pleasure in hosting you and wish you and your loved ones a healthy and peaceful new year.

Sincerely,
The Adora Resort Hotels family.",Local Guide · 289 reviews · 151 photos,ChZDSUhNMG9nS0VJQ0FnSUR6X3FDRlJnEAE
Dana Lusala,4.0,,a day ago,2026-08-03,,,1 review,Ci9DQUlRQUNvZENodHljRjlvT2xwRmVXazNaMkpoWVdadFZuWkZURTV6YUZKV1NrRRAB
Michelle Fidanidis,5.0,"We are very satisfied with everything. The food is delicious, there's a wide selection of dishes, and plenty of drinks at the various bars. The pool is always clean and not too crowded. The spa area is very comfortably furnished, and you can take a little time out there.",a day ago,2026-08-03,,,5 reviews · 5 photos,Ci9DQUlRQUNvZENodHljRjlvT21ORVkxbFlOMkUxVTFoVVJXVkRkWFpoU0hvd1dtYxAB
Aida Pokvic,5.0,"Everything was great, lots of food selection, all the staff very friendly!! The only thing that could be improved is that the rooms could have a double bed instead of the sofa bed for the children. Overall, everything was perfect.",a day ago,2026-08-03,,,,Ci9DQUlRQUNvZENodHljRjlvT2s5VVdqTkRjSFp2VEhST1QzUkhaM1E1U0V4UlUyYxAB
kuzi,5.0,"It's one of the best hotels I've ever stayed in. The evening show is so beautifully designed, something different every day. There's even a Michael Jackson show! And the daytime entertainment is fantastic. I'd like to thank Berat and Tolga for making everything so fun and beautiful, and also the guest relations staff, Elif and Umut, who are both so lovely.",a day ago,2026-08-03,,,1 review,Ci9DQUlRQUNvZENodHljRjlvT2tvelVsUnRjbXhVTW5ocU1uaFZZVWxLYVVKUFNtYxAB
Le Boulevard ELLA,5.0,Absolutely fantastic!,a day ago,2026-08-03,,,,Ci9DQUlRQUNvZENodHljRjlvT2tSRVJqQmtlakkwUkhGaWRIY3hkbmhpZW5RNVJGRRAB
Vanessa,5.0,I found the service to be very good. The staff were very friendly and helpful.,2 days ago,2026-08-02,,,,Ci9DQUlRQUNvZENodHljRjlvT21rNVdDMVZVV1ZJYUVkNGVYQkZXSFZwYkRaaU9XYxAB
Anita Páchniková,5.0,,2 days ago,2026-08-02,,,,Ci9DQUlRQUNvZENodHljRjlvT2tKRWFVcFJOak5EWW5kWFdreG5jWEpFZEVSa1ZGRRAB
Institut Phibeauté,5.0,"A wonderful hotel, very suitable and high quality for children. The staff are superb.",2 days ago,2026-08-02,,,3 reviews · 4 photos,Ci9DQUlRQUNvZENodHljRjlvT2xGSWJWaGhWMGh5U2xoRFVreEdkbTUxUlhaSGNrRRAB
Ajla,5.0,"Overall, we had a very nice stay at the hotel. The staff were always friendly and welcoming, and there was a great variety of food available throughout the day. You could always find something to eat, and there were plenty of bars and snack bars to choose from.

The public restrooms were very clean and were cleaned regularly, which we really appreciated.

The only area that could be improved is the service, especially during dinner. Sometimes we had to wait quite a while before someone came to take our drink order or bring the drinks.

The location is good, but there isn't much around the hotel. If you want to go shopping, you need to drive a little. However, there is a bus stop directly in front of the hotel with buses going to the bazaar and to Land of Legends, which is very convenient and well organized.

Overall, we enjoyed our stay and would recommend the hotel.",2 days ago,2026-08-02,,,Local Guide · 12 reviews · 11 photos,Ci9DQUlRQUNvZENodHljRjlvT2psdlRXaE1TbEY1V0VOM1RuUlJjMEprVTBGUFlsRRAB
Larisa Suri,5.0,The people working here were exceptionally friendly and kind. Anywhere you go they would greet you with a huge smile on their face.,2 days ago,2026-08-02,,,,Ci9DQUlRQUNvZENodHljRjlvT25wSlQwVkJWelZpVWxjeWQwbGllamx6WjBOVFMzYxAB
Aylin Yesil,5.0,Good service and font hotel for family trip,2 days ago,2026-08-02,,,1 review · 1 photo,Ci9DQUlRQUNvZENodHljRjlvT21sWWRHNVFNRlUxYzBoWWJ6bGxiV2Q2U0MxMFRuYxAB
Martin Prvý,4.0,"The rooms are very dark, the house would change their color.
The service in the dining room is not very efficient, it's more like self-service. The bars and the service in the bars is excellent. The sea is clean, the food is good. Overall the area and the service are good.",2 days ago,2026-08-02,,,8 reviews · 7 photos,Ci9DQUlRQUNvZENodHljRjlvT2pOclgyTTFiRWRFVkVadVZsVjNSRFJwV1U1aU5HYxAB
Wladimir Lemenow,5.0,"A very nice hotel.

Perfect for families.",2 days ago,2026-08-02,,,,Ci9DQUlRQUNvZENodHljRjlvT2taeE9YUlhOazB3ZFRONmNVNU5UbkJIWVdkak5YYxAB
marian polakovic,4.0,"Really satisfied with all personel, bars and restaurant good. Food fantastic, only missing more seafood.
For improvement, the rooms are too dark and not enough light, and I think also cleaning of rooms could be in better stsndard.
Globally we were satisfied in Adora.",2 days ago,2026-08-02,,,1 review,Ci9DQUlRQUNvZENodHljRjlvT2tKM1dXVnZkREkwTkc1T1pHUjRTMHQxZGw5c1NIYxAB
Federica Silaghi,5.0,Superb!,2 days ago,2026-08-02,,,1 review,Ci9DQUlRQUNvZENodHljRjlvT2xOblUycDFWVEJaUm1kWGFIQkZjVVpwY1hKUmNFRRAB
Olga Lukačovičová,5.0,,2 days ago,2026-08-02,,,3 reviews,Ci9DQUlRQUNvZENodHljRjlvT2pKQ1ExODFNekJ0Y2pCWmFuQXhiR3BoTUhWQ00yYxAB
Charles Pinner,5.0,We would have liked a sitting room in our family room. We love the hotel & are enjoying our stay immensely and would recommend it to others.,Edited 2 days ago,2026-08-02,,"Dear Guest,

First of all, we would like to thank you for choosing our hotel and for taking your valuable time to evaluate it.

All your comments are important to us as Adora Hotel & Resort Your evaluation will encourage us to improve and become better. As a facility, we are trying to provide perfect service to our valued guests.

We express our pleasure to welcome you and wish you a healthy and peaceful year with your loved ones.

Kind regards,

Adora Hotel & Resort",1 review,Ci9DQUlRQUNvZENodHljRjlvT205dFZXcHRPVmRTYVRNelJ6UkhOV1ZDUlZrM1pXYxAB
Даша Козлова,5.0,"a good hotel with excellent service, delicious food and wonderful staff",2 days ago,2026-08-02,,,,Ci9DQUlRQUNvZENodHljRjlvT2tocFdrTXliMTlEYkZGemJIVjBNRGN3UTFkNU5XYxAB
CARMEN VERONICA POPESCU,5.0,Very beautiful experience.,2 days ago,2026-08-02,,,1 review,Ci9DQUlRQUNvZENodHljRjlvT2xneE9EQjBNVXR0VlY5RlFuQTBXakYyZDE5emVsRRAB
Lucia Lukačovičová,4.0,,2 days ago,2026-08-02,,,,Ci9DQUlRQUNvZENodHljRjlvT2xsVVJqbHJURk5sYm0weVdVMWhRVU40WkhaVVYxRRAB
Vivien Polakovičová,4.0,,2 days ago,2026-08-02,,,,Ci9DQUlRQUNvZENodHljRjlvT2treFYwWnJjMDlFY0cwMlR6UXpVV1pPV201NFRWRRAB
Simona Irina Petre,5.0,Everything is superlative!,2 days ago,2026-08-02,,,,Ci9DQUlRQUNvZENodHljRjlvT2tSeFFYcGhhRlZUVm01M1oweG5lRXR3ZEhJNE1IYxAB
Tamara Prvá,4.0,"This place is very nice. Everything is perfect, food is delicious. Good animation team and amazing programs. The only downside are rooms which are dark and smaller.",2 days ago,2026-08-02,,,2 reviews,Ci9DQUlRQUNvZENodHljRjlvT2xBdFpXVlhXR054T0ZnNFMzTXRaVFJhZGtKRVZtYxAB
Cristina Manuela Stamin,5.0,"A wonderful experience. The hotel is very close to the beach, very kind staff.",Edited 2 days ago,2026-08-02,,"Dear Guest,

First of all, we would like to thank you for choosing our hotel and for taking your valuable time to evaluate it.
All your comments are important to us as Adora Resort Hotels. Your evaluation will encourage us to improve and become better. As a facility, we are trying to provide perfect service to our valued guests.
We express our pleasure to welcome you and wish you a healthy and peaceful year with your loved ones.

Kind regards,
Adora Resort Hotels.",5 reviews,Ci9DQUlRQUNvZENodHljRjlvT21jMVZISXlSRnBVUkVWblQzaEhURTFFWVV4V2FWRRAB
Alexandra Negut,5.0,"Everything was great! The food was very good and diverse. The beach is very close, clean and beautifully arranged! Beautiful shows and parties every evening, multiple activities for children and adults! I made a reservation at the a la carte restaurant Capadocia with the help of Mr. Meclt, who was understanding and offered helpful information. A beautiful and successful vacation!",Edited 2 days ago,2026-08-02,,"Dear Alexandra,

First of all, we would like to thank you for choosing our hotel and for taking your valuable time to evaluate it.
All your comments are important to us as Adora Resort Hotels. Your evaluation will encourage us to improve and become better. As a facility, we are trying to provide perfect service to our valued guests.
We express our pleasure to welcome you and wish you a healthy and peaceful year with your loved ones.

Kind regards,
Adora Resort Hotels.",1 review,Ci9DQUlRQUNvZENodHljRjlvT2psS01raFlUVlJCVkUxUE9YWnFMWEprTFdsMWVHYxAB
Vivien Poľakovičová,4.0,,2 days ago,2026-08-02,,,,Ci9DQUlRQUNvZENodHljRjlvT2tnMlZuVlZOMHgwVFVNNVpFUnVUVzQ1Y25ObWVFRRAB
Halida Dzilic,5.0,"Very beautiful, great restaurant, superb food and a fantastic view, and the staff is especially wonderful!",2 days ago,2026-08-02,,,1 review · 1 photo,Ci9DQUlRQUNvZENodHljRjlvT2xoVGVWY3hMWEF0YkZOWUxXVnVaeTAzVkVoV1ZtYxAB
Elif,5.0,"We were very pleased with everything during our holiday; the cleanliness of the hotel, the food, the attentiveness and friendliness of the staff were truly wonderful. We would also like to extend a special thank you to the animation team, who added so much color to our holiday; thanks to you, we created unforgettable memories.",2 days ago,2026-08-02,,,1 review,Ci9DQUlRQUNvZENodHljRjlvT2pWSlJWcHdiVmxIVUhnM01ETnBVRGcyTUdGMmNsRRAB
Şahin ŞİMŞEK,5.0,"We were really pleased; the food was delicious, the entertainment was great, there was an activity every hour, archery was very fun, everyone who comes here should try it at least once. The rooms were very clean, it's a perfect value-for-money hotel.",2 days ago,2026-08-02,,,3 reviews,Ci9DQUlRQUNvZENodHljRjlvT25waFdHbFdZMEZzWm5sd0xXRkhTbTFYY0ZGa1pXYxAB
Onurcan Akyıldız,5.0,"This is our second visit to the hotel. The staff are very friendly, the rooms are clean, and the food is delicious and varied. The animation team ensures a fun-filled holiday with continuous activities throughout the day. Special thanks to Eren and Berat from the animation team.",2 days ago,2026-08-02,,,1 review,Ci9DQUlRQUNvZENodHljRjlvT2pVNGQwcDFSM050ZVRab1NsODNOVGRzTUhwd1FsRRAB
Sa. W.,3.0,"Beautiful resort and clean rooms.

Unfortunately, the food was often cold and the staff, especially at reception, were frequently moody. The welcome and checkout were neither friendly nor pleasant! The sun lounger situation on the beach needs improvement. If you don't reserve loungers, you won't get a spot on the beach!",2 days ago,2026-08-02,,,Local Guide · 32 reviews · 2 photos,Ci9DQUlRQUNvZENodHljRjlvT205Zk4xZ3dibTU2TUdsZk5tUnJObGxQZWpsZlltYxAB
Ivana Dolha,5.0,"I recommend Hotel Adora to all ten of us! We had a wonderful holiday here and would definitely like to come back here.

A big plus was the rich animation program for children and adults. The children had a great time during the day with darts, water polo, kite flying, picnics and mini golf. Every evening there was a popular mini disco, where the lovely animators invited the children to the program during dinner. They managed to keep them interested and the children looked forward to it every evening. Adults were also thought of, for whom a varied evening program was prepared.

The food was delicious, with a really large selection and the helpful staff together with the nice waiters created a pleasant atmosphere. The hotel is located just a short distance from the sea, which was beautifully clean. There were many small shells on the beach, which the children were very happy about, and there were also sun loungers. I also appreciate the fact that everything was close and at hand.

Special thanks to our Slovak animator Veronika, who devoted herself to the little ones with love and great patience.

Thank you for a wonderful vacation and I believe that we will return to the Adora Hotel next year.",2 days ago,2026-08-02,,,1 review · 4 photos,Ci9DQUlRQUNvZENodHljRjlvT2sxRVgyOTVhRkJ2U1Y5UldGZEVTWFJWYjJkUE9WRRAB
Kübra A,5.0,"This is our second time visiting this hotel. The staff's friendly smiles and energy make your vacation even better, and the animation team ensures you have a full day of fun. The cuisine is varied and caters to all tastes. We will definitely return for another vacation. Thank you for everything.",2 days ago,2026-08-02,,,6 reviews,Ci9DQUlRQUNvZENodHljRjlvT2pKRExVeHZUSFppWDJaUVdUaEZTVjk1TW5oc1JVRRAB
Selçuk Tekinarslan,5.0,"We had a wonderful holiday. It's a hotel we've returned to with my family, and one we always choose and recommend. The staff are like family; everyone is very friendly and helpful. The rooms are clean and high-quality. There are entertainment and activities to suit everyone. The food quality in the hotel's à la carte restaurants is top-notch. Many thanks to the guest relations department, especially to Umut. The animation team did an amazing job; many thanks to the entire team, especially Tolga. The service throughout the hotel is fantastic, but I must say that the food quality could be improved for a hotel of this size.",2 days ago,2026-08-02,,,,Ci9DQUlRQUNvZENodHljRjlvT2xvME1UZzRSVVZ2Y0ZJMVdYZzBjRFZXYkdoNWVIYxAB
Valeriu Bordei,5.0,Amazing hotel,3 days ago,2026-08-01,,,2 reviews,Ci9DQUlRQUNvZENodHljRjlvT205SVFUazVRelZVVEhOb1dXazFVRlZxUjFSaGIxRRAB
Mükremin SARIKAYA,5.0,"The rooms are clean, spacious and airy, the area is large but compact, making everything easily accessible, the food is varied and delicious, you can find grilled dishes at every meal. The pool, aqua park and children's aqua park are nice and adequate. The sea is sandy and shallow.",3 days ago,2026-08-01,,,6 reviews · 4 photos,Ci9DQUlRQUNvZENodHljRjlvT2tOWWMzcHRMVUZhUVhkdE56bFBNRWhuZW5kVVIzYxAB
Samet Demirci,5.0,We would like to thank Mr. Yusuf and Ms. İda at Şehrazat restaurant for their attention and care. We were very pleased with everything. We recommend it to anyone who wants to come.,3 days ago,2026-08-01,,,1 review · 2 photos,Ci9DQUlRQUNvZENodHljRjlvT25OMVpWVjBTRFZLWnpkTFJrTlpiM1JrZEdObFFXYxAB
Света BO,5.0,"Great hotel! Excellent service, nice rooms, convenient location.
The Adora Hotel exceeded all expectations! The cuisine was varied and delicious, and I especially loved the restaurant on the 4th floor with its beautiful views and excellent food.",3 days ago,2026-08-01,,,,Ci9DQUlRQUNvZENodHljRjlvT2xwamRtUkRWVkp6VkVWYVZVY3pSRlIxYkd4U1pVRRAB
I. Mildebrath,5.0,"We stayed at Adora for a week and celebrated my boyfriend's birthday there. The team went to great lengths to make our stay and the birthday celebration as enjoyable as possible.

We had a wonderful experience. We were also very happy with the food and the overall concept.",3 days ago,2026-08-01,,,4 reviews,Ci9DQUlRQUNvZENodHljRjlvT25wV2NXVkVXVFV4VVRkRFgzTTFSMTlUWjIxeFRYYxAB
Елизавета Сорокина,5.0,"Excellent hotel! We stayed here for nine nights for the first time and were very pleased. The staff and service were wonderful, and the rooms were cleaned daily!
Various shows and activities for people of all ages every day! We loved everything!
On our last day, we tried the Mediterranean restaurant ""Shehrazat."" It was delicious, and the food was served quickly! We were very pleased! We'll definitely come back!",3 days ago,2026-08-01,,,1 review,Ci9DQUlRQUNvZENodHljRjlvT25kS1ZqaHBZa2hZWkRsb1NqbEpiRGN3Vm5WcVJIYxAB
Iwuk,5.0,"A pleasant hotel. The rooms are spacious, modern, and very clean; the cleaning service was a delight every day. The food was varied: a huge selection of fresh fruits, meats, and local sweets to suit every taste. The stay was wonderful. The Mediterranean restaurant was especially memorable; it was incredibly delicious.",3 days ago,2026-08-01,,,,Ci9DQUlRQUNvZENodHljRjlvT2tGUlJsVmlVR3hvV0ZaRFpsSmtWV2RJZG5RdGMxRRAB
Eda Karakaya,5.0,"This is our second visit to the hotel and we are very pleased. Everything was superb, from the location and the food to the entertainment. We had à la carte dinner and it was delicious. I would definitely recommend this hotel.",3 days ago,2026-08-01,,,1 photo,Ci9DQUlRQUNvZENodHljRjlvT25OQ2NrZG1PSEpFU0VWRE5VSklSV2xUVDJFdGVFRRAB
Arbnor Shala,5.0,"Everything was perfect, hotel, service, room etc",3 days ago,2026-08-01,,,,Ci9DQUlRQUNvZENodHljRjlvT25KWFVsVnVSRzg1UTBFdE9XNXVlVGx3WlZkc1puYxAB
Valeria Tereschenko,5.0,"Wonderful hotel, very friendly staff, beautiful locations, very interesting shows and evening programs, and varied food! Sweets are a special treat.",3 days ago,2026-08-01,,,1 review · 1 photo,Ci9DQUlRQUNvZENodHljRjlvT2s5d2JtbEVibmd3WkhOVWRXb3pZMnBETWtab0xXYxAB
Daniel Knat,5.0,"Excellent hotel, tasty and clean",3 days ago,2026-08-01,,,2 reviews,Ci9DQUlRQUNvZENodHljRjlvT2tsWU5qZElYMHQ0VVcxSWQxRlROM2hqYWtWbldrRRAB
Елена Дегтерева,5.0,"Wonderful hotel, entertainment, delicious cuisine in the restaurants and wonderful friendly staff!",3 days ago,2026-08-01,,,,Ci9DQUlRQUNvZENodHljRjlvT2xvMWVFOTVOa1IwTUVJd2IyY3dRbGREVlZKa2MwRRAB
Ирина,5.0,"The Adora Hotel leaves only positive impressions. It's beautiful, well-maintained, and cozy. We visited the rooftop a la carte restaurant, Sehrazat. The amazing view of the sunset over the sea is mesmerizing! The staff is very helpful. Special thanks to guest relations manager Ida! She's a caring and attentive person who will help solve any problem!",3 days ago,2026-08-01,,,,Ci9DQUlRQUNvZENodHljRjlvT2s5TVJtSnFlR00wYkU5NVVuUlZiSFI2YWs5cFNFRRAB
Алена Клюкина,5.0,,3 days ago,2026-08-01,,,,Ci9DQUlRQUNvZENodHljRjlvT25RMmRXdG1WMjlvVDJ4cWFUVmlabTlWYVZGTFltYxAB
Дмитрий Степанов,5.0,"The food was delicious and the staff was friendly, but the room cleaning left much to be desired.",3 days ago,2026-08-01,,,,Ci9DQUlRQUNvZENodHljRjlvT2xsbU9XWnFTV2RUZGpKMlZFOUNaR2syTFdkNGRYYxAB
Coskun Sakaryali,5.0,"Everything was wonderful. The staff were friendly. We were very pleased. The food was delicious. In short, everything was great!!!",3 days ago,2026-08-01,,,,Ci9DQUlRQUNvZENodHljRjlvT210aWNWZGljbGhQZEV4RVQzSlpSemxYTUdsR2VYYxAB
Rüzgar Eser,5.0,"I had a truly unforgettable vacation during my stay at Adora Hotel & Resort, and I was so pleased with the experience that I even extended my stay! It's a cheerful and high-quality facility, extremely suitable for families with children.
From the moment we arrived, the speed of the welcome, the friendliness and helpfulness of the staff made us feel like we had come to the right place. The cleanliness of the rooms was superb; they were cleaned regularly and meticulously every day, and our requests for linen changes were met immediately.
The beach and pool areas were very clean, well-maintained, and enjoyable. We were extremely satisfied with the swimming areas. The food was generally very good; the A la Carte restaurants were especially wonderful, and the speed of the waiters was commendable. (As a small constructive note, if the taste of the grilled dishes could be improved a little, it would be perfect.)
The daytime and evening entertainment and activities at the hotel were extremely high-quality and fun; we were never bored. I would also like to make a special mention of two valuable employees to thank:
I would like to thank Ms. Damla from Guest Relations for her sincerity, warm conversation that made me feel like I was talking to a friend I've known for years, and her solution-oriented approach.
I would also like to extend my extra thanks to Mr. Mehmet Ali, the bar captain, for his friendly conversation, warm approach, interest, and attention. Kudos to the entire team for their hard work; I definitely think I will come again. See you soon.",3 days ago,2026-08-01,,"Dear Guest,

First of all, thank you for choosing our hotel for your holiday and for taking the time to write your review.

All your comments are important to us at Adora Hotel & Resort. They encourage us to improve and become better. We strive to provide you, our valued guests, with impeccable service.

We are delighted to have hosted you and wish you a healthy and peaceful year with your loved ones.

Sincerely,

The Adora Hotel & Resort Family",,Ci9DQUlRQUNvZENodHljRjlvT21keVdVaHVRemRvTVhoNVIzaGhaWE50U1dkdldVRRAB
Imran C,4.0,"The stay was very pleasant. Service and food were good, although the food was often served a bit cold. The location is excellent, and the beach is shallow. Unfortunately, the air conditioning in the room struggled with the 40-degree outside temperature, making the nights somewhat hot and uncomfortable. The staff, however, were very friendly. In my opinion, the price-performance ratio is very good. The Sehrazat restaurant, with its stunning view, is highly recommended. We particularly enjoyed the food prepared by Chef Mucahit. The service there was excellent. The view alone makes it a highly recommended option for any stay.",Edited 3 days ago,2026-08-01,,"Dear Guest,

First of all, we would like to thank you for choosing our establishment for your vacation, for your valuable time, and for your review.

We always strive to provide our valued guests with excellent service.

We would be delighted to welcome you back again and wish you a healthy and peaceful year with your family.

Sincerely,

Adora Hotel & Resort",6 reviews,Ci9DQUlRQUNvZENodHljRjlvT2tOM1ltbHBRWE5zUldKWGIxVjNXa1o0Um1FelIwRRAB
Сергей АСБ,5.0,"A wonderful hotel. The staff is friendly, the grounds are well-maintained, and they really do keep everything clean, from the restaurant to the restrooms on the beach!
A variety of food and drinks, and the bartenders make excellent cocktails. There are plenty of bar locations and snacks throughout the day, plus the lobby is open 24/7.
I'd especially like to express my gratitude to Ida from Guest Relations, who promptly resolves all my questions, from booking à la carte restaurants and birthday celebrations to various household details!",3 days ago,2026-08-01,,"Dear Guest,

First of all, thank you for choosing our hotel and taking the time to provide a detailed review. We value every guest's opinion and strive to do everything possible to ensure a pleasant and comfortable stay at the Adora Hotel & Resort.

Knowing about your positive impressions of our hotel is our greatest reward! We hope to welcome you and your family back to our hotel soon.

Best wishes,

Adora Hotel & Resort",1 photo,Ci9DQUlRQUNvZENodHljRjlvT2pCZlVqZzRRbnBDTjJGVVkxTjVkbEE1U0RjM1RGRRAB
Benjamin Arndt,5.0,"Our stay at the Andora Hotel & Resort was a complete success. The hotel is very well-maintained and clean, and the rooms are comfortably furnished. All the staff were friendly, attentive, and helpful at all times, so we felt welcome from the very first moment.",3 days ago,2026-08-01,,"Dear Guest,

First of all, we would like to thank you for choosing our establishment for your vacation, for your valuable time, and for your review.

We always strive to provide our valued guests with excellent service.

We would be delighted to welcome you back again and wish you a healthy and peaceful year with your family.

Sincerely,

Adora Hotel & Resort",,Ci9DQUlRQUNvZENodHljRjlvT21ORlRVTnNRemxrYVVadU5qaEJOemg0Y21KbmEyYxAB
Joel Born,5.0,"We had a wonderful stay at the Adora Hotel in Kadriye, Antalya. The staff were very friendly and helpful, the rooms were clean and comfortable. The food was varied and delicious, and the well-maintained grounds with the beautiful beach made our holiday perfect. We would love to come back and would definitely recommend this hotel!",3 days ago,2026-08-01,,"Dear Guest,

First of all, we would like to thank you for choosing our establishment for your vacation, for your valuable time, and for your review.

We always strive to provide our valued guests with excellent service.

We would be delighted to welcome you back again and wish you a healthy and peaceful year with your family.

Sincerely,

Adora Hotel & Resort",,Ci9DQUlRQUNvZENodHljRjlvT25keGJEbG9XWFZyZURSUWFITnhVaTFGWWpWSFJsRRAB
Maksim,3.0,"Overcrowded and Restrictions with All Inclusive Plus – Not a True 5-Star Hotel

The hotel itself is okay and the rooms are renovated, but the service is absolutely not up to 5-star standards:

Rooms: Very minimalist (no hairdryer holder, no iron).

Restaurant & Service: Completely overcrowded in the air-conditioned indoor area in the evenings – you have to wait for a free table. It's noticeable that there's a staff shortage.

All Inclusive Plus: Brand-name alcohol (e.g., Jameson) is refused despite the All Inclusive Plus package or is inexplicably ""extra.""

Sunbeds: On the beach, everything is already reserved with towels by 9 a.m.

Anyone wanting to avoid this kind of vacation stress is unfortunately in the wrong place.",3 days ago,2026-08-01,,"Dear Guest,

Thank you for taking the time to share your impressions with us. We are sorry that your stay has not yet met your expectations.

We are pleased that you enjoyed our renovated rooms. At the same time, we regret that you are not satisfied with our service in some areas.

During peak season, the restaurant can be particularly busy at busy times. Our team always strives to provide all guests with a comfortable seat as quickly as possible and to ensure smooth service.

Regarding our All Inclusive Plus concept, we would like to point out that it includes a selection of premium beverages as specified in the concept. Not all international brands are included, which is why some beverages are available for an additional charge. The services included in the concept are clearly defined.

Reserving sun loungers with towels is not in accordance with our hotel policy. Our staff regularly monitors the pool and beach areas to ensure that all guests have fair access to the loungers.

Since you are currently still staying at our hotel, we kindly ask you to contact our Guest Relations team or our colleagues at reception as soon as possible. We would be happy to discuss your concerns with you personally and will do our best to find a satisfactory solution.

Thank you for your feedback. We hope to have the opportunity to make your stay even more enjoyable.

Sincerely,

Adora Hotel & Resort",Local Guide · 59 reviews · 45 photos,Ci9DQUlRQUNvZENodHljRjlvT210c2RFbEtXRlZXYkRoMFNFODFkMUZKZUVodk1GRRAB
TheWladek26,5.0,,4 days ago,2026-07-31,,"Dear Guest,

First of all, we would like to thank you for choosing our establishment for your vacation, for your valuable time, and for your review.

We always strive to provide our valued guests with excellent service.

We would be delighted to welcome you back again and wish you a healthy and peaceful year with your family.

Sincerely,

Adora Hotel & Resort",1 review · 2 photos,Ci9DQUlRQUNvZENodHljRjlvT2xSc1YwcEdVRnBaUW5OelR6aHVja0pwU2tGNWVFRRAB
Natália Ležovičová,4.0,"We rate our holiday at the hotel positively overall. The room was spacious, nicely furnished and well equipped, so we felt comfortable in it. However, we noticed some minor shortcomings in the cleaning of the bathroom, which could have been more thorough.

The food was rather average. The menu looked very tempting and varied at first glance, but the dishes were less flavorful and could have been better seasoned.

The beach service was without any problems and we really appreciated the wide selection of drinks.

The hotel's great advantage is its location. The proximity to Antalya airport was one of the main priorities for our family, so we rate the location excellently.

The biggest disappointment for us was the evening program. We missed more varied and interesting evening entertainment during our stay. Compared to other hotels we visited, the animation program was rather weak, unimaginative and sometimes boring. The themed evening party was held only once during the entire stay, which we consider insufficient. As a family with children, we often felt that there was not much to do in the evenings, and this is an area where the hotel could significantly improve.

We would especially like to praise the Slovak animator Veronika. She was very kind, helpful and dedicated to the children throughout their stay. She tried to entertain them and create a pleasant atmosphere, which we greatly appreciate. The presence of the Slovak animator was a big plus for us and one of the reasons why we enjoyed our stay even more.",4 days ago,2026-07-31,,"Dear Guest,

First of all, we would like to thank you for choosing our hotel and for taking your valuable time to evaluate it.

All your comments are important to us as Adora Hotel & Resort Your evaluation will encourage us to improve and become better. As a facility, we are trying to provide perfect service to our valued guests.

We express our pleasure to welcome you and wish you a healthy and peaceful year with your loved ones.

Kind regards,

Adora Hotel & Resort",2 reviews · 14 photos,Ci9DQUlRQUNvZENodHljRjlvT2pSd01tMXJUbEE0WXpaV1gyOVhZM05IVlhaYVZuYxAB
utku kaçar,5.0,"The food selection is good, the quality is excellent, only the grilled dishes could be a little better. The staff are friendly, and the animation team is quite good. Ms. Sevil from the animation team was very attentive.",Edited 4 days ago,2026-07-31,,"Dear Guest,

First of all, thank you for choosing our hotel for your holiday and for taking the time to write your review.

All your comments are important to us at Adora Hotel & Resort. They encourage us to improve and become better. We strive to provide you, our valued guests, with impeccable service.

We are delighted to have hosted you and wish you a healthy and peaceful year with your loved ones.

Sincerely,

The Adora Hotel & Resort Family",2 reviews,Ci9DQUlRQUNvZENodHljRjlvT21neU5IWTBOM3BGT0hRMVlsSnZTbXR6VkZWUVFYYxAB
Adrian Paltineanu,5.0,,4 days ago,2026-07-31,,"Dear Guest,

First of all, we would like to thank you for choosing our establishment for your vacation, for your valuable time, and for your review.

We always strive to provide our valued guests with excellent service.

We would be delighted to welcome you back again and wish you a healthy and peaceful year with your family.

Sincerely,

Adora Hotel & Resort",Local Guide · 12 reviews · 4 photos,Ci9DQUlRQUNvZENodHljRjlvT21nNFZHSnpWMWhZVmtaek56VlRSVFJHUzBSVGMzYxAB
Татьяна Сульженко,5.0,"I chose this hotel by chance. My favorite travel agent recommended it. BUT! I love everything: the hotel's vacation concept is very well thought out, the food, the pool, the beach—they're absolutely stunning! Today we had dinner at the à la carte restaurant Sehrazat—it was delicious, and the view was absolutely beautiful. Thanks to Ida and Eli for the recommendation 🌺. I highly recommend this hotel!",4 days ago,2026-07-31,,"Dear Guest,

First of all, thank you for choosing our hotel and taking the time to provide a detailed review. We value every guest's opinion and strive to do everything possible to ensure a pleasant and comfortable stay at the Adora Hotel & Resort.

Knowing about your positive impressions of our hotel is our greatest reward! We hope to welcome you and your family back to our hotel soon.

Best wishes,

Adora Hotel & Resort",,Ci9DQUlRQUNvZENodHljRjlvT25GM2MwNTRlR1ZQZHpKc2VrTkJTVE5ZYWxKclNYYxAB
Ben Jones,5.0,"Great hotel with lots of food choices. We really enjoyed the alacarte (Turkish style).
Would defiantly recommend to another family.",4 days ago,2026-07-31,,"Dear Guest,

First of all, we would like to thank you for choosing our hotel and for taking your valuable time to evaluate it.

All your comments are important to us as Adora Hotel & Resort Your evaluation will encourage us to improve and become better. As a facility, we are trying to provide perfect service to our valued guests.

We express our pleasure to welcome you and wish you a healthy and peaceful year with your loved ones.

Kind regards,

Adora Hotel & Resort",4 reviews,Ci9DQUlRQUNvZENodHljRjlvT2paNVRWUnVkRzloVFdndGMwTlJjekk0TUROdU5rRRAB
Erhan Kartal,5.0,"First of all, I can recommend this hotel as a great value-for-money option for families with children. We stayed for 6 nights and were very satisfied. We were especially pleased with Ms. Damla's attention and care. I highly recommend it.",4 days ago,2026-07-31,,"Dear Guest,

First of all, thank you for choosing our hotel for your holiday and for taking the time to write your review.

All your comments are important to us at Adora Hotel & Resort. They encourage us to improve and become better. We strive to provide you, our valued guests, with impeccable service.

We are delighted to have hosted you and wish you a healthy and peaceful year with your loved ones.

Sincerely,

The Adora Hotel & Resort Family",4 photos,Ci9DQUlRQUNvZENodHljRjlvT21OSlQweHpPVUpxZDIxNU5URkxlRmxrVmxoMloyYxAB
Jasmin Alekuzei,5.0,Sultan's Grillroom is highly recommended and we were very well looked after. The food was delicious. We will gladly come again.,4 days ago,2026-07-31,,"Dear Guest,

First of all, we would like to thank you for choosing our establishment for your vacation, for your valuable time, and for your review.

We always strive to provide our valued guests with excellent service.

We would be delighted to welcome you back again and wish you a healthy and peaceful year with your family.

Sincerely,

Adora Hotel & Resort",3 reviews · 1 photo,Ci9DQUlRQUNvZENodHljRjlvT2pab1RHNHhObmhzTVRod00xUmxUVkJETFRNNFZrRRAB
Gerhard Sigrist,4.0,,4 days ago,2026-07-31,,"Dear Guest,

First of all, we would like to thank you for choosing our hotel and for taking your valuable time to evaluate it.

All your comments are important to us as Adora Hotel & Resort Your evaluation will encourage us to improve and become better. As a facility, we are trying to provide perfect service to our valued guests.

We express our pleasure to welcome you and wish you a healthy and peaceful year with your loved ones.

Kind regards,

Adora Hotel & Resort",1 review,Ci9DQUlRQUNvZENodHljRjlvT2pKQmRuZHJMVk5GTjFWd05qWkVWa28wUjJaRVUzYxAB
Filiz TEKİNARSLAN,5.0,It has been a staple of our holidays for the past 4 years. I recommend it to everyone.,Edited 4 days ago,2026-07-31,,"Dear Guest,

First of all, thank you for choosing our hotel for your holiday and for taking the time to write your review.

All your comments are important to us at Adora Hotel & Resort. They encourage us to improve and become better. We strive to provide you, our valued guests, with impeccable service.

We are delighted to have hosted you and wish you a healthy and peaceful year with your loved ones.

Sincerely,

The Adora Hotel & Resort Family",3 reviews,Ci9DQUlRQUNvZENodHljRjlvT2tzNVdYcFJOVTUwV2xjNFVHVktXRXd0U1ZKdGNWRRAB
Ewelina Rybak,5.0,The service at the a la carte restaurant was exceptional. The food was delicious!,4 days ago,2026-07-31,,"Dear Guest,

First of all, we would like to thank you for choosing our hotel and for taking your valuable time to evaluate it.

All your comments are important to us as Adora Hotel & Resort Your evaluation will encourage us to improve and become better. As a facility, we are trying to provide perfect service to our valued guests.

We express our pleasure to welcome you and wish you a healthy and peaceful year with your loved ones.

Kind regards,

Adora Hotel & Resort",2 reviews,Ci9DQUlRQUNvZENodHljRjlvT2tSdmVGVnplV1IyY1ZwMU1ISm5ia0pUU1ZaYVduYxAB
Dominika Wójcik,5.0,"I recommend this hotel. It's a great base. The hotel grounds are spacious, green, and clean. Everything deserves the highest rating – the rooms, the cleanliness, the attractions, and the atmosphere. I especially want to praise the service during meals. The staff were incredibly polite, smiling, and always helpful, making every meal a true pleasure.

The à la carte restaurant also made a huge impression on us. The dishes were delicious, beautifully presented, and prepared with the utmost care. It was definitely one of the highlights of our stay.",4 days ago,2026-07-31,,"Dear Guest,

First of all, we would like to thank you for choosing our hotel and for taking your valuable time to evaluate it.

All your comments are important to us as Adora Hotel & Resort Your evaluation will encourage us to improve and become better. As a facility, we are trying to provide perfect service to our valued guests.

We express our pleasure to welcome you and wish you a healthy and peaceful year with your loved ones.

Kind regards,

Adora Hotel & Resort",Local Guide · 13 reviews · 4 photos,Ci9DQUlRQUNvZENodHljRjlvT2xkdFgzSm1SVXhEVDNFeGFXVlRUaTExVkZkWFVVRRAB
Світлана Годик,5.0,"The vacation left behind fond memories.
Friendly staff, delicious food, a good Italian restaurant with a beautiful sea view.",4 days ago,2026-07-31,,"Dear Guest,

First of all, thank you for choosing our hotel and taking the time to provide a detailed review. We value every guest's opinion and strive to do everything possible to ensure a pleasant and comfortable stay at the Adora Hotel & Resort.

Knowing about your positive impressions of our hotel is our greatest reward! We hope to welcome you and your family back to our hotel soon.

Best wishes,

Adora Hotel & Resort",,Ci9DQUlRQUNvZENodHljRjlvT21GcWJYcHhaWE4xYVZab09UaERVakoyYVZaNU0wRRAB
Артем Годик,5.0,"I really enjoyed my stay, friendly staff, delicious food, good shows",4 days ago,2026-07-31,,"Dear Guest,

First of all, thank you for choosing our hotel and taking the time to provide a detailed review. We value every guest's opinion and strive to do everything possible to ensure a pleasant and comfortable stay at the Adora Hotel & Resort.

Knowing about your positive impressions of our hotel is our greatest reward! We hope to welcome you and your family back to our hotel soon.

Best wishes,

Adora Hotel & Resort",1 review,Ci9DQUlRQUNvZENodHljRjlvT25neFZXWjFUbTUyUkZOdE56aFJlblF4VG1kSFQxRRAB
Dr sai ram,5.0,"⭐⭐⭐⭐⭐

We had an amazing stay at this sea resort and would definitely come back. The location is beautiful, with easy access to the beach and It was the perfect place to relax and switch off.

The room was clean, comfortable, and well looked after throughout our stay. The housekeeping team did a great job every day, and the entire resort felt well maintained.

Everyone we met was friendly, welcoming, and genuinely helpful.

Highlight!!!  is the food
Every meal looked like a work of art, with beautiful attention to detail and elegant plating that made each dish feel special . You could tell the chefs took pride not only in the flavours but also in the way everything was presented. The Color, freshness, and creativity made dining a memorable part of our experience.
( Very well suited for vegetarians ).
They have a Very well equipped gym , and variety of entertainment for kids . ( ours are 3yo ) .

We’d genuinely , happily recommend it to friends and family and hope this helps.",4 days ago,2026-07-31,,"Dear Guest,

First of all, we would like to thank you for choosing our hotel and for taking your valuable time to evaluate it.

All your comments are important to us as Adora Hotel & Resort Your evaluation will encourage us to improve and become better. As a facility, we are trying to provide perfect service to our valued guests.

We express our pleasure to welcome you and wish you a healthy and peaceful year with your loved ones.

Kind regards,

Adora Hotel & Resort",8 reviews,Ci9DQUlRQUNvZENodHljRjlvT2w5ZmRIY3pUa3hYUTBGc2FUUlJSazVPYlROV1JFRRAB
MUSTAFA CİLA,5.0,"We came for our honeymoon and the food, the view, the pool, the activities and the sea were wonderful. The staff's attentiveness was exceptional. Thank you for everything, Adora Hotel Resort family.",4 days ago,2026-07-31,,"Dear Guest,

First of all, thank you for choosing our hotel for your holiday and for taking the time to write your review.

All your comments are important to us at Adora Hotel & Resort. They encourage us to improve and become better. We strive to provide you, our valued guests, with impeccable service.

We are delighted to have hosted you and wish you a healthy and peaceful year with your loved ones.

Sincerely,

The Adora Hotel & Resort Family",1 review,Ci9DQUlRQUNvZENodHljRjlvT21SM1kwdG5ZemMwWW5Oc1RURjJTVEJPWjJwMGJWRRAB
Andrei D.,5.0,"We had a wonderful family vacation at Adora Hotel & Resort. The facilities were great, the staff was friendly, and the overall atmosphere was perfect for families with children. A special thank you to Veronika from the Mini Club animation team, who was always kind, welcoming, and very helpful whenever our child joined there. Her positive attitude made us feel comfortable and added to our enjoyable stay. We would be happy to visit again!",4 days ago,2026-07-31,,"Dear Guest,

First of all, we would like to thank you for choosing our hotel and for taking your valuable time to evaluate it.

All your comments are important to us as Adora Hotel & Resort Your evaluation will encourage us to improve and become better. As a facility, we are trying to provide perfect service to our valued guests.

We express our pleasure to welcome you and wish you a healthy and peaceful year with your loved ones.

Kind regards,

Adora Hotel & Resort",Local Guide · 12 reviews · 19 photos,Ci9DQUlRQUNvZENodHljRjlvT2tVMFEyRkNkbGxJYTJwWWJUZE5NMUV4TXpaUGExRRAB
Umit Eser,4.0,,5 days ago,2026-07-30,,"Dear Guest,

First of all, thank you for choosing our hotel for your holiday and for taking the time to write your review.

All your comments are important to us at Adora Hotel & Resort. They encourage us to improve and become better. We strive to provide you, our valued guests, with impeccable service.

We are delighted to have hosted you and wish you a healthy and peaceful year with your loved ones.

Sincerely,

The Adora Hotel & Resort Family",1 review,Ci9DQUlRQUNvZENodHljRjlvT25NdGJHdHBTV05vTkZJdGNWUnZkMnBGZEVOZloyYxAB
Елизавета,4.0,"I really enjoyed my stay at the Adora Hotel & Resort. The food was delicious, the hotel was conveniently located, and there were various shops right on the premises, from souvenir shops to a regular market. The entertainment was simply magical. Everyone was so friendly and outgoing. However, there was one entertainer who ran the darts program who constantly looked at me with a strange expression and a certain disapproval. Towards the very end of our vacation, she passed me by and started asking me something in English. Even though I'd been on vacation for over six days, she'd spoken to me in Russian several times. Perhaps she was trying to be offensive. So, friends, just ignore her. If you suddenly notice that people are talking about you behind your back or giving you strange looks, just forget about it and hang out with the other great entertainers.",5 days ago,2026-07-30,,"Dear Guest,

First of all, thank you for choosing our hotel and taking the time to provide a detailed review. We value every guest's opinion and strive to do everything possible to ensure a pleasant and comfortable stay at the Adora Hotel & Resort.

Knowing about your positive impressions of our hotel is our greatest reward! We hope to welcome you and your family back to our hotel soon.

Best wishes,

Adora Hotel & Resort",1 review,Ci9DQUlRQUNvZENodHljRjlvT2xaMVZ6UmpPVUl6WnpSM1pqQnNTRXRCWHpkMlJtYxAB
Ahmet Dede,5.0,,5 days ago,2026-07-30,,"Dear Guest,

First of all, thank you for choosing our hotel for your holiday and for taking the time to write your review.

All your comments are important to us at Adora Hotel & Resort. They encourage us to improve and become better. We strive to provide you, our valued guests, with impeccable service.

We are delighted to have hosted you and wish you a healthy and peaceful year with your loved ones.

Sincerely,

The Adora Hotel & Resort Family",,Ci9DQUlRQUNvZENodHljRjlvT25WNWJEaFFha1oyT0ZWRGFHVnVaREY1VFVaWlpXYxAB
Natalia Popova,5.0,"We were very pleased with our stay at the Adora Hotel. The daytime and evening entertainment was top-notch for both children and adults. I want to express my gratitude to Alina Popova, who runs the bocha, and to Arina, Tolga, and the entire animation team—you're the best. The food was varied, the rooms were comfortable, and always clean. Special thanks to the Guest Relations team: Umut, Ida, Damla, Elif, and Melek for their attention—you make us feel special and help us with all our questions. I recommend this place to everyone.",5 days ago,2026-07-30,,"Dear Guest,

First of all, thank you for choosing our hotel and taking the time to provide a detailed review. We value every guest's opinion and strive to do everything possible to ensure a pleasant and comfortable stay at the Adora Hotel & Resort.

Knowing about your positive impressions of our hotel is our greatest reward! We hope to welcome you and your family back to our hotel soon.

Best wishes,

Adora Hotel & Resort",1 review,Ci9DQUlRQUNvZENodHljRjlvT2pCUFJ6TlpOa1Y0VDBWa2FIZHBZV0pvZWkxVU9YYxAB
Ali KOÇ,5.0,"We have been staying at this hotel for two years and, God willing, we are planning to spend our third summer here next year. Everything is very high quality, the staff are very polite and attentive. It is a clean, decent family hotel. We would like to thank Ms. İda and Mr. Yusuf at the Şehrazat restaurant and all the other staff for their attention.
We would like to thank the animation team and especially Eren, and all the staff whose names I don't know.",5 days ago,2026-07-30,,"Dear Guest,

First of all, thank you for choosing our hotel for your holiday and for taking the time to write your review.

All your comments are important to us at Adora Hotel & Resort. They encourage us to improve and become better. We strive to provide you, our valued guests, with impeccable service.

We are delighted to have hosted you and wish you a healthy and peaceful year with your loved ones.

Sincerely,

The Adora Hotel & Resort Family",2 reviews · 2 photos,Ci9DQUlRQUNvZENodHljRjlvT25kNmVsSldRVnBmYzNZemVEWkxXamxMU0dKSFEyYxAB
Татьяна Цыганок,5.0,"We booked this hotel on a friend's recommendation. We loved it. The room was clean, spacious, and newly renovated. The sea view was stunning! The grounds were large and well-maintained. The beach was wonderful, with fine sand and plenty of sun loungers. We weren't too impressed with the pool; there was no shade at all and no steps to get in safely. But we came to the sea, not to swim in the pool. The food was varied. The coffee from the machines wasn't great. We liked the pastry shop – delicious coffee, cakes, and ice cream. The staff was friendly. They congratulated us on our wedding anniversary and brought wine and fruit to our room. It was a pleasure.",5 days ago,2026-07-30,,"Dear Guest,

First of all, thank you for choosing our hotel and taking the time to provide a detailed review. We value every guest's opinion and strive to do everything possible to ensure a pleasant and comfortable stay at the Adora Hotel & Resort.

Knowing about your positive impressions of our hotel is our greatest reward! We hope to welcome you and your family back to our hotel soon.

Best wishes,

Adora Hotel & Resort",2 reviews · 1 photo,Ci9DQUlRQUNvZENodHljRjlvT2tsdWFWaDZXVmxNTTI1VU1GTkZTVk41YzBKQ2NHYxAB
Seher Aksu,5.0,"All the staff are friendly and helpful.
The food is very good and varied.
The rooms are very functional and clean.
We were very satisfied.
Our chef Cihan is a wonderful person. The service is superb 😊😊🥰",5 days ago,2026-07-30,,"Dear Guest,

First of all, thank you for choosing our hotel for your holiday and for taking the time to write your review.

All your comments are important to us at Adora Hotel & Resort. They encourage us to improve and become better. We strive to provide you, our valued guests, with impeccable service.

We are delighted to have hosted you and wish you a healthy and peaceful year with your loved ones.

Sincerely,

The Adora Hotel & Resort Family",3 reviews,Ci9DQUlRQUNvZENodHljRjlvT21SZmVsSllRM1l3UzNsa1dFOWtWbXMzZFdOeE0yYxAB
Irina Sorici,5.0,"I had a special service in this wonderful restaurant, I recommend it to everyone, the Turkish food is superb!🤗🤗🤗",5 days ago,2026-07-30,,"Dear Guest,

First of all, we would like to thank you for choosing our hotel and for taking your valuable time to evaluate it.

All your comments are important to us as Adora Hotel & Resort Your evaluation will encourage us to improve and become better. As a facility, we are trying to provide perfect service to our valued guests.

We express our pleasure to welcome you and wish you a healthy and peaceful year with your loved ones.

Kind regards,

Adora Hotel & Resort",1 review,Ci9DQUlRQUNvZENodHljRjlvT21SSWJURlBYMWxGUkdrMVNVMVBXV3RSTlRaZk1sRRAB
Aslı Aksu,5.0,"The hotel atmosphere, food, and service were excellent. The staff were very friendly and attentive. We would definitely choose this hotel again in the future. Greetings to Chef Cihan and Ms. İda.",5 days ago,2026-07-30,,"Dear Guest,

First of all, thank you for choosing our hotel for your holiday and for taking the time to write your review.

All your comments are important to us at Adora Hotel & Resort. They encourage us to improve and become better. We strive to provide you, our valued guests, with impeccable service.

We are delighted to have hosted you and wish you a healthy and peaceful year with your loved ones.

Sincerely,

The Adora Hotel & Resort Family",1 review,Ci9DQUlRQUNvZENodHljRjlvT2psS1IwSlBWbFZTYm5oaVQwRjRNbmhIWDAxeVdWRRAB
Misha Krstic,5.0,,5 days ago,2026-07-30,,"Dear Guest,

First of all, we would like to thank you for choosing our hotel and for taking your valuable time to evaluate it.

All your comments are important to us as Adora Hotel & Resort Your evaluation will encourage us to improve and become better. As a facility, we are trying to provide perfect service to our valued guests.

We express our pleasure to welcome you and wish you a healthy and peaceful year with your loved ones.

Kind regards,

Adora Hotel & Resort",12 photos,Ci9DQUlRQUNvZENodHljRjlvT2t4ME9GY3lXbkY0TWxNMU5HeFdXR3hmUzBsRlNVRRAB
Nevzat Berk AHLAT,5.0,"We had a wonderful holiday, everyone was so attentive and friendly. It's a hotel I would definitely choose again 🙏",5 days ago,2026-07-30,,"Dear Valued Guest,

First of all, thank you for choosing our hotel for your holiday and for taking the time to provide your feedback.

All your comments are important to us at Adora Hotel & Resort. They encourage us to improve and strive to be better. We are committed to providing you, our valued guests, with impeccable service.

We are delighted to have welcomed you and wish you a healthy and peaceful year with your loved ones.

Sincerely,

The Adora Hotel & Resort Family",1 review,Ci9DQUlRQUNvZENodHljRjlvT21WNlR6SktkVzh4UkhGeE1tUk1PR2xWV201VFdXYxAB
sule,5.0,"Everything was wonderful, the staff were very attentive and friendly, the rooms were spotlessly clean, and of course no one would go hungry, all kinds of food were available. This was our first time and it certainly won't be our last, I highly recommend it.",5 days ago,2026-07-30,,"Dear Valued Guest,

First of all, thank you for choosing our hotel for your holiday and for taking the time to provide your feedback.

All your comments are important to us at Adora Hotel & Resort. They encourage us to improve and strive to be better. We are committed to providing you, our valued guests, with impeccable service.

We are delighted to have welcomed you and wish you a healthy and peaceful year with your loved ones.

Sincerely,

The Adora Hotel & Resort Family",3 reviews,Ci9DQUlRQUNvZENodHljRjlvT21Wb2VrdE9NM2xPUjJOZlpFWTNNVFZFVTNwMWNFRRAB
Елена Белонович,5.0,"We stayed at the hotel from July 23rd to 30th. We loved everything: the friendly staff, the entertainers, the delicious food, and the fantastic evening shows! We also enjoyed the variety of sports activities: darts, water polo, volleyball, archery, and water aerobics. The à la carte restaurant, Sehrazat, has a very varied and delicious menu and the staff is friendly.",5 days ago,2026-07-30,,"Dear Guest,

First of all, thank you for choosing our hotel and taking the time to provide a detailed review. We value every guest's opinion and strive to do everything possible to ensure a pleasant and comfortable stay at the Adora Hotel & Resort.

Knowing about your positive impressions of our hotel is our greatest reward! We hope to welcome you and your family back to our hotel soon.

Best wishes,

Adora Hotel & Resort",1 review,Ci9DQUlRQUNvZENodHljRjlvT21sRFpsUlBia3BXWnpkRFZURTBNbHBUU2xONGJVRRAB
Анна Рахматуллина,5.0,"This is our first time at the hotel and we were thrilled. The grounds are spacious and clean, and the rooms are comfortable. The staff is very friendly. The evening and daytime entertainment is very interesting. We thank Ida from the guest relations department for her attention and assistance with all our questions. We visited the Shehrazat restaurant with its magnificent view. Special thanks to Mucahit, Yusuf, Cici, Celal, and Kader for their service. We recommend this hotel to everyone.",Edited 5 days ago,2026-07-30,,"Dear Guest,

First of all, thank you for choosing our hotel and taking the time to provide a detailed review. We value every guest's opinion and strive to do everything possible to ensure a pleasant and comfortable stay at the Adora Hotel & Resort.

Knowing about your positive impressions of our hotel is our greatest reward! We hope to welcome you and your family back to our hotel soon.

Best wishes,

Adora Hotel & Resort",2 reviews,Ci9DQUlRQUNvZENodHljRjlvT201a2VVOHhabkZpUjI5QlRIbE1PV3BJUld0c2NFRRAB
Наиля,5.0,"We stayed from July 22, 2026, to July 30, 2026. Excellent hotel!
We stayed in two-story houses, the rooms were newly renovated.
The food was excellent: meat, fish, vegetables, fruit, and desserts.
The beach wasn't crowded, so you could always find a free sun lounger. The pool area was more crowded.
The entrance to the sea was sand and small pebbles.
We visited the local à la carte restaurant. It's a great alternative to the buffet if you're looking for variety and a more intimate atmosphere. The service was excellent. The staff was very attentive. Special thanks to Ida for her attention.",5 days ago,2026-07-30,,"Dear Guest,

First of all, thank you for choosing our hotel and taking the time to provide a detailed review. We value every guest's opinion and strive to do everything possible to ensure a pleasant and comfortable stay at the Adora Hotel & Resort.

Knowing about your positive impressions of our hotel is our greatest reward! We hope to welcome you and your family back to our hotel soon.

Best wishes,

Adora Hotel & Resort",1 review,Ci9DQUlRQUNvZENodHljRjlvT2xSb1lXWXlkSGxJVjFWaGFtaExkVFZUTFVSd01sRRAB
Софья Иванютина,5.0,"A great place, very good service, delicious and varied food. We'd especially like to mention the entertainment team – they're very friendly, kind, sincere, and pleasant, and will help you out in any situation and make your stay positive and enjoyable.",Edited 5 days ago,2026-07-30,,"Dear Guest,

First of all, thank you for choosing our hotel and taking the time to provide a detailed review. We value every guest's opinion and strive to do everything possible to ensure a pleasant and comfortable stay at the Adora Hotel & Resort.

Knowing about your positive impressions of our hotel is our greatest reward! We hope to welcome you and your family back to our hotel soon.

Best wishes,

Adora Hotel & Resort",1 review · 13 photos,Ci9DQUlRQUNvZENodHljRjlvT2xKNWQyODVha2haVkVoa1JFNVZTV3RmY1ZWT01GRRAB
Виктория,5.0,"We read mixed reviews before our trip, but ultimately we were very pleased. The food was delicious and varied, and the drinks were good. We loved that turtles live on the property—it's very cute. The tennis courts were in excellent condition. The entertainment and daytime activities kept us busy, and the evening shows were vibrant and engaging. It was a wonderful vacation! We love you, Alina, and a special thank you to Tolga.",6 days ago,2026-07-29,,"Dear Guest,

First of all, thank you for choosing our hotel and taking the time to provide a detailed review. We value every guest's opinion and strive to do everything possible to ensure a pleasant and comfortable stay at the Adora Hotel & Resort.

Knowing about your positive impressions of our hotel is our greatest reward! We hope to welcome you and your family back to our hotel soon.

Best wishes,

Adora Hotel & Resort",2 reviews · 1 photo,Ci9DQUlRQUNvZENodHljRjlvT205aFEyMUVSMFpQWVUxemJVaExOWGhYTTFaaVNsRRAB
İlknur Akbiyik,5.0,"This was the most reliable hotel I've ever stayed at. It was friendly, clean, and fun. The animation team was very sweet, especially Eren Bey, thank you for his smiling face and attentiveness. One thing I paid attention to was the lifeguards by the pool; they were extremely careful and never neglected anything. I trusted them so much that I left the children by the pool and went to the sea, imagine that!
The food was very delicious and the environment was very clean. I think the only problem was the waterslide; it didn't suit this hotel. You can be sure I will come again ❤️",6 days ago,2026-07-29,,"Dear Guest,

First of all, thank you for choosing our hotel for your holiday and for taking the time to write your review.

All your comments are important to us at Adora Hotel & Resort. They encourage us to improve and become better. We strive to provide you, our valued guests, with impeccable service.

We are delighted to have hosted you and wish you a healthy and peaceful year with your loved ones.

Sincerely,

The Adora Hotel & Resort Family",3 reviews,Ci9DQUlRQUNvZENodHljRjlvT2sxaUxXeDJlRlJEVUV0TlYzRjZTVVJPUWpWbVdXYxAB
Norika Kollárová,5.0,"Beautiful hotel, amazing holiday.
And animator Veronika was very friendly and always helpful.",6 days ago,2026-07-29,,"Dear Guest,

First of all, we would like to thank you for choosing our hotel and for taking your valuable time to evaluate it.

All your comments are important to us as Adora Hotel & Resort Your evaluation will encourage us to improve and become better. As a facility, we are trying to provide perfect service to our valued guests.

We express our pleasure to welcome you and wish you a healthy and peaceful year with your loved ones.

Kind regards,

Adora Hotel & Resort",1 review,Ci9DQUlRQUNvZENodHljRjlvT2kxdE1taGFibVkxVm5WTGFITndXbFV6VGpZNFNrRRAB
Lara Blischke,5.0,We are very satisfied with everything. The staff is very friendly and helpful. We will definitely come back and are now enjoying the last few days.,6 days ago,2026-07-29,,"Dear Guest,

First of all, we would like to thank you for choosing our hotel and for taking your valuable time to evaluate it.

All your comments are important to us as Adora Hotel & Resort Your evaluation will encourage us to improve and become better. As a facility, we are trying to provide perfect service to our valued guests.

We express our pleasure to welcome you and wish you a healthy and peaceful year with your loved ones.

Kind regards,

Adora Hotel & Resort",4 reviews,Ci9DQUlRQUNvZENodHljRjlvT2xwdlZtODRla3hVYlcxVlFrOVVWVmN6VUVWVGVsRRAB
Филипп Смирнов,5.0,"The hotel is nice, the rooms are modern and comfortable.
There was a question about the room preparation.
If you communicate your needs, everything will be taken care of.",6 days ago,2026-07-29,,"Dear Guest,

First of all, thank you for choosing our hotel and taking the time to provide a detailed review. We value every guest's opinion and strive to do everything possible to ensure a pleasant and comfortable stay at the Adora Hotel & Resort.

Knowing about your positive impressions of our hotel is our greatest reward! We hope to welcome you and your family back to our hotel soon.

Best wishes,

Adora Hotel & Resort",1 review,Ci9DQUlRQUNvZENodHljRjlvT21OS2RVeHRkMmxxWTJSUE5VeFdXbGh6ZEUxeU9GRRAB
Sasha Grigoreva,5.0,"Overall, the hotel is very good, it has everything for a beach holiday. There are a couple of nuances, but guest relations quickly resolves all issues.",6 days ago,2026-07-29,,"Dear Guest,

First of all, thank you for choosing our hotel and taking the time to provide a detailed review. We value every guest's opinion and strive to do everything possible to ensure a pleasant and comfortable stay at the Adora Hotel & Resort.

Knowing about your positive impressions of our hotel is our greatest reward! We hope to welcome you and your family back to our hotel soon.

Best wishes,

Adora Hotel & Resort",4 reviews,Ci9DQUlRQUNvZENodHljRjlvT25CdlN6UnFNV2hVZW5WUlNtWkJhMEZPT1ZFdE1FRRAB
Ayşe Erdinç,5.0,"Adora was a place where we stayed years ago. We returned this year. The same attention, the same beauty. On the fourth day of our holiday, Ms. İDA asked about our experiences. She engaged us in a professional interview. She took notes, and we witnessed how a business should operate with the understanding of providing even better service in the future. Thank you Adora, thank you İDA.",6 days ago,2026-07-29,,"Dear Guest,

First of all, thank you for choosing our hotel for your holiday and for taking the time to write your review.

All your comments are important to us at Adora Hotel & Resort. They encourage us to improve and become better. We strive to provide you, our valued guests, with impeccable service.

We are delighted to have hosted you and wish you a healthy and peaceful year with your loved ones.

Sincerely,

The Adora Hotel & Resort Family",2 reviews,Ci9DQUlRQUNvZENodHljRjlvT2tjMU1YUTFiblZ5TkdJM1RrbE1aMFp1TUhoZlQzYxAB
ceylin :3,5.0,"I had a truly wonderful holiday. The pool was very clean and well-maintained, and the waffles were definitely worth trying; they became my favorite. A huge thank you to Damla! Her smiling face, attentiveness, and energy made us feel very comfortable. Her personal attention to each guest and her willingness to help with everything made our holiday even better. Thank you for everything, I wholeheartedly recommend it. 💛",6 days ago,2026-07-29,,"Dear Guest,

First of all, thank you for choosing our hotel for your holiday and for taking the time to write your review.

All your comments are important to us at Adora Hotel & Resort. They encourage us to improve and become better. We strive to provide you, our valued guests, with impeccable service.

We are delighted to have hosted you and wish you a healthy and peaceful year with your loved ones.

Sincerely,

The Adora Hotel & Resort Family",1 review · 2 photos,Ci9DQUlRQUNvZENodHljRjlvT25OWVJYTXpVRWxoZEZwb1lrMHlTMVl5YlZWV0xYYxAB
Hakan Demirci,5.0,"We would like to express our sincere gratitude to Mezzetto restaurant for the service, the food, and the human interaction, especially to Mr. Cihangir and Ms. Elena for their attentiveness and helpfulness.",6 days ago,2026-07-29,,"Dear Guest,

First of all, thank you for choosing our hotel for your holiday and for taking the time to write your review.

All your comments are important to us at Adora Hotel & Resort. They encourage us to improve and become better. We strive to provide you, our valued guests, with impeccable service.

We are delighted to have hosted you and wish you a healthy and peaceful year with your loved ones.

Sincerely,

The Adora Hotel & Resort Family",3 reviews,Ci9DQUlRQUNvZENodHljRjlvT2tGYVlqWlRPSEJuTTNGTU1YTTFZelpuYTJOTFdWRRAB
Ing. Lukáš Prihoda,5.0,"Highly recommended, excellent service, beautiful sea 👍 smiling, helpful staff, cleanliness everywhere, excellent food, daily program, mini club for children super and super Slovak animator Veronika is a very nice lady who immediately wins over the children 😊",Edited 6 days ago,2026-07-29,,"Dear Guest,

First of all, we would like to thank you for choosing our hotel and for taking your valuable time to evaluate it.

All your comments are important to us as Adora Hotel & Resort Your evaluation will encourage us to improve and become better. As a facility, we are trying to provide perfect service to our valued guests.

We express our pleasure to welcome you and wish you a healthy and peaceful year with your loved ones.

Kind regards,

Adora Hotel & Resort",4 reviews,Ci9DQUlRQUNvZENodHljRjlvT2swd1MzZHFaMlpFVlVwVVExTmhURk5zUzJ0Q1EwRRAB
Melda Ayhan,5.0,"I think this hotel is great for families. The entertainment and daily sports activities are really fantastic. Definitely recommended. However, I would like to hear more Turkish music, since we are in Turkey after all, regardless of the other guests.",6 days ago,2026-07-29,,"Dear Guest,

First of all, we would like to thank you for choosing our establishment for your vacation, for your valuable time, and for your review.

We always strive to provide our valued guests with excellent service.

We would be delighted to welcome you back again and wish you a healthy and peaceful year with your family.

Sincerely,

Adora Hotel & Resort",1 review,Ci9DQUlRQUNvZENodHljRjlvT25OcmN6SlhRVXhWUjFJeFNtaEhVVFJrY25kZmVsRRAB
Canan Ayhan,5.0,"The hotel is very nice and clean, I can highly recommend it. The entertainment is great, there are lots of activities. The staff at the kids' club were very friendly. We'll be back.",6 days ago,2026-07-29,,"Dear Guest,

First of all, we would like to thank you for choosing our establishment for your vacation, for your valuable time, and for your review.

We always strive to provide our valued guests with excellent service.

We would be delighted to welcome you back again and wish you a healthy and peaceful year with your family.

Sincerely,

Adora Hotel & Resort",1 review,Ci9DQUlRQUNvZENodHljRjlvT2t4TWRrWlpVa1J1ZVhsd1JFWlNaVUpSY0hCWmVFRRAB
mustafa Ay,5.0,"We were very happy with the hotel, and the staff were very friendly, especially Almira and Berat. Thank you for the wonderful time. We were never bored, and a big thank you to the kids' club staff as well. SEE YOU AGAIN ❤️.",6 days ago,2026-07-29,,"Dear Guest,

First of all, we would like to thank you for choosing our establishment for your vacation, for your valuable time, and for your review.

We always strive to provide our valued guests with excellent service.

We would be delighted to welcome you back again and wish you a healthy and peaceful year with your family.

Sincerely,

Adora Hotel & Resort",2 reviews,Ci9DQUlRQUNvZENodHljRjlvT2t4NU1IaFhjRXRQYVRCS01sSkljbFUxYm00NWFsRRAB
maruša Legat,5.0,,Edited 6 days ago,2026-07-29,,"Dear Guest,

First of all, we would like to thank you for choosing our hotel and for taking your valuable time to evaluate it.

All your comments are important to us as Adora Hotel & Resort Your evaluation will encourage us to improve and become better. As a facility, we are trying to provide perfect service to our valued guests.

We express our pleasure to welcome you and wish you a healthy and peaceful year with your loved ones.

Kind regards,

Adora Hotel & Resort",2 photos,Ci9DQUlRQUNvZENodHljRjlvT2xWemFYbEtiWEpsVlZCdVIyMU9VV1UyTkRaRFVYYxAB
Saadet Sütçü,5.0,"⭐⭐⭐⭐⭐ 5/5 stars

We had an absolutely perfect vacation! From beginning to end, everything was simply top-notch.

The food was outstanding – very varied, fresh, and incredibly delicious. The rooms were clean, modern, and were cleaned impeccably every day. The service was first-class: all the staff were always friendly, attentive, and helpful.

A very special shout-out goes to the animation team! Tolga, Almira, Eren, and Berat provided fantastic entertainment every day with their good humor, friendliness, and dedication. The activities were varied and thoroughly enjoyed by both children and adults. Thanks to you, our vacation was truly special!

We wholeheartedly recommend this hotel and will definitely be back. Thank you for this unforgettable time!",6 days ago,2026-07-29,,"Dear Guest,

First of all, we would like to thank you for choosing our establishment for your vacation, for your valuable time, and for your review.

We always strive to provide our valued guests with excellent service.

We would be delighted to welcome you back again and wish you a healthy and peaceful year with your family.

Sincerely,

Adora Hotel & Resort",7 reviews,Ci9DQUlRQUNvZENodHljRjlvT2tWZlVHVjJiVzQ1T1hkWmEzTkVPVUptT1d0U01rRRAB
kikuša _sk,5.0,Really nice for families and friends pretty beaches and nice staff fun animations and activities plus the rooms are really clean and nice,6 days ago,2026-07-29,,"Dear Guest,

First of all, we would like to thank you for choosing our hotel and for taking your valuable time to evaluate it.

All your comments are important to us as Adora Hotel & Resort Your evaluation will encourage us to improve and become better. As a facility, we are trying to provide perfect service to our valued guests.

We express our pleasure to welcome you and wish you a healthy and peaceful year with your loved ones.

Kind regards,

Adora Hotel & Resort",5 reviews,Ci9DQUlRQUNvZENodHljRjlvT2trMWJVRTNNRmR3TjIxTGRWTXpaV2wxWVRCQ1ZsRRAB
Remzi Şakın,5.0,"A beautiful hotel, always my preferred holiday destination, I recommend it to everyone.",a week ago,2026-07-28,,"Dear Guest,

First of all, thank you for choosing our hotel for your holiday and for taking the time to write your review.

All your comments are important to us at Adora Hotel & Resort. They encourage us to improve and become better. We strive to provide you, our valued guests, with impeccable service.

We are delighted to have hosted you and wish you a healthy and peaceful year with your loved ones.

Sincerely,

The Adora Hotel & Resort Family",Local Guide · 16 reviews · 10 photos,Ci9DQUlRQUNvZENodHljRjlvT2twa1ZYUlRZMHRGUkVOSlZrMHpaSE4xUTI1ZmRFRRAB
Veronika,5.0,"Great hotel for a holiday. Clean beach, nice swimming pools. Spacious and clean premises. Plenty of food options. A lot of activities for kids and parents.",a week ago,2026-07-28,,"Dear Guest,

First of all, we would like to thank you for choosing our hotel and for taking your valuable time to evaluate it.

All your comments are important to us as Adora Hotel & Resort Your evaluation will encourage us to improve and become better. As a facility, we are trying to provide perfect service to our valued guests.

We express our pleasure to welcome you and wish you a healthy and peaceful year with your loved ones.

Kind regards,

Adora Hotel & Resort",1 review,Ci9DQUlRQUNvZENodHljRjlvT2tKQ1VVWXRVRVl3ZUZvMVlXWlZYek5sUm1weVRXYxAB
Ebru Temel,5.0,"We would like to thank all the staff working in all departments for their friendly and helpful attitude throughout our stay. From the front desk (Mr. Çağrı) to all the guest relations staff, the restaurant staff, including the head chef and his staff, the à la carte staff, the bar staff, and the room cleaning staff, all the employees provided excellent service. The hotel's location is already very beautiful, and although the sea was wavy in the evening, the room was pleasant.",a week ago,2026-07-28,,"Dear Guest,

First of all, thank you for choosing our hotel for your holiday and for taking the time to write your review.

All your comments are important to us at Adora Hotel & Resort. They encourage us to improve and become better. We strive to provide you, our valued guests, with impeccable service.

We are delighted to have hosted you and wish you a healthy and peaceful year with your loved ones.

Sincerely,

The Adora Hotel & Resort Family",5 reviews,Ci9DQUlRQUNvZENodHljRjlvT20xZlUzSjJSRlJWY1c1VmEwOHRTME13YVVWNE5XYxAB
Ünal Aras,5.0,"The hotel was perfect in every way, I especially recommend it for families with children. The à la carte meals and service were excellent, 10 out of 10. The staff were friendly and provided very good service.",a week ago,2026-07-28,,"Dear Guest,

First of all, thank you for choosing our hotel for your holiday and for taking the time to write your review.

All your comments are important to us at Adora Hotel & Resort. They encourage us to improve and become better. We strive to provide you, our valued guests, with impeccable service.

We are delighted to have hosted you and wish you a healthy and peaceful year with your loved ones.

Sincerely,

The Adora Hotel & Resort Family",1 review,Ci9DQUlRQUNvZENodHljRjlvT21oNFpqSkdhekphVEV4Q01XSTNSV0U1WHpneVUyYxAB
gdnua,5.0,"This was my first time staying at this hotel, and the service was excellent. I highly recommend it!",a week ago,2026-07-28,,"Dear Guest,

First of all, we would like to thank you for choosing our establishment for your vacation, for your valuable time, and for your review.

We always strive to provide our valued guests with excellent service.

We would be delighted to welcome you back again and wish you a healthy and peaceful year with your family.

Sincerely,

Adora Hotel & Resort",1 review,Ci9DQUlRQUNvZENodHljRjlvT21zM00zbERSRnBYYVRSaUxVdHlkMFpzVVZka09GRRAB
Alina Sch.,5.0,"It's a great hotel, the staff are very accommodating, even when it came to changing rooms – they solved the problem perfectly. We would definitely come back. The food is delicious; there weren't any sliced ​​watermelons on the buffet table, but we didn't miss that at all. It's not your typical Turkish hotel, in a good way. The staff weren't pushy at all (no photos, spa staff, or representatives from the tour operator Öger Tours).",a week ago,2026-07-28,,"Dear Guest,

First of all, we would like to thank you for choosing our establishment for your vacation, for your valuable time, and for your review.

We always strive to provide our valued guests with excellent service.

We would be delighted to welcome you back again and wish you a healthy and peaceful year with your family.

Sincerely,

Adora Hotel & Resort",4 reviews,Ci9DQUlRQUNvZENodHljRjlvT25ZMVYxZ3pVbUl5ZGxOTlMwbERRbEpJWVZGS1JtYxAB
артур хайруллин,5.0,"We stayed at the Adora Resort and were absolutely delighted! From the very first moment, you realize how valued each guest is—the service is incredibly high, and everything is organized flawlessly.

A special thank you to the entertainment team: they simply energized us, never letting us get bored for a minute; everything was so fun, modern, and unobtrusive. But the star of our vacation was the à la carte restaurant, Shehrazat—it was a gastronomic delight! The presentation, the taste, the service—everything was top-notch. You definitely won't regret it.
Honestly, the Adora Resort is the coolest hotel we've ever stayed at. We'll definitely be back!
A special shout out to Ida, Guest Relations Manager!",a week ago,2026-07-28,,"Dear Guest,

First of all, thank you for choosing our hotel and taking the time to provide a detailed review. We value every guest's opinion and strive to do everything possible to ensure a pleasant and comfortable stay at the Adora Hotel & Resort.

Knowing about your positive impressions of our hotel is our greatest reward! We hope to welcome you and your family back to our hotel soon.

Best wishes,

Adora Hotel & Resort",1 review,Ci9DQUlRQUNvZENodHljRjlvT2tkRWRXa3RWMEpQYVhKdVYzQjFkMTl1VTJOT2RHYxAB
Julia J,4.0,"A truly fantastic hotel with everything you could wish for. Friendly staff, a wide selection of food, and a very beautiful, clean property. The à la carte restaurant şehrazar on the rooftop terrace is simply divine.",a week ago,2026-07-28,,"Dear Guest,

First of all, we would like to thank you for choosing our establishment for your vacation, for your valuable time, and for your review.

We always strive to provide our valued guests with excellent service.

We would be delighted to welcome you back again and wish you a healthy and peaceful year with your family.

Sincerely,

Adora Hotel & Resort",5 reviews,Ci9DQUlRQUNvZENodHljRjlvT201UlgySllaREJ6YVVaU05sTldWV0ozZVVGV2FWRRAB
Guangtai Zheng,5.0,"A very nice hotel. Lots of activities to do. The hotel hospitality is excellent, especially the restaurant service. The food and drinks are so plentiful you won't be able to handle it all. You don't have to think twice; you can have fun and eat well. Definitely worth a visit.",a week ago,2026-07-28,,"Dear Guest,

First of all, we would like to thank you for choosing our hotel and for taking your valuable time to evaluate it.

All your comments are important to us as Adora Hotel & Resort Your evaluation will encourage us to improve and become better. As a facility, we are trying to provide perfect service to our valued guests.

We express our pleasure to welcome you and wish you a healthy and peaceful year with your loved ones.

Kind regards,

Adora Hotel & Resort",3 reviews,Ci9DQUlRQUNvZENodHljRjlvT25KS1RISnlWMUZCV1U5dlduSkNVazVNYmtodU9VRRAB
Caner Caner,5.0,"They are really excellent when it comes to food. Desserts are separate, kebabs are separate, the main course and salad section are separate. There's even a separate menu for babies. There weren't many activities in the evenings, that was a slight drawback. The rooms are clean, the area is spacious, and there are many places to visit. Overall, we were satisfied.",a week ago,2026-07-28,,"Dear Guest,

First of all, thank you for choosing our hotel for your holiday and for taking the time to write your review.

All your comments are important to us at Adora Hotel & Resort. They encourage us to improve and become better. We strive to provide you, our valued guests, with impeccable service.

We are delighted to have hosted you and wish you a healthy and peaceful year with your loved ones.

Sincerely,

The Adora Hotel & Resort Family",Local Guide · 39 reviews,Ci9DQUlRQUNvZENodHljRjlvT2tNelp6RjZRMTlzZUZSb05WUk1RMU5FVlRZMmJXYxAB
Sveta Donoaga,5.0,"Wonderful hotel, delicious food, and exquisite desserts!!!
Large, clean beach!
Come and you'll be delighted!!!!",a week ago,2026-07-28,,"Dear Guest,

First of all, thank you for choosing our hotel and taking the time to provide a detailed review. We value every guest's opinion and strive to do everything possible to ensure a pleasant and comfortable stay at the Adora Hotel & Resort.

Knowing about your positive impressions of our hotel is our greatest reward! We hope to welcome you and your family back to our hotel soon.

Best wishes,

Adora Hotel & Resort",2 reviews,Ci9DQUlRQUNvZENodHljRjlvT2tWbVZqUmpiMEpRWjNaWk1FZHFVbm8yTWw4NVptYxAB
Yamaha R6,5.0,"Everything is good, service and food come first!!!",a week ago,2026-07-28,,"Dear Guest,

First of all, thank you for choosing our hotel and taking the time to provide a detailed review. We value every guest's opinion and strive to do everything possible to ensure a pleasant and comfortable stay at the Adora Hotel & Resort.

Knowing about your positive impressions of our hotel is our greatest reward! We hope to welcome you and your family back to our hotel soon.

Best wishes,

Adora Hotel & Resort",3 reviews,Ci9DQUlRQUNvZENodHljRjlvT25KcFdVVmljbEJ2Y2tselFVcHlWbmx5Umt0eVZXYxAB
Ольга,5.0,"Everything was wonderful: the food, the sea, the pool. The air conditioning in the room isn't very effective, but it does its best, and it's even a little chilly at night. Overall, the service was excellent.",a week ago,2026-07-28,,"Dear Guest,

First of all, thank you for choosing our hotel and taking the time to provide a detailed review. We value every guest's opinion and strive to do everything possible to ensure a pleasant and comfortable stay at the Adora Hotel & Resort.

Knowing about your positive impressions of our hotel is our greatest reward! We hope to welcome you and your family back to our hotel soon.

Best wishes,

Adora Hotel & Resort",1 review,Ci9DQUlRQUNvZENodHljRjlvT2xGU09IVmtkRGxCTWtWYU9GTkRaV2R6YWtSV1NtYxAB
Natalya Perewozowa,5.0,I liked everything very much,a week ago,2026-07-28,,"Dear Guest,

First of all, thank you for choosing our hotel and taking the time to provide a detailed review. We value every guest's opinion and strive to do everything possible to ensure a pleasant and comfortable stay at the Adora Hotel & Resort.

Knowing about your positive impressions of our hotel is our greatest reward! We hope to welcome you and your family back to our hotel soon.

Best wishes,

Adora Hotel & Resort",1 review,Ci9DQUlRQUNvZENodHljRjlvT2pWc2FFTldhSEJKT1daMGMyNXJOWEF3WVhNNGRVRRAB
Milica Krstic,5.0,,a week ago,2026-07-28,,"Dear Guest,

First of all, we would like to thank you for choosing our establishment for your vacation, for your valuable time, and for your review.

We always strive to provide our valued guests with excellent service.

We would be delighted to welcome you back again and wish you a healthy and peaceful year with your family.

Sincerely,

Adora Hotel & Resort",5 reviews · 1 photo,Ci9DQUlRQUNvZENodHljRjlvT2swelEwbG1RVFJpT0hSSE9VTjJTRFZRYkUxS2QxRRAB
Daria Spirova,5.0,An excellent hotel for a family holiday,a week ago,2026-07-28,,"Dear Guest,

First of all, thank you for choosing our hotel and taking the time to provide a detailed review. We value every guest's opinion and strive to do everything possible to ensure a pleasant and comfortable stay at the Adora Hotel & Resort.

Knowing about your positive impressions of our hotel is our greatest reward! We hope to welcome you and your family back to our hotel soon.

Best wishes,

Adora Hotel & Resort",4 reviews · 6 photos,Ci9DQUlRQUNvZENodHljRjlvT21oU05VdzFVMjA1VmpoSldtb3lSbU5rY0cxTE1GRRAB
Aleksandr,5.0,,a week ago,2026-07-28,,"Dear Guest,

First of all, we would like to thank you for choosing our establishment for your vacation, for your valuable time, and for your review.

We always strive to provide our valued guests with excellent service.

We would be delighted to welcome you back again and wish you a healthy and peaceful year with your family.

Sincerely,

Adora Hotel & Resort",,Ci9DQUlRQUNvZENodHljRjlvT2pabU5USXpjbkZVY25GR1NWQlpOR0ZGTFdWSFNtYxAB
Metin Kaya,5.0,"Friendly staff
Good variety of food
Helpful and attentive staff
Clean",a week ago,2026-07-28,,"Dear Guest,

First of all, thank you for choosing our hotel for your holiday and for taking the time to write your review.

All your comments are important to us at Adora Hotel & Resort. They encourage us to improve and become better. We strive to provide you, our valued guests, with impeccable service.

We are delighted to have hosted you and wish you a healthy and peaceful year with your loved ones.

Sincerely,

The Adora Hotel & Resort Family",1 review,Ci9DQUlRQUNvZENodHljRjlvT2xneU4wdHNlaTFRVjNOdE5tNWZNRVpzYldnM1dIYxAB
YAĞMUR DAL,5.0,Many thanks to Damla from guest relations for her attention and willingness to help.,a week ago,2026-07-28,,"Dear Guest,

First of all, thank you for choosing our hotel for your holiday and for taking the time to write your review.

All your comments are important to us at Adora Hotel & Resort. They encourage us to improve and become better. We strive to provide you, our valued guests, with impeccable service.

We are delighted to have hosted you and wish you a healthy and peaceful year with your loved ones.

Sincerely,

The Adora Hotel & Resort Family",3 reviews · 1 photo,Ci9DQUlRQUNvZENodHljRjlvT2xWc1pHVndNakUyU0RSbVVqSklOSEJOYTJ4SlJHYxAB
Дмитрий Воробьев,5.0,"We had a family vacation at the Adora Hotel Resort. We were delighted. The hotel has excellent entertainment, a clean beach, and delicious food. The staff is friendly and helpful. The rooms are beautiful with a sea view. We spent the evening at the à la carte Sehrazat restaurant with a stunning sea view, delicious cuisine, and very attentive and polite service. Thanks to: Yusuf, Mucahit, Cici, Celal, and Kader. Come to this hotel; you won't regret it. If you have any questions about your stay, you can always contact Ida; she'll be happy to help.",a week ago,2026-07-28,,"Dear Guest,

First of all, thank you for choosing our hotel and taking the time to provide a detailed review. We value every guest's opinion and strive to do everything possible to ensure a pleasant and comfortable stay at the Adora Hotel & Resort.

Knowing about your positive impressions of our hotel is our greatest reward! We hope to welcome you and your family back to our hotel soon.

Best wishes,

Adora Hotel & Resort",1 review,Ci9DQUlRQUNvZENodHljRjlvT2xGRU5GSk9ZVkJyT1haQlZuZFJSM2s0V2s1VVFWRRAB
Markus Hettwer,4.0,"The hotel is a bit older (from the 90s, as our tour guide told us), but overall it's in good condition, even if you can see the signs of age here and there. Room cleaning was done daily, so there were always fresh towels.

The food was really great, both in the all-inclusive area and in the à la carte restaurants. The staff is efficient and very friendly.

The direct beachfront location with private beach areas was a big plus.

There's not much going on around the hotel. Antalya is just under 30 minutes away.",a week ago,2026-07-28,,"Dear Guest,

First of all, we would like to thank you for choosing our establishment for your vacation, for your valuable time, and for your review.

We always strive to provide our valued guests with excellent service.

We would be delighted to welcome you back again and wish you a healthy and peaceful year with your family.

Sincerely,

Adora Hotel & Resort",7 reviews · 9 photos,Ci9DQUlRQUNvZENodHljRjlvT21sMWEyeGpWM1puYldSaGFrMTBTMGx3U0VKdFYyYxAB
Jonathan Al-Sad,5.0,"We have absolutely no complaints. Shows, food, pool, and everything else were excellent. We'd love to come back.",Edited a week ago,2026-07-28,,"Dear Guest,

First of all, we would like to thank you for choosing our establishment for your vacation, for your valuable time, and for your review.

We always strive to provide our valued guests with excellent service.

We would be delighted to welcome you back again and wish you a healthy and peaceful year with your family.

Sincerely,

Adora Hotel & Resort",4 reviews,Ci9DQUlRQUNvZENodHljRjlvT2s5UFVrcGxZVVpLUzBsV2NWVmZXbUZmV1dkaFIzYxAB
Ağamehdi Nağı,5.0,"It was very nice, delicious food, very close to the beach, and the swimming pool was very clean. Well suited for a relaxing holiday with children.",a week ago,2026-07-28,,"Dear Guest,

First of all, we would like to thank you for choosing our establishment for your vacation, for your valuable time, and for your review.

We always strive to provide our valued guests with excellent service.

We would be delighted to welcome you back again and wish you a healthy and peaceful year with your family.

Sincerely,

Adora Hotel & Resort",Local Guide · 47 reviews · 174 photos,Ci9DQUlRQUNvZENodHljRjlvT25Vd1kwRjVhbmhEVmtsM1VFVnlaVGRLYkd0cmVGRRAB
Mert,5.0,Food and service were very good. The meze grill à la carte is highly recommended.,a week ago,2026-07-28,,"Dear Guest,

First of all, we would like to thank you for choosing our establishment for your vacation, for your valuable time, and for your review.

We always strive to provide our valued guests with excellent service.

We would be delighted to welcome you back again and wish you a healthy and peaceful year with your family.

Sincerely,

Adora Hotel & Resort",1 review,Ci9DQUlRQUNvZENodHljRjlvT25kbGJuSTBXVloyVTNSa01tdEtOWEJQWWtsR1RsRRAB
richard abdoel,5.0,Luxurious and the food is super good,a week ago,2026-07-28,,"Dear Guest,

First of all, we would like to thank you for choosing our hotel and for taking your valuable time to evaluate it.

All your comments are important to us as Adora Hotel & Resort Your evaluation will encourage us to improve and become better. As a facility, we are trying to provide perfect service to our valued guests.

We express our pleasure to welcome you and wish you a healthy and peaceful year with your loved ones.

Kind regards,

Adora Hotel & Resort",2 reviews,Ci9DQUlRQUNvZENodHljRjlvT2psRmQzRndPRGQ0TFd0UU5IUnVNbTAyVEZaM1YyYxAB
D. Bn,1.0,"This hotel was a complete disappointment for us. The resort felt empty, the location was poor, and most of the food was inedible. The worst part, however, was the way serious problems were handled: We felt that complaints about inappropriate and aggressive behavior from the entertainment staff were not taken seriously and that no action was taken.

In our opinion, some of the entertainment staff behaved extremely disrespectfully towards guests and seemed to have no boundaries whatsoever. It was particularly disappointing that management did not intervene in such situations, and we didn't feel that guest safety was a priority.

In addition, there were aggressive guests against whom, in our view, nothing was done, as well as a largely unfriendly and unmotivated staff. In our opinion, the managers showed little interest in resolving problems or genuinely helping guests.

For the price, there are definitely better hotels. We would not recommend this hotel to anyone and especially advise families to think very carefully before choosing to vacation here.",a week ago,2026-07-28,,,9 reviews,Ci9DQUlRQUNvZENodHljRjlvT2xGeE5UVnNiVXhRVm5odVgyNU5MVGwxY0VWSWVrRRAB
Radek Olah,5.0,"Very good hotel, we are satisfied. Everywhere is clean and everyone is nice here",a week ago,2026-07-28,,"Dear Guest,

First of all, we would like to thank you for choosing our hotel and for taking your valuable time to evaluate it.

All your comments are important to us as Adora Hotel & Resort Your evaluation will encourage us to improve and become better. As a facility, we are trying to provide perfect service to our valued guests.

We express our pleasure to welcome you and wish you a healthy and peaceful year with your loved ones.

Kind regards,

Adora Hotel & Resort",1 review,Ci9DQUlRQUNvZENodHljRjlvT25OQ2VEbDBkRUZMV0hBemVWVkJNbkJETVhreGFsRRAB
Kamil Toma,5.0,Everything is great,a week ago,2026-07-28,,"Dear Guest,

First of all, we would like to thank you for choosing our hotel and for taking your valuable time to evaluate it.

All your comments are important to us as Adora Hotel & Resort Your evaluation will encourage us to improve and become better. As a facility, we are trying to provide perfect service to our valued guests.

We express our pleasure to welcome you and wish you a healthy and peaceful year with your loved ones.

Kind regards,

Adora Hotel & Resort",3 reviews,Ci9DQUlRQUNvZENodHljRjlvT25ac1ZGRTNUMEZFZDNOUVZ6UkRSRkV5VFVGdGVuYxAB
TÜLAY KAYA,5.0,"First of all, endless thanks to the Adora Family 🙏 They gave us a wonderful, problem-free holiday where everything was perfect. Endless thanks to Mr. Umut in Public Relations for his attention to us and his excellent work experience, approach to problems, and solutions. Endless thanks also to Ms. Damla in Public Relations for her excellent service 🙏 Congratulations on working with such excellent staff. The rooms are spotlessly clean, the food is excellent, the animation team is fantastic, I highly recommend it to everyone.",a week ago,2026-07-28,,"Dear Guest,

First of all, thank you for choosing our hotel for your holiday and for taking the time to write your review.

All your comments are important to us at Adora Hotel & Resort. They encourage us to improve and become better. We strive to provide you, our valued guests, with impeccable service.

We are delighted to have hosted you and wish you a healthy and peaceful year with your loved ones.

Sincerely,

The Adora Hotel & Resort Family",Local Guide · 35 reviews · 16 photos,Ci9DQUlRQUNvZENodHljRjlvT2pCc2NsZE1ZemR0ZGtGMVZFbHVTM1EzV1ZocVFVRRAB
Yasemin Baklaya,5.0,The Hotel us really great the personel is really nice and polite even when you speak a diffrent language youll always find someone who can help! We've been visiting this hotel for 6 years and it never gets boring. Thank you to Guest Relations for helping us during our vacation!,a week ago,2026-07-28,,"Dear Guest,

First of all, we would like to thank you for choosing our hotel and for taking your valuable time to evaluate it.

All your comments are important to us as Adora Hotel & Resort Your evaluation will encourage us to improve and become better. As a facility, we are trying to provide perfect service to our valued guests.

We express our pleasure to welcome you and wish you a healthy and peaceful year with your loved ones.

Kind regards,

Adora Hotel & Resort",1 review,Ci9DQUlRQUNvZENodHljRjlvT2tFMmVteEtibXd4VkdWa09GVm9ORVZ1UVcxV2JIYxAB
Demet Kocak,5.0,"This is our 6th visit to Adora Resort Hotel. It's become like our home. The friendly staff, the exceptional attention from customer service, and especially the solution-oriented approach of Ms. Damla and Ms. Elif made us feel right at home. We extend our endless thanks to the entire management and staff. See you next year! 👌😊",a week ago,2026-07-28,,"Dear Guest,

First of all, thank you for choosing our hotel for your holiday and for taking the time to write your review.

All your comments are important to us at Adora Hotel & Resort. They encourage us to improve and become better. We strive to provide you, our valued guests, with impeccable service.

We are delighted to have hosted you and wish you a healthy and peaceful year with your loved ones.

Sincerely,

The Adora Hotel & Resort Family",3 reviews,Ci9DQUlRQUNvZENodHljRjlvT21WdU5XcEpRbmx6TTJWb1dUTldSR3N0TWs5UGFFRRAB
Ari 97,5.0,"Clean rooms, great location, delicious food. We especially enjoyed the Sherazat Restaurant! We'd definitely come back!",a week ago,2026-07-28,,,3 reviews,Ci9DQUlRQUNvZENodHljRjlvT2xGaFVWUTFOVEpCYWtab1dHcHNXVmhHVkZKa05IYxAB
Александр Горлатов,5.0,"I have no complaints about the hotel. Everything was excellent, even exceeding expectations.
Check-in was quick – we arrived at 9:00 AM, were sent straight to breakfast, and were given a room by 10:00 AM. Initially, they gave us a bungalow on the first floor, but we asked for a room on the second floor – and they found one quickly.
The food was very good. Simple and basic breakfasts (everything you need), lunch and dinner with grilled food (always a wide selection of meat, chicken, and fish), and excellent desserts and ice cream.
The drinks were also excellent. It's clear that the drinks on the beach are quicker and not as tasty as those in the lobby. However, basic drinks and cocktails are available. Mostly local, but I had no particular complaints about the quality. Advice: it's better to choose simple drinks, otherwise they start adding sugar syrups and you can't tell the taste or calorie count. :)
The beach is clean, and the sun loungers on the right side seem newer. There's plenty of space for everyone. The pools are also very neat and clean, and the chlorine wasn't an eyesore. Towels are always available; change them as often as needed daily.
Children's slides - there aren't many, but they were enough for my child; he went down on his own a couple of times. For me, the seams are a bit of a letdown. :)
We went to the A la Carte restaurant on the top floor of the hotel once. The service and food were excellent, the view was wonderful, and the staff was attentive. We loved it.
The rooms are small, but everything is new. We stayed in a bungalow. Maybe I didn't have enough light; they were a bit dark.
As for entertainment, there's a kids' club, and they do a lot of activities for the kids. I don't know, maybe our body clocks weren't aligned, but when their peak activity started (at 11), we were already in our room by 12.
When it's 104 degrees outside, it seems better to spend that time under the air conditioning.
There's nothing near the hotel. But Land of Legends is 10 minutes away. Roundtrip is $40. No other options. They only charge one fee. A car never showed up when we ordered it through any of the apps. Apparently, it's their local monopoly. :)
Overall, we were happy with the hotel and our stay.
I recommend it.
Even at 104 degrees in July, it's still comfortable. :)",a week ago,2026-07-28,,,1 review,Ci9DQUlRQUNvZENodHljRjlvT2tWRlJtSlZUa1JuUlZOaVZHOVBWMVZaYzBGdVYwRRAB
Alpaslan EKİN,5.0,"This was our second visit to the hotel.
While we generally liked it, we found some services to be slightly less impressive compared to last year.
For example, the weekly Turkish Day event wasn't as well-organized as last year, neither in terms of food nor activities.
The döner kebab tasted terrible.
Some bar and dining areas had foreign staff who didn't speak any Turkish, making communication very difficult.
The electric scooters circulating in the hotel square in the evenings were very disturbing and dangerous. Despite these criticisms, it's still a nice hotel. We might visit again.",Edited a week ago,2026-07-28,,"Dear Guest,

First of all, thank you for choosing our hotel for your holiday and for taking the time to review us.

All your comments are important to the Adora Resort Hotels family. They will encourage us to improve and become even better. We strive to provide our valued guests with impeccable service.
We are delighted to welcome you and wish you and your loved ones a healthy and peaceful year.

Sincerely,

Adora Resort Hotels Family.",1 review,Ci9DQUlRQUNvZENodHljRjlvT2pGclUxZFBkRzV2V1hkM05USnNkRVUwYXpSVk5uYxAB
mustafa guralev,5.0,"Adora Resort is very beautiful and I was very pleased. Especially in terms of interpersonal skills, Mr. Umut was a wonderful person, he helped us with everything, he was like a savior to us, he's an excellent person. Mr. Cihangir was very good, his attention and care were great. Ms. Pakize, who was in charge of room 3703 cleaning, did a great job cleaning and organizing. Thank you very much to Adora. Mr. Umut took special care of us in everything, I thank him very much. Thank you to Adora Resort for choosing such special staff.",Edited a week ago,2026-07-28,,"Dear Mr. Mustafa,

First of all, thank you for choosing our hotel for your holiday and for taking the time to provide your feedback.

All your comments are important to us at Adora Resort Hotels. They encourage us to improve and strive to be better. We are committed to providing impeccable service to our valued guests. We are delighted to have hosted you and wish you a healthy and peaceful year with your loved ones.

Sincerely,

The Adora Resort Hotels Family.",1 review,Ci9DQUlRQUNvZENodHljRjlvT2t4cE0zaGFUMVl0YlZGNVpYZGhkMVJ4WW13M1RuYxAB
Nebahat Karabulut,5.0,,a week ago,2026-07-28,,"Dear Guest,

First of all, thank you for choosing our hotel for your holiday and for taking the time to write your review.

All your comments are important to us at Adora Hotel & Resort. They encourage us to improve and become better. We strive to provide you, our valued guests, with impeccable service.

We are delighted to have hosted you and wish you a healthy and peaceful year with your loved ones.

Sincerely,

The Adora Hotel & Resort Family",11 photos,Ci9DQUlRQUNvZENodHljRjlvT2twcVZGRjBhbE0xYlRKbVNqaGtRM1pDZDFGa2NtYxAB
Osman Türkmen,5.0,"This was our first time at Adora Hotel, the food and atmosphere were very nice, the cleanliness was excellent, the staff were friendly, you can find everything you need for a good holiday, many thanks to Ms. Damla from guest relations for her attention.",a week ago,2026-07-28,,"Dear Guest,

First of all, thank you for choosing our hotel for your holiday and for taking the time to write your review.

All your comments are important to us at Adora Hotel & Resort. They encourage us to improve and become better. We strive to provide you, our valued guests, with impeccable service.

We are delighted to have hosted you and wish you a healthy and peaceful year with your loved ones.

Sincerely,

The Adora Hotel & Resort Family",2 reviews · 2 photos,Ci9DQUlRQUNvZENodHljRjlvT2poRFpqYzVhREpPUWtrMlMwVk5hWGN5T0VwdVVrRRAB
erhan karadag,5.0,"Thank you for your interest and attention. We had a wonderful and trouble-free holiday as a family...
We would also like to thank Mr. Dogu from the Guest Relations Department for his interest and attention.",a week ago,2026-07-28,,"Dear Guest,

First of all, thank you for choosing our hotel for your holiday and for taking the time to write your review.

All your comments are important to us at Adora Hotel & Resort. They encourage us to improve and become better. We strive to provide you, our valued guests, with impeccable service.

We are delighted to have hosted you and wish you a healthy and peaceful year with your loved ones.

Sincerely,

The Adora Hotel & Resort Family",3 reviews · 2 photos,Ci9DQUlRQUNvZENodHljRjlvT25OYVN6ZFRkRmhyYkROeVpWcHJWMVZsTlZWRmVFRRAB
AliBerk Aloğlu,5.0,"This has been our first time here for four years, and we always leave satisfied. The food is varied and delicious. The bars are adequate, and the staff are high-quality. This year, for the first time, we stayed in the club rooms, and unfortunately, the cooling system was very poor. However, Ms. Damla promptly helped us with this issue, and we thank her for her attentiveness and helpfulness.",a week ago,2026-07-28,,"Dear Guest,

First of all, thank you for choosing our hotel for your holiday and for taking the time to write your review.

All your comments are important to us at Adora Hotel & Resort. They encourage us to improve and become better. We strive to provide you, our valued guests, with impeccable service.

We are delighted to have hosted you and wish you a healthy and peaceful year with your loved ones.

Sincerely,

The Adora Hotel & Resort Family",1 review,Ci9DQUlRQUNvZENodHljRjlvT2pGT1UwSk9YMWRKY1ZwWFNrVXlOVFZ5UkY5UFRHYxAB
Kiara,5.0,"A very beautiful place, a bit secluded and not quite close to the city, but still very lovely. The staff are super friendly and provide wonderful service; they even remember what you like to order. Best guy Dogu :)",a week ago,2026-07-28,,"Dear Guest,

First of all, we would like to thank you for choosing our establishment for your vacation, for your valuable time, and for your review.

We always strive to provide our valued guests with excellent service.

We would be delighted to welcome you back again and wish you a healthy and peaceful year with your family.

Sincerely,

Adora Hotel & Resort",1 review,Ci9DQUlRQUNvZENodHljRjlvT25OWVdWbEpObXRsUXpkak5tTnVVMWxzV1hoMWNsRRAB
Erkan Karahan,5.0,"We were very pleased as a family. The hotel was very clean, the food variety was extensive and delicious, and Mr. Dogu from customer service was very attentive.",Edited a week ago,2026-07-28,,"Dear Guest,

First of all, thank you for choosing our hotel for your holiday and for taking the time to write your review.

All your comments are important to us at Adora Hotel & Resort. They encourage us to improve and become better. We strive to provide you, our valued guests, with impeccable service.

We are delighted to have hosted you and wish you a healthy and peaceful year with your loved ones.

Sincerely,

The Adora Hotel & Resort Family",4 reviews,Ci9DQUlRQUNvZENodHljRjlvT2twcFpVMUtaa1JDTkRCc1FteHBOV2h1VlRSS1dIYxAB
Sedef Ekiz,5.0,"Guest relations are excellent, and they go above and beyond. It's a hotel we've been coming to for years and have always been satisfied with. The aquapark is great fun, and the food is very varied. Kudos to everyone involved! 🌸🌸",a week ago,2026-07-28,,"Dear Guest,

First of all, thank you for choosing our hotel for your holiday and for taking the time to write your review.

All your comments are important to us at Adora Hotel & Resort. They encourage us to improve and become better. We strive to provide you, our valued guests, with impeccable service.

We are delighted to have hosted you and wish you a healthy and peaceful year with your loved ones.

Sincerely,

The Adora Hotel & Resort Family",3 reviews,Ci9DQUlRQUNvZENodHljRjlvT21GSGQxaDJUVFZzTkVoSUxVODVVMVprUkcxR01HYxAB
yavuz ekiz,5.0,We've been coming to this hotel for years. The friendliness of all the staff and the quality of the hotel never change. It's our go-to place for holidays. I would also like to extend my thanks to Ms. Damla in the guest relations department and all the other staff members.,a week ago,2026-07-28,,"Dear Guest,

First of all, thank you for choosing our hotel for your holiday and for taking the time to write your review.

All your comments are important to us at Adora Hotel & Resort. They encourage us to improve and become better. We strive to provide you, our valued guests, with impeccable service.

We are delighted to have hosted you and wish you a healthy and peaceful year with your loved ones.

Sincerely,

The Adora Hotel & Resort Family",5 reviews · 1 photo,Ci9DQUlRQUNvZENodHljRjlvT21oSFNHNXZObkZ0T1drdGRrTjVjblJRVTFSM1JWRRAB
Ufuk Ktk01,5.0,"Elena, Esra, Ahmet, and especially Cihangir and Umut were very helpful. Thank you very much for their friendly and understanding demeanor. A big thank you to the Adora Resort Hotel and its staff; I was very pleased with the hotel and its employees!",a week ago,2026-07-28,,"Dear Guest,

First of all, thank you for choosing our hotel for your holiday and for taking the time to write your review.

All your comments are important to us at Adora Hotel & Resort. They encourage us to improve and become better. We strive to provide you, our valued guests, with impeccable service.

We are delighted to have hosted you and wish you a healthy and peaceful year with your loved ones.

Sincerely,

The Adora Hotel & Resort Family",1 review,Ci9DQUlRQUNvZENodHljRjlvT2xWVUxVVmZWRlJyV1VWSE0yTkJjM1JYUXpGbFRIYxAB
Gen K.,5.0,,a week ago,2026-07-28,,"Dear Guest,

First of all, thank you for choosing our hotel for your holiday and for taking the time to write your review.

All your comments are important to us at Adora Hotel & Resort. They encourage us to improve and become better. We strive to provide you, our valued guests, with impeccable service.

We are delighted to have hosted you and wish you a healthy and peaceful year with your loved ones.

Sincerely,

The Adora Hotel & Resort Family",4 reviews,Ci9DQUlRQUNvZENodHljRjlvT2xsbGVrbGliazVDY0ZCWlZ6azFRWGgyV1hSRlJGRRAB
Mihai,3.0,"We have just returned from our vacation at this hotel.

Our first interaction with the reception staff was unfortunately not what we expected. Their attitude felt dismissive and somewhat sarcastic, which was disappointing as it was our first impression of the hotel.

However, we really appreciated the way the hotel management, especially Umut from the Guest Relations, handled the situation. After learning about our experience at reception, they took the time to speak with us personally, apologized, and genuinely tried to make up for the unpleasant start. We are grateful for their professionalism and care.

Another downside was that our room did not have a balcony. We were not aware that some rooms didn't include one, as this wasn't mentioned on the travel website where we made our booking. Unfortunately, we couldn't change our room during the first two days, partly because of our experience with the reception staff. Traveling with a 2.5-year-old child, we always had wet swimsuits and clothes to dry, so not having a balcony was quite inconvenient. On the positive side, the room itself was spacious, modern, clean, and recently renovated.

The food was varied, especially at dinner, and we enjoyed it. However, compared to other 5-star all-inclusive resorts we have visited in Turkey and Greece, it didn't particularly exceed our expectations. We did appreciate having a snack bar available throughout the day.

One thing that disappointed us was our arrival on the first evening. After traveling for more than half a day, we arrived at around 9:30 p.m. hoping to have something to eat. We were told that dinner had already finished and that there was nothing available, even though it seemed there was still time and other guests were still dining on previous evenings. There was a pastry shop open, but the pastries didn't seem particularly fresh and everything was sweet, which wasn't very helpful when traveling with a 2.5-year-old child. The next snack bar didn't open until 12:30 a.m., which was far too late for us.

The resort itself is beautiful, spacious, and very well maintained. The swimming pools are lovely, there is a nice playground for children, the beach is clean, and the beach bar is conveniently close. The sea has a gentle, shallow entry, and during our stay the water was wonderfully warm.

Overall, we had a pleasant vacation and enjoyed our stay. However, we expected a bit more from a 5-star Ultra All Inclusive hotel. With a few improvements—especially regarding the reception service and late-arrival dining experience—it could offer an even better guest experience.",Edited a week ago,2026-07-28,,"Dear Guest,

First of all, thank you for choosing Adora Hotel & Resort and for taking the time to share such a detailed review of your stay. We truly appreciate both your positive comments and your constructive feedback.

We are delighted to learn that you enjoyed our hotel grounds, swimming pools, beach, children's facilities, as well as the comfort and cleanliness of your room.

We are sorry that we were unable to fully meet your expectations due to the negative experience you encountered during your stay. Our goal is always to provide the highest level of service to all our guests, and we carefully evaluate every comment we receive as an opportunity to further improve our service quality.

Regarding your room, all of our guests are accommodated according to the room category they have reserved through their travel agency or booking platform. Depending on the selected room category, some rooms include a balcony while others do not. Although we always do our best to accommodate our guests' requests whenever availability allows, we regret that we were unable to fulfill your request immediately during your stay.

We also understand your disappointment regarding your arrival day. As an Ultra All Inclusive hotel, we provide food and beverage services at various outlets throughout the day. After the main restaurant's dinner service ends, our late-night buffet is available for guests arriving outside the regular dining hours. We understand that, after a long journey, having to wait for the next food service may have been disappointing, and we appreciate you taking the time to share your experience with us.

Your valuable feedback helps guide us in our continuous efforts to improve the quality of our services. We sincerely hope to have the pleasure of welcoming you and your family back to Adora Hotel & Resort and providing you with an even better holiday experience on your next visit.

Kind regards,

Adora Hotel & Resort",3 reviews,Ci9DQUlRQUNvZENodHljRjlvT2s5RE5HTTBaR3B5U1U1MGIyaFhSR3BIVURsVE1WRRAB
Ireczek23,1.0,"The hotel has a great location right on the beach and close to the airport, ensuring a very quick and convenient transfer. The food in the restaurant was okay – the selection of dishes was so extensive that everyone could easily find something to enjoy. The main drawback, however, is its clear focus on a single nationality. The hotel is almost entirely geared towards Russian guests. The entire entertainment program, music, and staff communication are mostly in Russian. For tourists from other countries who expect a more international or neutral atmosphere, this atmosphere becomes monotonous and tiring after a few days. This is a great shame, because this beautiful country has a vast, unique culture and wonderful assets of its own. It's sad to see such a large hotel completely abandon its local identity in favor of catering to just one customer group. If you don't mind the lack of cultural diversity in hotel entertainment, the facilities and food are fine.",a week ago,2026-07-28,,"Dear Guest,

Thank you for taking the time to share your feedback following your stay at Adora Hotel & Resort.

We are pleased to learn that you appreciated our beachfront location, the convenient transfer from the airport, and the variety of food offered in our restaurant.

Regarding your comments about the international atmosphere of our hotel, we would like to respectfully clarify that Adora Hotel & Resort is an international resort welcoming guests from many different countries, including numerous European markets as well as visitors from other parts of the world. Our aim is to provide a comfortable holiday experience for guests of various nationalities and cultures.

Our entertainment programme is designed to appeal to an international audience. Activities are conducted in English as the common communication language, and our music selection consists of internationally recognized songs enjoyed by guests from different countries. Likewise, our team members are able to communicate in multiple foreign languages in order to assist guests from various nationalities.

We understand that individual perceptions and expectations regarding the holiday atmosphere may differ, and we appreciate you sharing your opinion. Your comments are valuable to us as we continuously strive to provide an enjoyable and welcoming environment for all of our guests.

We hope to have the opportunity to welcome you again in the future.

Kind regards,

Adora Hotel & Resort",Local Guide · 19 reviews,Ci9DQUlRQUNvZENodHljRjlvT2t4aFEwTnpiSE13TlZveVRtaG5SVEJQV0VOb2NXYxAB
Виктория Петрова,5.0,"It's a 30-minute drive from Antalya Airport. The rooms are fresh, not everything is perfect, there are some minor issues, but overall it's very decent. The minibar is refilled daily, Tuborg beer flows like water) there are both European and Turkish alcoholic drinks. The food is delicious and varied. This is our fifth day of vacation. Yesterday we had sushi for dinner. The beach is wide, the entrance to the sea is gentle and comfortable. Plenty of sun loungers. In the mornings, you can go SUP for free. The entertainment is great. The shows in the evenings are up to par. There is karaoke. We don't have children, but there are plenty of activities for them too. There are children's slides in the water park and three for adults. Several swimming pools. There are tennis courts, but it's too hot to play in July. The tourists include Germans, Turks, Czechs, and Russians. The staff speaks Russian, as do the entertainers. We've stayed at other hotels in Turkey, and this one left one of the best impressions.",a week ago,2026-07-28,,"Dear Guest,

First of all, thank you for choosing our hotel and taking the time to provide a detailed review. We value every guest's opinion and strive to do everything possible to ensure a pleasant and comfortable stay at the Adora Hotel & Resort.

Knowing about your positive impressions of our hotel is our greatest reward! We hope to welcome you and your family back to our hotel soon.

Best wishes,

Adora Hotel & Resort",Local Guide · 11 reviews · 7 photos,Ci9DQUlRQUNvZENodHljRjlvT25wcVNscEtSalJCVW1SYVVtd3lTME5mYUV0MlFsRRAB
Георгий Орлов,5.0,"This is our second time staying at this hotel. We really enjoyed our stay at Adora. The staff is very friendly. The bars make excellent cocktails, but I didn't like the beer. The entertainment is excellent, both daytime and evening, for both adults and children. The food in the main restaurant could have been more varied. The sea and beach are clean and large. We spent the evening at the Shehrazat restaurant; I recommend it to everyone. Thanks to Dervis, Mucahit, Dispa, Celal, and Kader.",a week ago,2026-07-28,,"Dear Guest,

First of all, thank you for choosing our hotel and taking the time to provide a detailed review. We value every guest's opinion and strive to do everything possible to ensure a pleasant and comfortable stay at the Adora Hotel & Resort.

Knowing about your positive impressions of our hotel is our greatest reward! We hope to welcome you and your family back to our hotel soon.

Best wishes,

Adora Hotel & Resort",1 review,Ci9DQUlRQUNvZENodHljRjlvT25GTVpUVmtabEpxZUdoUk1XUnpjMUIwVVVNeU5uYxAB
Roshanak Khaghani,5.0,,a week ago,2026-07-28,,"Dear Guest,

First of all, we would like to thank you for choosing our hotel and for taking your valuable time to evaluate it.

All your comments are important to us as Adora Hotel & Resort Your evaluation will encourage us to improve and become better. As a facility, we are trying to provide perfect service to our valued guests.

We express our pleasure to welcome you and wish you a healthy and peaceful year with your loved ones.

Kind regards,

Adora Hotel & Resort",,Ci9DQUlRQUNvZENodHljRjlvT25aRFZqQjRORkpIVURScUxVeHBaa2RPUkU5blJXYxAB
Waldemar Derksen,5.0,,a week ago,2026-07-28,,"Dear Guest,

First of all, we would like to thank you for choosing our hotel and for taking your valuable time to evaluate it.

All your comments are important to us as Adora Hotel & Resort Your evaluation will encourage us to improve and become better. As a facility, we are trying to provide perfect service to our valued guests.

We express our pleasure to welcome you and wish you a healthy and peaceful year with your loved ones.

Kind regards,

Adora Hotel & Resort",2 reviews,Ci9DQUlRQUNvZENodHljRjlvT2xZeVNqQk5NbVZVT0MxUGNYUTFlWFJ3VDFvd1NrRRAB
Alexey Mishin,5.0,Excellent service!),a week ago,2026-07-28,,"Dear Guest,

First of all, we would like to thank you for choosing our hotel and for taking your valuable time to evaluate it.

All your comments are important to us as Adora Hotel & Resort Your evaluation will encourage us to improve and become better. As a facility, we are trying to provide perfect service to our valued guests.

We express our pleasure to welcome you and wish you a healthy and peaceful year with your loved ones.

Kind regards,

Adora Hotel & Resort",1 review · 11 photos,Ci9DQUlRQUNvZENodHljRjlvT21OME5USkhTbXN4V1MxT2RVSnVTbUpTZVRSRWMxRRAB
Валерия Кузнецова,5.0,"Excellent hotel, delicious food and pleasant smiling staff, I liked everything",a week ago,2026-07-28,,"Dear Guest,

First of all, thank you for choosing our hotel and taking the time to provide a detailed review. We value every guest's opinion and strive to do everything possible to ensure a pleasant and comfortable stay at the Adora Hotel & Resort.

Knowing about your positive impressions of our hotel is our greatest reward! We hope to welcome you and your family back to our hotel soon.

Best wishes,

Adora Hotel & Resort",1 review · 1 photo,Ci9DQUlRQUNvZENodHljRjlvT21sR1ZVNTNRelZYWm5aTmNGSjVlWFZxUXpSYVQxRRAB
emrah mert,5.0,"Our hotel was very beautiful and clean, the staff were very good and respectful, thank you very much for everything. This was the first time we had such a high-quality and wonderful holiday. I would like to thank Ms. İda, Ms. Oğuzhan Deniz and Chef Alican Deniz separately for their attention and care.",a week ago,2026-07-28,,"Dear Guest,

First of all, thank you for choosing our hotel for your holiday and for taking the time to write your review.

All your comments are important to us at Adora Hotel & Resort. They encourage us to improve and become better. We strive to provide you, our valued guests, with impeccable service.

We are delighted to have hosted you and wish you a healthy and peaceful year with your loved ones.

Sincerely,

The Adora Hotel & Resort Family",1 review,Ci9DQUlRQUNvZENodHljRjlvT2xZME1rOU1RMkZFWTBoTk15MDBkRGRpUlVNNWFVRRAB
Andreas S.,5.0,Very friendly and helpful service staff. Hotel rooms are modern and very clean. We would love to come back here for another holiday.,a week ago,2026-07-28,,"Dear Guest,

First of all, we would like to thank you for choosing our establishment for your vacation, for your valuable time, and for your review.

We always strive to provide our valued guests with excellent service.

We would be delighted to welcome you back again and wish you a healthy and peaceful year with your family.

Sincerely,

Adora Hotel & Resort",1 review · 1 photo,Ci9DQUlRQUNvZENodHljRjlvT21oWFoxOVlhV2xCZVRWek1rOW9Tek5MTjBaclQwRRAB
Стася Кочина,5.0,"Entertainment is love! But here are a few tips)

This year we chose Turkey again, and our choice was the Adora in Belek. I can say that the hotel is truly outstanding: the green and well-kept grounds are a delight to the eye, and the cuisine and bar will definitely keep your taste buds entertained. The staff, although a bit slow at times (I think these are the ""sins"" of the Turkish sun and high season), generally do a great job.
But the main discovery of this vacation was the entertainment team! Having traveled to many countries, this is the first time we've seen something like this: every morning, like a little flash mob, they parade through the grounds, greeting each guest personally by the pool and on the beach. No one is left unattended! These guys are true masters of positivity: polite, multilingual, and a pleasure to have a heart-to-heart talk with when you need a break from your vacation.
A special delight was the karaoke party! The idea is simply amazing. I'll just add a personal suggestion: guys, buy some better microphones and add some backing vocals so guests can more easily hit difficult notes without losing their vocal chords. :) It would add even more polish to the show!
Wishing the hotel prosperity and patient guests. Thanks for the atmosphere!",a week ago,2026-07-28,,"Dear Guest,

First of all, thank you for choosing our hotel and taking the time to provide a detailed review. We value every guest's opinion and strive to do everything possible to ensure a pleasant and comfortable stay at the Adora Hotel & Resort.

Knowing about your positive impressions of our hotel is our greatest reward! We hope to welcome you and your family back to our hotel soon.

Best wishes,

Adora Hotel & Resort",1 review,Ci9DQUlRQUNvZENodHljRjlvT2tKYVoyRmtjVVJrZVZoNFNWaENPRTR5U1dvdFowRRAB
Alona Istomina,5.0,everything great !,a week ago,2026-07-28,,"Dear Guest,

First of all, thank you for choosing our hotel and taking the time to provide a detailed review. We value every guest's opinion and strive to do everything possible to ensure a pleasant and comfortable stay at the Adora Hotel & Resort.

Knowing about your positive impressions of our hotel is our greatest reward! We hope to welcome you and your family back to our hotel soon.

Best wishes,

Adora Hotel & Resort",2 reviews,Ci9DQUlRQUNvZENodHljRjlvT2xaRFdFbHZXRUo0VWw5eVptY3ROemRrZVdJMVNtYxAB
Dilek Uysal,5.0,All the hotel staff were very friendly and attentive. I also highly recommend the Mezetto restaurant. I would like to thank Elif Hanım from guest relations for her care and attention.,a week ago,2026-07-28,,"Dear Guest,

First of all, thank you for choosing our hotel for your holiday and for taking the time to write your review.

All your comments are important to us at Adora Hotel & Resort. They encourage us to improve and become better. We strive to provide you, our valued guests, with impeccable service.

We are delighted to have hosted you and wish you a healthy and peaceful year with your loved ones.

Sincerely,

The Adora Hotel & Resort Family",1 review,Ci9DQUlRQUNvZENodHljRjlvT2tSVmRWcHFWMFJvUjBWYVFWbGFVVWhvTkhwVVFuYxAB
Jonz Dzi,4.0,"Good hotel for families with children, a little noisier at night, music plays every day...",a week ago,2026-07-28,,"Dear Guest,

First of all, we would like to thank you for choosing our hotel and for taking your valuable time to evaluate it.

All your comments are important to us as Adora Hotel & Resort Your evaluation will encourage us to improve and become better. As a facility, we are trying to provide perfect service to our valued guests.

We express our pleasure to welcome you and wish you a healthy and peaceful year with your loved ones.

Kind regards,

Adora Hotel & Resort",2 reviews,Ci9DQUlRQUNvZENodHljRjlvT2pKVWNFeE9RakpmY3pscVVtUTFjRWRoZFc5NE4wRRAB
Katarzyna Mróz,5.0,,a week ago,2026-07-28,,"Dear Guest,

First of all, we would like to thank you for choosing our hotel and for taking your valuable time to evaluate it.

All your comments are important to us as Adora Hotel & Resort Your evaluation will encourage us to improve and become better. As a facility, we are trying to provide perfect service to our valued guests.

We express our pleasure to welcome you and wish you a healthy and peaceful year with your loved ones.

Kind regards,

Adora Hotel & Resort",,Ci9DQUlRQUNvZENodHljRjlvT2s1dmFWZHhhVVV3YTI0MFVqZFJPRUU1YzFkR0xWRRAB
Andrea Krejčíková,5.0,Everything perfect!,a week ago,2026-07-28,,"Dear Guest,

First of all, we would like to thank you for choosing our hotel and for taking your valuable time to evaluate it.

All your comments are important to us as Adora Hotel & Resort Your evaluation will encourage us to improve and become better. As a facility, we are trying to provide perfect service to our valued guests.

We express our pleasure to welcome you and wish you a healthy and peaceful year with your loved ones.

Kind regards,

Adora Hotel & Resort",8 reviews · 3 photos,Ci9DQUlRQUNvZENodHljRjlvT2sxeFVXNHpVVFZvT1VGbWVFUktlazlMVTBsWFVtYxAB
Ciprian Plesoianu,5.0,"Everything is good here !
Nice rooms , clean swimming pools , good food in restaurants ! Good for family with kids  because hotel is not so big so you don’t need to walk a lot for all attractions!",a week ago,2026-07-28,,"Dear Guest,

First of all, we would like to thank you for choosing our hotel and for taking your valuable time to evaluate it.

All your comments are important to us as Adora Hotel & Resort Your evaluation will encourage us to improve and become better. As a facility, we are trying to provide perfect service to our valued guests.

We express our pleasure to welcome you and wish you a healthy and peaceful year with your loved ones.

Kind regards,

Adora Hotel & Resort",1 review · 1 photo,Ci9DQUlRQUNvZENodHljRjlvT21odVFXaHdOazA0TTFKZlRFeE5hMG95VUVkb05rRRAB
Philipp Zollatz,5.0,,a week ago,2026-07-28,,"Dear Guest,

First of all, we would like to thank you for choosing our establishment for your vacation, for your valuable time, and for your review.

We always strive to provide our valued guests with excellent service.

We would be delighted to welcome you back again and wish you a healthy and peaceful year with your family.

Sincerely,

Adora Hotel & Resort",1 review,Ci9DQUlRQUNvZENodHljRjlvT21WNGRFbzFjWGhLZEhsR2IzUnpjM1I2WmpCM1NFRRAB
Woo An,5.0,The staff are very friendly and nice.,a week ago,2026-07-28,,"Dear Guest,

First of all, we would like to thank you for choosing our hotel and for taking your valuable time to evaluate it.

All your comments are important to us as Adora Hotel & Resort Your evaluation will encourage us to improve and become better. As a facility, we are trying to provide perfect service to our valued guests.

We express our pleasure to welcome you and wish you a healthy and peaceful year with your loved ones.

Kind regards,

Adora Hotel & Resort",2 reviews,Ci9DQUlRQUNvZENodHljRjlvT21nd1ZFRlhSRFZxV0doSWJWbHVObXRSZERkaGJWRRAB
Sergej,1.0,,2 weeks ago,2026-07-21,,,Local Guide · 10 reviews · 16 photos,Ci9DQUlRQUNvZENodHljRjlvT2taWE5ESlNPV1ZEWDJWeU9EQkhiekJqTVRsQk5tYxAB
AMH1986,5.0,Beautiful Hotel. We Like our Holiday in this Hotel. Best recmendation!,2 weeks ago,2026-07-21,,"Dear Guest,

First of all, we would like to thank you for choosing our hotel and for taking your valuable time to evaluate it.

All your comments are important to us as Adora Hotel & Resort Your evaluation will encourage us to improve and become better. As a facility, we are trying to provide perfect service to our valued guests.

We express our pleasure to welcome you and wish you a healthy and peaceful year with your loved ones.

Kind regards,

Adora Hotel & Resort",3 reviews,Ci9DQUlRQUNvZENodHljRjlvT2xoS1FsQTNXaTFyU2pONldIRlFXRWxMVUdadlJuYxAB
Zeyy,5.0,"We were extremely satisfied with our vacation at Adora Resort Hotel. From the moment we checked in, we were greeted by a friendly and professional team. Check-in was quick and smooth. We felt from the very first minutes that this is a hotel that truly values ​​guest satisfaction.
The rooms were very clean, spacious, and comfortable. They were cleaned regularly every day, and towels and other necessities were provided without fail. The beds were comfortable, so we had a very high-quality sleep experience throughout our vacation. The cleanliness of the common areas, corridors, gardens, and the hotel in general was also excellent. Order and hygiene were prioritized in every corner of the hotel.
The food exceeded our expectations. A very rich open buffet was offered from breakfast to dinner. The meat, chicken, fish, vegetable dishes, salads, desserts, and fruits were both delicious and very satisfying in terms of variety. The restaurant staff was very hardworking and attentive; tables were constantly cleaned, and any shortages were immediately addressed.
The beverage options offered at the bars were sufficient. The bartenders provided both fast and friendly service. Their attention to guests even during busy hours was truly commendable. The Guest Relations team took great care of us throughout our stay. They quickly resolved any requests or questions we had. We truly felt valued. This attention and professionalism is one of the hotel's strongest points.
The animation team was extremely energetic, friendly, and fun. The activities organized throughout the day made our holiday much more enjoyable. The evening shows were professionally prepared; dance shows, live performances, and other events were planned to appeal to all age groups. We watched them with great interest every evening.
The beach and pool areas were very clean and well-maintained. It has a beautiful beach for those who want to enjoy the sea. We had no trouble finding sunbeds, and we were pleased with the beach's layout. The lush and well-maintained gardens also added to the hotel's beauty.
The hotel's location is also quite advantageous. It offers both easy access and a calm and peaceful environment. It's a really good choice for those who want to relax and have a quality holiday.
Most importantly, everyone working at the hotel was smiling, respectful, and helpful. From reception to the restaurant, from the housekeeping team to the technical staff, everyone loves their job and makes guests feel it. In short, Adora Resort Hotel exceeded our expectations with its cleanliness, quality service, delicious food, successful animation team, professional guest relations, friendly staff, and peaceful atmosphere. I wholeheartedly recommend it to anyone who wants to have a wonderful holiday. We are planning to come back again at the first opportunity. Thank you to the entire Adora Resort Hotel family for their efforts. 🌟",2 weeks ago,2026-07-21,,"Dear Guest,

First of all, we would like to thank you for choosing our establishment for your vacation, for your valuable time, and for your review.

We always strive to provide our valued guests with excellent service.

We would be delighted to welcome you back again and wish you a healthy and peaceful year with your family.

Sincerely,

Adora Hotel & Resort",2 reviews · 8 photos,Ci9DQUlRQUNvZENodHljRjlvT21KcFgxOHdiblYwUlRaYVIxRmtMVXh3U2kxNFpHYxAB
Octavian Stefan,5.0,"We really enjoyed our stay here. Especially the a la carte restaurants. And the sea food one too, Mezzetto.",2 weeks ago,2026-07-21,,"Dear Guest,

First of all, we would like to thank you for choosing our hotel and for taking your valuable time to evaluate it.

All your comments are important to us as Adora Hotel & Resort Your evaluation will encourage us to improve and become better. As a facility, we are trying to provide perfect service to our valued guests.

We express our pleasure to welcome you and wish you a healthy and peaceful year with your loved ones.

Kind regards,

Adora Hotel & Resort",2 reviews · 2 photos,Ci9DQUlRQUNvZENodHljRjlvT2xZd2NsZDNPR2hCTFRkQ01sZExPRjlqV1Zaa2VWRRAB
Татьяна Захарова,5.0,"The hotel is perfect for a family vacation!
The food, entertainment, room cleaning, and service staff—everything is wonderful! The grounds themselves are magnificent!
I was surprised by the design of the closets in the room—they have no doors. This is the first time I've seen a design like this in a hotel.
My recommendation to the hotel management: please add children's songs! The children's disco (mini disco) has very little children's music. It's full of music and songs for adults. Children aged 3-7 aren't interested in this; they're not ready to dance to adult music.
Otherwise, we really liked the hotel.
Would we come back as a family? Yes!",2 weeks ago,2026-07-21,,"Dear Guest,

First of all, thank you for choosing our hotel and taking the time to provide a detailed review. We value every guest's opinion and strive to do everything possible to ensure a pleasant and comfortable stay at the Adora Hotel & Resort.

Knowing about your positive impressions of our hotel is our greatest reward! We hope to welcome you and your family back to our hotel soon.

Best wishes,

Adora Hotel & Resort",1 review · 1 photo,Ci9DQUlRQUNvZENodHljRjlvT2xGSVRIRkZURlZwVUZSQ1YwUlFhVll4UW0wd2NsRRAB
Лилия Хромова,5.0,"This is my second time at this hotel.
Everything is wonderful!
Service!
Food!
Ice cream and desserts from 10am to 11pm.
Entertainment
Sea entry
Staff is fantastic.
We went to Ala Carde Sehrazat.
The view is magnificent.
Great photos.
Excellent food.
Delicious wine.
Wonderful service.",2 weeks ago,2026-07-21,,"Dear Guest,

First of all, thank you for choosing our hotel and taking the time to provide a detailed review. We value every guest's opinion and strive to do everything possible to ensure a pleasant and comfortable stay at the Adora Hotel & Resort.

Knowing about your positive impressions of our hotel is our greatest reward! We hope to welcome you and your family back to our hotel soon.

Best wishes,

Adora Hotel & Resort",1 review · 2 photos,Ci9DQUlRQUNvZENodHljRjlvT2s5ZmVIQkZUVTVEZVMxVk5FRnZhRGN0WDJ4eUxYYxAB
Diana Izydorczyk,5.0,"The hotel is perfect for families with children. The large pool is undoubtedly its greatest asset. The food is varied, fresh, and delicious. The hotel beach is well-maintained with plenty of sunbeds. The surroundings are lush with greenery. The service is top-notch; we have nothing to complain about.",2 weeks ago,2026-07-21,,"Dear Guest,

First of all, we would like to thank you for choosing our hotel and for taking your valuable time to evaluate it.

All your comments are important to us as Adora Hotel & Resort Your evaluation will encourage us to improve and become better. As a facility, we are trying to provide perfect service to our valued guests.

We express our pleasure to welcome you and wish you a healthy and peaceful year with your loved ones.

Kind regards,

Adora Hotel & Resort",Local Guide · 17 reviews · 9 photos,Ci9DQUlRQUNvZENodHljRjlvT2tnemNEVXlRVWRRY0VWaVpXRkJlbUZ4TlVWMU4xRRAB
Natalia Walter,4.0,"A clean and beautiful hotel with a varied entertainment program and very good food. The selection of drinks is also extensive, offering something to suit every taste.

The beach is well-maintained and inviting. However, you should reserve sun loungers early, as they fill up quickly and you'll otherwise have little chance of finding a free spot.

Overall, we had a wonderful stay and can recommend the hotel.",Edited 2 weeks ago,2026-07-21,,"Dear Guest,

First of all, we would like to thank you for choosing our establishment for your vacation, for your valuable time, and for your review.

We always strive to provide our valued guests with excellent service.

We would be delighted to welcome you back again and wish you a healthy and peaceful year with your family.

Sincerely,

Adora Hotel & Resort",7 reviews · 6 photos,Ci9DQUlRQUNvZENodHljRjlvT2kxeWJIZ3lTSHBrUWxKTkxXMVZVbTFLV0dJMk9YYxAB
Lina Ugrina,5.0,"A very nice hotel, we liked everything, excellent service, entertainment, food. We'll be back again.",2 weeks ago,2026-07-21,,"Dear Guest,

First of all, thank you for choosing our hotel and taking the time to provide a detailed review. We value every guest's opinion and strive to do everything possible to ensure a pleasant and comfortable stay at the Adora Hotel & Resort.

Knowing about your positive impressions of our hotel is our greatest reward! We hope to welcome you and your family back to our hotel soon.

Best wishes,

Adora Hotel & Resort",1 review · 4 photos,Ci9DQUlRQUNvZENodHljRjlvT214UE1ISkNRV0pTZW0xWFRtTk1jMk40YTNwRGVXYxAB
Greta Santa,5.0,"I choose a new hotel every vacation, but I would happily return here anytime. It was absolutely worth the price.

Cleanliness, comfort, beautiful surroundings, the cleanliness and vegetation of the entire resort are impressive.

The rooms are cleaned daily, the minibar is refilled for free, the bed is comfortable, the room has been renovated.

You can choose from a variety of dishes, there is no bad seasoning, in fact, it is very tasty.

Fruit, vegetables, cakes, ice cream in all quantities - everything is fresh, spotless, each cookie has a special delicious taste 😊. A variety of cocktails, both in taste and appearance, are appealing.

As for cleanliness, permanent staff at every outdoor toilet ensures that not a drop of water remains on the ground unwiped - the same goes for the terraces.

The pool and its surroundings are also spotless, there are enough sunbeds, both there and on the beach.

You can eat or drink something delicious in every area. The staff is nice, especially Ali, a real guest-friend, we would like to welcome him (Joe&family from Romania).

The evening shows are of a high standard, impressive, and the staff is also a very professional, smiling, cheerful team.

I recommend it with all my heart, we had an excellent vacation!",2 weeks ago,2026-07-21,,"Dear Guest,

First of all, we would like to thank you for choosing our hotel and for taking your valuable time to evaluate it.

All your comments are important to us as Adora Hotel & Resort Your evaluation will encourage us to improve and become better. As a facility, we are trying to provide perfect service to our valued guests.

We express our pleasure to welcome you and wish you a healthy and peaceful year with your loved ones.

Kind regards,

Adora Hotel & Resort",1 review,Ci9DQUlRQUNvZENodHljRjlvT25adlNrdFVTSFJGWldscFFrczJSRlkxWldweVNuYxAB
Anisoara Esanu,5.0,"We really enjoyed this vacation, and we are even thinking about planning a vacation in this hotel next year!",2 weeks ago,2026-07-21,,"Dear Guest,

First of all, we would like to thank you for choosing our hotel and for taking your valuable time to evaluate it.

All your comments are important to us as Adora Hotel & Resort Your evaluation will encourage us to improve and become better. As a facility, we are trying to provide perfect service to our valued guests.

We express our pleasure to welcome you and wish you a healthy and peaceful year with your loved ones.

Kind regards,

Adora Hotel & Resort",2 reviews,Ci9DQUlRQUNvZENodHljRjlvT2pObmVuUnpZMDlzVXpaNlVYaGxXVGxxTjI4MVUxRRAB
Арина Музалева,5.0,"Good afternoon. Nice hotel, delicious food, daily cleaning, cozy room. Great kids' club, children's pool, and slides.
We spent a pleasant evening at the Shehrazat restaurant. The magnificent view, delicious food, and friendly staff made our evening special. Thank you to Mucahit, Dervis, Yusuf, Cici, and Celal for your service.",2 weeks ago,2026-07-21,,"Dear Guest,

First of all, thank you for choosing our hotel and taking the time to provide a detailed review. We value every guest's opinion and strive to do everything possible to ensure a pleasant and comfortable stay at the Adora Hotel & Resort.

Knowing about your positive impressions of our hotel is our greatest reward! We hope to welcome you and your family back to our hotel soon.

Best wishes,

Adora Hotel & Resort",1 review · 2 photos,Ci9DQUlRQUNvZENodHljRjlvT2xjeFVVTTFTa2hPTUhCWlFXeEJiR1E0YVU5VFZHYxAB
Елена Филина,5.0,"The holiday was fantastic! The reception staff were very helpful, the entertainment was varied day and night, and the staff was friendly. Thank you all. The food, the service, the people were nothing but kind. We will definitely return and recommend Selcuk, the main restaurant. We are very grateful and appreciative of the waiter. Elif, the guest relations staff, was very attentive and knowledgeable.",2 weeks ago,2026-07-21,,"Dear Guest,

First of all, thank you for choosing our hotel and taking the time to provide a detailed review. We value every guest's opinion and strive to do everything possible to ensure a pleasant and comfortable stay at the Adora Hotel & Resort.

Knowing about your positive impressions of our hotel is our greatest reward! We hope to welcome you and your family back to our hotel soon.

Best wishes,

Adora Hotel & Resort",2 reviews · 5 photos,Ci9DQUlRQUNvZENodHljRjlvT2xNeFdYbERjbGRoVDBaUllua3hiWGg2VDNSemMxRRAB
Emel EVCİL,5.0,"What I liked most was the friendly staff; everyone was very happy. The food, cleanliness, everything was perfect. Thank you.",2 weeks ago,2026-07-21,,"Dear Guest,

First of all, thank you for choosing our hotel for your holiday and for taking the time to write your review.

All your comments are important to us at Adora Hotel & Resort. They encourage us to improve and become better. We strive to provide you, our valued guests, with impeccable service.

We are delighted to have hosted you and wish you a healthy and peaceful year with your loved ones.

Sincerely,

The Adora Hotel & Resort Family",8 reviews,Ci9DQUlRQUNvZENodHljRjlvT2xsV2FIRXhNVFZ5VlZGUWFDMU1iMmxEUkVrNGRsRRAB
Ferdi Doruk,5.0,We had a lovely stay at the hotel with our baby. It was family-friendly with very friendly staff. We were very satisfied :),2 weeks ago,2026-07-21,,"Dear Guest,

First of all, we would like to thank you for choosing our establishment for your vacation, for your valuable time, and for your review.

We always strive to provide our valued guests with excellent service.

We would be delighted to welcome you back again and wish you a healthy and peaceful year with your family.

Sincerely,

Adora Hotel & Resort",7 reviews · 1 photo,Ci9DQUlRQUNvZENodHljRjlvT2tWSll6RkpUMlZtWkhoVFFtVlJiWEJwZDFCelEzYxAB
Alexey Wasilyev,5.0,"The strongest point of this hotel is the children's entertainment and kids' club. We've been to many places, but this one is a cut above. The girls are very involved, there are lots of different activities, and you can leave your children in the club even during late evening events. The kids really enjoyed it and didn't want to leave.",2 weeks ago,2026-07-21,,"Dear Guest,

First of all, thank you for choosing our hotel and taking the time to provide a detailed review. We value every guest's opinion and strive to do everything possible to ensure a pleasant and comfortable stay at the Adora Hotel & Resort.

Knowing about your positive impressions of our hotel is our greatest reward! We hope to welcome you and your family back to our hotel soon.

Best wishes,

Adora Hotel & Resort",Local Guide · 10 reviews · 2 photos,Ci9DQUlRQUNvZENodHljRjlvT21kQ2JHbGpTMDkxZFVOaFRXOXBlRFpCUlV0dGEyYxAB
Kaan K,1.0,"The reservation was made in the names of my then-fiancé and me. Due to the cancellation of the wedding, I only requested a name change on the reservation and stated that I wanted to stay with a male friend during the same dates. However, the hotel rejected this request with a completely arbitrary justification, such as ""male-female balance.""

It is unacceptable for a business to discriminate in this way based on gender among customers who wish to use its services. Moreover, the reservation is not being cancelled; only a change of person staying under the same conditions is being requested. Despite this, no reasonable solution was offered.

Even more disturbing are the communication processes. I spoke to them by phone numerous times. Each time I was told, ""We will get back to you,"" but not a single call was made. Keeping a customer waiting for days and leaving them in uncertainty is unbecoming of a professional business.

Furthermore, I had chosen this hotel last year with the Eskişehir Bar Association group and had no problems. It is a great disappointment that a business I previously chose with satisfaction exhibited such an arbitrary attitude this time. After this experience, neither I nor anyone I know will consider choosing this hotel again.

I would recommend this experience to anyone who values ​​customer satisfaction and expects transparent and solution-oriented service.",2 weeks ago,2026-07-21,,"Dear Mr. Kaan,

Upon checking the information you provided, we were unable to find any past or future reservation records under your name at our hotel. Furthermore, we have not received any reservation changes or name change requests under this name. Therefore, we are unfortunately unable to investigate the process you mentioned in your review.

If your reservation was made under a different name or if you have a reservation number, please share this information with us. This will allow us to investigate the matter thoroughly and provide you with a satisfactory response.

Based on our current records, the process you mentioned does not appear to be an action taken by our hotel. It may have been a communication process involving the travel agency or another organization that facilitated your reservation. However, to accurately assess this, you need to share your reservation details with us.

Guest satisfaction is always our priority, and we carefully evaluate all feedback based on verifiable information.

We would be happy to assist you if you share your information with us.

Sincerely,

The Adora Hotel & Resort family",Local Guide · 28 reviews · 2 photos,Ci9DQUlRQUNvZENodHljRjlvT25ocFlVWXlPRGhCWlZoZlJYaHNjRTB0TFVsbWJsRRAB
Selin Sipahi,5.0,"We were very pleased with our holiday - I can say it's the best in Antalya.
The food was delicious - the rooms were spacious and practical.
The day was full of activities, very fun and enjoyable - thank you so much Maya and Eylem, you were amazing! A special thank you to the Animation team for their attention, energy and friendliness.",2 weeks ago,2026-07-21,,"Dear Guest,

First of all, thank you for choosing our hotel for your holiday and for taking the time to write your review.

All your comments are important to us at Adora Hotel & Resort. They encourage us to improve and become better. We strive to provide you, our valued guests, with impeccable service.

We are delighted to have hosted you and wish you a healthy and peaceful year with your loved ones.

Sincerely,

The Adora Hotel & Resort Family",4 reviews,Ci9DQUlRQUNvZENodHljRjlvT21kUWJHWlBMVVJFVFdoNU4yMW5WM1pZVW05TU1VRRAB
Karolina Grabowska,5.0,"This is our fourth time at Adora. The hotel is great, the food is fantastic, and the rooms are large and spacious. The hotel is spotlessly clean. The service is exceptionally friendly. We highly recommend it.",2 weeks ago,2026-07-21,,"Dear Guest,

First of all, we would like to thank you for choosing our hotel and for taking your valuable time to evaluate it.

All your comments are important to us as Adora Hotel & Resort Your evaluation will encourage us to improve and become better. As a facility, we are trying to provide perfect service to our valued guests.

We express our pleasure to welcome you and wish you a healthy and peaceful year with your loved ones.

Kind regards,

Adora Hotel & Resort",2 reviews,Ci9DQUlRQUNvZENodHljRjlvT21aek5YSlpRazF0WVVneFRrWnlOMFkyUWxZdFoxRRAB
Seen Vanmuller,5.0,"Beautiful hotel located directly on the beach. Service and food are very good, and the staff is friendly.

The downside is that the location is quite far outside the center. A taxi or dolmus is necessary for shops / the bazaar.

Otherwise, it is definitely recommended as a hotel for families with kids for a relaxed sun / beach holiday.",2 weeks ago,2026-07-21,,"Dear Guest,

First of all, we would like to thank you for choosing our hotel and for taking your valuable time to evaluate it.

All your comments are important to us as Adora Hotel & Resort Your evaluation will encourage us to improve and become better. As a facility, we are trying to provide perfect service to our valued guests.

We express our pleasure to welcome you and wish you a healthy and peaceful year with your loved ones.

Kind regards,

Adora Hotel & Resort",1 review,Ci9DQUlRQUNvZENodHljRjlvT2tveFpubGZkVGhtZEVKQmVtRTFOMFJtYjBsaFNrRRAB
Melda Öz,5.0,This is our second visit and we are very pleased. Many thanks to the guest relations department. :),2 weeks ago,2026-07-21,,"Dear Guest,

First of all, thank you for choosing our hotel for your holiday and for taking the time to write your review.

All your comments are important to us at Adora Hotel & Resort. They encourage us to improve and become better. We strive to provide you, our valued guests, with impeccable service.

We are delighted to have hosted you and wish you a healthy and peaceful year with your loved ones.

Sincerely,

The Adora Hotel & Resort Family",2 reviews,Ci9DQUlRQUNvZENodHljRjlvT25wWE5WZzFYMFptWkhSUE9GRk9ibGczUTBONk1HYxAB
Pavel Smolyarchik,5.0,"Nice hotel. I liked the a la carte restaurant, excellent menu and service.",2 weeks ago,2026-07-21,,"Dear Guest,

First of all, thank you for choosing our hotel and taking the time to provide a detailed review. We value every guest's opinion and strive to do everything possible to ensure a pleasant and comfortable stay at the Adora Hotel & Resort.

Knowing about your positive impressions of our hotel is our greatest reward! We hope to welcome you and your family back to our hotel soon.

Best wishes,

Adora Hotel & Resort",2 reviews,Ci9DQUlRQUNvZENodHljRjlvT2xBNVNGTklPSEJxUlhOcE0wRkZhMnB3VlhKaGQzYxAB
Лар Пав,5.0,"Wonderful hotel, wonderful vacation! I couldn't find any downsides. The sea is just steps away, the sand is clear, and the water is crystal clear. The food is delicious, and the desserts are beyond praise! The Club Room fits two adults and two children comfortably. There are plenty of activities. We also enjoyed the evening show. A huge thank you to all the staff! We'd love to come back again. Dinner at the Shehrazat restaurant was a complete delight, the food was delicious, and the service was top-notch! We thank the staff for their attention and service. Dervis, Mucahit, Yusuf, Cici, and Celal.",2 weeks ago,2026-07-21,,"Dear Guest,

First of all, thank you for choosing our hotel and taking the time to provide a detailed review. We value every guest's opinion and strive to do everything possible to ensure a pleasant and comfortable stay at the Adora Hotel & Resort.

Knowing about your positive impressions of our hotel is our greatest reward! We hope to welcome you and your family back to our hotel soon.

Best wishes,

Adora Hotel & Resort",1 review,Ci9DQUlRQUNvZENodHljRjlvT2xZemJqVTFka1JUZVUxSGJXZElUSGsxYUVGdVVtYxAB
Cihan Duruşkan,5.0,"We created beautiful memories and are leaving with smiles on our faces. The hotel was busy, but we didn't feel it at all. The variety of food was quite satisfying. (Note: Improvements could be made regarding the animation team's interactions with Turkish citizens.) Also, I would like to extend my thanks to Yusuf, a staff member at the Şehrazat restaurant.",2 weeks ago,2026-07-21,,"Dear Guest,

First of all, thank you for choosing our hotel for your holiday and for taking the time to write your review.

All your comments are important to us at Adora Hotel & Resort. They encourage us to improve and become better. We strive to provide you, our valued guests, with impeccable service.

We are delighted to have hosted you and wish you a healthy and peaceful year with your loved ones.

Sincerely,

The Adora Hotel & Resort Family",2 reviews,Ci9DQUlRQUNvZENodHljRjlvT2pWalkzRlNZVkppTjJkMlREbGhVVXgxYlZwV2QzYxAB
Татьяна Кужахметова,5.0,"Everything is just great👌....The hotel is located on the first line of the beach....The choice of food is simply 5 stars🤩.Very responsive staff and other workers....The animation is also 5 out of 5😃.I recommend it further, but just leave a place for us😁",Edited 2 weeks ago,2026-07-21,,"Dear Guest,

First of all, thank you for choosing our hotel and taking the time to provide a detailed review. We value every guest's opinion and strive to do everything possible to ensure a pleasant and comfortable stay at Adora Resort Hotels.
Knowing about your positive experience at our hotel is our greatest reward! We hope to welcome you and your family back to our hotel soon.

Best regards,
Adora Resort Hotels.",1 review,Ci9DQUlRQUNvZENodHljRjlvT2paWFdGTmFRVTVtY0dock4ySTVTMnB2WjFsaVMzYxAB
Branislav Adamuščín,5.0,The best holiday in Turkey so far. Definitely try the a la carte.,2 weeks ago,2026-07-21,,"Dear Guest,

First of all, we would like to thank you for choosing our hotel and for taking your valuable time to evaluate it.

All your comments are important to us as Adora Hotel & Resort Your evaluation will encourage us to improve and become better. As a facility, we are trying to provide perfect service to our valued guests.

We express our pleasure to welcome you and wish you a healthy and peaceful year with your loved ones.

Kind regards,

Adora Hotel & Resort",Local Guide · 68 reviews · 8 photos,Ci9DQUlRQUNvZENodHljRjlvT21WSGFEbHJiMDUwU25CQmNuTnljVk4xWkZNMk5tYxAB
Yasin Bilir,4.0,"The room was excellent – ​​clean, modern, and very comfortable, therefore a clear 5 stars. The service was friendly and helpful, with minor areas for improvement, hence 4 stars. The location was also good and convenient, though not perfect. Overall, I had a very pleasant stay and would happily recommend the accommodation.",2 weeks ago,2026-07-21,,"Dear Guest,

First of all, we would like to thank you for choosing our establishment for your vacation, for your valuable time, and for your review.

We always strive to provide our valued guests with excellent service.

We would be delighted to welcome you back again and wish you a healthy and peaceful year with your family.

Sincerely,

Adora Hotel & Resort",4 reviews,Ci9DQUlRQUNvZENodHljRjlvT25WV1EyZFpkRUY1WTBwbFJtTjBTbGRITlVoTVMzYxAB
Helena Bühler,5.0,,2 weeks ago,2026-07-21,,"Dear Guest,

First of all, we would like to thank you for choosing our establishment for your vacation, for your valuable time, and for your review.

We always strive to provide our valued guests with excellent service.

We would be delighted to welcome you back again and wish you a healthy and peaceful year with your family.

Sincerely,

Adora Hotel & Resort",2 reviews,Ci9DQUlRQUNvZENodHljRjlvT21aWGJuaDVVRzFKWjJKMFluZzJTbEk1UWtnMlZYYxAB
Daniel Vondrášek,5.0,"I recommend it, everything was excellent and at a high level.",2 weeks ago,2026-07-21,,"Dear Guest,

First of all, we would like to thank you for choosing our hotel and for taking your valuable time to evaluate it.

All your comments are important to us as Adora Hotel & Resort Your evaluation will encourage us to improve and become better. As a facility, we are trying to provide perfect service to our valued guests.

We express our pleasure to welcome you and wish you a healthy and peaceful year with your loved ones.

Kind regards,

Adora Hotel & Resort",Local Guide · 28 reviews · 21 photos,Ci9DQUlRQUNvZENodHljRjlvT2pocVNVaEpibEE1TVU1aU5uZG9lVk5GTlhCcFQyYxAB
zic3d,5.0,"A very nice hotel, right on the beachfront, with a long coastline and spacious grounds, plenty of room for strolls. There's always plenty of space on the beach. I highly recommend it. The à la carte restaurant, Sehrazat, deserves a special …",2 weeks ago,2026-07-21,,,,ChdDSUhNMG9nS0VLeXZxNm1kaGJPc3RnRRAB
IRINA7887,5.0,"A wonderful place, we had a fantastic vacation, the pristine beach, delicious food, excellent service—everything was top notch. Dinner at the Sehrazat restaurant was especially impressive; the staff created an unforgettable atmosphere. …",2 weeks ago,2026-07-21,,,,ChZDSUhNMG9nS0VQeVpzYUc0aDhQWlZnEAE
Hidayet GUZEL,5.0,"The hotel was excellent, both in terms of the attentiveness of its staff and the facilities it offered. We were particularly impressed by Mr. Tolga's hospitality.",2 weeks ago,2026-07-21,,"Dear Guest,

First of all, thank you for choosing our hotel for your holiday and for taking the time to write your review.

All your comments are important to us at Adora Hotel & Resort. They encourage us to improve and become better. We strive to provide you, our valued guests, with impeccable service.

We are delighted to have hosted you and wish you a healthy and peaceful year with your loved ones.

Sincerely,

The Adora Hotel & Resort Family",1 review,Ci9DQUlRQUNvZENodHljRjlvT2pWME9VaEpVVmR1VFVsemRGbGZXbWhzU3pjek9VRRAB
Алиса Шишкина,5.0,"A wonderful place, we had a fantastic vacation, the pristine beach, delicious food, excellent service—everything was top notch. Dinner at the Sehrazat restaurant was especially impressive; the staff created an unforgettable atmosphere. Special thanks to Mucahit, Dervis, Cici, Yusuf, and Celal; the view from the restaurant terrace was magnificent. Ida from the guest services department made our vacation even better, thank you so much!",2 weeks ago,2026-07-21,,"Dear Guest,

First of all, thank you for choosing our hotel and taking the time to provide a detailed review. We value every guest's opinion and strive to do everything possible to ensure a pleasant and comfortable stay at the Adora Hotel & Resort.

Knowing about your positive impressions of our hotel is our greatest reward! We hope to welcome you and your family back to our hotel soon.

Best wishes,

Adora Hotel & Resort",1 review · 9 photos,Ci9DQUlRQUNvZENodHljRjlvT2poeVoydGxja2sxVTBOdlZsWlRZM0pLY1d4VFJWRRAB
Кристина Данильчук,5.0,"Great beach, delicious food, especially the desserts. There's a wide variety of entertainment, and great bands perform in the evenings. It's close to the airport, and you can get to the Land of Legends by bus. We'd definitely stay at this hotel again.",2 weeks ago,2026-07-21,,"Dear Guest,

First of all, thank you for choosing our hotel and taking the time to provide a detailed review. We value every guest's opinion and strive to do everything possible to ensure a pleasant and comfortable stay at the Adora Hotel & Resort.

Knowing about your positive impressions of our hotel is our greatest reward! We hope to welcome you and your family back to our hotel soon.

Best wishes,

Adora Hotel & Resort",1 review,Ci9DQUlRQUNvZENodHljRjlvT25sSE56TTJhVzFyWkU1SVZVbzJUamx5YUVaNFJuYxAB
Stanislav Tarelichev,5.0,"A wonderful place, delicious food, polite staff, beautiful rooms. I'd especially like to highlight our visit to the à la carte restaurant Shehrazad; we had a wonderful evening overlooking the sea. Thank you to Mucahit, Dervis, Yusuf, Cici, and Celal for their service. We really enjoyed our stay and highly recommend it!",2 weeks ago,2026-07-21,,"Dear Guest,

First of all, thank you for choosing our hotel and taking the time to provide a detailed review. We value every guest's opinion and strive to do everything possible to ensure a pleasant and comfortable stay at the Adora Hotel & Resort.

Knowing about your positive impressions of our hotel is our greatest reward! We hope to welcome you and your family back to our hotel soon.

Best wishes,

Adora Hotel & Resort",1 review,Ci9DQUlRQUNvZENodHljRjlvT2xsaFFtMHpUekZ1VFVWV1REWnhWMmxWYzE5YU5WRRAB
Paweł,5.0,Very pleasant place! I recommend it to everyone. Very good hotel. I recommend it!,2 weeks ago,2026-07-21,,"Dear Guest,

First of all, we would like to thank you for choosing our hotel and for taking your valuable time to evaluate it.

All your comments are important to us as Adora Hotel & Resort Your evaluation will encourage us to improve and become better. As a facility, we are trying to provide perfect service to our valued guests.

We express our pleasure to welcome you and wish you a healthy and peaceful year with your loved ones.

Kind regards,

Adora Hotel & Resort",3 reviews,Ci9DQUlRQUNvZENodHljRjlvT21wVWMzQjNOVzV0UmxWM056WTRZMVJ5WVRReVVsRRAB
Nazlı Öztürk,5.0,"We were very pleased with the hotel, everything was wonderful. Before arriving, Ms. Ida at the à la carte Şehrazat restaurant took great care of us and was very friendly. There were two issues: there was no electric charging station and the amusement park area was收费 (paid), which shouldn't be the case with an all-inclusive concept 😊 but thank you ❤️",2 weeks ago,2026-07-21,,"Dear Guest,

First of all, thank you for choosing our hotel for your holiday and for taking the time to write your review.

All your comments are important to us at Adora Hotel & Resort. They encourage us to improve and become better. We strive to provide you, our valued guests, with impeccable service.

We are delighted to have hosted you and wish you a healthy and peaceful year with your loved ones.

Sincerely,

The Adora Hotel & Resort Family",1 review,Ci9DQUlRQUNvZENodHljRjlvT21wNldEUnBjM05SYzNST1RIaEpkVVpWV0d0UVpWRRAB
Kim Kotthaus,5.0,"This is our first time at this hotel. We stayed here for our honeymoon and celebrated our anniversary. There were some lovely extras for our anniversary. The hotel is very family-friendly. However, if you're traveling without children, it can be a bit noisy at times. The service is good, and the staff is very friendly and helpful. The room is a good size and clean, although the beds could be a little wider. The food is delicious, with plenty of choice, and you'll always leave satisfied. The grounds are large, but some parts are showing their age. Unfortunately, there's not much to do after midnight, as all the bars close. Nevertheless, we had a wonderful time overall and thoroughly enjoyed our stay.",2 weeks ago,2026-07-21,,"Dear Guest,

First of all, we would like to thank you for choosing our establishment for your vacation, for your valuable time, and for your review.

We always strive to provide our valued guests with excellent service.

We would be delighted to welcome you back again and wish you a healthy and peaceful year with your family.

Sincerely,

Adora Hotel & Resort",Local Guide · 13 reviews,Ci9DQUlRQUNvZENodHljRjlvT25wWFJuTnRSeTFEY25Jd05FcFlZVmgyU1VvelFVRRAB
Варвара Горбунова,5.0,"I really enjoyed my stay at this hotel; it's in a great location. It's conveniently located for all local attractions. I'd especially like to mention the friendly staff, the well-cleaned rooms, and the wonderful daily entertainment. I highly recommend the Sehrazat restaurant with its stunning view. Special thanks to the attentive staff: Mucahit, Yusuf, Cici, Celal, and, of course, Ida, the guest relations manager. We were delighted with everything, and thank you for a wonderful stay.",2 weeks ago,2026-07-21,,"Dear Guest,

First of all, thank you for choosing our hotel and taking the time to provide a detailed review. We value every guest's opinion and strive to do everything possible to ensure a pleasant and comfortable stay at the Adora Hotel & Resort.

Knowing about your positive impressions of our hotel is our greatest reward! We hope to welcome you and your family back to our hotel soon.

Best wishes,

Adora Hotel & Resort",1 review,Ci9DQUlRQUNvZENodHljRjlvT21kNFRWaEtRWEF6U210dFZYSTNhM2REUTFkNGNXYxAB
Илья Елькин,5.0,"Excellent hotel, we had a great family vacation, and the restaurant on the 4th floor had wonderful dinners. Thanks to Mucahit, Yusuf, Dervis, and Cici. We enjoyed our stay and would recommend it to anyone.",2 weeks ago,2026-07-21,,"Dear Guest,

First of all, thank you for choosing our hotel and taking the time to provide a detailed review. We value every guest's opinion and strive to do everything possible to ensure a pleasant and comfortable stay at the Adora Hotel & Resort.

Knowing about your positive impressions of our hotel is our greatest reward! We hope to welcome you and your family back to our hotel soon.

Best wishes,

Adora Hotel & Resort",1 review,Ci9DQUlRQUNvZENodHljRjlvT205TGFub3pURVpMU1cxV1MzWmhNVlJvTkZOTlNtYxAB
Daria Tworek,5.0,"A highly recommended hotel, with high standards and excellent and varied food. Friendly service and a clean facility. The hotel offers a wide range of sports activities, making it an excellent choice for active people. The à la carte menu offers Mediterranean cuisine, available on the fourth-floor terrace with a beautiful view.",2 weeks ago,2026-07-21,,"Dear Guest,

First of all, we would like to thank you for choosing our hotel and for taking your valuable time to evaluate it.

All your comments are important to us as Adora Hotel & Resort Your evaluation will encourage us to improve and become better. As a facility, we are trying to provide perfect service to our valued guests.

We express our pleasure to welcome you and wish you a healthy and peaceful year with your loved ones.

Kind regards,

Adora Hotel & Resort",1 review,Ci9DQUlRQUNvZENodHljRjlvT21WWFpscEZVelZhYlc5VVRrOTVOWEJYVTNocWJuYxAB
Mika Purzycka,5.0,"Great atmosphere, service, and rooms. A very pleasant trip. The hotel offers a variety of activities, such as SUP, yoga, Pilates, and more. There are truly countless options. The rooms are of a high standard, and the staff are very friendly; it's clear they care. I recommend everyone to try the a la carte dinner to experience it all. The food is very good, and the portions are large. The food is also very good, served buffet-style, so you can help yourself to as much as you want – remember to be careful not to waste food. They have their own kitchen, so there are plenty of options. If you're looking for an all-inclusive vacation, I recommend this place. However, it's mostly a hotel-style place; there's nothing nearby; you have to take a bus to get to Belek, Land of Legends – but I also recommend at least checking it out together. Overall, it was a successful trip, and I highly recommend it.",2 weeks ago,2026-07-21,,"Dear Guest,

First of all, we would like to thank you for choosing our hotel and for taking your valuable time to evaluate it.

All your comments are important to us as Adora Hotel & Resort Your evaluation will encourage us to improve and become better. As a facility, we are trying to provide perfect service to our valued guests.

We express our pleasure to welcome you and wish you a healthy and peaceful year with your loved ones.

Kind regards,

Adora Hotel & Resort",2 reviews,Ci9DQUlRQUNvZENodHljRjlvT2pCTE1uWmhhSFY2TUZOYWJHUXhVMVExYzBkTGEwRRAB
Emilyan M,5.0,"We were completely satisfied and would recommend it. Everything was satisfactory, from the rooms to the staff.",2 weeks ago,2026-07-21,,"Dear Guest,

First of all, we would like to thank you for choosing our establishment for your vacation, for your valuable time, and for your review.

We always strive to provide our valued guests with excellent service.

We would be delighted to welcome you back again and wish you a healthy and peaceful year with your family.

Sincerely,

Adora Hotel & Resort",1 review,Ci9DQUlRQUNvZENodHljRjlvT2pGRk5YaG9NRTUyWTNabk9YSm5TWFp1UjBjMllWRRAB
iremnur alsan,5.0,I recommend it.,2 weeks ago,2026-07-21,,"Dear Guest,

First of all, thank you for choosing our hotel for your holiday and for taking the time to write your review.

All your comments are important to us at Adora Hotel & Resort. They encourage us to improve and become better. We strive to provide you, our valued guests, with impeccable service.

We are delighted to have hosted you and wish you a healthy and peaceful year with your loved ones.

Sincerely,

The Adora Hotel & Resort Family",2 reviews,Ci9DQUlRQUNvZENodHljRjlvT21VeWJWazBPRU14TUdoTmVXWTBRWFU0ZUVwS2JrRRAB
Mehmet Can KIRIK,5.0,"The rooms are clean, the areas are close together, the food is good, the sea is sandy and clean, the pools are adequate, the people are decent, transportation is convenient, and what I liked most was the friendly and respectful staff. It's a hotel suitable for families. We stayed for 5 nights and were satisfied. Perhaps due to the extreme heat, the central cooling system could have kept the rooms a little cooler; even at the coldest setting, we felt a bit warm. The price-performance ratio is ten out of ten.",2 weeks ago,2026-07-21,,"Dear Guest,

First of all, thank you for choosing our hotel for your holiday and for taking the time to write your review.

All your comments are important to us at Adora Hotel & Resort. They encourage us to improve and become better. We strive to provide you, our valued guests, with impeccable service.

We are delighted to have hosted you and wish you a healthy and peaceful year with your loved ones.

Sincerely,

The Adora Hotel & Resort Family",5 reviews · 4 photos,Ci9DQUlRQUNvZENodHljRjlvT25sdU4yUm1NV0U1UjFGU1ZFaFlMVjkxUW5vNGIxRRAB
Sytrixx Jäger,5.0,"⭐⭐⭐⭐⭐

We had a wonderful holiday at the Adora Hotel & Resort in Belek, Antalya. The entire complex is very clean, well-maintained, and beautifully designed. The food was varied and delicious – there really was something for everyone.

We would especially like to commend the friendly and helpful staff, who made our stay even more enjoyable. The rooms were clean and comfortable, the beach was stunning, and we also really enjoyed the pools and the entertainment program.

We felt completely at ease and would highly recommend the Adora Hotel. Thank you to the entire team for your wonderful hospitality – we would love to come back! ❤️🌴",2 weeks ago,2026-07-21,,"Dear Guest,

First of all, we would like to thank you for choosing our establishment for your vacation, for your valuable time, and for your review.

We always strive to provide our valued guests with excellent service.

We would be delighted to welcome you back again and wish you a healthy and peaceful year with your family.

Sincerely,

Adora Hotel & Resort",5 reviews · 4 photos,Ci9DQUlRQUNvZENodHljRjlvT2pKNFlYZHZkSEZmU1VNM04wRTRhbTltZEZoUGRtYxAB
Yağız Gürses,5.0,"The hotel is very nice, everyone is very attentive. We've been coming here for a long time, especially Damla, who has been very helpful to us. Tolga, Eren, and Berat Eren are all very attentive and fun. Thank you to all of them.",2 weeks ago,2026-07-21,,"Dear Guest,

First of all, thank you for choosing our hotel for your holiday and for taking the time to write your review.

All your comments are important to us at Adora Hotel & Resort. They encourage us to improve and become better. We strive to provide you, our valued guests, with impeccable service.

We are delighted to have hosted you and wish you a healthy and peaceful year with your loved ones.

Sincerely,

The Adora Hotel & Resort Family",1 review,Ci9DQUlRQUNvZENodHljRjlvT25WSFQySXhOV3RvWlZNd1F6QlpMVlJLT1Zkd1gzYxAB
sleodirius -,5.0,"The hotel is very good.
Many thanks to Damla from guest relations.
I recommend it to everyone 😽😽",2 weeks ago,2026-07-21,,"Dear Guest,

First of all, thank you for choosing our hotel for your holiday and for taking the time to write your review.

All your comments are important to us at Adora Hotel & Resort. They encourage us to improve and become better. We strive to provide you, our valued guests, with impeccable service.

We are delighted to have hosted you and wish you a healthy and peaceful year with your loved ones.

Sincerely,

The Adora Hotel & Resort Family",2 reviews,Ci9DQUlRQUNvZENodHljRjlvT2xkblZHdGpaR0ZUUTB0SE1tVnRlaTFHVEhaa1ZYYxAB
Анастасия Тарасова,5.0,"We spent our vacation with friends at this hotel, and it was fantastic. The hotel is fantastic, the service is fantastic, and there's cocktails to suit every taste. There's plenty of entertainment for the kids, and the evening program is engaging. The restaurant has food for every taste. Thank you so much for your resort, Adora. A big thank you to Ida!!!",2 weeks ago,2026-07-21,,"Dear Guest,

First of all, thank you for choosing our hotel and taking the time to provide a detailed review. We value every guest's opinion and strive to do everything possible to ensure a pleasant and comfortable stay at the Adora Hotel & Resort.

Knowing about your positive impressions of our hotel is our greatest reward! We hope to welcome you and your family back to our hotel soon.

Best wishes,

Adora Hotel & Resort",1 review,Ci9DQUlRQUNvZENodHljRjlvT2tGM09UWlFSa1ZSZWpSQmEwWnVRekZ6TFRCRk9YYxAB
Bernadett Lampek,5.0,"Delicious food, entertaining programs, perfect cleanliness everywhere. I can only recommend it ❤️",2 weeks ago,2026-07-21,,"Dear Guest,

First of all, we would like to thank you for choosing our hotel and for taking your valuable time to evaluate it.

All your comments are important to us as Adora Hotel & Resort Your evaluation will encourage us to improve and become better. As a facility, we are trying to provide perfect service to our valued guests.

We express our pleasure to welcome you and wish you a healthy and peaceful year with your loved ones.

Kind regards,

Adora Hotel & Resort",1 review,Ci9DQUlRQUNvZENodHljRjlvT21wNk5sUk9VMHAyWDNKRlZVVTRNMkkwWWxKS2NrRRAB
Ayşenur Özek,5.0,"Everything was wonderful. The staff were friendly and welcoming, and the place was very clean. Their service was excellent. I especially want to thank the staff at Sultan Alakart for their wonderful service.",2 weeks ago,2026-07-21,,"Dear Guest,

First of all, thank you for choosing our hotel for your holiday and for taking the time to write your review.

All your comments are important to us at Adora Hotel & Resort. They encourage us to improve and become better. We strive to provide you, our valued guests, with impeccable service.

We are delighted to have hosted you and wish you a healthy and peaceful year with your loved ones.

Sincerely,

The Adora Hotel & Resort Family",3 reviews,Ci9DQUlRQUNvZENodHljRjlvT2xGM1N6TkZPVmM1T0hVeWFFcDRUSEZQVmpOUGRtYxAB
Fatih Düşünceli,5.0,"Everything was wonderful, thank you for your attention.",2 weeks ago,2026-07-21,,"Dear Guest,

First of all, thank you for choosing our hotel for your holiday and for taking the time to write your review.

All your comments are important to us at Adora Hotel & Resort. They encourage us to improve and become better. We strive to provide you, our valued guests, with impeccable service.

We are delighted to have hosted you and wish you a healthy and peaceful year with your loved ones.

Sincerely,

The Adora Hotel & Resort Family",3 reviews · 1 photo,Ci9DQUlRQUNvZENodHljRjlvT2pOdFdEUXRNalJyY2pSUlZVTktWa05NU1ZJdFVGRRAB
sahin sevimli,5.0,,2 weeks ago,2026-07-21,,"Dear Guest,

First of all, thank you for choosing our hotel for your holiday and for taking the time to write your review.

All your comments are important to us at Adora Hotel & Resort. They encourage us to improve and become better. We strive to provide you, our valued guests, with impeccable service.

We are delighted to have hosted you and wish you a healthy and peaceful year with your loved ones.

Sincerely,

The Adora Hotel & Resort Family",,Ci9DQUlRQUNvZENodHljRjlvT2xOcFlsZHVlak5pUkZNME9XNVNUa3BHTjB4cVpsRRAB
Canan Sevimli,5.0,We were very pleased with our hotel; thank you for every detail.,2 weeks ago,2026-07-21,,"Dear Guest,

First of all, thank you for choosing our hotel for your holiday and for taking the time to write your review.

All your comments are important to us at Adora Hotel & Resort. They encourage us to improve and become better. We strive to provide you, our valued guests, with impeccable service.

We are delighted to have hosted you and wish you a healthy and peaceful year with your loved ones.

Sincerely,

The Adora Hotel & Resort Family",1 review,Ci9DQUlRQUNvZENodHljRjlvT2tnMFpVWnRMVkpDYzFsQlpTMWlUMnBaVDAxRGRHYxAB
Gülşah Özkök,5.0,"We are very satisfied with the quality of service, hygiene, and the variety of food. The staff's responsibility, friendliness, and constant attention to us were enough for us. I would also like to express my satisfaction with the staff at Şehrazat à la carte.",2 weeks ago,2026-07-21,,"Dear Guest,

First of all, thank you for choosing our hotel for your holiday and for taking the time to write your review.

All your comments are important to us at Adora Hotel & Resort. They encourage us to improve and become better. We strive to provide you, our valued guests, with impeccable service.

We are delighted to have hosted you and wish you a healthy and peaceful year with your loved ones.

Sincerely,

The Adora Hotel & Resort Family",1 review,Ci9DQUlRQUNvZENodHljRjlvT2pCclR6SllRa1JOZVhFMVVrNXdMVWhMUjFaeWVtYxAB
Efe Salman,5.0,"We chose this hotel for our honeymoon and everything was wonderful. All the hotel staff were friendly and genuinely tried to help. The food and drinks, the daily activities, the pool, the sea, the hygiene in general, etc., everything was great. We are planning to come back again next year 🙋🏻‍♂️",2 weeks ago,2026-07-21,,"Dear Guest,

First of all, thank you for choosing our hotel for your holiday and for taking the time to write your review.

All your comments are important to us at Adora Hotel & Resort. They encourage us to improve and become better. We strive to provide you, our valued guests, with impeccable service.

We are delighted to have hosted you and wish you a healthy and peaceful year with your loved ones.

Sincerely,

The Adora Hotel & Resort Family",Local Guide · 37 reviews · 15 photos,Ci9DQUlRQUNvZENodHljRjlvT2pWdk1XSjRUV0l0U0dob2VWbzNjM2hEVDJabFRrRRAB
Mehmet Ali Özdemir,5.0,"We stayed for 5 nights, from July 4-9, 2026, with two adults and one child.
-The hotel is old, but the rooms have been renovated, are clean and nice.
-The sea is cloudy and wavy, typical of Antalya. But since we always go to the Antalya region, it didn't bother us. -The pool is clean and large; I always wear water shoes, so it wasn't a problem, but I saw a few people cut their feet. -The aquapark consists of 4 slides for adults and one for children, which was sufficient and fun for us. The child especially enjoyed it. -There are enough sunbeds in the sea and by the pool; we never experienced a scramble for sunbeds. -Activities are constantly happening: poolside during the day, mini disco, amphitheater, and after-parties in the evening. We didn't have time to get bored.
-The miniclub is large, with 4-5 staff members constantly and attentively looking after the children. Our child was happy. -The food and desserts were fantastic. Red meat, white meat, fish, vegetables, and fast food are plentiful at all hours. Food is replenished as it runs out. One day they served lamb t-bone steak, a dish I've never seen in any other hotel in a similar price range where I've stayed years before. Regarding the food, I only disliked the seafood. As someone who loves fish, I tried sea bream and salmon and didn't like them. -The staff is sufficient, attentive, and friendly.

I would definitely recommend it to anyone considering going.",2 weeks ago,2026-07-21,,"Dear Guest,

First of all, thank you for choosing our hotel for your holiday and for taking the time to write your review.

All your comments are important to us at Adora Resort Hotels. They encourage us to improve and become better. We strive to provide you, our valued guests, with impeccable service.

We are delighted to have hosted you and wish you a healthy and peaceful year with your loved ones.

Sincerely,

The Adora Hotel & Resort Family.",Local Guide · 21 reviews · 4 photos,Ci9DQUlRQUNvZENodHljRjlvT21obFNqSlBjR2RQUWxsZlIybDJWblozTkVsQ2MwRRAB
David,5.0,"Third stay at this hotel – I still recommend it, but a few things have changed

This is my third stay at this hotel and I still recommend it: the value for money remains very good.

The location

Ideal, right on the beach. However, for those unfamiliar with the hotel: there's nothing in the immediate vicinity. You have to take a dolmuş (about €1, 15 minutes) to get to Land of Legends, or a second minibus to reach the center of Belek.

The rooms

Completely renovated and spacious. Nothing to complain about, it's perfect, with one small exception: the air conditioning isn't strong enough for me.

The pools

They are large, ideally located within the hotel, heated (though not necessary in summer), with entertainment during the day.

Entertainment

Various activities are offered throughout the day in different locations around the hotel, and there's also a daily pool activity. The entertainment staff are always fantastic, very professional, and very friendly.

Dining

The waiters are always quick and friendly, and you can eat in different locations throughout the hotel, each with its own charm and specialties. There are also three à la carte restaurants. However, the food is a step down compared to my previous stays: it's very repetitive, with few high-quality main courses and not enough Turkish specialties (like Adana or Urfa, for example). Meals have never been the hotel's strong point, but here they're a step down.

On my birthday, I ate at the rooftop restaurant: the meal was good, with a beautiful view.

Hotel Cleanliness

It's perfect, whether in the rooms, the pools, or anywhere else in the hotel. Nothing to say, it's excellent.

A few negative changes and points for improvement:

• The lovely swing is gone.
• The waterfall has been replaced by flowers.
• There are no more sun loungers on the jetty.
• No more cold drinks at reception.
• On the last day, you can go to the Soula area to change, but there were no towels and we were out of bath towels.
• Before, you could leave your suitcases in a locked room before departure; now, you have to leave them in the reception hall.
• There's a small building marked ""Doctor,"" but in reality, there's only an employee there who calls a doctor if needed. The doctor isn't present at the hotel; you have to wait for them to come, and it's not cheap. We simply wanted to have my daughter's ear checked, as it was a little sore, and we didn't follow up.

• On our last evening, since we had a flight to catch, we asked if it would be possible to eat just 10 minutes earlier than planned, at 6:50 pm instead of 7:00 pm. We had to go through the gastroenterologist, and it was quite a hassle: it seemed to be a major inconvenience, so we gave up. It's a shame, and I find it very strange: you can eat at any time of day or night, but 10 minutes before dinner to catch a 1:00 am flight is unacceptable.

• Regarding the request for Google and TripAdvisor reviews: the woman was very friendly, and that's not a problem in itself, but on my birthday, and while people were eating, it wasn't the right time. She insisted for about twenty minutes, even asking my daughter to do it in front of her. I would have gladly done it, but later, not then.

Conclusion

Overall, and compared to other hotels I've stayed in in Turkey, it remains excellent with very good value for money. I recommend this hotel, whether for a couple or a family, hoping that these minor issues will be addressed.

Thank you to all the entertainment staff and other members of the team.",2 weeks ago,2026-07-21,1,"Dear Guest,

First of all, we would like to thank you for choosing our hotel and for taking your valuable time to evaluate it.

All your comments are important to us as Adora Hotel & Resort Your evaluation will encourage us to improve and become better. As a facility, we are trying to provide perfect service to our valued guests.

We express our pleasure to welcome you and wish you a healthy and peaceful year with your loved ones.

Kind regards,

Adora Hotel & Resort","Local Guide · 445 reviews · 3,905 photos",Ci9DQUlRQUNvZENodHljRjlvT2kxZlpIcGZSVWxKVEZkTVpEaEdZbFpmVkdKQ2NIYxAB
Tuğba Erdem,5.0,"The overall atmosphere is very suitable for children, with large green areas, pool options, etc., all very nice. Food and beverage services are available in various sections at all hours. Evening activities for children and adults are very nice, you end the day fully. Unfortunately, the sea is very wavy and not clean, and it gets deep quickly. The parasailing experience was fantastic, I recommend it to everyone, you must try it… There is a supervised special play area for children, with a fun environment full of painting and various activities with the help of older ladies. We would like to thank Yaren Gündoğdu and Naz, who captivated the children with her dances, for their attention and care. We would also like to thank our brother Eren from Ankara, who accompanied us in the general areas of the hotel and during the archery activities. You are very lucky to have such friendly staff…See you again…💫💫💫",2 weeks ago,2026-07-21,,"Dear Guest,

First of all, thank you for choosing our hotel for your holiday and for taking the time to write your review.

All your comments are important to us at Adora Resort Hotels. They encourage us to improve and become better. We strive to provide you, our valued guests, with impeccable service.

We are delighted to have hosted you and wish you a healthy and peaceful year with your loved ones.

Sincerely,

The Adora Hotel & Resort Family.",1 review,Ci9DQUlRQUNvZENodHljRjlvT2pGeE5qTjBlVVp4UlRVNFYxaFJORFI0UzBkRFdVRRAB
Ecem Balık,5.0,"Everything was wonderful, the food and the service were excellent, everyone was very attentive. This is our 4th stay at this hotel and we always leave happy. I would like to add a small criticism: almost the same events are held every year. It would be great if there were more diverse events and events aimed at Turkish people.
Thank you to the Adora family ☺️",2 weeks ago,2026-07-21,,"Dear Guest,

First of all, thank you for choosing our hotel for your holiday and for taking the time to write your review.

All your comments are important to us at Adora Resort Hotels. They encourage us to improve and become better. We strive to provide you, our valued guests, with impeccable service.

We are delighted to have hosted you and wish you a healthy and peaceful year with your loved ones.

Sincerely,
The Adora Hotel & Resort Family.",3 reviews,Ci9DQUlRQUNvZENodHljRjlvT25aNFEyMVphVzlNZVdrMk4ydFlUV0pETXpad1lVRRAB
Кира Лозина,5.0,"The hotel is fantastic!
Friendly atmosphere.
Excellent service.
A wide variety of food. We especially enjoyed the Shehrazad restaurant. Thanks to our waiters for the wonderful service: Mucahit, Dervis, Yusuf, and Cici, and to the chefs for the exquisite dishes: Cela and Kader.
We'll be back again!",2 weeks ago,2026-07-21,,"Dear Guest,

First of all, thank you for choosing our hotel and taking the time to provide a detailed review. We value every guest's opinion and strive to do everything possible to ensure a pleasant and comfortable stay at the Adora Hotel & Resort.

Knowing about your positive impressions of our hotel is our greatest reward! We hope to welcome you and your family back to our hotel soon.

Best wishes,

Adora Hotel & Resort",1 review,Ci9DQUlRQUNvZENodHljRjlvT205QlJEZHRRbUpITFdwclJsOVJhbXgzTW5kU1RVRRAB
Esra Gürses,5.0,"We've been having a wonderful time at the same hotel for 10 years. The dedication, respect, and sincerity of all the staff are wonderful. I thank everyone for their efforts. As every year, we are leaving happy this year as well. Ida, Eren, Tolga, Sultan, Berat Eren, Alina, and many others – thank you to all of them.",2 weeks ago,2026-07-21,,"Dear Guest,

First of all, thank you for choosing our hotel for your holiday and for taking the time to write your review.

All your comments are important to us at Adora Resort Hotels. They encourage us to improve and become better. We strive to provide you, our valued guests, with impeccable service.

We are delighted to have hosted you and wish you a healthy and peaceful year with your loved ones.

Sincerely,
The Adora Hotel & Resort Family.",6 reviews · 1 photo,Ci9DQUlRQUNvZENodHljRjlvT25odVQzRkNObUZOVkhWUE9UTkpjblYyUVcxU2JXYxAB
Defne,5.0,"This is our 10th year and the food, service, and rooms are all wonderful and very clean. I definitely recommend it. Their attention is also excellent. Many thanks to Ms. Ida for her attentiveness. 🫶🏻💗",2 weeks ago,2026-07-21,,"Dear Guest,

First of all, thank you for choosing our hotel for your holiday and for taking the time to write your review.

All your comments are important to us at Adora Resort Hotels. They encourage us to improve and become better. We strive to provide you, our valued guests, with impeccable service.

We are delighted to have hosted you and wish you a healthy and peaceful year with your loved ones.

Sincerely,

The Adora Hotel & Resort Family.",3 reviews,Ci9DQUlRQUNvZENodHljRjlvT25OMGMyUjRiMlJoT0cxWVQzQnpOVTlzWDJ0S2FsRRAB
Olesya Zhukova,5.0,"I really like the hotel. The grounds are beautiful, everything is clean and green. It's a perfect place to unwind from the hustle and bustle of everyday life.
Suggestions: room renovations, improved internet, converting some of the tennis courts to padel, installing lighting on the football field, and extending the tennis courts into the evenings. It's impossible to play in the heat.",2 weeks ago,2026-07-21,,"Dear Guest,

First of all, thank you for choosing our hotel and taking the time to provide a detailed review. We value every guest's opinion and strive to do everything possible to ensure a pleasant and comfortable stay at the Adora Hotel & Resort.

Knowing about your positive impressions of our hotel is our greatest reward! We hope to welcome you and your family back to our hotel soon.

Best wishes,

Adora Hotel & Resort",2 reviews,Ci9DQUlRQUNvZENodHljRjlvT2tOTFZITnpiSEZuVDB0WFVsQmtOSGhYY2tzelpGRRAB
Waldemar Вован,5.0,"A very nice hotel, good food, good entertainment, and the massages were excellent. There was absolutely nothing negative. I would gladly return!",2 weeks ago,2026-07-21,,"Dear Guest,

First of all, we would like to thank you for choosing our establishment for your vacation, for your valuable time, and for your review.

We always strive to provide our valued guests with excellent service.

We would be delighted to welcome you back again and wish you a healthy and peaceful year with your family.

Sincerely,

Adora Hotel & Resort",1 review,Ci9DQUlRQUNvZENodHljRjlvT2pCSlltcFdRelZ1UjBWaVJtVllVMGwzUlZsdk1rRRAB
Sara Malik,5.0,"We had a wonderful stay at Adora Resort! Our room was very nice although it would have been nicer if there was a door dividing our duplex rooms.  The pool, food, drinks were all great.  We went for some day excursions which were highly enjoyable.  The night DJ entertainment was wonderful; no need to go out of the resort to enjoy a good night out. Thanks to all the staff.",2 weeks ago,2026-07-21,,"Dear Guest,

First of all, we would like to thank you for choosing our hotel and for taking your valuable time to evaluate it.

All your comments are important to us as Adora Hotel & Resort Your evaluation will encourage us to improve and become better. As a facility, we are trying to provide perfect service to our valued guests.

We express our pleasure to welcome you and wish you a healthy and peaceful year with your loved ones.

Kind regards,

Adora Hotel & Resort",Local Guide · 12 reviews · 6 photos,Ci9DQUlRQUNvZENodHljRjlvT2tsNlRsVmFNbkV4ZFdablRFMHhSazFTYjNOVVNXYxAB
Hannah Malik,5.0,"Amazing experience, the beach is great, the food is okay. the room and service is lovely. the duplex room would be better with a door between the rooms but otherwise all good. Would recommend!",2 weeks ago,2026-07-21,,"Dear Guest,

First of all, we would like to thank you for choosing our hotel and for taking your valuable time to evaluate it.

All your comments are important to us as Adora Hotel & Resort Your evaluation will encourage us to improve and become better. As a facility, we are trying to provide perfect service to our valued guests.

We express our pleasure to welcome you and wish you a healthy and peaceful year with your loved ones.

Kind regards,

Adora Hotel & Resort",1 review,Ci9DQUlRQUNvZENodHljRjlvT2xOVFNuSkhUVmxETkVKSE0wSlBOM0YyUkdSb1pHYxAB
Didem Yilmaz,5.0,We really enjoyed the hotel. The rooms are clean and the grounds are very large and well-maintained. The animation team puts in a lot of effort and keeps everyone in a good mood. The à la carte restaurant Şehrazat has a beautiful view. We received excellent service from Mücahit Derviş Yusuf and Cici and enjoyed delicious meals.,2 weeks ago,2026-07-21,,"Dear Guest,

First of all, we would like to thank you for choosing our establishment for your vacation, for your valuable time, and for your review.

We always strive to provide our valued guests with excellent service.

We would be delighted to welcome you back again and wish you a healthy and peaceful year with your family.

Sincerely,

Adora Hotel & Resort",5 reviews,Ci9DQUlRQUNvZENodHljRjlvT2w5Q1ZtSXRVbDkyWDI5TE1HRnlMVzR0V2t0QlozYxAB
Татьяна Медведева,5.0,"Overall everything is good, the only thing I didn't like was the small beds in the double rooms.",2 weeks ago,2026-07-21,,"Dear Guest,

First of all, thank you for choosing our hotel and taking the time to provide a detailed review. We value every guest's opinion and strive to do everything possible to ensure a pleasant and comfortable stay at the Adora Hotel & Resort.

Knowing about your positive impressions of our hotel is our greatest reward! We hope to welcome you and your family back to our hotel soon.

Best wishes,

Adora Hotel & Resort",1 review,Ci9DQUlRQUNvZENodHljRjlvT2pOaFpuVkhOMDB4V1hObmVubDJhbEEyZWs1WVlsRRAB
Simona Kapl,5.0,Great experience ☀️,2 weeks ago,2026-07-21,,"Dear Guest,

First of all, we would like to thank you for choosing our hotel and for taking your valuable time to evaluate it.

All your comments are important to us as Adora Hotel & Resort Your evaluation will encourage us to improve and become better. As a facility, we are trying to provide perfect service to our valued guests.

We express our pleasure to welcome you and wish you a healthy and peaceful year with your loved ones.

Kind regards,

Adora Hotel & Resort",1 review,Ci9DQUlRQUNvZENodHljRjlvT2xjMFZtaHpTbXN4VVhsSVRFUjNZWGxpUVdjM1YzYxAB
burak bal,5.0,"Hello, first of all, we would like to thank the hotel manager, Mr. Özgür, for everything. We were very pleased with the service at the hotel and his attentiveness. The staff were helpful and friendly. We were also very pleased with Mr. Doğuş, Mr. Ersan, and Ms. Veciye in the restaurant. Everything was wonderful. Thank you.",2 weeks ago,2026-07-21,,"Dear Guest,

First of all, thank you for choosing our hotel for your holiday and for taking the time to write your review.

All your comments are important to us at Adora Hotel & Resort. They encourage us to improve and become better. We strive to provide you, our valued guests, with impeccable service.

We are delighted to have hosted you and wish you a healthy and peaceful year with your loved ones.

Sincerely,

The Adora Hotel & Resort Family",2 reviews · 2 photos,Ci9DQUlRQUNvZENodHljRjlvT2xSbVNpMXdkMUJVYm1GUGExTlRZV1JUVEd3MlMyYxAB
Nergis Arslan,5.0,"Hello, we were very pleased with the service at the hotel. The staff were attentive and friendly. We were also very happy with Mr. Doğu, Mr. Ersan, and Ms. Veciye in the restaurant. We would like to thank the hotel manager, Mr. Özgür, for everything and for his attention.",2 weeks ago,2026-07-21,,"Dear Guest,

First of all, thank you for choosing our hotel for your holiday and for taking the time to write your review.

All your comments are important to us at Adora Hotel & Resort. They encourage us to improve and become better. We strive to provide you, our valued guests, with impeccable service.

We are delighted to have hosted you and wish you a healthy and peaceful year with your loved ones.

Sincerely,

The Adora Hotel & Resort Family",2 reviews,Ci9DQUlRQUNvZENodHljRjlvT2pSNVJURlFUVm8xVDNNNVZtOVhkMUZyVFVwTFdrRRAB
selin özbilek,5.0,"We are very satisfied with the hotel.

The food was excellent, the cleanliness was excellent, and all the staff were very friendly.",2 weeks ago,2026-07-21,,"First of all, we would like to thank you for choosing our establishment for your vacation, for your valuable time, and for your review.

We always strive to provide our valued guests with excellent service.

We would be delighted to welcome you back again and wish you a healthy and peaceful year with your family.

Sincerely,

Adora Hotel & Resort",1 review · 1 photo,Ci9DQUlRQUNvZENodHljRjlvT25GMVVXVkxhMWsxUWtWd1JYbExhMjEwVURKS0xYYxAB
Mehmet Kiroglu,5.0,"We were very satisfied with the cleanliness of the rooms and the variety of restaurants. The staff were very proactive and polite.

Overall, we would definitely recommend this hotel.",2 weeks ago,2026-07-21,,"First of all, we would like to thank you for choosing our establishment for your vacation, for your valuable time, and for your review.

We always strive to provide our valued guests with excellent service.

We would be delighted to welcome you back again and wish you a healthy and peaceful year with your family.

Sincerely,

Adora Hotel & Resort",3 reviews · 1 photo,Ci9DQUlRQUNvZENodHljRjlvT2xkRk1EVmtORkZEVkRnMVltdGljRlJSV1VGdmFFRRAB
Magda K,5.0,,2 weeks ago,2026-07-21,,"Dear Guest,

First of all, we would like to thank you for choosing our hotel and for taking your valuable time to evaluate it.

All your comments are important to us as Adora Hotel & Resort Your evaluation will encourage us to improve and become better. As a facility, we are trying to provide perfect service to our valued guests.

We express our pleasure to welcome you and wish you a healthy and peaceful year with your loved ones.

Kind regards,

Adora Hotel & Resort",,Ci9DQUlRQUNvZENodHljRjlvT2tsUlluZHhZVlpRWVVkeFZHbGxWMlZzZEdWbmFIYxAB
Nefise g,5.0,"We stayed for 6 nights. Overall, the hotel met our expectations. Firstly, the food was definitely varied; different menus were offered every day, and lunch and dinner were also different. The only thing that could have been more varied was the snacks; I felt I couldn't find much to eat when lunch wasn't served. The rooms were clean, daily. The beach and pool facilities were excellent. There were plenty of activities every day. Some activities felt like they were only for children, which sometimes bored us, but overall the activities were varied. We only had a slight issue with the staff's demeanor. If we're staying in a 5-star hotel, we expect the staff to be more formal. They should use formal language instead of informal language. The staff could be more cheerful, especially the bartenders we were constantly interacting with. When we went to the bar in the lobby, we expected a friendly smile, but it felt like we had to beg and plead to be served. However, when we had a problem, Mr. Doğu from the customer relations department was extremely helpful. Besides finding solutions to our problems, his constant attention, communication, and gestures were invaluable. Also, Alina and the other members of the animation team were, as expected, extremely friendly, young and energetic people who constantly tried to involve us in the activities. We are leaving with beautiful and happy memories from our 6-day holiday.",2 weeks ago,2026-07-21,,"Dear Guest,

First of all, thank you for choosing our hotel for your holiday and for taking the time to write your review.

All your comments are important to us at Adora Hotel & Resort. They encourage us to improve and become better. We strive to provide you, our valued guests, with impeccable service.

We are delighted to have hosted you and wish you a healthy and peaceful year with your loved ones.

Sincerely,

The Adora Hotel & Resort Family",1 review,Ci9DQUlRQUNvZENodHljRjlvT205QlJVdzVNR3c0ZDBaNlZFaGpWek50Y1hBMWNVRRAB
Şenel Gürsoy,5.0,"Despite experiencing a minor issue with the staff at the hotel check-in and the bar, Mr. Doğu's professional and experienced approach in customer relations transformed our initially negative experience into a very positive one, resulting in a very enjoyable holiday. In particular, Mr. Doğu's thoughtful surprise for our wedding anniversary made us very happy. The variety and deliciousness of the food in the restaurants left us very satisfied. The animation team was energetic and fantastic; we would also like to thank Ms. Alina, Mr. Eren, and Mr. Berat for their attention and care.",2 weeks ago,2026-07-21,,"Dear Guest,

First of all, thank you for choosing our hotel for your holiday and for taking the time to write your review.

All your comments are important to us at Adora Hotel & Resort. They encourage us to improve and become better. We strive to provide you, our valued guests, with impeccable service.

We are delighted to have hosted you and wish you a healthy and peaceful year with your loved ones.

Sincerely,

The Adora Hotel & Resort Family",3 reviews,Ci9DQUlRQUNvZENodHljRjlvT2xWZlNtMU5SVzVCUWpObk5qSnNNME5FUzNCMkxWRRAB
Zivko Gajovic,5.0,"This was our second stay at Adora Hotel Belek, and it was just as wonderful as the first one. That's exactly why we decided to come back.
Everything exceeded our expectations once again. The food was excellent, with a great variety of fresh and delicious dishes every day. Our room was clean, comfortable, and very well maintained throughout our stay.
The staff was always friendly, helpful, and professional, making us feel welcome from the very first day. The hotel grounds are beautiful, the location is perfect, and the beach is fantastic. The sea is incredibly clean, and even on days with bigger waves, the water remained crystal clear.
We also had the opportunity to enjoy two à la carte restaurants included in our stay. At Mezzetto, the seafood dinner was simply outstanding. The fried calamari, prawns, sea bass fillet, and swordfish skewers were all perfectly prepared and absolutely delicious.
We also had dinner at the restaurant on the fourth floor, which offers breathtaking views of the beach, the sea, and the beautiful coastline. The butter beef steaks were the best we have ever tasted—so tender that they literally melted in our mouths. Every dish and every detail was perfect.
We truly enjoyed our vacation and will definitely come back again. We highly recommend Adora Hotel Belek to anyone looking for an unforgettable holiday with excellent food, outstanding service, and a beautiful atmosphere. Thank you to the entire Adora team for another amazing stay!",2 weeks ago,2026-07-21,,"Dear Guest,

First of all, we would like to thank you for choosing our hotel and for taking your valuable time to evaluate it.

All your comments are important to us as Adora Hotel & Resort Your evaluation will encourage us to improve and become better. As a facility, we are trying to provide perfect service to our valued guests.

We express our pleasure to welcome you and wish you a healthy and peaceful year with your loved ones.

Kind regards,

Adora Hotel & Resort",Local Guide · 29 reviews · 22 photos,Ci9DQUlRQUNvZENodHljRjlvT2xjMlVGbDVTR1ZRYzBWcmRGQmtNRXh0T1RFMWRFRRAB
Valerija Žager,5.0,,2 weeks ago,2026-07-21,,"Dear Guest,

First of all, thank you for choosing our hotel and taking the time to provide a detailed review. We value every guest's opinion and strive to do everything possible to ensure a pleasant and comfortable stay at the Adora Hotel & Resort.

Knowing about your positive impressions of our hotel is our greatest reward! We hope to welcome you and your family back to our hotel soon.

Best wishes,

Adora Hotel & Resort",,Ci9DQUlRQUNvZENodHljRjlvT2xGcmEwZFdiSE0yV1hGRmVGbEZRMUpzV0dOS0xYYxAB
rosa pauliuc,5.0,A superb hotel everything was extraordinary the pools are big and clean the food is good and every day something superb,2 weeks ago,2026-07-21,,"Dear Guest,

First of all, we would like to thank you for choosing our hotel and for taking your valuable time to evaluate it.

All your comments are important to us as Adora Hotel & Resort Your evaluation will encourage us to improve and become better. As a facility, we are trying to provide perfect service to our valued guests.

We express our pleasure to welcome you and wish you a healthy and peaceful year with your loved ones.

Kind regards,

Adora Hotel & Resort",1 review,Ci9DQUlRQUNvZENodHljRjlvT21aNFRHUk1NbTV2WnprMWFEbGpjR3R1T0Rac1RrRRAB
amandineo690,5.0,"I'm back here for the third time, and it's still just as perfect. The staff is amazing, and so is the food. I tried the rooftop restaurant, and it was incredible—the view of the pool and the sea at sunset, and the food was delicious. Thanks …",3 weeks ago,2026-07-14,,,,ChdDSUhNMG9nS0VMeUFpclRZN0xEWTBRRRAB
michaelakA854PT,5.0,The hotel and its services were excellent — I honestly missed nothing during my stay. It met all my expectations. I appreciated that there was a fitness room and a children’s play area. The entertainer in the children’s corner was fantastic and very caring with the children.,3 weeks ago,2026-07-14,,,,ChZDSUhNMG9nS0VMbkl6ZExfa1ltMU9nEAE
juliadB3795IV,5.0,"We stayed at the Adora Hotel for the first time and were very pleased with everything, the room, the food, the staff were top notch, and thank you so much for a wonderful vacation!!!!",3 weeks ago,2026-07-14,,,,ChZDSUhNMG9nS0VOeUQxYmJEOGVHQUdREAE
Tourist39226745185,5.0,"I liked everything, Ida from Gastroleishen is the best, thank you for your support and answers to all the questions. I recommend it.",3 weeks ago,2026-07-14,,,,ChZDSUhNMG9nS0VOTE5oc21RZzRDd01REAE
Bettina Simon,5.0,"Everything was very good, the rooms are great.
The food in the Mediterranean restaurant was excellent.

Guest Relations is very nice and speaks to guests in English. Her name is Ida.",3 weeks ago,2026-07-14,,"Dear Guest,

First of all, we would like to thank you for choosing our establishment for your vacation, for your valuable time, and for your review.

We always strive to provide our valued guests with excellent service.

We would be delighted to welcome you back again and wish you a healthy and peaceful year with your family.

Sincerely,

Adora Hotel & Resort",1 review,Ci9DQUlRQUNvZENodHljRjlvT2s4MGNIWkdkRXBJTFVOYVptd3dOWE5RTkhOaWVIYxAB
El St,5.0,"I absolutely loved Mezzetto! The cozy atmosphere, stylish interior, and friendly staff made a lasting impression. The dishes were delicious, fresh, and beautifully presented, and the service was prompt and attentive. It's clear they care about quality and the comfort of their guests. I'll definitely be back and would happily recommend this place to friends and family! Special thanks to Elif for helping with the baby.",3 weeks ago,2026-07-14,,"Dear Guest,

First of all, thank you for choosing our hotel and taking the time to provide a detailed review. We value every guest's opinion and strive to do everything possible to ensure a pleasant and comfortable stay at the Adora Hotel & Resort.

Knowing about your positive impressions of our hotel is our greatest reward! We hope to welcome you and your family back to our hotel soon.

Best wishes,

Adora Hotel & Resort",2 reviews · 1 photo,Ci9DQUlRQUNvZENodHljRjlvT2xZek0wdEJlVTEzVDNFd2NUUlFjVEZHZUMxM1VHYxAB
София Ершова,5.0,"Beautiful, well-maintained grounds with plenty of space for evening strolls. The Mezzetto fish restaurant delighted us with its delicious cuisine. The staff was pleasant and helpful, and the service was excellent! The rooms were always clean, and housekeeping was prompt. I absolutely loved my stay at the Adora Hotel!!! Thank you all so much!",3 weeks ago,2026-07-14,,"Dear Guest,

First of all, thank you for choosing our hotel and taking the time to provide a detailed review. We value every guest's opinion and strive to do everything possible to ensure a pleasant and comfortable stay at the Adora Hotel & Resort.

Knowing about your positive impressions of our hotel is our greatest reward! We hope to welcome you and your family back to our hotel soon.

Best wishes,

Adora Hotel & Resort",1 review,Ci9DQUlRQUNvZENodHljRjlvT2xRemJUZDZabXR6WVRWT2JGVkdSbEpGTjBabFkzYxAB
Kateřina Tribulová - MATRIGO s.r.o.,5.0,"Very nice hotel and stay. We enjoyed the sea and the beautiful pool, there were always enough sunbeds. The rooftop restaurant Shahrazad was excellent, service and food 😁👍",3 weeks ago,2026-07-14,,"Dear Guest,

First of all, we would like to thank you for choosing our hotel and for taking your valuable time to evaluate it.

All your comments are important to us as Adora Hotel & Resort Your evaluation will encourage us to improve and become better. As a facility, we are trying to provide perfect service to our valued guests.

We express our pleasure to welcome you and wish you a healthy and peaceful year with your loved ones.

Kind regards,

Adora Hotel & Resort",1 review,Ci9DQUlRQUNvZENodHljRjlvT21GeE5XUnBRbDk1WVZOUVNtZFVjemg2TkVoT1JXYxAB
Katarzyna Różyńska,5.0,I'm very satisfied. The place is very spacious. The Shehrazad restaurant offers delicious a la carte dishes. Service is excellent. Thank you.,3 weeks ago,2026-07-14,,"Dear Guest,

First of all, we would like to thank you for choosing our hotel and for taking your valuable time to evaluate it.

All your comments are important to us as Adora Hotel & Resort Your evaluation will encourage us to improve and become better. As a facility, we are trying to provide perfect service to our valued guests.

We express our pleasure to welcome you and wish you a healthy and peaceful year with your loved ones.

Kind regards,

Adora Hotel & Resort",Local Guide · 18 reviews · 3 photos,Ci9DQUlRQUNvZENodHljRjlvT25oVmRXRmlRazVUV0dscloyOVZNWFZyYkdWTVVXYxAB
Joanna R.,5.0,"Everything was top-notch. There's nothing to complain about. Shehrazad Restaurant is highly recommended. The views, the food, and the service are impeccable.",3 weeks ago,2026-07-14,,"Dear Guest,

First of all, we would like to thank you for choosing our hotel and for taking your valuable time to evaluate it.

All your comments are important to us as Adora Hotel & Resort Your evaluation will encourage us to improve and become better. As a facility, we are trying to provide perfect service to our valued guests.

We express our pleasure to welcome you and wish you a healthy and peaceful year with your loved ones.

Kind regards,

Adora Hotel & Resort",4 reviews,Ci9DQUlRQUNvZENodHljRjlvT210Wk1HTXdlaTFCTTAxdk5UaENhVzVoU1Mxd0xVRRAB
Kamil Rozynski,5.0,"Fantastic hotel, excellent service and care. The Shehrazad restaurant is the best in the entire hotel. Fantastic view, excellent service and excellent food. Hotel",3 weeks ago,2026-07-14,,"Dear Guest,

First of all, we would like to thank you for choosing our hotel and for taking your valuable time to evaluate it.

All your comments are important to us as Adora Hotel & Resort Your evaluation will encourage us to improve and become better. As a facility, we are trying to provide perfect service to our valued guests.

We express our pleasure to welcome you and wish you a healthy and peaceful year with your loved ones.

Kind regards,

Adora Hotel & Resort",2 reviews,Ci9DQUlRQUNvZENodHljRjlvT21zMFVXVkRZbloyWVdaMVUyZzFUVU56TWxwbFJYYxAB
Арсений Аничкин,5.0,"We really enjoyed the Adora Hotel. We stayed for 10 nights in July 2026. The food was excellent, and you can even pop into the restaurant for a late-night snack (useful, for example, for excursions with early departures). The rooms were recently renovated and look modern. Air conditioning is installed, which is a relief in the heat. There's a wonderful a la carte fish restaurant right on the beach, and you can eat for free if you stay for more than a week. The beach is comfortable, sandy with small pebbles.",3 weeks ago,2026-07-14,,"Dear Guest,

First of all, thank you for choosing our hotel and taking the time to provide a detailed review. We value every guest's opinion and strive to do everything possible to ensure a pleasant and comfortable stay at the Adora Hotel & Resort.

Knowing about your positive impressions of our hotel is our greatest reward! We hope to welcome you and your family back to our hotel soon.

Best wishes,

Adora Hotel & Resort",1 review · 2 photos,Ci9DQUlRQUNvZENodHljRjlvT25wMVltZENRMHRMTjBGWVNVRkNaRE51WVhSb00yYxAB
Pınar Boz,5.0,"The hotel is excellent, the staff are wonderful, attentive, and the cleanliness is impeccable… even though it was my first time here, I had a fantastic vacation. Mr. Oğuz's sincere attention and especially the smiling faces of Ms. Elif and Mr. Ahmet at the Mezetto restaurant made me feel very special. Thank you for everything, Adora Hotel & Resort <3",3 weeks ago,2026-07-14,,"Dear Guest,

First of all, thank you for choosing our hotel for your holiday and for taking the time to write your review.

All your comments are important to us at Adora Hotel & Resort. They encourage us to improve and become better. We strive to provide you, our valued guests, with impeccable service.

We are delighted to have hosted you and wish you a healthy and peaceful year with your loved ones.

Sincerely,

The Adora Hotel & Resort Family",5 reviews · 4 photos,Ci9DQUlRQUNvZENodHljRjlvT2xsVmNtMUlNRkpQUVhaemQzZ3lOMlpMYTFsRFRrRRAB
Zeynep karadavut,5.0,"We came for our honeymoon and were very pleased with everything. Almina from the animation team took great care of us. Umut from customer relations was equally attentive.
Şehrazat restaurant was excellent; its location and service were superb.",3 weeks ago,2026-07-14,,"Dear Guest,

First of all, thank you for choosing our hotel for your holiday and for taking the time to write your review.

All your comments are important to us at Adora Hotel & Resort. They encourage us to improve and become better. We strive to provide you, our valued guests, with impeccable service.

We are delighted to have hosted you and wish you a healthy and peaceful year with your loved ones.

Sincerely,

The Adora Hotel & Resort Family",3 reviews,Ci9DQUlRQUNvZENodHljRjlvT2s5VGRGUnlRekZHT0VWMmNrcGlZbXRrVW5Kc04yYxAB
Андрей Удод,5.0,"The hotel is excellent, we really enjoyed our stay, the service is good, the staff is friendly. I really liked the mezzetto restaurant. Thank you.",3 weeks ago,2026-07-14,,"Dear Guest,

First of all, thank you for choosing our hotel and taking the time to provide a detailed review. We value every guest's opinion and strive to do everything possible to ensure a pleasant and comfortable stay at the Adora Hotel & Resort.

Knowing about your positive impressions of our hotel is our greatest reward! We hope to welcome you and your family back to our hotel soon.

Best wishes,

Adora Hotel & Resort",1 review,Ci9DQUlRQUNvZENodHljRjlvT2tZd05qSktTa0pQVlhSMFRVSkZiRUV4VWtKcFlrRRAB
Amandine,5.0,"I'm back here for the third time, and it's still just as perfect. The staff is amazing, and so is the food. I tried the rooftop restaurant, and it was incredible—the view of the pool and the sea at sunset, and the food was delicious. Thanks to Mucahit, Yusuf, Dervis, Celal, and Kader; the entertainment team is super cool and fun. Thanks also to Alina, Tolga, Eren, and everyone else. With all the activities on offer, you're never bored. I can't say a single negative thing about this hotel; it's paradise on earth!! 💝🤩",Edited 3 weeks ago,2026-07-14,,"Dear Guest,

First of all, thank you for choosing our hotel for your vacation, for taking the time to review it, and for your feedback.

All your comments are important to the Adora Resort family. They encourage us to improve and strive to deliver excellent service to our valued guests.

We are delighted to welcome you and wish you a healthy and peaceful year with your loved ones.

Best regards,

The Adora Resort Family",Local Guide · 28 reviews · 18 photos,ChdDSUhNMG9nS0VJQ0FnSUNyaDcyUjZBRRAB
Katarzyna Kasia,5.0,"Everything is beautiful and perfect. I recommend it😄👍Thank you Dervis, Mucahit, Ida, Cioci, Yusuf",3 weeks ago,2026-07-14,,"Dear Guest,

First of all, we would like to thank you for choosing our hotel and for taking your valuable time to evaluate it.

All your comments are important to us as Adora Hotel & Resort Your evaluation will encourage us to improve and become better. As a facility, we are trying to provide perfect service to our valued guests.

We express our pleasure to welcome you and wish you a healthy and peaceful year with your loved ones.

Kind regards,

Adora Hotel & Resort",9 reviews · 4 photos,Ci9DQUlRQUNvZENodHljRjlvT20xdE56RnlZazB5TWxGaE1ITlZaM1pvYkVVMlJtYxAB
Julia Dikov,5.0,"We stayed at the Adora Hotel for the first time and were very pleased with everything, the room, the food, the staff were top notch, and thank you so much for a wonderful vacation!!!!",3 weeks ago,2026-07-14,,"Dear Guest,

First of all, thank you for choosing our hotel and taking the time to provide a detailed review. We value every guest's opinion and strive to do everything possible to ensure a pleasant and comfortable stay at the Adora Hotel & Resort.

Knowing about your positive impressions of our hotel is our greatest reward! We hope to welcome you and your family back to our hotel soon.

Best wishes,

Adora Hotel & Resort",1 review · 1 photo,Ci9DQUlRQUNvZENodHljRjlvT2kxVlIwSkpSbmw2VDNZMlRFaHZVWE01Ym5VM2VYYxAB
Lara,5.0,"Very clean hotel, large selection of food and drinks, beautiful pool area including beach.",3 weeks ago,2026-07-14,,"Dear Guest,

First of all, we would like to thank you for choosing our establishment for your vacation, for your valuable time, and for your review.

We always strive to provide our valued guests with excellent service.

We would be delighted to welcome you back again and wish you a healthy and peaceful year with your family.

Sincerely,

Adora Hotel & Resort",1 review,Ci9DQUlRQUNvZENodHljRjlvT2xONmFteEpTbFkwYzJoTlgzaHNkRVpRYkVVeFdrRRAB
Cristian Andrei,4.0,"I just got back from this location, where I spent a 7-night vacation with my family (2 adults + 2 children).
I can say that everything is very nice, friendly staff, activities, properly organized beach, food and drinks everywhere, parties, shows - in short, nice and worth it.
I gave the 4 stars for 3 situations that I consider minuses:
1. The rooms are new, with modern furniture, but the floor is not swept and not cleaned properly.. you get into bed with sand and dirt on your soles
2. I had the room in the middle of the corridor, the daily cleaning starts from the sides.. if at 13-13.30 I went to the room to sleep the 2-year-old child was not cleaned or the towels changed. I asked the reception to help me in any way, the first day after the incident the room was ready by 13, later they jumped on me again. out of 7 nights, 3 days we didn't have towels changed, trash thrown away. They don't go into the balcony to collect the dirt/trash can.
3. In the evening it's a bit crowded on the resort's alleys, and they rent some electric cars to other older children. If you're with a small child, you always have to be careful not to run over them with that car, to be careful of them.. Those cars shouldn't be allowed to be rented, or a separate track should be made for them.",3 weeks ago,2026-07-14,,"Dear Guest,

First of all, we would like to thank you for choosing our hotel and for taking your valuable time to evaluate it.

All your comments are important to us as Adora Hotel & Resort Your evaluation will encourage us to improve and become better. As a facility, we are trying to provide perfect service to our valued guests.

We express our pleasure to welcome you and wish you a healthy and peaceful year with your loved ones.

Kind regards,

Adora Hotel & Resort",Local Guide · 76 reviews · 32 photos,Ci9DQUlRQUNvZENodHljRjlvT21WSUxVOW1VbEo2Y0ZsdldFeDZSWEUwZEVGQ2JIYxAB
vaclavo849,5.0,"We stayed in a Duplex Family Room and were very satisfied. The only minor drawbacks were the lack of a door between the two rooms and the relatively small beds (one 140 cm bed and two 80 cm beds).|Apart from that, the hotel was clean, well …",3 weeks ago,2026-07-14,,,,ChZDSUhNMG9nS0VKdXItWU9CMDltN0t3EAE
_C7899LE,5.0,"A gorgeous hotel! We loved everything. The staff was polite and helpful. I was very pleased with the cleanliness of the rooms and the hotel grounds. The restaurant has a wide selection of food, and everything is delicious. A great hotel for …",3 weeks ago,2026-07-14,,,,ChRDSUhNMG9nS0VQbTZqX1A3NThFURAB
U2188SL_,5.0,"We stayed at the Adora Hotel in Turkey. We had a wonderful vacation. It's a wonderful hotel, with responsive and welcoming staff. The hotel grounds are clean and well-maintained. The staff is like bees, sweeping and mopping every day. The …",3 weeks ago,2026-07-14,,,,ChdDSUhNMG9nS0VJclRnT21zeDVtWF93RRAB
Inspiration413725,5.0,"Hotel is located 30 minutes away from the airport and the city of Antalya. There is a lot of attractions for quests in the hotel ( waterpark, kids club, beach volleyball, evening shows, joga and so on). There is large selection of food and …",3 weeks ago,2026-07-14,,,,ChZDSUhNMG9nS0VJYTI5SXFWaTQyelNBEAE
741katar_nag,5.0,"What we liked the most was animator Veronika was very friendly and always helpful, which made our experience even better.",3 weeks ago,2026-07-14,,,,ChdDSUhNMG9nS0VOVDUwLUtqa2I2QjdRRRAB
Fidan Bayrak,5.0,"We were very pleased with our holiday at Adora Hotel. We were especially happy with the friendly, attentive and helpful staff. The cleanliness of the hotel was really excellent; the rooms and common areas were always tidy and well-maintained. The food was quite delicious and different options were served every day. The beach and sea were also very beautiful. We had no trouble finding sunbeds, we were able to find empty sunbeds at any time of the day.
Overall, we had a wonderful holiday. We would like to thank Ms. İda for her attention.",3 weeks ago,2026-07-14,,"Dear Guest,

First of all, thank you for choosing our hotel for your holiday and for taking the time to write your review.

All your comments are important to us at Adora Hotel & Resort. They encourage us to improve and become better. We strive to provide you, our valued guests, with impeccable service.

We are delighted to have hosted you and wish you a healthy and peaceful year with your loved ones.

Sincerely,

The Adora Hotel & Resort Family",3 reviews,Ci9DQUlRQUNvZENodHljRjlvT2s1TlpuY3RTMEZxTVdOSlFYcFJNbnBXY21OV1NWRRAB
Радис Гайнетдинов,4.0,Everything is fine,3 weeks ago,2026-07-14,,"Dear Guest,

First of all, thank you for choosing our hotel and taking the time to provide a detailed review. We value every guest's opinion and strive to do everything possible to ensure a pleasant and comfortable stay at the Adora Hotel & Resort.

Knowing about your positive impressions of our hotel is our greatest reward! We hope to welcome you and your family back to our hotel soon.

Best wishes,

Adora Hotel & Resort",2 reviews · 2 photos,Ci9DQUlRQUNvZENodHljRjlvT2xwQ1pqQnBPSGRIUTNGbFdESjVSVFZ6Wm1aT2QyYxAB
Nihal Nihal,5.0,This is our third visit to the Adora Hotel. We are very satisfied with the hotel. You can choose it without hesitation. We would also like to thank Ms. Damla from Guest Relations for her attention and conversation.,3 weeks ago,2026-07-14,,"Dear Guest,

First of all, thank you for choosing our hotel for your holiday and for taking the time to write your review.

All your comments are important to us at Adora Hotel & Resort. They encourage us to improve and become better. We strive to provide you, our valued guests, with impeccable service.

We are delighted to have hosted you and wish you a healthy and peaceful year with your loved ones.

Sincerely,

The Adora Hotel & Resort Family",2 reviews,Ci9DQUlRQUNvZENodHljRjlvT2xWVGIyaFpUVUV0YW5WQ2NEWXdSV2hQU2t4RFJFRRAB
Sofia Soos,5.0,"The hotel is very nice and clean. The service and staff are very nice and friendly. The male waiters don't always pay attention to women, which is annoying. Sometimes there are places a little slower when a lot of people come in at once. Our first stay was better than the second time. But I would definitely recommend the hotel.",3 weeks ago,2026-07-14,,"Dear Guest,

First of all, we would like to thank you for choosing our hotel and for taking your valuable time to evaluate it.

All your comments are important to us as Adora Hotel & Resort Your evaluation will encourage us to improve and become better. As a facility, we are trying to provide perfect service to our valued guests.

We express our pleasure to welcome you and wish you a healthy and peaceful year with your loved ones.

Kind regards,

Adora Hotel & Resort",1 review,Ci9DQUlRQUNvZENodHljRjlvT21sRFVWUkhSemREU1RSM2EyMVdRUzF3ZG1kNVgwRRAB
Isabella Puzio,5.0,"Excellent activities, friendly people, and a very helpful team.",3 weeks ago,2026-07-14,,"Dear Guest,

First of all, we would like to thank you for choosing our establishment for your vacation, for your valuable time, and for your review.

We always strive to provide our valued guests with excellent service.

We would be delighted to welcome you back again and wish you a healthy and peaceful year with your family.

Sincerely,

Adora Hotel & Resort",1 review · 2 photos,Ci9DQUlRQUNvZENodHljRjlvT2s5ck9FZG9kVEZsYkhSeU1ETnRTa0ZRVjBWMlowRRAB
Shindar Othman,5.0,"A very respectable hotel.
All the staff are respectful.
Excellent service, and the food is superb.
It was a wonderful experience. I would definitely stay again.",3 weeks ago,2026-07-14,,"Dear Guest,

First of all, we would like to thank you for choosing our hotel and for taking your valuable time to evaluate it.

All your comments are important to us as Adora Hotel & Resort Your evaluation will encourage us to improve and become better. As a facility, we are trying to provide perfect service to our valued guests.

We express our pleasure to welcome you and wish you a healthy and peaceful year with your loved ones.

Kind regards,

Adora Hotel & Resort",Local Guide · 26 reviews · 15 photos,Ci9DQUlRQUNvZENodHljRjlvT2tWWlJUTTVUREJ4UkRoSU9XUkVaVWwyWVUxT2NYYxAB
Carmen-Veronica Cuturui,5.0,"A very nice vacation, the rooms were very clean, any request to the resort staff was resolved, the food was very good and diverse. I highly recommend!",3 weeks ago,2026-07-14,,"Dear Guest,

First of all, we would like to thank you for choosing our hotel and for taking your valuable time to evaluate it.

All your comments are important to us as Adora Hotel & Resort Your evaluation will encourage us to improve and become better. As a facility, we are trying to provide perfect service to our valued guests.

We express our pleasure to welcome you and wish you a healthy and peaceful year with your loved ones.

Kind regards,

Adora Hotel & Resort",1 review,Ci9DQUlRQUNvZENodHljRjlvT2pSaldHTkJiRWhNVG5SQmJtSjBWbHBNVm1nMVQyYxAB
Alina Anea,5.0,Nice place to have your holliday! We have a great time during our stay at Adora Hotel,3 weeks ago,2026-07-14,,"Dear Guest,

First of all, we would like to thank you for choosing our hotel and for taking your valuable time to evaluate it.

All your comments are important to us as Adora Hotel & Resort Your evaluation will encourage us to improve and become better. As a facility, we are trying to provide perfect service to our valued guests.

We express our pleasure to welcome you and wish you a healthy and peaceful year with your loved ones.

Kind regards,

Adora Hotel & Resort",2 reviews,Ci9DQUlRQUNvZENodHljRjlvT2poRlFXOW5jaTFSYjE5UU1WYzFjRzFyWWpab2VIYxAB
Mia Ola,5.0,"Thank you for a great vacation, excellent food, great animation program, very pleasant and helpful staff, fantastic bartender Ermudla, waiters Yusuf, Cici Mucahit in the Alacarte restaurant, I definitely recommend the á la carte restaurant Šeherezáda, where there is a beautiful view and excellent food. Thank you ❤️",3 weeks ago,2026-07-14,,"Dear Guest,

First of all, we would like to thank you for choosing our hotel and for taking your valuable time to evaluate it.

All your comments are important to us as Adora Hotel & Resort Your evaluation will encourage us to improve and become better. As a facility, we are trying to provide perfect service to our valued guests.

We express our pleasure to welcome you and wish you a healthy and peaceful year with your loved ones.

Kind regards,

Adora Hotel & Resort",2 reviews,Ci9DQUlRQUNvZENodHljRjlvT205ckxTMDVXSGxaY3pkclZHWkdRazF3Ums5U1puYxAB
Maria Deręgowska,5.0,"The best vacation ever! A very pleasant resort, a pleasant atmosphere, and wonderfully helpful staff. Varied and delicious meals. Beautiful views from the restaurants.
We'll definitely be back next year!",3 weeks ago,2026-07-14,,"Dear Guest,

First of all, we would like to thank you for choosing our hotel and for taking your valuable time to evaluate it.

All your comments are important to us as Adora Hotel & Resort Your evaluation will encourage us to improve and become better. As a facility, we are trying to provide perfect service to our valued guests.

We express our pleasure to welcome you and wish you a healthy and peaceful year with your loved ones.

Kind regards,

Adora Hotel & Resort",1 review,Ci9DQUlRQUNvZENodHljRjlvT2tKMFh6UXRURWhwVGtnMlduRkdXVE5RV0V0VlEwRRAB
Krüger Svetlana,5.0,Very friendly staff and a very nice hotel; room service and cuisine were top-notch.,3 weeks ago,2026-07-14,,"Dear Guest,

First of all, we would like to thank you for choosing our establishment for your vacation, for your valuable time, and for your review.

We always strive to provide our valued guests with excellent service.

We would be delighted to welcome you back again and wish you a healthy and peaceful year with your family.

Sincerely,

Adora Hotel & Resort",2 reviews · 3 photos,Ci9DQUlRQUNvZENodHljRjlvT2pSRWNXRkVlbEZYVEd4UWMyNWFVRTVLTkVRdFRFRRAB
Vanessa,5.0,"We are very satisfied with this hotel; the staff is courteous and friendly. The evening shows are mostly exciting. However, we would like more activities during the day, such as water aerobics twice a day, as it's only offered once a day, whereas at other hotels it's offered twice daily. Also, the music by the pool could be a bit louder. Otherwise, we are very happy. The food is also very tasty, and there's a good selection.",3 weeks ago,2026-07-14,,"Dear Guest,

First of all, we would like to thank you for choosing our establishment for your vacation, for your valuable time, and for your review.

We always strive to provide our valued guests with excellent service.

We would be delighted to welcome you back again and wish you a healthy and peaceful year with your family.

Sincerely,

Adora Hotel & Resort",1 review,Ci9DQUlRQUNvZENodHljRjlvT25SUVJHRXlTblpOUVZweFFuUmllREZ6Tm5vM1IwRRAB
Eduard Reim,5.0,"We spent nine days here on holiday and were absolutely delighted. The service was excellent, and the staff went out of their way to fulfill every wish.

The food was fantastic, the pool was amazing, the relaxation was superb, and of course, the rooms were spotless. 🙂",3 weeks ago,2026-07-14,,"Dear Guest,

First of all, we would like to thank you for choosing our establishment for your vacation, for your valuable time, and for your review.

We always strive to provide our valued guests with excellent service.

We would be delighted to welcome you back again and wish you a healthy and peaceful year with your family.

Sincerely,

Adora Hotel & Resort",Local Guide · 19 reviews · 10 photos,Ci9DQUlRQUNvZENodHljRjlvT2pGcGExTmtjRkZuZDA4NE1FaHBWak5sYmtSU1RHYxAB
Michelle K,5.0,,3 weeks ago,2026-07-14,,"Dear Guest,

First of all, we would like to thank you for choosing our establishment for your vacation, for your valuable time, and for your review.

We always strive to provide our valued guests with excellent service.

We would be delighted to welcome you back again and wish you a healthy and peaceful year with your family.

Sincerely,

Adora Hotel & Resort",Local Guide · 5 reviews · 17 photos,Ci9DQUlRQUNvZENodHljRjlvT2s5YVdVNDNlR05qV2xkdlRGbEtTRTUwY0U5MGJYYxAB
Discover25495594520,5.0,"This was our first time here, we came on a recommendation.|Excellent food and drinks, spacious grounds. The beach is excellent - sand, gently sloping water. The sea is calm in the morning, nice for snorkeling and watching the fish, and in …",3 weeks ago,2026-07-14,,,,ChZDSUhNMG9nS0VLLVpwTnlHbzdxd09REAE
pavolh98,2.0,"During our stay from 3 June 2026 to 10 June 2026, we were very satisfied with the hotel. We appreciated the beautiful sea, the cleanliness of the hotel, the excellent entertainment programme, and the helpful staff. Overall, we really …",3 weeks ago,2026-07-14,,,,ChZDSUhNMG9nS0VLaWhwWXF4dnAyc2FREAE
exxcelh,2.0,"Unfortunately, we were very disappointed with our stay at Andora Belek. For such a large and luxury resort, we expected a much higher standard of service and professionalism.|The biggest issue was the behavior of the head chef, who came …",3 weeks ago,2026-07-14,,,,ChZDSUhNMG9nS0VNN0ZnTmJOZy1iaWFREAE
_zg_u2026,5.0,"We were very pleased with the food and entertainment. The rooms were clean, and the staff were very attentive. We would like to thank Ms. Ida for her helpfulness. We recommend it to everyone.",3 weeks ago,2026-07-14,,,,ChZDSUhNMG9nS0VMYTk1ZERzMU4yVkNREAE
Fatih Daşpınar,5.0,"This was our third time staying at this hotel, and we stayed for 5 nights in a club room. It's one of the rare hotels where I was sad to see my vacation end. The rooms, linens, and sheets were spotlessly clean and new, and the room was cleaned daily; linens were also changed if requested. Since it's a family hotel, there are many children. I didn't experience any problems with the foreign tourists; they were very polite and well-behaved, and their children were more well-behaved than ours. There was no shouting or yelling. If there were any noisy people, unfortunately, it was our own. Many thanks to the kitchen staff; the food was fantastic, a wide variety of dishes from every region and even many countries, and they were delicious. It's one of the rare hotels that doesn't skimp on red meat. There's a wide variety of desserts, whatever you're looking for. Some of the staff are friends who came from Indonesia to work here; they were especially excellent, always smiling and polite, and they never refused us anything. Special thanks to ""Geri"" and Hasan in the restaurant section. In previous years, we had staff from Eastern Turkey; the Indonesian staff was a very good choice. The pools are adequate and very clean, there are enough sun loungers, but if you want a poolside lounger, you need to act early because foreigners grab them early. The animation team and shows are fantastic, there are lots of activities for those who want to participate, special thanks to Ms. Almira from the animation team. My ladies who make gözleme (Turkish flatbread) are the best, thanks again for your hard work. Unlimited drinks are excellent, no problems at all. Special thanks to Mr. Kerim and Ms. Tansu at the bikini bar, Ms. Sümeyye at the coffee shop, Ms. Emine at the pastry and ice cream section, Ms. İpek and the gentleman with glasses next to her at the reception. Special thanks to the cleaning staff, brothers, sisters and friends, who are constantly walking around with mops and brooms, they don't leave a single piece of trash in the whole huge complex. Wifi works flawlessly almost everywhere, which is one of the biggest pluses 😄
My humble suggestion to the management: this year there were a few flies for the first time, they are spraying but it doesn't seem to be enough, the number of slides should be increased and diversified, the lawns need maintenance, there is no grass left in some places, the night lighting is insufficient in some areas.",3 weeks ago,2026-07-14,,"Dear Guest,

First of all, thank you for choosing our hotel for your holiday and for taking the time to write your review.

All your comments are important to us at Adora Hotel & Resort. They encourage us to improve and become better. We strive to provide you, our valued guests, with impeccable service.

We are delighted to have hosted you and wish you a healthy and peaceful year with your loved ones.

Sincerely,

The Adora Hotel & Resort Family",2 reviews · 8 photos,Ci9DQUlRQUNvZENodHljRjlvT21Oc1NsVnFURTlRV0RKSVNGUXlNR1JzUVVRNVFrRRAB
Thomas Weisser,5.0,"We had a wonderful family vacation at the Adora Hotel & Resort. The grounds, pools, and staff were all top-notch.

The location was excellent, and the cocktails were delicious. The food was also fantastic. The highlight was our evening at the à la carte restaurant Şehrazat – Mediterranean cuisine with a view from the rooftop terrace, and for dessert, a magnificent affogato (vanilla ice cream with espresso), which was our absolute favorite. The warm and welcoming service was equally memorable. Elif from Guest Relations, in particular, was always friendly and helpful.",3 weeks ago,2026-07-14,,,5 reviews · 5 photos,Ci9DQUlRQUNvZENodHljRjlvT21wQk1XTnZlbmhPWkRsamJtVlNjVmRuTm5adE9IYxAB
umıt Yılmaz,5.0,"I stayed at this hotel with my family from August 12th to August 17th, 2024. I chose it again for my 2026 vacation and they proved me right once more. It's one of the rare hotels where all family members left satisfied. The hotel is comfortable in every aspect; food, drinks, cleanliness, etc. Don't worry about the general aspects, the hotel has thought of everything for you. My favorite aspect of the hotel is that there's something for everyone; relaxation areas for those who want to relax, entertainment areas for those who want to have fun. Because the hotel grounds are large, there's no problem finding a spot. You go to the pool, there's a spot there; you go to the sea, there's a spot there; you go to the hammocks to relax, you can find a spot there too, which makes it very convenient. Ms. İda's special attention delighted us. The hotel was absolutely wonderful. It's one of those hotels you'll consider going back to after your stay.",Edited 3 weeks ago,2026-07-14,,"Dear Guest,

First of all, thank you for choosing our hotel for your holiday and for taking the time to write your review.

All your comments are important to the Adora Hotel & Resort family. They encourage us to improve and become better. We strive to provide you, our valued guests, with impeccable service.

We are delighted to have hosted you and wish you a healthy and peaceful year with your loved ones.

Sincerely,

The Adora Hotel & Resort Family",11 reviews,ChZDSUhNMG9nS0VJQ0FnSUM3M2VudVJREAE
Sebahattin Semizoğlu,5.0,"Esra, Hasan, Elena, and Chef Cihangir, thank you for your attention.",3 weeks ago,2026-07-14,,"Dear Guest,

First of all, thank you for choosing our hotel for your holiday and for taking the time to write your review.

All your comments are important to the Adora Hotel & Resort family. They encourage us to improve and become better. We strive to provide you, our valued guests, with impeccable service.

We are delighted to have hosted you and wish you a healthy and peaceful year with your loved ones.

Sincerely,

The Adora Hotel & Resort Family",1 review,Ci9DQUlRQUNvZENodHljRjlvT2tKUGEwODNVVzVhVDNscGNtaGhOV0pwV2tzMFgzYxAB
Selim Karatay,5.0,"We would like to thank Esra, Hasan, Elenana, and Chef Cihangir for their hospitality.",3 weeks ago,2026-07-14,,"Dear Guest,

First of all, thank you for choosing our hotel for your holiday and for taking the time to write your review.

All your comments are important to the Adora Hotel & Resort family. They encourage us to improve and become better. We strive to provide you, our valued guests, with impeccable service.

We are delighted to have hosted you and wish you a healthy and peaceful year with your loved ones.

Sincerely,

The Adora Hotel & Resort Family",1 review · 10 photos,Ci9DQUlRQUNvZENodHljRjlvT2s4NU9UUkVia2ROVnpkMFJ6azBUalJNZHpoUFIwRRAB
Yiğit Gündüz,5.0,"We would like to thank Chef Cihangir Bey, Ms. Elena, and Mr. Umut, who is responsible for hotel guests, at Mezetto restaurant for their attention and care.",3 weeks ago,2026-07-14,,"Dear Guest,

First of all, thank you for choosing our hotel for your holiday and for taking the time to write your review.

All your comments are important to the Adora Hotel & Resort family. They encourage us to improve and become better. We strive to provide you, our valued guests, with impeccable service.

We are delighted to have hosted you and wish you a healthy and peaceful year with your loved ones.

Sincerely,

The Adora Hotel & Resort Family",2 reviews,Ci9DQUlRQUNvZENodHljRjlvT2pKdWRVbFNZa0oyYzBKVlJqRnRXRnBmUVZoM2QwRRAB
Ghita Muntean,5.0,,3 weeks ago,2026-07-14,,"Dear Guest,

First of all, we would like to thank you for choosing our hotel and for taking your valuable time to evaluate it.

All your comments are important to us as Adora Hotel & Resort Your evaluation will encourage us to improve and become better. As a facility, we are trying to provide perfect service to our valued guests.

We express our pleasure to welcome you and wish you a healthy and peaceful year with your loved ones.

Kind regards,

Adora Hotel & Resort",,Ci9DQUlRQUNvZENodHljRjlvT2tWbmN6RlRkMWQ0TmxseWVXYzNOMFpVTVRWUk1VRRAB
doruk dereli,5.0,"Dining at Sultan restaurant is a privilege. Our holiday is going very well. It's a very clean and fun hotel. The staff are also very attentive. Thank you to all of them... thank you for the service. A big thank you to Mr. Ersen, Ms. Vecihe, and Ms. Ida.",3 weeks ago,2026-07-14,,"Dear Guest,

First of all, thank you for choosing our hotel for your holiday and for taking the time to write your review.

All your comments are important to the Adora Hotel & Resort family. They encourage us to improve and become better. We strive to provide you, our valued guests, with impeccable service.

We are delighted to have hosted you and wish you a healthy and peaceful year with your loved ones.

Sincerely,

The Adora Hotel & Resort Family",1 review,Ci9DQUlRQUNvZENodHljRjlvT2t0cFUwUm9XRmhQVWxGbWJISkpiVWhWVTNSM1dsRRAB
Galina Griștiuc,5.0,"The hotel is excellent 👌, everything is beautiful and stylish. The food is delicious. The staff is very polite and friendly. I especially liked the Sultan restaurant; the food is excellent, very, very tasty and beautifully served. A huge thank you to the chefs and waiters: Ersen, Vecihe, everything was top notch. Big hello and thanks for everything to Idochka. ♥️🥰",3 weeks ago,2026-07-14,,"Dear Guest,

First of all, thank you for choosing our hotel and taking the time to provide a detailed review. We value every guest's opinion and strive to do everything possible to ensure a pleasant and comfortable stay at the Adora Hotel & Resort.

Knowing about your positive impressions of your stay at our hotel is our greatest reward! We hope to welcome you and your family back to our hotel soon.

Best wishes,

Adora Hotel & Resort",4 reviews · 1 photo,Ci9DQUlRQUNvZENodHljRjlvT2w5YWRrbHJaVWh6VVRZMFlscFhVRmN3VEVOTU1FRRAB
Mahsun Çelikal,5.0,"We had the opportunity to stay for 5 nights and 6 days. The hotel concept from A to Z is excellent, especially the pool. The pool, aqua park, and children's areas are quite nice, particularly for families with children. The food and dessert selection is reasonable. The sea is beautiful until midday, then becomes wavy in the afternoon, but we can say it's moderately good. As someone who loves meat, the variety could be improved.",3 weeks ago,2026-07-14,,"Dear Guest,

First of all, thank you for choosing our hotel for your holiday and for taking the time to write your review.

All your comments are important to the Adora Hotel & Resort family. They encourage us to improve and become better. We strive to provide you, our valued guests, with impeccable service.

We are delighted to have hosted you and wish you a healthy and peaceful year with your loved ones.

Sincerely,

The Adora Hotel & Resort Family",2 reviews,Ci9DQUlRQUNvZENodHljRjlvT2w5RFNGVmZVa294YlUxc2RUSXpia2Q2ZDFaUlExRRAB
Kathrin Öztürk,5.0,"A truly beautiful hotel! 🥰

The service is excellent and very friendly.

We ate at Sultan's today. The food was delicious, and the waitstaff, Ida, Ersen, and Vecihe, were very friendly, quick, and helpful.

We'd love to come back again.",3 weeks ago,2026-07-14,,"Dear Guest,

First of all, we would like to thank you for choosing our establishment for your vacation, for your valuable time, and for your review.

We always strive to provide our valued guests with excellent service.

We would be delighted to welcome you back again and wish you a healthy and peaceful year with your family.

Sincerely,

Adora Hotel & Resort",3 reviews,Ci9DQUlRQUNvZENodHljRjlvT2s1WU0zRmtVV0l5YmxwdVRYcGpUR3R2V0hveFRuYxAB
Siear B.,4.0,"A truly wonderful stay – we enjoyed every single day!

We recently spent eight wonderful days at the Adora Hotel & Resort and are absolutely thrilled. From arrival to departure, everything was perfect.

I would especially like to highlight the incredibly friendly and attentive staff. You immediately notice that the guest is the focus here – every wish is fulfilled with a smile, creating a very relaxed and welcoming atmosphere. The service in all areas was also consistently professional and efficient.

We were also spoiled with culinary delights: The food was consistently delicious, varied, and of excellent quality. It was a real highlight to sample the diverse buffet each day.

As for the resort itself, it offers a great balance between entertainment and relaxation. There is a wide range of activities that both children and adults will find something to enjoy. Whether it's action at the pools, the varied entertainment program, or simply relaxing on the beach or in the beautiful spa area – there's something for everyone.



We were also spoiled with delicious food: The food was consistently delicious, varied, and of excellent quality. It was a real highlight to sample the diverse buffet each day. We felt completely at ease during our eight-day stay and can definitely recommend the hotel. A big thank you to the entire team for this wonderful break! We would love to come back.",3 weeks ago,2026-07-14,,"Dear Guest,

First of all, we would like to thank you for choosing our establishment for your vacation, for your valuable time, and for your review.

We always strive to provide our valued guests with excellent service.

We would be delighted to welcome you back again and wish you a healthy and peaceful year with your family.

Sincerely,

Adora Hotel & Resort",Local Guide · 10 reviews · 6 photos,Ci9DQUlRQUNvZENodHljRjlvT210UGREUlJXVWhJYkdaclVVdG5VV1prZVVKTlJXYxAB
Viktória Cichá,5.0,"This was our first time at the hotel. The hotel is beautiful, clean and the staff is great. The food was great, we always had something to choose from and I also appreciate the focus on individual regional cuisines.
The beach is also clean, the entrance to the water is great.
The rooms are a little smaller but it's not terrible.

Overall, I rate the hotel as excellent, I have nothing to complain about.",3 weeks ago,2026-07-14,,"Dear Guest,

First of all, we would like to thank you for choosing our hotel and for taking your valuable time to evaluate it.

All your comments are important to us as Adora Hotel & Resort Your evaluation will encourage us to improve and become better. As a facility, we are trying to provide perfect service to our valued guests.

We express our pleasure to welcome you and wish you a healthy and peaceful year with your loved ones.

Kind regards,

Adora Hotel & Resort",6 reviews · 13 photos,Ci9DQUlRQUNvZENodHljRjlvT2xVMlpYSnliRGd3TkZaMlJsOVFWMjFqZUZaSU0zYxAB
Serife Gullu,5.0,"The perfect place for a holiday is definitely Adora Hotel. With its friendly and helpful staff, fun animation activities, cleanliness, and delicious food, I highly recommend it to everyone. I'm so glad I came, I'm very satisfied. Thank you!",3 weeks ago,2026-07-14,,"Dear Guest,

First of all, thank you for choosing our hotel for your holiday and for taking the time to write your review.

All your comments are important to the Adora Hotel & Resort family. They encourage us to improve and become better. We strive to provide you, our valued guests, with impeccable service.

We are delighted to have hosted you and wish you a healthy and peaceful year with your loved ones.

Sincerely,

The Adora Hotel & Resort Family",6 reviews,Ci9DQUlRQUNvZENodHljRjlvT2prdGNqRklUWFJoYUhSWVVYRnBXSEkzTm1seFZGRRAB
Rabia Yeşilyurt,5.0,A hotel where you can feel at home.,3 weeks ago,2026-07-14,,,1 review,Ci9DQUlRQUNvZENodHljRjlvT2psc1NGUkJXVE5TVGtWdWRXOWxMWEUyVXpZelVWRRAB
Y9162TV_,5.0,"We loved the hotel's grounds, excellent entertainment, excellent cuisine, and clean restaurants. Wonderful, outgoing, multilingual entertainers create a positive atmosphere for guests. The evening programs are varied and colorful, the beach …",3 weeks ago,2026-07-14,,,,ChZDSUhNMG9nS0VMbmJ1S3pJemJfUWV3EAE
U4366WI_,5.0,"A wonderful hotel, with excellent service and attention to detail! I'd especially like to mention the cuisine (the dishes are varied, so there's something for everyone). A big shout out to Ida in Guest Relations.",3 weeks ago,2026-07-14,,,,ChdDSUhNMG9nS0VJQzUzdGlsOHFLTWh3RRAB
nazane227,5.0,"The staff are very respectful and friendly, the food is incredibly delicious and appeals to everyone, and the hotel is very clean and tidy. I wholeheartedly recommend it. We had the opportunity to personally chat with Ms. Ifa in the guest relations department, and it was a very pleasant experience.",3 weeks ago,2026-07-14,,,,ChdDSUhNMG9nS0VOX054cEdWc05uejhBRRAB
Ирина Круглик,5.0,"The Adora Hotel is wonderful. We've been here several times. The hotel is very charming, the rooms are large and always clean, and the food is a delight. A special thank you to the animation team; we adore them. We're always happy to come back.",3 weeks ago,2026-07-14,,"Dear Guest,

First of all, thank you for choosing our hotel and taking the time to provide a detailed review. We value every guest's opinion and strive to do everything possible to ensure a pleasant and comfortable stay at the Adora Hotel & Resort.

Knowing about your positive impressions of your stay at our hotel is our greatest reward! We hope to welcome you and your family back to our hotel soon.

Best wishes,

Adora Hotel & Resort",1 review,Ci9DQUlRQUNvZENodHljRjlvT25OVGJYRlhOVkppY1VzMWMwcGZPVGRwUm5BM01YYxAB
Irina Rusu,5.0,"Super hotel, close to airport. Lots of entertainment. The rooms are very clean. Staff are very friendly. Thanks  Ida from guess  relation.",3 weeks ago,2026-07-14,,"Dear Guest,

First of all, we would like to thank you for choosing our hotel and for taking your valuable time to evaluate it.

All your comments are important to us as Adora Hotel & Resort Your evaluation will encourage us to improve and become better. As a facility, we are trying to provide perfect service to our valued guests.

We express our pleasure to welcome you and wish you a healthy and peaceful year with your loved ones.

Kind regards,

Adora Hotel & Resort",1 review,Ci9DQUlRQUNvZENodHljRjlvT21Od1JHUktabkJOVkVwcE1VVnJTVmd0YVhvelYxRRAB
Cem Boyukak,5.0,Very nice hotel. Everything was great. Friendly staff. Activities were great.,3 weeks ago,2026-07-14,,"Dear Guest,

First of all, we would like to thank you for choosing our establishment for your vacation, for your valuable time, and for your review.

We always strive to provide our valued guests with excellent service.

We would be delighted to welcome you back again and wish you a healthy and peaceful year with your family.

Sincerely,

Adora Hotel & Resort",1 review,Ci9DQUlRQUNvZENodHljRjlvT25CWVIzbEJjek4xYWtkdlowaDRWQzFTYVVWbE1WRRAB
Мария Пухова,5.0,"A wonderful place to relax! Lots of delicious food and entertainment. The staff is fantastic. A real family vacation! We recommend it to everyone! The Shahrazad restaurant is wonderful!!!! Delicious food, friendly staff, everything is top notch!",3 weeks ago,2026-07-14,,"Dear Guest,

First of all, thank you for choosing our hotel and taking the time to provide a detailed review. We value every guest's opinion and strive to do everything possible to ensure a pleasant and comfortable stay at the Adora Hotel & Resort.

Knowing about your positive impressions of your stay at our hotel is our greatest reward! We hope to welcome you and your family back to our hotel soon.

Best wishes,

Adora Hotel & Resort",1 review · 3 photos,Ci9DQUlRQUNvZENodHljRjlvT25WS2NqazNlRzFoVG5scFJVdzBTMlppZWt4NGJHYxAB
Алена Синюкович,5.0,"Excellent hotel! Incredible variety of food, private beach!

We had a great family vacation and absolutely loved it! Thank you!",3 weeks ago,2026-07-14,,,1 review,Ci9DQUlRQUNvZENodHljRjlvT2tkWU5taEhSMWt5YldZMVpXSk1VMkY1ZGs5eWJsRRAB
Tatjana Kratz,5.0,"The entire stay was fantastic from arrival to departure. The staff were incredibly friendly and always helpful. The rooms were consistently clean, and the grounds were generally very well-maintained and beautiful. The food was typical of the region, with something to suit every taste.",3 weeks ago,2026-07-14,,"Dear Guest,

First of all, we would like to thank you for choosing our establishment for your vacation, for your valuable time, and for your review.

We always strive to provide our valued guests with excellent service.

We would be delighted to welcome you back again and wish you a healthy and peaceful year with your family.

Sincerely,

Adora Hotel & Resort",1 review · 11 photos,Ci9DQUlRQUNvZENodHljRjlvT2xaSE9YVmlXbXhhYkdsVGR6WkpValpCUlZwaldXYxAB
Liviu Gabriel Neda,5.0,,3 weeks ago,2026-07-14,,"Dear Guest,

First of all, we would like to thank you for choosing our hotel and for taking your valuable time to evaluate it.

All your comments are important to us as Adora Hotel & Resort Your evaluation will encourage us to improve and become better. As a facility, we are trying to provide perfect service to our valued guests.

We express our pleasure to welcome you and wish you a healthy and peaceful year with your loved ones.

Kind regards,

Adora Hotel & Resort",,Ci9DQUlRQUNvZENodHljRjlvT25wNmFYWnhOVjl6YnpCZlMzYzNYMnB0VjNaNmVVRRAB
Duru Sancak,5.0,A wonderful hotel where I have been coming with my family for 4 years and I am satisfied with everything from the food to the activities to the cleanliness.,3 weeks ago,2026-07-14,,"Dear Guest,

First of all, thank you for choosing our hotel for your holiday and for taking the time to write your review.

All your comments are important to the Adora Hotel & Resort family. They encourage us to improve and become better. We strive to provide you, our valued guests, with impeccable service.

We are delighted to have hosted you and wish you a healthy and peaceful year with your loved ones.

Sincerely,

The Adora Hotel & Resort Family.",1 review · 1 photo,Ci9DQUlRQUNvZENodHljRjlvT201RGNEQnNNa3BZWVhWRk5rcHZWVzAwYjJ4VGFtYxAB
Maxi Rokus,4.0,Very nice location and beautiful sea,3 weeks ago,2026-07-14,,"Dear Guest,

First of all, we would like to thank you for choosing our establishment for your vacation, for your valuable time, and for your review.

We always strive to provide our valued guests with excellent service.

We would be delighted to welcome you back again and wish you a healthy and peaceful year with your family.

Sincerely,

Adora Hotel & Resort",1 review · 1 photo,Ci9DQUlRQUNvZENodHljRjlvT2pGSFEwdG5RbWQzWkhKNVV6bGxibGhtTFdGRlgwRRAB
Vaclav Opiol,5.0,,3 weeks ago,2026-07-14,,"Dear Guest,

First of all, we would like to thank you for choosing our establishment for your vacation, for your valuable time, and for your review.

We always strive to provide our valued guests with excellent service.

We would be delighted to welcome you back again and wish you a healthy and peaceful year with your family.

Sincerely,

Adora Hotel & Resort",1 review · 1 photo,Ci9DQUlRQUNvZENodHljRjlvT2tZMU1sUlFaazlKWDFWVFNHNWtUWE5PZDBKSFVHYxAB
Der Dithmarscher,5.0,"A very nice hotel.

This is our first time here, and we feel very comfortable. The staff is incredibly friendly, and the food is fantastic.

There's something for children to do around the clock, and overall, the hotel is very family-friendly.

We'd love to come back again.",3 weeks ago,2026-07-14,,"Dear Guest,

First of all, we would like to thank you for choosing our establishment for your vacation, for your valuable time, and for your review.

We always strive to provide our valued guests with excellent service.

We would be delighted to welcome you back again and wish you a healthy and peaceful year with your family.

Sincerely,

Adora Hotel & Resort",Local Guide · 12 reviews · 5 photos,Ci9DQUlRQUNvZENodHljRjlvT2xkQ1VVSTRhRkphVW5kelYwRlpkM051V1VkdE0yYxAB
Папа Джон,5.0,"We want to come back!
Great, friendly staff!
Everything is new, the location and surroundings are wonderful!
The view from the rooftop restaurant is simply picture perfect!
Thank you, Adora, for a magical vacation!",3 weeks ago,2026-07-14,,"Dear Guest,

First of all, thank you for choosing our hotel and taking the time to provide a detailed review. We value every guest's opinion and strive to do everything possible to ensure a pleasant and comfortable stay at the Adora Hotel & Resort.

Knowing about your positive impressions of your stay at our hotel is our greatest reward! We hope to welcome you and your family back to our hotel soon.

Best wishes,

Adora Hotel & Resort",1 review,Ci9DQUlRQUNvZENodHljRjlvT21SbmJFNUxjRGw0VEc1Q1FVb3piV3BXVVhsS1VWRRAB
Paul Beier,5.0,"Super friendly staff - a beautiful beach with great entertainment.

I'd love to come back again!",3 weeks ago,2026-07-14,,"Dear Guest,

First of all, we would like to thank you for choosing our establishment for your vacation, for your valuable time, and for your review.

We always strive to provide our valued guests with excellent service.

We would be delighted to welcome you back again and wish you a healthy and peaceful year with your family.

Sincerely,

Adora Hotel & Resort",1 review,Ci9DQUlRQUNvZENodHljRjlvT2xjMFExZEVMVlZZTm0xT1YycExNRGxEUTFoMVoxRRAB
Dávid Zauška,5.0,"The food is absolutely amazing, the vacation was great and Melek from guest relations was very helpful.",3 weeks ago,2026-07-14,,"Dear Guest,

First of all, we would like to thank you for choosing our hotel and for taking your valuable time to evaluate it.

All your comments are important to us as Adora Hotel & Resort Your evaluation will encourage us to improve and become better. As a facility, we are trying to provide perfect service to our valued guests.

We express our pleasure to welcome you and wish you a healthy and peaceful year with your loved ones.

Kind regards,

Adora Hotel & Resort",1 review,Ci9DQUlRQUNvZENodHljRjlvT2pCR1Z6TTFibGs0VkVSelprOUpZMVF6Tm1SWU1IYxAB
exxcel hol,1.0,"The worst hotel you can go to.. small rooms, bad food, very bad entrance to the sea, the sea is dirty.
The head chef of the restaurant the worst person in the main restaurant - breakfast lunch dinner keeps track of how much food you have on the table",3 weeks ago,2026-07-14,,"Dear Guest,

Thank you for taking the time to share your feedback. However, we were unable to identify your stay based on the information provided, as your review was posted under a nickname and does not include any stay details.

At Adora Hotel & Resort, we take all guest comments seriously and investigate every concern carefully. Unfortunately, without your reservation details or stay dates, we are unable to verify or investigate the issues you mentioned.

We kindly invite you to contact our Guest Relations team directly with your reservation information so that we can review your comments in detail. Constructive feedback from our verified guests is always appreciated and helps us continue improving our services.

Kind regards,

Adora Hotel & Resort",3 reviews · 2 photos,Ci9DQUlRQUNvZENodHljRjlvT201YWVFRlVRbVZHVkVsbFpHWTJNbXRVVGpJelRYYxAB
Zehra Tatlı,5.0,"When we first checked into the hotel, Ms. İpek at the reception was very helpful. We had a special situation and she resolved it immediately. I would like to thank her very much. The hotel is very nice, the staff are friendly, and the food was very good. I definitely recommend it.",3 weeks ago,2026-07-14,,"Dear Guest,

First of all, thank you for choosing our hotel for your holiday and for taking the time to write your review.

All your comments are important to the Adora Hotel & Resort family. They encourage us to improve and become better. We strive to provide you, our valued guests, with impeccable service. We are happy to have hosted you and wish you a healthy and peaceful year with your loved ones.

Sincerely,

The Adora Hotel & Resort Family.",1 review,Ci9DQUlRQUNvZENodHljRjlvT2xRd1Z6ZEVVWGxHWTNaNWNXMXFlVWhLTFZGWFdtYxAB
stevo palencar,5.0,"I recommend the hotel, everything is here and the service is very nice......the food is great....",3 weeks ago,2026-07-14,,"Dear Guest,

First of all, we would like to thank you for choosing our hotel and for taking your valuable time to evaluate it.

All your comments are important to us as Adora Hotel & Resort Your evaluation will encourage us to improve and become better. As a facility, we are trying to provide perfect service to our valued guests.

We express our pleasure to welcome you and wish you a healthy and peaceful year with your loved ones.

Kind regards,

Adora Hotel & Resort",12 reviews · 4 photos,Ci9DQUlRQUNvZENodHljRjlvT25KaFdWSnNiek01Wm5SSldWZzBUVkZaZFdnMVlXYxAB
Alexander Haidamak,3.0,"The hotel itself is truly beautiful. I couldn't find any flaws in the facilities. The location is good, and the food was varied and delicious. I especially appreciated the proximity of the pool and beach, making it easy to switch between them.

However, the service in the restaurant was inconsistent. Some waiters were very friendly and attentive. With others, though, I got the impression that guests who didn't tip regularly received less attention. Of course, that's just my personal impression.

A major drawback for me, however, was the entertainment manager. He was enthusiastic and friendly during the pool games. But his behavior was completely different during other activities and tournaments.

One example was the air rifle shooting. During the small tournament, the entertainment manager appeared with a young woman who was allowed to participate despite the competition already being underway. After all the participants had shot and the winner had been determined, the young woman didn't win. The rules were then changed abruptly, and additional rounds were introduced. Even after that, she still didn't achieve the required score. In the end, it seemed to me that the results were even manipulated to declare her the winner. Several guests pointed out that this was unfair, but their objections were ignored. The entertainment manager came across as very arrogant and gave me the impression that he was determined to ensure the young woman's victory.

In conversations with other guests, I heard that similar situations had apparently occurred quite frequently. In my opinion, a manager should act neutrally, fairly, and professionally. This behavior, unfortunately, left a very negative impression.

The biggest point of criticism, however, was that the entertainment manager apparently knew that some guests were planning to complain about him. Therefore, it seemed to me that he sent employees out to specifically approach guests and ask them for positive reviews. I was also approached about this. In my opinion, positive reviews should be earned through good and professional work, not actively sought out.

On the other hand, I would like to expressly commend the actual entertainment team. The staff were always cheerful, friendly, and particularly excellent with children. They went to great lengths to ensure the guests had a wonderful time. I would like to express my sincere respect for that.

Overall, I really enjoyed the hotel. The facilities, the food, and the location were truly impressive. It's just a shame that the entertainment manager's behavior significantly marred the otherwise positive overall impression.",3 weeks ago,2026-07-14,,,2 reviews,Ci9DQUlRQUNvZENodHljRjlvT2pOd0xYbHpVekpSUzJsSFFWcHFjbFpVT0dzNVFVRRAB
815fatiht,5.0,"The basic necessities are sufficient, extremely suitable for families. The staff are very attentive. The couple rooms could be improved a bit. Great value for money. This is our second visit. The food is very good. Kudos to Alican Deniz …",3 weeks ago,2026-07-14,,,,ChZDSUhNMG9nS0VPT0hvb2YxMTlfQVd3EAE
Adventure18526439366,5.0,A very good hotel. The service is truly excellent. The food in the Sehrazat restaurant was absolutely delicious.,3 weeks ago,2026-07-14,,,,ChdDSUhNMG9nS0VNaWlsT1h0cS11czN3RRAB
tatjanat434,5.0,"Overall, the hotel is highly recommended. There were a few minor drawbacks regarding the evening entertainment and the somewhat limited food selection. Otherwise, everything was excellent and to our complete satisfaction. The à la carte …",3 weeks ago,2026-07-14,,,,ChdDSUhNMG9nS0VMS2IzcmJTcS1MempBRRAB
Doruk kaan Oktay,5.0,"Kadek Andre from Indonesia is very friendly and sweet; if you come, definitely find him, he's very kind, hopefully he'll work here next year too.",3 weeks ago,2026-07-14,,"Dear Guest,

First of all, thank you for choosing our hotel for your holiday and for taking the time to write your review.

All your comments are important to the Adora Hotel & Resort family. They encourage us to improve and become better. We strive to provide you, our valued guests, with impeccable service.

We are delighted to have hosted you and wish you a healthy and peaceful year with your loved ones.

Sincerely,

The Adora Hotel & Resort Family.",1 review,Ci9DQUlRQUNvZENodHljRjlvT2pGclVHNXRPV3BwVlc0eVpFRlhWVzF5YVVaU2FIYxAB
Lucia Zuscakova,5.0,"We were very satisfied with the hotel, beach, accommodation, food and the staff was warm and helpful. I highly recommend the Sehrazat dinner. Great selection and excellent food.",3 weeks ago,2026-07-14,,"Dear Guest,

First of all, we would like to thank you for choosing our hotel and for taking your valuable time to evaluate it.

All your comments are important to us as Adora Hotel & Resort Your evaluation will encourage us to improve and become better. As a facility, we are trying to provide perfect service to our valued guests.

We express our pleasure to welcome you and wish you a healthy and peaceful year with your loved ones.

Kind regards,

Adora Hotel & Resort",1 review,Ci9DQUlRQUNvZENodHljRjlvT2xrM1FUUkRka1JHVW5kbmJGaFdTMGwxWVZFdE1HYxAB
ZuLu,5.0,"Satisfaction. High level of service, nice staff, great animators. I recommend and don't forget to order a la carte with an incredible view",3 weeks ago,2026-07-14,,"Dear Guest,

First of all, we would like to thank you for choosing our hotel and for taking your valuable time to evaluate it.

All your comments are important to us as Adora Hotel & Resort Your evaluation will encourage us to improve and become better. As a facility, we are trying to provide perfect service to our valued guests.

We express our pleasure to welcome you and wish you a healthy and peaceful year with your loved ones.

Kind regards,

Adora Hotel & Resort",3 reviews,Ci9DQUlRQUNvZENodHljRjlvT2pCeGFWWXlkakJGUTBkdE9FcFNWWHB6ZWtGSU1rRRAB
Salih Baran,5.0,"A perfect family hotel. The friendliness of the staff, the cleanliness of the hotel, the food, and especially the à la carte restaurant were fantastic 💐",3 weeks ago,2026-07-14,,"Dear Guest,

First of all, thank you for choosing our hotel for your holiday and for taking the time to write your review.

All your comments are important to the Adora Hotel & Resort family. They encourage us to improve and become better. We strive to provide you, our valued guests, with impeccable service.

We are delighted to have hosted you and wish you a healthy and peaceful year with your loved ones.

Sincerely,

The Adora Hotel & Resort Family.",2 reviews · 2 photos,Ci9DQUlRQUNvZENodHljRjlvT2s1RlRuTllOVEJZTkhaTGRWRXhUVzFoVmsxV1VrRRAB
Галина Кравченко,5.0,"We really enjoyed the hotel. It had a cozy atmosphere, friendly staff, delicious food, a pool, the sea, and activities—everything you need for a family vacation.
We visited the Shehrozad restaurant and loved it. Thank you so much for a wonderful dinner and a wonderful evening! Thanks to Mucahit, Dervis, Yusuf, and Cici for their service. And a special thank you to Ida from Guest Relations for her attentiveness.
We will definitely be back!",3 weeks ago,2026-07-14,,"Dear Guest,

First of all, thank you for choosing our hotel and taking the time to provide a detailed review. We value every guest's opinion and strive to do everything possible to ensure a pleasant and comfortable stay at the Adora Hotel & Resort.

Knowing about your positive impressions of your stay at our hotel is our greatest reward! We hope to welcome you and your family back to our hotel soon.

Best wishes,

Adora Hotel & Resort",1 review,Ci9DQUlRQUNvZENodHljRjlvT21KRUxXUXhXa3RYWTE5bWEyZGxNRkZRTVZScFFYYxAB
Betül Avcı Erkek,5.0,"We were very pleased with the hotel overall. All the staff were extremely attentive and friendly. The food was delicious, especially the dishes with olive oil, they tasted exactly like homemade. The activities were very enjoyable and varied for both children and adults. The tennis courts are fantastic; you can use them for free if you have a racket. One evening we tried 'Sultan’s', one of the à la carte restaurants; the service and food were again wonderful, we had a very pleasant evening. It's a hotel we can wholeheartedly recommend to our friends and family and would choose again. Thank you so much for everything! 😍",3 weeks ago,2026-07-14,,"Dear Guest,

First of all, thank you for choosing our hotel for your holiday and for taking the time to write your review.

All your comments are important to the Adora Hotel & Resort family. They encourage us to improve and become better. We strive to provide you, our valued guests, with impeccable service.

We are delighted to have hosted you and wish you a healthy and peaceful year with your loved ones.

Sincerely,

The Adora Hotel & Resort Family.",4 reviews,Ci9DQUlRQUNvZENodHljRjlvT25OZk9VWm5YMnRhT1hKNE5YTmxXbDlLWlhNM09WRRAB
Nilay Keser,5.0,"We would like to express our endless gratitude to my brother Tayip for his friendly service in the smoking area of ​​the restaurant; everything was perfect again. Many thanks to Adora, we have been regulars at this hotel for 7 years, it's become like family to us, I recommend it to everyone.",3 weeks ago,2026-07-14,,"Dear Guest,

First of all, thank you for choosing our hotel for your holiday and for taking the time to write your review.

All your comments are important to the Adora Hotel & Resort family. They encourage us to improve and become better. We strive to provide you, our valued guests, with impeccable service.

We are delighted to have hosted you and wish you a healthy and peaceful year with your loved ones.

Sincerely,

The Adora Hotel & Resort Family.",2 reviews · 1 photo,Ci9DQUlRQUNvZENodHljRjlvT2s5TGJrbHRXRTAzVVZwVFdWUlpjMjF1UVhsT04xRRAB
anıl,5.0,"From the moment we stepped into the hotel, all the staff were attentive and friendly. The food, in particular, was fantastic; I'd like to thank all the chefs. Everyone in our family is very happy and enjoying our holiday. On the third day of our holiday, we had the chance to eat at Sultan's restaurant, and everything was incredibly delicious. I'd like to thank the entire Adora Resort family again.",3 weeks ago,2026-07-14,,"Dear Guest,

First of all, thank you for choosing our hotel for your holiday and for taking the time to write your review.

All your comments are important to the Adora Hotel & Resort family. They encourage us to improve and become better. We strive to provide you, our valued guests, with impeccable service.

We are delighted to have hosted you and wish you a healthy and peaceful year with your loved ones.

Sincerely,

The Adora Hotel & Resort Family.",4 reviews · 1 photo,Ci9DQUlRQUNvZENodHljRjlvT2sxdldrRjFOM1V3WmtJM1FucENjVzFaU0RkVFJFRRAB
Tatjana Telnow,5.0,"Overall, the hotel is highly recommended. There were a few minor drawbacks regarding the evening entertainment and the somewhat limited food selection. Otherwise, everything was excellent and to our complete satisfaction. The à la carte restaurant on the rooftop terrace is highly recommended. The food was top-notch, the service was excellent, and the view was simply breathtaking. A must for every traveler. Absolutely heavenly. The guys Dervis and Süleyman were very attentive and took excellent care of us. And the chefs, Kader and Celal, cooked up a storm.",3 weeks ago,2026-07-14,,"Dear Guest,

First of all, we would like to thank you for choosing our establishment for your vacation, for your valuable time, and for your review.

We always strive to provide our valued guests with excellent service.

We would be delighted to welcome you back again and wish you a healthy and peaceful year with your family.

Sincerely,

Adora Hotel & Resort",4 reviews · 8 photos,Ci9DQUlRQUNvZENodHljRjlvT201cVZsbEZNWGxZWDNkeWFGTm1Xamh6TTNVNVlVRRAB
Сергей Крылов,5.0,"We really liked the hotel; we're coming back for the second year in a row!
We had the seafood-themed a la carte menu, and everything was delicious.
Thank you!",3 weeks ago,2026-07-14,,"Dear Guest,

First of all, thank you for choosing our hotel and taking the time to provide a detailed review. We value every guest's opinion and strive to do everything possible to ensure a pleasant and comfortable stay at the Adora Hotel & Resort.

Knowing about your positive impressions of your stay at our hotel is our greatest reward! We hope to welcome you and your family back to our hotel soon.

Best wishes,

Adora Hotel & Resort",1 review,Ci9DQUlRQUNvZENodHljRjlvT25WVVkxb3dlSFpQZFZOTWJrWm5TVkpwY1d0TlNWRRAB
Barbara Tomala,5.0,"The hotel is large, crowded, with families and children. Children are let loose, running between the tables in the dining room. If that doesn't bother you, feel free to come. The food is very good, with a wide selection. The staff is very friendly and helpful. The room was cleaned daily, but the quality was average. We found socks dirty from the previous occupants. The grounds are large, and in my opinion, there's no place to put an empty glass or plate. Dinner is at 7 PM, and guests are lined up in front of the entrance like they're at Lidl. I wouldn't choose this hotel again, but that's my opinion.",Edited 3 weeks ago,2026-07-14,,"Dear Guest,

First of all, we would like to thank you for choosing our hotel and for taking your valuable time to evaluate it.

All your comments are important to us as Adora Resort Hotels. Your evaluation will encourage us to improve and become better. As a facility, we are trying to provide perfect service to our valued guests.

We express our pleasure to welcome you and wish you a healthy and peaceful year with your loved ones.

Kind regards,

Adora Hotel & Resort",14 reviews,Ci9DQUlRQUNvZENodHljRjlvT25GMGNFVm9ibEF4WVdOU01qSlJlSHB2Y1hSUFYzYxAB
E E,5.0,Large Area and for older persons it was longer distance but still OK even for disabled persons,3 weeks ago,2026-07-14,,"Dear Guest,

First of all, we would like to thank you for choosing our hotel and for taking your valuable time to evaluate it.

All your comments are important to us as Adora Hotel & Resort. Your evaluation will encourage us to improve and become better. As a facility, we are trying to provide perfect service to our valued guests.

We express our pleasure to welcome you and wish you a healthy and peaceful year with your loved ones.

Kind regards,

Adora Hotel & Resort",4 reviews,Ci9DQUlRQUNvZENodHljRjlvT2pscGFsSmxkMkp1VEZWZlZsVnJibmx5WnpaTVFtYxAB
Abdul Abdul,3.0,"I'm currently staying at the hotel, and I have to say it's a large hotel with spacious grounds. The food is good, although if there's a theme, if you arrive later, you might not get a particular dish. Our room doesn't have a balcony, which we wanted because it's larger. Upon check-in, we discovered that the entrance door wouldn't close properly because it had fallen off, and the bathroom door had a broken hinge that wouldn't close. The installers fixed it after reporting it. Regarding cleanliness, I've stayed in cheaper hotels and it was much better. After cleaning, we found socks left by the previous occupants in our room. As for the surrounding area, more attention should be paid to cleanliness, as empty cups or mugs can be left lying around all day. I also chose the location with full awareness, but people who want to go out and walk around, apart from the main square, will likely be disappointed, as there are only other hotels outside the hotel. Access to the city is by dolmus. So overall, it's not bad, but I've stayed in much better and cheaper hotels. I won't be back and I certainly won't recommend this hotel. Oh, and I almost forgot, most of the reviews involve a woman standing over you asking questions, then giving you a QR code to scan and asking you to leave a review.",3 weeks ago,2026-07-14,,,Local Guide · 58 reviews · 26 photos,Ci9DQUlRQUNvZENodHljRjlvT20xamJGSlNOR2QyUjNVMlRsTmpTbEJTY0RGWWVFRRAB
ibrahim inanç,5.0,"We stayed for 4 nights from July 5th to 9th.

The food was good, the rooms were clean, and most importantly, the staff were generally friendly and helpful.

I would also like to thank Mr. Alican, who guided us throughout the hotel and explained everything in detail when I asked about the restaurant on our first day, and who was always attentive whenever we visited.

I do have one small criticism; while the Turkish staff spoke excellent English, some of the foreign staff didn't speak any Turkish. They could at least learn basic vocabulary related to their respective departments.",3 weeks ago,2026-07-14,,"Dear Guest,

First of all, thank you for choosing our hotel for your holiday and for taking the time to write your review.

All your comments are important to the Adora Hotel & Resort family. They encourage us to improve and become better. We strive to provide you, our valued guests, with impeccable service.

We are delighted to have hosted you and wish you a healthy and peaceful year with your loved ones.

Sincerely,

The Adora Hotel & Resort Family.",4 reviews · 1 photo,Ci9DQUlRQUNvZENodHljRjlvT2tKUFVIVkpTR2c0ZWtweE0wUXhlRTlHVFdOWVJYYxAB
_K9638HG,5.0,"Our vacation was absolutely fantastic! We loved the hotel: delicious and varied food, clean rooms, beautiful and well-maintained grounds. A huge thank you to the animation team, they're the most cheerful and positive people. During the day, …",3 weeks ago,2026-07-14,,,,ChdDSUhNMG9nS0VLenBvNHJTOTU3aHpRRRAB
_zges249,5.0,This is a decent family hotel that I've been choosing for 3 years. It has everything you'd find in a 5-star hotel. It's a great value-for-money hotel. The service at this price is truly excellent. The animation team is very friendly and …,3 weeks ago,2026-07-14,,,,ChZDSUhNMG9nS0VMelE1Ny1xb3YtNWRBEAE
katrinsK8411QZ,5.0,"The accommodation is very clean, the food is perfect. There's something for everyone.",3 weeks ago,2026-07-14,,,,ChdDSUhNMG9nS0VJakdwcFM2dnM2UHZBRRAB
havvaa394,5.0,"This was our first time at the hotel and we'll leave so satisfied… it's a magnificent hotel in every aspect: service, quality, food, cleanliness, and staff. We ended our last night in the magnificent Şehrazat ballroom with delicious food and wonderful staff. Many thanks to the Adora Family….",3 weeks ago,2026-07-14,,,,ChdDSUhNMG9nS0VKcmZ1OWFfa1pqRjhRRRAB
Savaş Bey,5.0,"We would like to express our sincere gratitude to Mr. Serkan and Mr. Merih, and all the staff at Adora Hotel, for their help and support throughout the reservation and accommodation process, which we have been experiencing for the past two years. The hotel is located right on the seafront, situated on a very large area, and is a complete facility catering to all guest needs with its greenery, seating areas, cafes, and shops. Every section – dining, drinking, seating, swimming pool, etc. – is spotlessly clean. The staff are respectful, understanding, and very helpful. One thing that particularly caught my attention is that many of the staff are the same team from last year. This shows that the hotel has a strong corporate identity and is managed professionally in every aspect. Even the shop employees are very helpful. I would also like to extend my thanks to Mr. Zafer, the owner of the market, for his knowledge and experience, and for trying to provide every possible assistance and convenience for our guests. In conclusion, we wholeheartedly recommend this hotel, which we have been happily visiting for two years.",3 weeks ago,2026-07-14,,"Dear Guest,

First of all, thank you for choosing our hotel for your holiday and for taking the time to write your review.

All your comments are important to the Adora Hotel & Resort family. They encourage us to improve and become better. We strive to provide you, our valued guests, with impeccable service.

We are delighted to have hosted you and wish you a healthy and peaceful year with your loved ones.

Sincerely,

The Adora Hotel & Resort Family.",2 reviews,Ci9DQUlRQUNvZENodHljRjlvT2s5dmQxVmpMVEY0VDFKd1pVdExNRUpHUWtSRk9YYxAB
Dimitri Seib,5.0,"A very nice hotel. The rooms are very spacious. The animation team is fantastic.

The à la carte restaurants are lovely, especially the Mediterranean one; the view is breathtaking.",3 weeks ago,2026-07-14,,"Dear Guest,

First of all, we would like to thank you for choosing our establishment for your vacation, for your valuable time, and for your review.

We always strive to provide our valued guests with excellent service.

We would be delighted to welcome you back again and wish you a healthy and peaceful year with your family.

Sincerely,

Adora Hotel & Resort",2 reviews,Ci9DQUlRQUNvZENodHljRjlvT25kRExUTmplVEJ0WkRSUWMzbFRWSEY2Ym5sSmVWRRAB
Anke Saak,5.0,Very nice atmosphere and a very relaxing holiday. Hotel very clean.,3 weeks ago,2026-07-14,,"Dear Guest,

First of all, we would like to thank you for choosing our establishment for your vacation, for your valuable time, and for your review.

We always strive to provide our valued guests with excellent service.

We would be delighted to welcome you back again and wish you a healthy and peaceful year with your family.

Sincerely,

Adora Hotel & Resort",6 reviews,Ci9DQUlRQUNvZENodHljRjlvT25sV1JHdHJSQzFPTmtsVFNtZFFXbGQxVTJkNldHYxAB
Mirela Velagic,5.0,"Our stay at the Adora Hotel was simply perfect. From the very first day, we felt like very special and valued guests. The friendliness, professionalism, and warmth of the entire staff made us feel at home, yet also in a truly special place.

We would like to give special praise to the Seherzad Restaurant, where we celebrated our son's birthday. It was an unforgettable experience filled with attentiveness, warmth, and a wonderful atmosphere. We felt enchanted, and every detail was perfectly organized. The team did everything to make this day a beautiful memory for our family.

A big thank you to Mucahit, Ida, and all the other waiters and staff who enhanced every moment of our vacation with their smiles, friendliness, and professional service. Their dedication and hospitality are truly exceptional.

We have stayed in many hotels, but nowhere have we felt as welcome, valued, and comfortable as at the Adora Hotel. Therefore, we wholeheartedly recommend both the hotel and the Seherzad Restaurant.

Thank you so much for this wonderful time. We will return home with the most beautiful memories and would love to come back again.",3 weeks ago,2026-07-14,,"Dear Guest,

First of all, we would like to thank you for choosing our establishment for your vacation, for your valuable time, and for your review.

We always strive to provide our valued guests with excellent service.

We would be delighted to welcome you back again and wish you a healthy and peaceful year with your family.

Sincerely,

Adora Hotel & Resort",1 review · 1 photo,Ci9DQUlRQUNvZENodHljRjlvT2tSRlUxTmhaMDFJYTBKVlpqbGhMV2hMZEZKbmJVRRAB
Ollie K,5.0,,3 weeks ago,2026-07-14,,"Dear Guest,

First of all, we would like to thank you for choosing our establishment for your vacation, for your valuable time, and for your review.

We always strive to provide our valued guests with excellent service.

We would be delighted to welcome you back again and wish you a healthy and peaceful year with your family.

Sincerely,

Adora Hotel & Resort",,Ci9DQUlRQUNvZENodHljRjlvT25adVN6aG1jRXN6TVhkc1FXWjJPRjh0Ym5aMVFuYxAB
LM K (Ford Fiesta),5.0,Staff are so helpful and polite!!,3 weeks ago,2026-07-14,,"Dear Guest,

First of all, we would like to thank you for choosing our hotel and for taking your valuable time to evaluate it.

All your comments are important to us as Adora Hotel & Resort Your evaluation will encourage us to improve and become better. As a facility, we are trying to provide perfect service to our valued guests.

We express our pleasure to welcome you and wish you a healthy and peaceful year with your loved ones.

Kind regards,

Adora Hotel & Resort",1 review,Ci9DQUlRQUNvZENodHljRjlvT21OYU1UbDBYM1k1T0dwTmIybERSazk0YUVKVVQxRRAB
Matt King,5.0,"Great resort, good food, everything in easy reach. Visit the Sultans Grill for a fantastic Turkish dining experience, friendly waiting staff!",3 weeks ago,2026-07-14,,"Dear Guest,

First of all, we would like to thank you for choosing our hotel and for taking your valuable time to evaluate it.

All your comments are important to us as Adora Hotel & Resort Your evaluation will encourage us to improve and become better. As a facility, we are trying to provide perfect service to our valued guests.

We express our pleasure to welcome you and wish you a healthy and peaceful year with your loved ones.

Kind regards,

Adora Hotel & Resort",1 review,Ci9DQUlRQUNvZENodHljRjlvT2xGSWJrVjFXVTFxT1VwUVYwMWxOMDlNTUVwdFVYYxAB
Joyce Rocha,5.0,We had a lovely meal at the restaurant. The staff were friendly and helpful.,3 weeks ago,2026-07-14,,"Dear Guest,

First of all, we would like to thank you for choosing our hotel and for taking your valuable time to evaluate it.

All your comments are important to us as Adora Hotel & Resort Your evaluation will encourage us to improve and become better. As a facility, we are trying to provide perfect service to our valued guests.

We express our pleasure to welcome you and wish you a healthy and peaceful year with your loved ones.

Kind regards,

Adora Hotel & Resort",1 review,Ci9DQUlRQUNvZENodHljRjlvT2pSaWJqZEJNVUUxY2poMFUzWjNibTlQUkVKTE5XYxAB
Sveta Enti,5.0,"We were very pleased with our stay at the Adora department. Everything was wonderful. Clean, comfortable rooms, varied food, and a great beach.
We really enjoyed our dinner at the Sehrazat restaurant. ❤️",3 weeks ago,2026-07-14,,"Dear Guest,

First of all, thank you for choosing our hotel and taking the time to leave a detailed review. We value every guest's opinion and strive to do everything possible to ensure a pleasant and comfortable stay at Adora Resort Hotels.

Knowing about your positive impressions of your stay at our hotel is our greatest reward! We hope to welcome you and your family back to our hotel soon.

Best wishes,

Adora Hotel & Resort",1 review,Ci9DQUlRQUNvZENodHljRjlvT214M2JHNTBPRk40VURKVE5XNDNRbkkzZGtGWE1XYxAB
Natalia Karwala,5.0,A great stay at the hotel! Very friendly service! I recommend it!,3 weeks ago,2026-07-14,,"Dear Guest,

First of all, we would like to thank you for choosing our hotel and for taking your valuable time to evaluate it.

All your comments are important to us as Adora Hotel & Resort. Your evaluation will encourage us to improve and become better. As a facility, we are trying to provide perfect service to our valued guests.

We express our pleasure to welcome you and wish you a healthy and peaceful year with your loved ones.

Kind regards,

Adora Hotel & Resort",2 reviews,Ci9DQUlRQUNvZENodHljRjlvT25SdFFVUnRMV2RzY2pJMExVdHpOMDVNTUVzeGNYYxAB
Paulina,5.0,"Great service, very friendly staff",3 weeks ago,2026-07-14,,"Dear Guest,

First of all, we would like to thank you for choosing our hotel and for taking your valuable time to evaluate it.

All your comments are important to us as Adora Hotel & Resort. Your evaluation will encourage us to improve and become better. As a facility, we are trying to provide perfect service to our valued guests.

We express our pleasure to welcome you and wish you a healthy and peaceful year with your loved ones.

Kind regards,

Adora Hotel & Resort",4 reviews,Ci9DQUlRQUNvZENodHljRjlvT25aTVpVaGtja3hJVlU1c2VuVjFZazAzUm1jMllWRRAB
Belma Selimović,5.0,,3 weeks ago,2026-07-14,,"Dear Guest,

First of all, we would like to thank you for choosing our hotel and for taking your valuable time to evaluate it.

All your comments are important to us as Adora Hotel & Resort. Your evaluation will encourage us to improve and become better. As a facility, we are trying to provide perfect service to our valued guests.

We express our pleasure to welcome you and wish you a healthy and peaceful year with your loved ones.

Kind regards,

Adora Hotel & Resort",,Ci9DQUlRQUNvZENodHljRjlvT2xCVFNsWkxhekJGV1V4emNIaFdUMFV5U1Y5V1oyYxAB
Maya,5.0,"A very nice hotel. The food is delicious with a wide selection, and the staff is very friendly. The rooms are clean and beautifully furnished. There are always activities to do. The entertainment staff also do a fantastic job and are very, very nice.",3 weeks ago,2026-07-14,,"Dear Guest,

First of all, we would like to thank you for choosing our establishment for your vacation, for your valuable time, and for your review.

We always strive to provide our valued guests with excellent service.

We would be delighted to welcome you back again and wish you a healthy and peaceful year with your family.

Sincerely,

Adora Hotel & Resort",1 review,Ci9DQUlRQUNvZENodHljRjlvT21kNlJuZHJWMEV3UlRoaE1XRjZjWHAzVjJJeVRYYxAB
Nikolaj Fedoruk,1.0,"This hotel is definitely not worth 5 stars. Service is a foreign concept here! The rooms are not clean. There are many negative issues, which I have also reported to the tour operator in writing.",3 weeks ago,2026-07-14,,"Dear Guest,

Thank you for your review.

We are sorry that your stay did not meet your expectations. However, we would like to clarify a few points so that other readers can understand the situation.

The inconveniences you described were not related to the service quality of our hotel, but rather stemmed from the room booking originally made by your tour operator. Immediately after your arrival, our Guest Relations team personally addressed your concerns and worked with you to find a suitable solution. Within our means, we arranged a room change to make your stay more comfortable.

Furthermore, you dined at our à la carte restaurants twice during your stay, and your room was cleaned daily – in accordance with our hotel standards. Therefore, we cannot understand your statement that service is a foreign concept to us or that the rooms were generally not clean.

Of course, we respect every personal opinion. However, we believe it is important that reviews objectively reflect the actual experience of the stay. Our entire team has been dedicated to fulfilling your wishes and ensuring you have a pleasant holiday since day one.

We wish you all the best for your future travels.

Sincerely,

Adora Hotel & Resort",6 reviews · 16 photos,Ci9DQUlRQUNvZENodHljRjlvT2pWd1ZFcHVZa3QxTkdoM01WQmFMVzVaUTNaWVZtYxAB
Tilkigamze,1.0,"This was our third stay at the Adora Resort Hotel. We love you both, Çağrı and Yasemin, at the reception. Thank you so much for never disappointing us. First of all, thank you to you. | The hotel renews and improves itself every year. The …",3 weeks ago,2026-07-14,,,,ChdDSUhNMG9nS0VPeUw2T19ZMTh1RnBBRRAB
özge pekergin Soylu,5.0,"We stayed with two families two days ago and were very pleased. Initially, the hotel's old exterior was a bit disappointing; it felt like a large dormitory, especially the two-story garden rooms. However, the interiors were renovated and clean. Apart from that, the food was varied and delicious. Despite the hotel being crowded, food, desserts, and fruits were constantly replenished. The staff were very attentive and helpful. The alcoholic and non-alcoholic drinks were of good quality. The evening entertainment and animation were very enjoyable. Unlike other hotels, we didn't experience any shortage of sunbeds at the pool or beach. Everyone managed to find a sunbed somehow. The pool is regularly treated with chlorine, but on the second day of our holiday, we couldn't use it because a small child had an accident. Other people went in the next day, but we didn't dare try it. I wish people were more careful when letting their children into the pool...",3 weeks ago,2026-07-14,,"Dear Guest,

First of all, thank you for choosing our hotel for your holiday and for taking the time to write your review.

All your comments are important to us at Adora Resort Hotels. They encourage us to improve and become better. We strive to provide you, our valued guests, with impeccable service. We are happy to have hosted you and wish you a healthy and peaceful year with your loved ones.

Sincerely,

Adora Hotel & Resort",3 reviews,Ci9DQUlRQUNvZENodHljRjlvT25Od2FITnZlVlZGTkhoZk1uTlhXSGxKT1RkdllWRRAB
Juuzou Suzuya,5.0,"We are very satisfied with the hotel and everything it offers, it is our most beautiful holiday and we would really like to come back here!

Personally, we were accommodated in a duplex room, which was cleaned daily and modernly equipped. The minibar was also replenished daily not only with local drinks/water, but also original drinks such as Pepsi or Mirinda.

The beach is sandy, clean, spacious with plenty of sunbeds and umbrellas. The beach bar has very nice service. Sometimes the sea is completely without waves and you can even swim beautifully.

The restaurants are all great, the choice of dishes is amazing and both fans of meat, vegetables and seafood will find something for themselves. Food is really available 24/7 and so you almost never encounter queues, which is also a big plus. Fans of sweets will also be pleasantly pleased with the pastry shop, which is part of the all inclusive!

Overall, I rate the whole holiday really 5*, there is nothing to complain about 🌞",3 weeks ago,2026-07-14,,"Dear Guest,

First of all, we would like to thank you for choosing our hotel and for taking your valuable time to evaluate it.

All your comments are important to us as Adora Hotel & Resort  . Your evaluation will encourage us to improve and become better. As a facility, we are trying to provide perfect service to our valued guests.

We express our pleasure to welcome you and wish you a healthy and peaceful year with your loved ones.

Kind regards,

Adora Hotel & Resort",1 review · 9 photos,Ci9DQUlRQUNvZENodHljRjlvT2s1SFdrdDBTbEk0YVdadldVSmlSM1J3T1dGZlptYxAB
B_i_b_b_i_s_M_o_m_l_i_f_e,5.0,"The service was very friendly and attentive. The menu selection was manageable, the dishes were presented very attractively and tasted very good.",3 weeks ago,2026-07-14,,"Dear Guest,

First of all, we would like to thank you for choosing our establishment for your vacation, for your valuable time, and for your review.

We always strive to provide our valued guests with excellent service.

We would be delighted to welcome you back again and wish you a healthy and peaceful year with your family.

Sincerely,

Adora Hotel & Resort",1 review,Ci9DQUlRQUNvZENodHljRjlvT25KTVgySTFObDlQUW0xNVprZEtWMGhIWmpGMVltYxAB
Marv Marv,5.0,Very nice staff.,3 weeks ago,2026-07-14,,"Dear Guest,

First of all, we would like to thank you for choosing our establishment for your vacation, for your valuable time, and for your review.

We always strive to provide our valued guests with excellent service.

We would be delighted to welcome you back again and wish you a healthy and peaceful year with your family.

Sincerely,

Adora Hotel & Resort",1 review · 1 photo,Ci9DQUlRQUNvZENodHljRjlvT2s1bGRGUkhja2hGZUVKWWNHUjJZa3BRVTJwQlNWRRAB
Noel 05,5.0,The hotel is great. The staff are very friendly and the food is excellent too…,4 weeks ago,2026-07-07,,"Dear Guest,

First of all, we would like to thank you for choosing our establishment for your vacation, for your valuable time, and for your review.

We always strive to provide our valued guests with excellent service.

We would be delighted to welcome you back again and wish you a healthy and peaceful year with your family.

Sincerely,

Adora Hotel & Resort",1 review,Ci9DQUlRQUNvZENodHljRjlvT2tKdmMxRm5WV3BOTTIxa1FVeGpWamczWVdneFVuYxAB
Jona,5.0,The service was excellent and they catered to all our needs. The hotel facilities were outstanding.,4 weeks ago,2026-07-07,,"Dear Guest,

First of all, we would like to thank you for choosing our establishment for your vacation, for your valuable time, and for your review.

We always strive to provide our valued guests with excellent service.

We would be delighted to welcome you back again and wish you a healthy and peaceful year with your family.

Sincerely,

Adora Hotel & Resort",1 review,Ci9DQUlRQUNvZENodHljRjlvT25sUmNWRXpkbFZ3WVRaa2REbFlVMlJoTjBsc2VHYxAB
Marvin Weber,5.0,Very nice music and a relaxing atmosphere.,4 weeks ago,2026-07-07,,"Dear Guest,

First of all, we would like to thank you for choosing our establishment for your vacation, for your valuable time, and for your review.

We always strive to provide our valued guests with excellent service.

We would be delighted to welcome you back again and wish you a healthy and peaceful year with your family.

Sincerely,

Adora Hotel & Resort",1 review · 3 photos,Ci9DQUlRQUNvZENodHljRjlvT214RGFVOUJOMFpGV0VkV1dVcEdlbmMzVlVONmJsRRAB
Nils,5.0,A really lovely hotel with delicious food. Very friendly staff.,4 weeks ago,2026-07-07,,"Dear Guest,

First of all, we would like to thank you for choosing our establishment for your vacation, for your valuable time, and for your review.

We always strive to provide our valued guests with excellent service.

We would be delighted to welcome you back again and wish you a healthy and peaceful year with your family.

Sincerely,

Adora Hotel & Resort",Local Guide · 120 reviews · 50 photos,Ci9DQUlRQUNvZENodHljRjlvT25OWWJ6VlNWRXhqU1hkak4wcHVWVWxHVjFNdFNsRRAB
Anastasia Poluljaschny,4.0,"The rooms are clean, and the entire hotel complex is well-maintained. The food is delicious. There are plenty of leisure activities for children.",4 weeks ago,2026-07-07,,"Dear Guest,

First of all, we would like to thank you for choosing our establishment for your vacation, for your valuable time, and for your review.

We always strive to provide our valued guests with excellent service.

We would be delighted to welcome you back again and wish you a healthy and peaceful year with your family.

Sincerely,

Adora Hotel & Resort",1 review,Ci9DQUlRQUNvZENodHljRjlvT2xoSk5HcElMWFJNVUVKNk9WTnFWVzlWYURoTFFYYxAB
Vasile Simion Suciu,5.0,Everything was super ok.,4 weeks ago,2026-07-07,,"Dear Guest,

First of all, we would like to thank you for choosing our hotel and for taking your valuable time to evaluate it.

All your comments are important to us as Adora Hotel & Resort . Your evaluation will encourage us to improve and become better. As a facility, we are trying to provide perfect service to our valued guests.

We express our pleasure to welcome you and wish you a healthy and peaceful year with your loved ones.

Kind regards,

Adora Hotel & Resort",1 review,Ci9DQUlRQUNvZENodHljRjlvT25KQ1dXNWZhMWRyWlZwWFoxVmxSWFF5UWt0eE9WRRAB
Creeper TV,5.0,"Everything was incredibly good, the food was superb, the atmosphere was great, and the staff were the friendliest of all. I can wholeheartedly recommend coming here.",4 weeks ago,2026-07-07,,"Dear Guest,

First of all, we would like to thank you for choosing our establishment for your vacation, for your valuable time, and for your review.

We always strive to provide our valued guests with excellent service.

We would be delighted to welcome you back again and wish you a healthy and peaceful year with your family.

Sincerely,

Adora Hotel & Resort",2 reviews,Ci9DQUlRQUNvZENodHljRjlvT25ZNGVGVm1WRVpHYVZsemExcG1aWHBRVmpGSFdGRRAB
Andrea Kasardová,5.0,Great service and maintenance,4 weeks ago,2026-07-07,,"Dear Guest,

First of all, we would like to thank you for choosing our hotel and for taking your valuable time to evaluate it.

All your comments are important to us as  Adora Hotel & Resort . Your evaluation will encourage us to improve and become better. As a facility, we are trying to provide perfect service to our valued guests.

We express our pleasure to welcome you and wish you a healthy and peaceful year with your loved ones.

Kind regards,

Adora Hotel & Resort.",1 review,Ci9DQUlRQUNvZENodHljRjlvT2s5Q2JXTlBZWFZNUVhCMVVFVkJORE5TWTJ4cmFIYxAB
Paulina Reiske,5.0,"We highly recommend the hotel!

The service, cleanliness, everything is top-notch!",4 weeks ago,2026-07-07,,"Dear Guest,

First of all, we would like to thank you for choosing our hotel and for taking your valuable time to evaluate it.

All your comments are important to us as Adora Hotel & Resort . Your evaluation will encourage us to improve and become better. As a facility, we are trying to provide perfect service to our valued guests.

We express our pleasure to welcome you and wish you a healthy and peaceful year with your loved ones.

Kind regards,

Adora Hotel & Resort.",1 review,Ci9DQUlRQUNvZENodHljRjlvT21OM1VVTmFhVVYyWWpVMU9HOXdSV1pzTW5odlJrRRAB
Violetta Ritter,5.0,"The holiday was wonderful, the staff were great and incredibly friendly.

The room was very nice and clean.

The food was delicious.",4 weeks ago,2026-07-07,,"Dear Guest,

First of all, we would like to thank you for choosing our establishment for your vacation, for your valuable time, and for your review.

We always strive to provide our valued guests with excellent service.

We would be delighted to welcome you back again and wish you a healthy and peaceful year with your family.

Sincerely,

Adora Hotel & Resort",3 reviews,Ci9DQUlRQUNvZENodHljRjlvT2tSYWQxWjBOMnRGZDAwNVRuVnlVMEZvU0ZoVmVHYxAB
sergeykA4061DF,5.0,"This was our second stay at the Adora Hotel. It's very conveniently located, just 25 minutes from Antalya Airport. Kadri is a 10-minute bus ride away (buses run every 20 minutes). As in previous years, the hotel exceeded our expectations! …",4 weeks ago,2026-07-07,,,,ChZDSUhNMG9nS0VLT3Rzc2VzNmZXcFFREAE
Furkan Özdemir,5.0,"The food was delicious, the staff were very friendly, especially the guest services, and the hotel offered a wide variety of activities. Dogu gave me a wonderful welcome and put a smile on my face as he introduced himself and presented the hotel in the best possible way. 🇹🇷🇹🇷🇹🇷❤️‍🔥",4 weeks ago,2026-07-07,,"Dear Guest,

First of all, we would like to thank you for choosing our establishment for your vacation, for your valuable time, and for your review.

We always strive to provide our valued guests with excellent service.

We would be delighted to welcome you back again and wish you a healthy and peaceful year with your family.

Sincerely,

Adora Hotel & Resort",1 review,Ci9DQUlRQUNvZENodHljRjlvT2xOd2RYRlFVVEZCVTJoUE9ETjZjVWREVTE5UGNHYxAB
- Tamero_59 -,5.0,"Lots of delicious food. The hotel, service, and rooms were excellent. Transportation was well organized.",4 weeks ago,2026-07-07,,"Dear Guest,

First of all, we would like to thank you for choosing our establishment for your vacation, for your valuable time, and for your review.

We always strive to provide our valued guests with excellent service.

We would be delighted to welcome you back again and wish you a healthy and peaceful year with your family.

Sincerely,

Adora Hotel & Resort",2 reviews,Ci9DQUlRQUNvZENodHljRjlvT2xoVmJESmlOemRIWTNoVVVHeFFha1ExVUhOa01VRRAB
Hans Jenssen,3.0,,4 weeks ago,2026-07-07,,"Dear Guest,

First of all, we would like to thank you for choosing our establishment for your vacation, for your valuable time, and for your review.

We always strive to provide our valued guests with excellent service.

We would be delighted to welcome you back again and wish you a healthy and peaceful year with your family.

Sincerely,

Adora Hotel & Resort",,Ci9DQUlRQUNvZENodHljRjlvT2xWbFpYSnpaRlpHTlhjelNqQnFaRGxZV0U1T2QwRRAB
Tanja KÜHN,5.0,"A wonderful holiday is almost over...
Highly recommended hotel 😃
Everything was great, from the service to the room 😉",4 weeks ago,2026-07-07,,,1 review,Ci9DQUlRQUNvZENodHljRjlvT25WM09VeE9hbWxSYzI0NVRWQTFhazUxZDI1SWJXYxAB
Марк Шуманский,5.0,"Our stay at this hotel exceeded all our expectations! We were greeted from the very first moment by very friendly and attentive staff, and check-in was quick and hassle-free.
The room was spacious, modern, and spotlessly clean, with high-quality cleaning daily. The hotel grounds are beautiful and well-maintained, with plenty of greenery, flowers, and cozy seating areas.
The beach is clean, with easy access to the sea and plenty of sun loungers. The pools are also excellent – ​​clean, spacious, and suitable for both adults and children.
Special thanks to the animation team! They created a wonderful atmosphere, offering exciting entertainment, sports activities, and vibrant evening shows every day.
The entire staff genuinely strives to make guests' stay as comfortable as possible, and this is evident in everything they do. They truly care about each guest.
We had a wonderful time and would happily return. We highly recommend this hotel to anyone looking for high-quality service, delicious food, beautiful grounds, and an unforgettable vacation.

I would also like to mention the Sehrazat restaurant with an excellent view, excellent service, and very tasty food.",4 weeks ago,2026-07-07,,"Dear Guest,

First of all, thank you for choosing our hotel and taking the time to leave a detailed review. We value every guest's opinion and strive to do everything possible to ensure a pleasant and comfortable stay at Adora Resort Hotels.

Knowing about your positive impressions of your stay at our hotel is our greatest reward! We hope to welcome you and your family back to our hotel soon.

Best regards,
Adora Hotel & Resort",1 review,Ci9DQUlRQUNvZENodHljRjlvT25Zd2RHYzRabXhXZUdaYVlqbHpiSE01TVhwbmJrRRAB
Дарья Казакова,5.0,"This is our first time staying at this hotel, and our impressions are nothing short of positive! The service is excellent, the staff is very friendly and polite! The rooms are cleaned regularly. There are always sun loungers on the beach and by the pool. The food is delicious and varied. The evening entertainment is excellent! Towards the end of our vacation, we visited the à la carte restaurant, Shehrazad. I definitely recommend it. The food is delicious and filling, and the staff is friendly and polite.",4 weeks ago,2026-07-07,,"Dear Guest,

First of all, thank you for choosing our hotel and taking the time to leave a detailed review. We value every guest's opinion and strive to do everything possible to ensure a pleasant and comfortable stay at Adora Resort Hotels.

Knowing about your positive impressions of your stay at our hotel is our greatest reward! We hope to welcome you and your family back to our hotel soon.

Best wishes,

Adora Hotel & Resort",1 review,Ci9DQUlRQUNvZENodHljRjlvT201cFRpMHRNbFZ3T1ZWU1pHeEZTa051VUVZeFoxRRAB
Оксана Владиславовна,5.0,"I really liked the hotel grounds.
We visited the SEHRAZAT restaurant – everything was excellent: the food and the service.",4 weeks ago,2026-07-07,,"Dear Guest,

First of all, thank you for choosing our hotel and taking the time to leave a detailed review. We value every guest's opinion and strive to do everything possible to ensure a pleasant and comfortable stay at Adora Resort Hotels.

Knowing about your positive impressions of your stay at our hotel is our greatest reward! We hope to welcome you and your family back to our hotel soon.

Best wishes,

Adora Hotel & Resort",1 review,Ci9DQUlRQUNvZENodHljRjlvT25abFlUa3pheTB3WXpSM1FraElSMDh4TkhGYVQzYxAB
Ramil Aliyev,5.0,Everyhing was excelent. Big thanks,4 weeks ago,2026-07-07,,"Dear Guest,

First of all, we would like to thank you for choosing our hotel and for taking your valuable time to evaluate it.

All your comments are important to us as Adora Resort Hotels. Your evaluation will encourage us to improve and become better. As a facility, we are trying to provide perfect service to our valued guests.

We express our pleasure to welcome you and wish you a healthy and peaceful year with your loved ones.

Kind regards,

Adora Hotel & Resort.",2 reviews · 2 photos,Ci9DQUlRQUNvZENodHljRjlvT2xsWWVGSnJhVkJYZEVSZlIzRlNZblZGUlhCUmVXYxAB
Viktor Schneider,5.0,"A really lovely hotel.

The beautiful sandy beach was a big plus, and there were plenty of sun loungers available, even at lunchtime.

The staff was incredibly kind and friendly.

The à la carte restaurant was lovely; the food was excellent, and the service was superb.

Thank you!",4 weeks ago,2026-07-07,,"Dear Guest,

First of all, we would like to thank you for choosing our establishment for your vacation, for your valuable time, and for your review.

We always strive to provide our valued guests with excellent service.

We would be delighted to welcome you back again and wish you a healthy and peaceful year with your family.

Sincerely,

Adora Hotel & Resort",2 reviews,Ci9DQUlRQUNvZENodHljRjlvT25nNGRreDVXRkZhUW5GQ2NYTjNPRVJyUVZrM2NHYxAB
Пх,5.0,Great beach and sea,4 weeks ago,2026-07-07,,"Dear Guest,

First of all, thank you for choosing our hotel and taking the time to leave a detailed review. We value every guest's opinion and strive to do everything possible to ensure a pleasant and comfortable stay at Adora Resort Hotels.

Knowing about your positive impressions of your stay at our hotel is our greatest reward! We hope to welcome you and your family back to our hotel soon.

Best wishes,

Adora Hotel & Resort",1 review,Ci9DQUlRQUNvZENodHljRjlvT2s5eE9ETm1NMmRsVFZaYVJtUXpjbHBIYVZjMVdIYxAB
Дмитрий Новиков,5.0,"The atmosphere is amazing, the staff is very polite, the food is delicious, the sea is clear, and the entertainment is top-notch. We visited the rooftop restaurant—it was pure bliss. Special thanks to Mucahit, Dervis, Yusuf, and Cici. Special thanks to the chefs: Kader and Celal. And thanks to Ida for her attention and help with everything. 👍",4 weeks ago,2026-07-07,,"Dear Guest,

First of all, thank you for choosing our hotel and taking the time to leave a detailed review. We value every guest's opinion and strive to do everything possible to ensure a pleasant and comfortable stay at Adora Resort Hotels.

Knowing about your positive impressions of your stay at our hotel is our greatest reward! We hope to welcome you and your family back to our hotel soon.

Best wishes,

Adora Hotel & Resort",1 review · 1 photo,Ci9DQUlRQUNvZENodHljRjlvT25WbFMxSTFhRGh0UTBOME1VVjZUemRLTVV4emRHYxAB
Robert Kern,5.0,We highly recommend this hotel; the food was always delicious and the service was always excellent. We'll be back!,4 weeks ago,2026-07-07,,"Dear Guest,

First of all, we would like to thank you for choosing our establishment for your vacation, for your valuable time, and for your review.

We always strive to provide our valued guests with excellent service.

We would be delighted to welcome you back again and wish you a healthy and peaceful year with your family.

Sincerely,

Adora Hotel & Resort",9 reviews · 1 photo,Ci9DQUlRQUNvZENodHljRjlvT2twaFFYYzVOM0U0Y3paQ1FUZFZMVFZaY1ROSmRYYxAB
Vadim Pariev,5.0,"Everything was great, we were happy! The service was excellent, the staff was polite, the hotel was new, clean, and regularly cleaned. The staff was very child-friendly! We especially recommend it to families with small children.",4 weeks ago,2026-07-07,,"Dear Guest,

First of all, thank you for choosing our hotel and taking the time to leave a detailed review. We value every guest's opinion and strive to do everything possible to ensure a pleasant and comfortable stay at Adora Resort Hotels.

Knowing about your positive impressions of your stay at our hotel is our greatest reward! We hope to welcome you and your family back to our hotel soon.

Best wishes,

Adora Hotel & Resort",2 reviews,Ci9DQUlRQUNvZENodHljRjlvT25waVVVdHFhV04wVkY5U1dYbFNUbmh4WTNGUVMxRRAB
Gulsah Turk,5.0,"We went there on a recommendation, and it's a wonderful place for families with children. The activities and evening shows are fantastic. All the staff are attentive, friendly, and understanding, and there's security in pairs at the beach and pool. The food and desserts are amazing, offering something for everyone. It has a great view and is right on the beach. Cleaning staff are constantly present in the common areas and restrooms, keeping them spotless. Many thanks to the Adora staff.",4 weeks ago,2026-07-07,,"Dear Guest,

First of all, thank you for choosing our hotel for your holiday and for taking the time to write your review.

All your comments are important to us at Adora Resort Hotels. They encourage us to improve and become better. We strive to provide you, our valued guests, with impeccable service. We are happy to have hosted you and wish you a healthy and peaceful year with your loved ones.

Sincerely,

The Adora Hotel & Resort Family.",2 reviews,Ci9DQUlRQUNvZENodHljRjlvT21KRFUwdE5UVFphVUhObE5WQmlRVzVzWnpGUlZGRRAB
serkan sahin,5.0,"We checked in on June 28th, received a lovely welcome, went to our room and started our holiday. This is our third visit here because of the service, quality and attention we received, and we are planning to come again. A special thank you to Ms. Damla from Guest Relations,
to all the staff at the bar, but especially Muhammet Tansu, Emrullah and the other bartenders,
and to Mr. Çağrı from Reception for his attention and care.
I forgot to mention your animation team,
Mr. Tolga, Mr. Eren, Mr. Berat and the other team members, thank you for being there.",Edited 4 weeks ago,2026-07-07,,"Dear Guest,

First of all, thank you for choosing our hotel for your holiday and for taking the time to write your review.

All your comments are important to us at Adora Resort Hotels. They encourage us to improve and become better. We strive to provide you, our valued guests, with impeccable service. We are happy to have hosted you and wish you a healthy and peaceful year with your loved ones.

Sincerely,

The Adora Hotel & Resort Family.",2 reviews,Ci9DQUlRQUNvZENodHljRjlvT2xVMWRsaDBNbVJxV2xGcFJVcERZbFZyTUhWMGVIYxAB
Łukasz Urbańczyk,5.0,"This is our second time at the Adora Hotel. And we will definitely be back. We honestly can't find any downsides to this hotel. Our first visit was in 2023, and the hotel shows no signs of slowing down. Everything is truly fantastic, and we've stayed in many hotels. We were particularly impressed by the rooftop restaurant (Dervis, Mucahit, Cici, Kader, Celal). We were there for my wife's birthday, and the staff truly organized the evening brilliantly. I highly recommend it for families with small children. It's a place where you can relax; it's peaceful, but you can also find various activities—you won't be bored here. The food and drinks are delicious. The pool is wonderful. I especially want to emphasize the hotel's cleanliness, as it is of a high standard. The staff goes above and beyond and is exceptionally courteous. I recommend it wholeheartedly. We will definitely return.",4 weeks ago,2026-07-07,,"Dear Guest,

First of all, we would like to thank you for choosing our hotel and for taking your valuable time to evaluate it.

All your comments are important to us as Adora Resort Hotels. Your evaluation will encourage us to improve and become better. As a facility, we are trying to provide perfect service to our valued guests.

We express our pleasure to welcome you and wish you a healthy and peaceful year with your loved ones.

Kind regards,

Adora Hotel & Resort.",12 reviews,Ci9DQUlRQUNvZENodHljRjlvT2tsbmRFRjRWbUZPWWxnd2RFVXhhbGhJZURoVGFtYxAB
Monika Staryga,5.0,"The rooms were spotlessly clean, the staff very polite and smiling. The food was delicious. Very close to the sea. 10/10 👌🏻👌🏻👌🏻. Thank you Dervis, Mucahit, Cici, Kader, Celal.",4 weeks ago,2026-07-07,,"Dear Guest,

First of all, we would like to thank you for choosing our hotel and for taking your valuable time to evaluate it.

All your comments are important to us as Adora Resort Hotels. Your evaluation will encourage us to improve and become better. As a facility, we are trying to provide perfect service to our valued guests.

We express our pleasure to welcome you and wish you a healthy and peaceful year with your loved ones.

Kind regards,

Adora Hotel & Resort.",2 reviews · 1 photo,Ci9DQUlRQUNvZENodHljRjlvT25wclFUTk1WMHN5ZGtsNlMwSmxlWFJ4ZEhKeFZtYxAB
Елена Елена,5.0,"I really liked everything. Comfortable rooms. Great entertainment. Delicious food. Dinner at the Sehrazat restaurant was also impressive—huge portions and delicious. Special thanks to the chefs: Kader and Celal. Many thanks for their attention: Dervis, Mucahit, and Cici.",4 weeks ago,2026-07-07,,"Dear Guest,

First of all, thank you for choosing our hotel and taking the time to leave a detailed review. We value every guest's opinion and strive to do everything possible to ensure a pleasant and comfortable stay at Adora Resort Hotels.

Knowing about your positive impressions of your stay at our hotel is our greatest reward! We hope to welcome you and your family back to our hotel soon.

Best regards,
Adora Hotel & Resort",1 review,Ci9DQUlRQUNvZENodHljRjlvT25KRGRtTmFOMFZOYm1Sck1qbDRiRE4xTFdoT2RGRRAB
Asiye Akgümüş,5.0,"I would like to express my sincere thanks to Ms. Damla from guest relations for her attention. Her friendliness, sincerity, and care were wonderful. Thank you for everything.",4 weeks ago,2026-07-07,,"Dear Guest,

First of all, thank you for choosing our hotel for your holiday and for taking the time to write your review.

All your comments are important to us at Adora Resort Hotels. They encourage us to improve and become better. We strive to provide you, our valued guests, with impeccable service. We are happy to have hosted you and wish you a healthy and peaceful year with your loved ones.

Sincerely,

The Adora Hotel & Resort Family.",1 review,Ci9DQUlRQUNvZENodHljRjlvT2taMFprRTBTMWRDZFdkdlZ6SXdZWFJJUldFeWEwRRAB
Peter Demjančík,5.0,"We liked the hotel very much. The rooms are clean, tidy. The staff is very kind and accommodating. They will fulfill what they see with their eyes and what you ask them for. The animators will take care of amazing experiences for your children and you have time for yourself. I recommend visiting the Sehrazat restaurant on the roof of the hotel with a view of the sea and the beautiful scenery around. The food is a real gourmet experience. I must especially praise the service that conjures up a pleasant atmosphere where the world revolves around you. We would like to especially thank Ida from the care of the guests, waiters Yusuf and Mucahit, Cici and chef Kader, Celal. And also, as our son said to the animotor Veronika from Slovakia, that she is ""Divine"" :)",4 weeks ago,2026-07-07,,"Dear Guest,

First of all, we would like to thank you for choosing our hotel and for taking your valuable time to evaluate it.

All your comments are important to us as Adora Resort Hotels. Your evaluation will encourage us to improve and become better. As a facility, we are trying to provide perfect service to our valued guests.

We express our pleasure to welcome you and wish you a healthy and peaceful year with your loved ones.

Kind regards,

Adora Hotel & Resort.",1 review,Ci9DQUlRQUNvZENodHljRjlvT2tOUE1qRnFlVmxUVjJGRU1reENTRzFNTVVWemJHYxAB
Henrik Bär,5.0,Everything great!,4 weeks ago,2026-07-07,,"Dear Guest,

First of all, we would like to thank you for choosing our hotel and for taking your valuable time to evaluate it.

All your comments are important to us as Adora Resort Hotels. Your evaluation will encourage us to improve and become better. As a facility, we are trying to provide perfect service to our valued guests.

We express our pleasure to welcome you and wish you a healthy and peaceful year with your loved ones.

Kind regards,

Adora Hotel & Resort.",7 reviews,Ci9DQUlRQUNvZENodHljRjlvT21GdWFFVnFaMVpPYW5jMVpUUTVXVFppTVdoMWNtYxAB
Galina Root,5.0,"The Adora Hotel is gorgeous! Clean, beautiful, and cozy! We visited the seafood restaurant and had a wonderful time. The seafood menu was delicious and fresh, and the drinks were excellent. The staff's service was excellent!",4 weeks ago,2026-07-07,,"Dear Guest,

First of all, thank you for choosing our hotel and taking the time to leave a detailed review. We value every guest's opinion and strive to do everything possible to ensure a pleasant and comfortable stay at Adora Resort Hotels.

Knowing about your positive impressions of your stay at our hotel is our greatest reward! We hope to welcome you and your family back to our hotel soon.

Best wishes,

Adora Hotel & Resort",1 review,Ci9DQUlRQUNvZENodHljRjlvT2pNemFTMWFkak52VldnMFUzUnJWR290ZDNSa1lVRRAB
Дмитрий Мельников,5.0,"Excellent hotel. We vacationed in July with our family, including a 4-year-old child.
Wonderful staff, beautiful sea views, excellent service, excellent entertainment, and the food was beyond praise.
We visited the Scheherazade restaurant and were delighted. The sea view, service, and food were amazing! Special thanks to the waiters Mucahit, Dervis, Yusuf, and Cici, and a big thank you to the chefs: Kader and Celal.",4 weeks ago,2026-07-07,,"Dear Guest,

First of all, thank you for choosing our hotel and taking the time to leave a detailed review. We value every guest's opinion and strive to do everything possible to ensure a pleasant and comfortable stay at Adora Resort Hotels.

Knowing about your positive impressions of your stay at our hotel is our greatest reward! We hope to welcome you and your family back to our hotel soon.

Best wishes,

Adora Hotel & Resort",1 review,Ci9DQUlRQUNvZENodHljRjlvT2xOamJHNWhWbUZtUldsYVpWVk5UMUZRYkROMWFFRRAB
Alexander Root,5.0,"The fish restaurant was delicious, the service was excellent, everyone was friendly and polite. We really enjoyed it, and I recommend visiting.",4 weeks ago,2026-07-07,,"Dear Guest,

First of all, thank you for choosing our hotel and taking the time to leave a detailed review. We value every guest's opinion and strive to do everything possible to ensure a pleasant and comfortable stay at Adora Resort Hotels.

Knowing about your positive impressions of your stay at our hotel is our greatest reward! We hope to welcome you and your family back to our hotel soon.

Best wishes,

Adora Hotel & Resort",2 reviews,Ci9DQUlRQUNvZENodHljRjlvT201VFIzbExUMEY2WVRacGVWZE9SRTFCVWt4SU5tYxAB
Doğan Akgümüş,5.0,"The facility is an excellent hotel in terms of food, drinks and staff attentiveness.",4 weeks ago,2026-07-07,,"Dear Guest,

First of all, thank you for choosing our hotel for your holiday and for taking the time to write your review.

All your comments are important to us at Adora Resort Hotels. They encourage us to improve and become better. We strive to provide you, our valued guests, with impeccable service. We are happy to have hosted you and wish you a healthy and peaceful year with your loved ones.

Sincerely,

The Adora Hotel & Resort Family.",2 reviews,Ci9DQUlRQUNvZENodHljRjlvT2sxRFZsSkhXRTQzVEVaV05pMUdjMUl5VFhKWVRuYxAB
Ines,5.0,"This is my fourth time staying at this hotel.

I highly recommend it.

Very courteous staff 👍🏻",4 weeks ago,2026-07-07,,,11 reviews · 1 photo,Ci9DQUlRQUNvZENodHljRjlvT2tsblNYaDNlRFpxUVV3eU56Vm1hVmxzZERKb1JsRRAB
Marek Poliak,5.0,"Very nice holiday, food very nice and personnel very friendly. We recommend it very much. We stayed in July.",4 weeks ago,2026-07-07,,"Dear Guest,

First of all, we would like to thank you for choosing our hotel and for taking your valuable time to evaluate it.

All your comments are important to us as Adora Resort Hotels. Your evaluation will encourage us to improve and become better. As a facility, we are trying to provide perfect service to our valued guests.

We express our pleasure to welcome you and wish you a healthy and peaceful year with your loved ones.

Kind regards,

Adora Hotel & Resort.",8 reviews · 5 photos,Ci9DQUlRQUNvZENodHljRjlvT21kSVZUQkRlSEZPVjNoSldsbGhkRXBXVGpoRFRWRRAB
Anna S,4.0,"We had a wonderful stay at the Adora Hotel and Resort. All the staff were very friendly and attentive, and they made our holiday truly enjoyable. The evening shows were varied and very entertaining. The breathtaking views and delicious food at the Sehrazat Restaurant perfectly rounded off our stay.

We would also like to especially commend the exceptional cleanliness throughout the entire hotel. Not only was our room always spotless, but every area of ​​the hotel was consistently well-maintained and clean, which we greatly appreciated.

Thank you for the wonderful time, and we would love to return.",4 weeks ago,2026-07-07,,,3 reviews,Ci9DQUlRQUNvZENodHljRjlvT2pCeWNVcDVZV2d0T1Vkck0yRnNaelZOWWxsTE5WRRAB
Alexandra Schuck,5.0,"The food is delicious and varied, the service is very friendly and attentive, the hotel and grounds are very well-maintained, we are very satisfied.",4 weeks ago,2026-07-07,,,3 reviews,Ci9DQUlRQUNvZENodHljRjlvT2s1NU4waE9WMFp2VVZoWmMzWlBORVl0WVcxcVEwRRAB
Philip Jörg,5.0,"Delicious food and excellent guest service.

Very friendly and attentive staff.

The room was cleaned thoroughly every day.

We are very satisfied and would love to come back.",4 weeks ago,2026-07-07,,,3 reviews,Ci9DQUlRQUNvZENodHljRjlvT21OdmRUY3pNWFI0VEdnNVRHUjJlVGRhYVZwblRsRRAB
Niculina Grumazescu,5.0,,a month ago,2026-07-05,,"Dear Guest,

First of all, we would like to thank you for choosing our hotel and for taking your valuable time to evaluate it.

All your comments are important to us as Adora Resort Hotels. Your evaluation will encourage us to improve and become better. As a facility, we are trying to provide perfect service to our valued guests.

We express our pleasure to welcome you and wish you a healthy and peaceful year with your loved ones.

Kind regards,

Adora Hotel & Resort.",Local Guide · 18 reviews · 61 photos,Ci9DQUlRQUNvZENodHljRjlvT25rMldHaEZXV296YkY5bWVHUTNlbkUzUTNsTmFsRRAB
Jakub Betlewski,5.0,I am very pleased with my stay at this hotel,a month ago,2026-07-05,,"Dear Guest,

First of all, we would like to thank you for choosing our hotel and for taking your valuable time to evaluate it.

All your comments are important to us as Adora Resort Hotels. Your evaluation will encourage us to improve and become better. As a facility, we are trying to provide perfect service to our valued guests.

We express our pleasure to welcome you and wish you a healthy and peaceful year with your loved ones.

Kind regards,

Adora Hotel & Resort.",2 reviews,Ci9DQUlRQUNvZENodHljRjlvT21wVU9VMTJSRGMwU3pFNGJFeG1RVXBOUTBzd2RYYxAB
Oğuzhan Bağcı,5.0,"This is already our third visit and everything is wonderful, the service, the food, the entertainment are fantastic, you never get bored.",a month ago,2026-07-05,,"Dear Guest,

First of all, thank you for choosing our hotel for your holiday and for taking the time to write your review.

All your comments are important to us at Adora Resort Hotels. They encourage us to improve and become better. We strive to provide you, our valued guests, with impeccable service. We are happy to have hosted you and wish you a healthy and peaceful year with your loved ones.

Sincerely,

The Adora Hotel & Resort Family.",7 reviews,Ci9DQUlRQUNvZENodHljRjlvT2pkR1kwbFhRbTVxT0c1cWNIZzBaSFpDUmpGMU4yYxAB
Piotr Cała,5.0,"This is our first stay in Turkey and certainly won't be our last. We are very pleased. The hotel staff is discreet, unobtrusive, always helpful, and very polite. The food is delicious and very varied. Even the pickiest guest will find something to their liking.",a month ago,2026-07-05,,"Dear Guest,

First of all, we would like to thank you for choosing our hotel and for taking your valuable time to evaluate it.

All your comments are important to us as Adora Resort Hotels. Your evaluation will encourage us to improve and become better. As a facility, we are trying to provide perfect service to our valued guests.

We express our pleasure to welcome you and wish you a healthy and peaceful year with your loved ones.

Kind regards,

Adora Hotel & Resort.",2 reviews,Ci9DQUlRQUNvZENodHljRjlvT25SalNtSlRaa0kwZERReVUycHNkME5SVGt0elJVRRAB
Anna Buzmakova,5.0,"We stayed at this hotel from June 25th to July 4th, with a 12-year-old child. The staff is superb, very responsive, always helpful, and willing to help with anything. It's definitely an A+. The grounds are small, but there's plenty of space for everyone, and there are no lines. The main restaurant was a mixed bag. It was the same old thing with different sauces.
The beach is clean, but sun loungers are taken early in the morning. And then they leave. By 6:30 a.m., it's hard to find a spot on the beachfront. One drawback is the entertainment for teenagers; children aged 12-16 get bored. This doesn't apply to the animators; they do a 5-star job. The staff is like one big family!
Overall, we loved everything!",a month ago,2026-07-05,,,1 review,Ci9DQUlRQUNvZENodHljRjlvT21wQlltSk5PV3cyZG1WUWVWcHVWREJZZDFaRE5VRRAB
Ján Kodajek,5.0,"Thank you very much for your patient approach and always kind service, we had a great time with our two small groups, it will definitely not be the last time here, we are already looking forward to our next stay and thank you for a pleasant evening at the restaurant Seherezada, thank you to the whole team: Mucahit, Yusuf, Cici for the pleasant service Ida",a month ago,2026-07-05,,"Dear Guest,

First of all, we would like to thank you for choosing our hotel and for taking your valuable time to evaluate it.

All your comments are important to us as Adora Resort Hotels. Your evaluation will encourage us to improve and become better. As a facility, we are trying to provide perfect service to our valued guests.

We express our pleasure to welcome you and wish you a healthy and peaceful year with your loved ones.

Kind regards,

Adora Hotel & Resort.",2 reviews · 16 photos,Ci9DQUlRQUNvZENodHljRjlvT2t4cllWTlVObE5LYVVVdFQwRTNZVE5MZWpsNVFVRRAB
Kayra Türkyılmaz,5.0,"A very good hotel.
The rooms are clean and nice.
We already know this because we've been coming here for years.",a month ago,2026-07-05,,"Dear Guest,

First of all, thank you for choosing our hotel for your holiday and for taking the time to write your review.

All your comments are important to us at Adora Resort Hotels. They encourage us to improve and become better. We strive to provide you, our valued guests, with impeccable service. We are happy to have hosted you and wish you a healthy and peaceful year with your loved ones.

Sincerely,

The Adora Hotel & Resort Family.",1 review,Ci9DQUlRQUNvZENodHljRjlvT2xOMmVtOHhOME55VTNsaFgyYzVhVkZJTURVMVUyYxAB
Kamil TURKYILMAZ,5.0,,a month ago,2026-07-05,,"Dear Guest,

First of all, thank you for choosing our hotel for your holiday and for taking the time to write your review.

All your comments are important to us at Adora Resort Hotels. They encourage us to improve and become better. We strive to provide you, our valued guests, with impeccable service. We are happy to have hosted you and wish you a healthy and peaceful year with your loved ones.

Sincerely,

The Adora Hotel & Resort Family.",3 reviews · 1 photo,Ci9DQUlRQUNvZENodHljRjlvT2poMkxXWnpNa3RqTlZKaWJXRTVTVlk1V0VKb1ExRRAB
Bartosz Betlewski,5.0,"We recommend.. all was very good, great",a month ago,2026-07-05,,"Dear Guest,

First of all, we would like to thank you for choosing our hotel and for taking your valuable time to evaluate it.

All your comments are important to us as Adora Resort Hotels. Your evaluation will encourage us to improve and become better. As a facility, we are trying to provide perfect service to our valued guests.

We express our pleasure to welcome you and wish you a healthy and peaceful year with your loved ones.

Kind regards,

Adora Hotel & Resort.",1 review,Ci9DQUlRQUNvZENodHljRjlvT2pOSGEwbGphMkZ2ZEVSNVZpMXZXSEZsYW1kTmRIYxAB
Krzysztof Salamon,5.0,"The hotel is wonderful, I can recommend it to everyone. The staff is truly friendly! The food is first-class! A truly wonderful stay! I recommend it to everyone!",a month ago,2026-07-05,,"Dear Guest,

First of all, we would like to thank you for choosing our hotel and for taking your valuable time to evaluate it.

All your comments are important to us as Adora Resort Hotels. Your evaluation will encourage us to improve and become better. As a facility, we are trying to provide perfect service to our valued guests.

We express our pleasure to welcome you and wish you a healthy and peaceful year with your loved ones.

Kind regards,

Adora Hotel & Resort.",2 reviews,Ci9DQUlRQUNvZENodHljRjlvT25KNk0xZDZaVkpFTWxKTFRFNWhVM05ITlVONlJsRRAB
Mihaela,5.0,"We enjoyed our vacation very much. The food and desserts were amazing. The rooms are clean, the staff are very hospitable, friendly and welcoming. The atmosphere is great. We truly recommend this hotel and it’s services!",a month ago,2026-07-05,,"Dear Guest,

First of all, we would like to thank you for choosing our hotel and for taking your valuable time to evaluate it.

All your comments are important to us as Adora Resort Hotels. Your evaluation will encourage us to improve and become better. As a facility, we are trying to provide perfect service to our valued guests.

We express our pleasure to welcome you and wish you a healthy and peaceful year with your loved ones.

Kind regards,

Adora Hotel & Resort.",1 review,Ci9DQUlRQUNvZENodHljRjlvT2xOcFVWRm9XV2d0WVRBeVpHTllVR3d4UVhGdlNYYxAB
Marta Łobejko,5.0,"I highly recommend it, great service, clean rooms. I recommend the entertainment, the pool, and the sea is very close.",a month ago,2026-07-05,,"Dear Guest,

First of all, we would like to thank you for choosing our hotel and for taking your valuable time to evaluate it.

All your comments are important to us as Adora Resort Hotels. Your evaluation will encourage us to improve and become better. As a facility, we are trying to provide perfect service to our valued guests.

We express our pleasure to welcome you and wish you a healthy and peaceful year with your loved ones.

Kind regards,

Adora Hotel & Resort.",3 reviews · 1 photo,Ci9DQUlRQUNvZENodHljRjlvT25GMlRpMVlTVlk1ZDFKRWVGTTJjRWQyV1djelUxRRAB
Arne Bielau,4.0,"The location right on the sea is perfect for swimming and cooling off, and the proximity to the city makes day trips easy.

The staff is very polite and the food is excellent.

The events offered on-site are also interesting.

My only complaint is that the room keys sometimes don't work, but that was probably just a problem for us.",a month ago,2026-07-05,,,2 reviews,Ci9DQUlRQUNvZENodHljRjlvT2xod1drbDZNV2R1UzFGM2NUTXdTakI2V2xKaVNrRRAB
Johann Stang,5.0,"The hotel is great, the room was clean and tidy, the fridge was stocked with drinks, and everything was included. Highly recommended. A huge selection of dishes, coffee, cakes, various kinds of ice cream, and so on and so forth. Very friendly and hospitable service. Thank you!",a month ago,2026-07-05,,,1 review,Ci9DQUlRQUNvZENodHljRjlvT21veVpGVlhiVFZZVkRGMUxVcEhhemx3UkVoSGFWRRAB
Grzegorz “Paulo” Pawlik,5.0,,a month ago,2026-07-05,,"Dear Guest,

First of all, we would like to thank you for choosing our hotel and for taking your valuable time to evaluate it.

All your comments are important to us as Adora Resort Hotels. Your evaluation will encourage us to improve and become better. As a facility, we are trying to provide perfect service to our valued guests.

We express our pleasure to welcome you and wish you a healthy and peaceful year with your loved ones.

Kind regards,

Adora Hotel & Resort.",Local Guide · 16 reviews · 177 photos,Ci9DQUlRQUNvZENodHljRjlvT2tzME0xSjJOak52ZUdscllUUlRhMTl5YVZsTU4xRRAB
Michal Ratajski,5.0,"Great facility overall, very clean and well maintained - lots of green. Modern rooms, probably one of the best we've been in Turkey. Swimingpools well placed, everything is close by. Staff really welcoming & accomodating. Great stay overall",a month ago,2026-07-05,,"Dear Guest,

First of all, we would like to thank you for choosing our hotel and for taking your valuable time to evaluate it.

All your comments are important to us as Adora Resort Hotels. Your evaluation will encourage us to improve and become better. As a facility, we are trying to provide perfect service to our valued guests.

We express our pleasure to welcome you and wish you a healthy and peaceful year with your loved ones.

Kind regards,

Adora Hotel & Resort.",2 reviews,Ci9DQUlRQUNvZENodHljRjlvT21sSUxUTkRNR2xGWTFOM2NYQXRVbEZJWkU5cGRVRRAB
Pavlo Egortsev,5.0,"First time in Belek and at the Adora Hotel. The food, service, cleaning, and entertainment were all excellent! A varied menu (beef, fish, lamb) every day. Excellent beach, wide selection of drinks. The room was cleaned every day! The service and facilities were excellent! The level of the performers at showtime needs to be improved a bit! The animators are all great, trying their best and offering unobtrusive entertainment! Our vacation was a success!",a month ago,2026-07-05,,,1 review,Ci9DQUlRQUNvZENodHljRjlvT21nMWVrbzVSMDVmUTE5TWFFVTNkV3RzZHpNeWVuYxAB
Erika Ebenhart,5.0,"We had a fantastic holiday. Entertainment for everyone: volleyball, darts, bocce... The service was excellent. The restrooms were clean.

Daily room service.
The à la carte dining on the rooftop terrace was superb. The staff—Dervis, Mucahit, Cici, and Yusuf—were attentive. The à la carte chefs, Kader and Celal, did a great job.",a month ago,2026-07-05,,,1 review,Ci9DQUlRQUNvZENodHljRjlvT25GME5ITmxOVlJEZERGR09XODJaMk52TFZWT1VuYxAB
Ece Selimoğlu,5.0,We had a wonderful holiday at the Adora Hotel. Everyone was very helpful and attentive. A big thank you to Umut and Damla from guest relations for their help. Our dinner at Mezzetto was delicious. Many thanks to waiters Esra and Ahmet. Kudos to chefs Arif and Eylül from the kitchen. And a big thank you to Chef Cihangir at Mezzetto for his professionalism and attentiveness.,a month ago,2026-07-05,,"Dear Guest,

First of all, thank you for choosing our hotel for your holiday and for taking the time to write your review.

All your comments are important to us at Adora Resort Hotels. They encourage us to improve and become better. We strive to provide you, our valued guests, with impeccable service. We are happy to have hosted you and wish you a healthy and peaceful year with your loved ones.

Sincerely,

The Adora Hotel & Resort Family.",5 reviews,Ci9DQUlRQUNvZENodHljRjlvT21Od1N6WXpPSFZZTkc5RFkyUTBia1pxVTBkcVMyYxAB
mehmet sönmez,4.0,"The hotel is nice, but the rooms need a little more maintenance. The food is average, good value for money. However, Umut and Damla in customer service were superb. Chef Cihangir Bey, waiters Ahmet and Esra, and Arif and Eylül from the kitchen were incredibly attentive and helpful; we thank them very much, their service was top-notch.",a month ago,2026-07-05,,"Dear Guest,

First of all, thank you for choosing our hotel for your holiday and for taking the time to write your review.

All your comments are important to us at Adora Resort Hotels. They encourage us to improve and become better. We strive to provide you, our valued guests, with impeccable service. We are happy to have hosted you and wish you a healthy and peaceful year with your loved ones.

Sincerely,

The Adora Hotel & Resort Family.",1 review,Ci9DQUlRQUNvZENodHljRjlvT2pWa2NEUkxNbEp4YUdwWFJIRmFZbmxsTW01MmNrRRAB
Martin Lieskovsky,5.0,The hotel is beautifully clean and well maintained. The staff is friendly and attentive. We felt comfortable here for the whole week. One evening we booked the restaurant on the roof of the hotel with a beautiful view of the sea and the surroundings. We would like to thank the Seherezat team who took care of us during the whole evening from the first to the last moment. They took care of us like kings and queens. We enjoyed it here,a month ago,2026-07-05,,"Dear Guest,

First of all, we would like to thank you for choosing our hotel and for taking your valuable time to evaluate it.

All your comments are important to us as Adora Resort Hotels. Your evaluation will encourage us to improve and become better. As a facility, we are trying to provide perfect service to our valued guests.

We express our pleasure to welcome you and wish you a healthy and peaceful year with your loved ones.

Kind regards,

Adora Hotel & Resort.",2 reviews,Ci9DQUlRQUNvZENodHljRjlvT21GSVdVWmpRV3AwUVV0VFdEQmFkMGN6TlZJM2FtYxAB
iveta dobsovicova,5.0,"The hotel had a very great location, 30 minutes transfer. Large complex, pools have different depths, somewhere 175, somewhere 130. Children's pools are separate. There are a lot of sunbeds here, whether by the sea or by the pool.
The food changes every day, there is a lot to choose from. ( Night restaurant, ) various snack bars also to choose from. Rooms very good, always cleaned. Mini bar replenished every day. I recommend 10/10",a month ago,2026-07-05,,"Dear Guest,

First of all, we would like to thank you for choosing our hotel and for taking your valuable time to evaluate it.

All your comments are important to us as Adora Resort Hotels. Your evaluation will encourage us to improve and become better. As a facility, we are trying to provide perfect service to our valued guests.

We express our pleasure to welcome you and wish you a healthy and peaceful year with your loved ones.

Kind regards,
Adora Hotel & Resort.",Local Guide · 22 reviews · 14 photos,Ci9DQUlRQUNvZENodHljRjlvT25KT1dreFZkRFZmUmxsTWEzQk5UemwyVWtKc2FFRRAB
Юлия Никитенко,5.0,Everything is fine!,a month ago,2026-07-05,,,2 reviews · 8 photos,Ci9DQUlRQUNvZENodHljRjlvT25KVlZtSjZiVE00TFhKME1uTjBObk5vUkc5dlRrRRAB
Nemanja Tarlac,5.0,"We are very satisfied with the complete service, the food is varied and delicious, every recommendation. 👌",a month ago,2026-07-05,,"Dear Guest,

First of all, we would like to thank you for choosing our hotel and for taking your valuable time to evaluate it.

All your comments are important to us as Adora Resort Hotels. Your evaluation will encourage us to improve and become better. As a facility, we are trying to provide perfect service to our valued guests.

We express our pleasure to welcome you and wish you a healthy and peaceful year with your loved ones.

Kind regards,

Adora Hotel & Resort.",1 review,Ci9DQUlRQUNvZENodHljRjlvT2tOaE56bHllV2haYkVKaWVYVk5hRTlyYWxKb2JFRRAB
Pa Ba,5.0,Adora is a Great Hotel. Damla from Guest Relation is the best!!! 🫶🏼,a month ago,2026-07-05,,"Dear Guest,

First of all, we would like to thank you for choosing our hotel and for taking your valuable time to evaluate it.

All your comments are important to us as Adora Resort Hotels. Your evaluation will encourage us to improve and become better. As a facility, we are trying to provide perfect service to our valued guests.

We express our pleasure to welcome you and wish you a healthy and peaceful year with your loved ones.

Kind regards,

Adora Hotel & Resort.",11 reviews,Ci9DQUlRQUNvZENodHljRjlvT25sdGRXOXpkMHB1WlVGVmNITnNSVTlsWjJkcWNWRRAB
Zeliha Önder,5.0,"We stayed for 5 nights with 2 families at the end of June. I'd like to share my experience for those who are researching it. First of all, as soon as you arrive at the hotel, even before you get out of your car, a staff member greets you and escorts you to your room. There are quite a lot of staff, all very friendly and welcoming. Everything from the rooms to the shared toilets is spotlessly clean. I'm someone who can't eat meat in public places. I finished all the food I was given during the 5 days; it was all delicious and clean. The Turkish night meals were especially amazing. The shows prepared every evening for both children and adults were extremely professional. We didn't have a single minute to be bored at the hotel. The pool is perfectly adequate and fun. You can go from the pool to the sea in just a few steps. If you ask what's negative, the air conditioning in the rooms was insufficient, and the pillows and beds were a little uncomfortable. But overall, it's a perfect family hotel; the food is very good, and the alcoholic drinks are more than sufficient. Everything is spotlessly clean, and the staff are incredibly attentive, making you feel very special.",a month ago,2026-07-05,,,5 reviews,Ci9DQUlRQUNvZENodHljRjlvT25CRlZrMTVYMVJsWjNReGNrTXhXSEJoTW1WNE5WRRAB
Marishal Home,5.0,"Excellent food, service, entertainment, and, of course, the sea! We loved our stay and would recommend it to anyone. Not far from the airport.",a month ago,2026-07-05,,,1 review,Ci9DQUlRQUNvZENodHljRjlvT21Wc1ZVNTZVa0ZCVTNwVWMyMU5TVVJSZVdKSlFrRRAB
Eugen Lechler,5.0,"Everything was great. Good staff, good service.",a month ago,2026-07-05,,,Local Guide · 11 reviews · 3 photos,Ci9DQUlRQUNvZENodHljRjlvT2tWZk5HTTRiMVZzY21FeE0xbERUSHAxTkVOWmNuYxAB
Denis Brajkovic,5.0,,a month ago,2026-07-05,,"Dear Guest,

First of all, we would like to thank you for choosing our hotel and for taking your valuable time to evaluate it.

All your comments are important to us as Adora Resort Hotels. Your evaluation will encourage us to improve and become better. As a facility, we are trying to provide perfect service to our valued guests.

We express our pleasure to welcome you and wish you a healthy and peaceful year with your loved ones.

Kind regards,

Adora Hotel & Resort.",,Ci9DQUlRQUNvZENodHljRjlvT21SNFFWbFpSMUpQTWxvNFNFSldWVmsxYldVMVJIYxAB
Haytch Rttb,5.0,"We had a wonderful stay at Adora Hotel and would like to thank the entire team for making our holiday so enjoyable.
A very special thank you to the Guest Relations team, especially Umut and Elif, for the exceptional care and attention they gave to our daughter. They went above and beyond to accommodate her needs, and their kindness, professionalism, and genuine compassion made a huge difference to our family's experience.
The staff throughout the resort were friendly, welcoming, and always willing to help, making us feel at home from the moment we arrived.
Thank you once again for such a memorable holiday. We truly appreciate everything you did for us, and we hope to return to Adora Hotel again in the future.",a month ago,2026-07-05,,"Dear Guest,

First of all, we would like to thank you for choosing our hotel and for taking your valuable time to evaluate it.

All your comments are important to us as Adora Resort Hotels. Your evaluation will encourage us to improve and become better. As a facility, we are trying to provide perfect service to our valued guests.

We express our pleasure to welcome you and wish you a healthy and peaceful year with your loved ones.

Kind regards,

Adora Hotel & Resort.",4 reviews,Ci9DQUlRQUNvZENodHljRjlvT2kxWFMyaEZkMWhJUjNwcllXOXdZVk5HVWsxT1VXYxAB
zeynep gündoğdu,5.0,,a month ago,2026-07-05,,"Dear Guest,

First of all, thank you for choosing our hotel for your holiday and for taking the time to write your review.

All your comments are important to us at Adora Resort Hotels. They encourage us to improve and become better. We strive to provide you, our valued guests, with impeccable service. We are happy to have hosted you and wish you a healthy and peaceful year with your loved ones.

Sincerely,

The Adora Hotel & Resort Family.",,Ci9DQUlRQUNvZENodHljRjlvT2s1TmFGbGpkemRtZFdFdGIzSXlOVFJ0UlRsSWFsRRAB
ayşegül gündoğdu,5.0,Everything was wonderful and the staff were very attentive and friendly.,a month ago,2026-07-05,,"Dear Guest,

First of all, thank you for choosing our hotel for your holiday and for taking the time to write your review.

All your comments are important to us at Adora Resort Hotels. They encourage us to improve and become better. We strive to provide you, our valued guests, with impeccable service.

We are happy to have hosted you and wish you a healthy and peaceful year with your loved ones.

Sincerely,
The Adora Hotel & Resort Family.",1 review,Ci9DQUlRQUNvZENodHljRjlvT2pFNFgzSmpYMnRpT1dKVWMzaFlOWEU1UjAxRllXYxAB
Beata Černá,5.0,"The hotel provides great service, everything is available all day long. The food is varied and delicious.",a month ago,2026-07-05,,"Dear Guest,

First of all, we would like to thank you for choosing our hotel and for taking your valuable time to evaluate it.

All your comments are important to us as Adora Resort Hotels. Your evaluation will encourage us to improve and become better. As a facility, we are trying to provide perfect service to our valued guests.

We express our pleasure to welcome you and wish you a healthy and peaceful year with your loved ones.

Kind regards,

Adora Hotel & Resort.",1 review,Ci9DQUlRQUNvZENodHljRjlvT2s1bkxVNVdRalZOZUhsa1YwRmpTM2hKZDJWSVIzYxAB
Ayşe Keleş,5.0,"Everything was great, the service was excellent, I was very pleased, it's a hotel we would recommend to everyone.",a month ago,2026-07-05,,"Dear Guest,

First of all, thank you for choosing our hotel for your holiday and for taking the time to write your review.

All your comments are important to us at Adora Resort Hotels. They encourage us to improve and become better. We strive to provide you, our valued guests, with impeccable service. We are happy to have hosted you and wish you a healthy and peaceful year with your loved ones.

Sincerely,

The Adora Hotel & Resort Family.",1 review,Ci9DQUlRQUNvZENodHljRjlvT25obGNrWnBhV053WlZWcFRXUm9OM0pDTjFGRlQzYxAB
Oľga Vranová,5.0,,a month ago,2026-07-05,,"Dear Guest,

First of all, thank you for choosing our hotel and taking the time to leave a detailed review. We value every guest's opinion and strive to do everything possible to ensure a pleasant and comfortable stay at Adora Resort Hotels.

Knowing about your positive impressions of your stay at our hotel is our greatest reward! We hope to welcome you and your family back to our hotel soon.

Best regards,
Adora Hotel & Resort",3 reviews,Ci9DQUlRQUNvZENodHljRjlvT2tscldsSTJVR2R3VVZGTFFsRjRSbmhsUzFkcFlYYxAB
Dana Vranová,5.0,,a month ago,2026-07-05,,"Dear Guest,

First of all, thank you for choosing our hotel and taking the time to leave a detailed review. We value every guest's opinion and strive to do everything possible to ensure a pleasant and comfortable stay at Adora Resort Hotels.

Knowing about your positive impressions of your stay at our hotel is our greatest reward! We hope to welcome you and your family back to our hotel soon.

Best wishes,

Adora Hotel & Resort",,Ci9DQUlRQUNvZENodHljRjlvT2xsU01YWXhhWEJuVEd0c1R6TkVTUzB3WVVrMlZrRRAB
Klaudia Raganová,5.0,Great services!,a month ago,2026-07-05,,"Dear Guest,

First of all, we would like to thank you for choosing our hotel and for taking your valuable time to evaluate it.

All your comments are important to us as Adora Resort Hotels. Your evaluation will encourage us to improve and become better. As a facility, we are trying to provide perfect service to our valued guests.

We express our pleasure to welcome you and wish you a healthy and peaceful year with your loved ones.

Kind regards,

Adora Hotel & Resort.",2 reviews,Ci9DQUlRQUNvZENodHljRjlvT2xkVFJXNUxWVVY1VkU5MU4waHNkVTlhT0dwaWQxRRAB
Semih Torunlar,5.0,Sales manager Mr. Rıza is very helpful and competent in his work. We thank him and look forward to seeing him in October.,a month ago,2026-07-05,,"Dear Guest,

First of all, thank you for choosing our hotel for your holiday and for taking the time to write your review.

All your comments are important to us at Adora Resort Hotels. They encourage us to improve and become better. We strive to provide you, our valued guests, with impeccable service. We are happy to have hosted you and wish you a healthy and peaceful year with your loved ones.

Sincerely,

The Adora Hotel & Resort Family.",Local Guide · 131 reviews · 68 photos,Ci9DQUlRQUNvZENodHljRjlvT25Nd2N6TlRWRTlMWXpsb2RsWkZiRUl4V2s5QmJYYxAB
Burim,5.0,"Best hotel ever!

The service was excellent.

The food was very good.

Guest service was incredibly friendly. 👍

I highly recommend it!",a month ago,2026-07-05,,"Dear Guest,

First of all, we would like to thank you for choosing our establishment for your vacation, for your valuable time, and for your review.

We always strive to provide our valued guests with excellent service.

We would be delighted to welcome you back again and wish you a healthy and peaceful year with your family.

Sincerely,

Adora Hotel & Resort",3 reviews,Ci9DQUlRQUNvZENodHljRjlvT2xkWFJuRlhSa0owYzBoblRuVkRkR1V5VFdRNWMzYxAB
tuncowski,5.0,"This was my 5th stay at the Adora Hotel. It's truly a great value-for-money hotel; everything is fantastic. The children's and wheelchair ramps are legendary. The hotel is very compact, and the staff are like fine aged wine. I would like to …",a month ago,2026-07-05,,,,ChZDSUhNMG9nS0VMUzE3bzJLckp2OWZBEAE
Sergen Yüksel,5.0,Clean and good animation,a month ago,2026-07-05,,"Dear Guest,

First of all, we would like to thank you for choosing our establishment for your vacation, for your valuable time, and for your review.

We always strive to provide our valued guests with excellent service.

We would be delighted to welcome you back again and wish you a healthy and peaceful year with your family.

Sincerely,

Adora Hotel & Resort",5 reviews,Ci9DQUlRQUNvZENodHljRjlvT2pWNmEybHFVMVZUTW5aa1VraHNTbmRIZVhKVFlWRRAB
Bohdan Hornacek,5.0,"Grouper fish was excellent, calars as well. Overall area very nice, good drinks.",a month ago,2026-07-05,,"Dear Guest,

First of all, we would like to thank you for choosing our hotel and for taking your valuable time to evaluate it.

All your comments are important to us as Adora Resort Hotels. Your evaluation will encourage us to improve and become better. As a facility, we are trying to provide perfect service to our valued guests.

We express our pleasure to welcome you and wish you a healthy and peaceful year with your loved ones.

Kind regards,

Adora Hotel & Resort.",1 review,Ci9DQUlRQUNvZENodHljRjlvT21ZeFZUbHJaWFpUYlRaaFMyTk1SMUo0ZGpOcmVrRRAB
Mititelu Ion,5.0,"Pleasantly surprised by the service of the staff of this Adora hotel and not only, tasty food, everything at the level!!! We recommend!
In the Mezzetto restaurant we celebrated our birthday, great attention from each and every worker!",a month ago,2026-07-05,,"Dear Guest,

First of all, we would like to thank you for choosing our hotel and for taking your valuable time to evaluate it.

All your comments are important to us as Adora Resort Hotels. Your evaluation will encourage us to improve and become better. As a facility, we are trying to provide perfect service to our valued guests.

We express our pleasure to welcome you and wish you a healthy and peaceful year with your loved ones.

Kind regards,

Adora Hotel & Resort.",1 review,Ci9DQUlRQUNvZENodHljRjlvT2xoclZIcFRXbVF5VEVjMlF6UjJUR1poZUZGdGJXYxAB
Slawomir Rzepka,5.0,"Very beautiful, quiet, lots of nature.",a month ago,2026-07-05,,"Dear Guest,

First of all, we would like to thank you for choosing our establishment for your vacation, for your valuable time, and for your review.

We always strive to provide our valued guests with excellent service.

We would be delighted to welcome you back again and wish you a healthy and peaceful year with your family.

Sincerely,

Adora Hotel & Resort",1 review,Ci9DQUlRQUNvZENodHljRjlvT21OdVQwdExkVlpQVFROa1kwUlVRMXB4TVU5Q1ZuYxAB
Daniel Anghelina,5.0,"Overall the hotel is very nice. I recommend the A la Carte restaurants especially the Mezetto restaurant with fish and seafood. Thanks to the Chef Mr. Eylul, Arif. The service was also at the height thanks to: Esra, Ahmet, Hasan, Dispa.",a month ago,2026-07-05,,"Dear Guest,

First of all, we would like to thank you for choosing our hotel and for taking your valuable time to evaluate it.

All your comments are important to us as Adora Resort Hotels. Your evaluation will encourage us to improve and become better. As a facility, we are trying to provide perfect service to our valued guests.

We express our pleasure to welcome you and wish you a healthy and peaceful year with your loved ones.

Kind regards,

Adora Hotel & Resort.",1 review · 2 photos,Ci9DQUlRQUNvZENodHljRjlvT2tsM00xRTVlVWwwUzNCTWFVeHVTbVpNZFV4VFpXYxAB
Belgin Felger,5.0,"The hotel is very nice, we highly recommend it.",a month ago,2026-07-05,,"Dear Guest,

First of all, we would like to thank you for choosing our establishment for your vacation, for your valuable time, and for your review.

We always strive to provide our valued guests with excellent service.

We would be delighted to welcome you back again and wish you a healthy and peaceful year with your family.

Sincerely,

Adora Hotel & Resort",3 reviews,Ci9DQUlRQUNvZENodHljRjlvT25kdFRISjRjemRmZDNWTlZVNTZNbEIxV0dGQ2IwRRAB
Tolica Cristina,5.0,,a month ago,2026-07-05,,"Dear Guest,

First of all, we would like to thank you for choosing our establishment for your vacation, for your valuable time, and for your review.

We always strive to provide our valued guests with excellent service.

We would be delighted to welcome you back again and wish you a healthy and peaceful year with your family.

Sincerely,

Adora Hotel & Resort",,Ci9DQUlRQUNvZENodHljRjlvT2pkWU16Rk9UMEpSTlRsWGNFa3pWVU55WTFKdFkxRRAB
Pavel2166@mail.ru Makeev,5.0,"Good afternoon! I really like the adora golf resort. This is not our first time staying there. The food, service, and staff are excellent. Thanks to the adora team for a wonderful vacation!",a month ago,2026-07-05,,"Dear Guest,

First of all, thank you for choosing our hotel and taking the time to leave a detailed review. We value every guest's opinion and strive to do everything possible to ensure a pleasant and comfortable stay at Adora Resort Hotels.

Knowing about your positive impressions of your stay at our hotel is our greatest reward! We hope to welcome you and your family back to our hotel soon.

Best wishes,

Adora Hotel & Resort",1 review,Ci9DQUlRQUNvZENodHljRjlvT2tSeFUwdFNlSHBOWlMwME9Gb3pVM05ZVEZoSU9IYxAB
liuba ukv,5.0,"A fantastic beach with friendly staff, especially at the bar and in the Mezzetto restaurant, run by Esra, Hasan, Ahmet, and Dispatch.

A variety of activities are offered during the day and in the evenings, such as competitions, entertainment, a club, etc.",a month ago,2026-07-05,,"Dear Guest,

First of all, we would like to thank you for choosing our establishment for your vacation, for your valuable time, and for your review.

We always strive to provide our valued guests with excellent service.

We would be delighted to welcome you back again and wish you a healthy and peaceful year with your family.

Sincerely,

Adora Hotel & Resort",5 reviews,Ci9DQUlRQUNvZENodHljRjlvT2toSWQxSnZhV3BXWTBsUGIzRXlSSEpPTTBWeVoxRRAB
Valentin.L,5.0,"Very nice stay
Rooms are clean
Service is great 👍
The hotel's Mezzetto restaurant is right on the beach and has very good fish.",a month ago,2026-07-05,,"Dear Guest,

First of all, we would like to thank you for choosing our establishment for your vacation, for your valuable time, and for your review.

We always strive to provide our valued guests with excellent service.

We would be delighted to welcome you back again and wish you a healthy and peaceful year with your family.

Sincerely,

Adora Hotel & Resort",2 reviews,Ci9DQUlRQUNvZENodHljRjlvT2xCVFZsRnhlblE0YjBreUxURTJRVmhHVEZKTFJrRRAB
Alina Hooge,5.0,"Very nice hotel. The food, entertainment, and service are superb.

Everything was excellent.

Especially the waiters at Mezzetto: Esra, Ahmet, Hasan, and Dispa.",a month ago,2026-07-05,,"Dear Guest,

First of all, we would like to thank you for choosing our establishment for your vacation, for your valuable time, and for your review.

We always strive to provide our valued guests with excellent service.

We would be delighted to welcome you back again and wish you a healthy and peaceful year with your family.

Sincerely,

Adora Hotel & Resort",3 reviews,Ci9DQUlRQUNvZENodHljRjlvT21kaExWRlhiWEV0YWpkNE0wSmxMVmhrVm1aRFFuYxAB
Андрей Ф,4.0,,a month ago,2026-07-05,,"Dear Guest,

First of all, thank you for choosing our hotel and taking the time to leave a detailed review. We value every guest's opinion and strive to do everything possible to ensure a pleasant and comfortable stay at Adora Resort Hotels.

Knowing about your positive impressions of your stay at our hotel is our greatest reward! We hope to welcome you and your family back to our hotel soon.

Best wishes,

Adora Hotel & Resort",Local Guide · 17 reviews · 28 photos,Ci9DQUlRQUNvZENodHljRjlvT205VlJWVmhhMlJPV0hVd1VXNWpUVmhXZUhOWlZIYxAB
Passenger06098326020,5.0,"We had a great experience at this resort. The atmosphere is amazing and the rooms are ok. We had some problems with the A/C but the staff is very responsive and helped us. Is located very near to the airport, we were first to be at the …",a month ago,2026-07-05,,,,ChZDSUhNMG9nS0VMWGN6NFRrdXFxaVB3EAE
J334DHmagdab,5.0,"It’s the best experience I have ever had! |The stuff is very welcoming, the Rooms are clean daily, the activities here are amazing, the diversity is so vast that every single one has a good time, no matters of the age or physical …",a month ago,2026-07-05,,,,ChZDSUhNMG9nS0VMSGVuT0hIbThucFZBEAE
55g_neyk,5.0,"Perfect and absolutely beautiful. ||The best staff I've seen in a long time |Ahmet, Mehmet Ali, Kerim, Çağrı |Emir |Thank you (teşekkür ederim) 🌟🌟🌟🌟🌟 …",a month ago,2026-07-05,,,,ChdDSUhNMG9nS0VKVzQ1Y1BQZ2FmNG1RRRAB
Баратжан Ш,5.0,top-notch service,a month ago,2026-07-05,,"Dear Guest,

First of all, thank you for choosing our hotel and taking the time to leave a detailed review. We value every guest's opinion and strive to do everything possible to ensure a pleasant and comfortable stay at Adora Resort Hotels.

Knowing about your positive impressions of your stay at our hotel is our greatest reward! We hope to welcome you and your family back to our hotel soon.

Best wishes,

Adora Hotel & Resort",1 review,Ci9DQUlRQUNvZENodHljRjlvT2pSalEwTnRSMUU1T1ZSMmJFdGhaa2gwZVZwWWFYYxAB
Мария Тарасова,5.0,"An excellent, wonderful hotel! The food is delicious and varied. The staff are true professionals. They make our stay comfortable! It's clean! Thank you very much. I especially appreciate the restaurant with its panoramic view. To the waiters Mucahit, Dervis, Yusuf, and Cici, to the chefs Kader, Celal, and to everyone else who works at the hotel, their hard work makes our stay wonderful. Thank you!",a month ago,2026-07-05,,"Dear Guest,

First of all, thank you for choosing our hotel and taking the time to leave a detailed review. We value every guest's opinion and strive to do everything possible to ensure a pleasant and comfortable stay at Adora Resort Hotels.

Knowing about your positive impressions of your stay at our hotel is our greatest reward! We hope to welcome you and your family back to our hotel soon.

Best wishes,

Adora Hotel & Resort",1 review · 2 photos,Ci9DQUlRQUNvZENodHljRjlvT21aME4wZHBRazlXYkdscVUxaDZkVzh0YUZaalZuYxAB
Alesja Popkova,5.0,Very nice place!! This is our second year here and we don't regret it!!,a month ago,2026-07-05,,"Dear Guest,

First of all, thank you for choosing our hotel and taking the time to leave a detailed review. We value every guest's opinion and strive to do everything possible to ensure a pleasant and comfortable stay at Adora Resort Hotels.

Knowing about your positive impressions of your stay at our hotel is our greatest reward! We hope to welcome you and your family back to our hotel soon.

Best wishes,

Adora Hotel & Resort",1 review,Ci9DQUlRQUNvZENodHljRjlvT2xCQmRXVTRhSFJKYlVGQmNGOTFYelZhWkVnNU1rRRAB
Oksana garmashova,5.0,"This is our second time here, everything is perfect, the area is beautiful and clean, the food is delicious, and the entertainment is excellent.",a month ago,2026-07-05,,"Dear Guest,

First of all, thank you for choosing our hotel and taking the time to leave a detailed review. We value every guest's opinion and strive to do everything possible to ensure a pleasant and comfortable stay at Adora Resort Hotels.

Knowing about your positive impressions of your stay at our hotel is our greatest reward! We hope to welcome you and your family back to our hotel soon.

Best wishes,

Adora Hotel & Resort",2 reviews,Ci9DQUlRQUNvZENodHljRjlvT2xJek55MVNZbk55WjBOV01UQmpiamRCTmw4dFEwRRAB
Albina Ar,5.0,"I liked the hotel's cozy location, homey atmosphere, and friendly staff. The food was varied and plentiful (I almost burst), and the beach was quite clean. I really liked the constant activity offerings (especially the plentiful and delicious food). The gym is world-class, with SUPs, exercise classes, and more. The kids' play area is excellent, and the staff is great. The hotel's entertainment is excellent! Overall, everything was great; we'll be back!",a month ago,2026-07-05,,"Dear Guest,

First of all, thank you for choosing our hotel and taking the time to leave a detailed review. We value every guest's opinion and strive to do everything possible to ensure a pleasant and comfortable stay at Adora Resort Hotels.

Knowing about your positive impressions of your stay at our hotel is our greatest reward! We hope to welcome you and your family back to our hotel soon.

Best wishes,

Adora Hotel & Resort",1 review,Ci9DQUlRQUNvZENodHljRjlvT2pWMmMyeFBhVUpHZFdoa1dVNVdVams0Y0ZKSmQxRRAB
Anton Kifel,5.0,"Four of us stayed at the Adora Hotel and were thrilled. The rooms were clean and comfortable, the grounds were spacious, and there were plenty of bars with a variety of drinks. The food in the main restaurant catered to every taste, thanks to Chef Oguzhan. The entertainment was the best in the world for both children and adults. And special thanks to Arina for her attention. We spent a wonderful evening at the Shehrazat restaurant and would like to thank the staff for their attentive service: Dervis, Mucahit, Yusuf, and chefs Kader and Celan. We highly recommend this place.",a month ago,2026-07-05,,"Dear Guest,

First of all, thank you for choosing our hotel and taking the time to leave a detailed review. We value every guest's opinion and strive to do everything possible to ensure a pleasant and comfortable stay at Adora Resort Hotels.

Knowing about your positive impressions of your stay at our hotel is our greatest reward! We hope to welcome you and your family back to our hotel soon.

Best regards,
Adora Hotel & Resort",1 review,Ci9DQUlRQUNvZENodHljRjlvT2tka0xXSmlUMFpmT0hwNGJESlBWRzFrTm5KcGNYYxAB
Jekaterina Goidina,5.0,"A very good experience staying at the hotel. I'd especially like to mention the Mediterranean restaurant with its stunning sea view. A big thank you to the staff who served us (Dervis, Mucahit, Yusuf, Cici) and the chefs (Kader, Celal).",a month ago,2026-07-05,,"Dear Guest,

First of all, thank you for choosing our hotel and taking the time to leave a detailed review. We value every guest's opinion and strive to do everything possible to ensure a pleasant and comfortable stay at Adora Resort Hotels.

Knowing about your positive impressions of your stay at our hotel is our greatest reward! We hope to welcome you and your family back to our hotel soon.

Best wishes,

Adora Hotel & Resort",1 review,Ci9DQUlRQUNvZENodHljRjlvT20xSWVubHRkRUpvTFcxMWJVTjVibVpVWDJGYVZIYxAB
Patrick,4.0,Very nice hotel 👌,a month ago,2026-07-05,,"Dear Guest,

First of all, we would like to thank you for choosing our establishment for your vacation, for your valuable time, and for your review.

We always strive to provide our valued guests with excellent service.

We would be delighted to welcome you back again and wish you a healthy and peaceful year with your family.

Sincerely,

Adora Hotel & Resort",1 review · 1 photo,Ci9DQUlRQUNvZENodHljRjlvT2tWemNHRjZZamQ2YkZBeVNqRnJaVTFuU3kxQ09HYxAB
Firestorm,5.0,"Excellent hotel!
Nice wide beach with a sandy entrance, spacious rooms, and well-maintained grounds. Suitable for families with children.",a month ago,2026-07-05,,"Dear Guest,

First of all, thank you for choosing our hotel and taking the time to leave a detailed review. We value every guest's opinion and strive to do everything possible to ensure a pleasant and comfortable stay at Adora Resort Hotels.

Knowing about your positive impressions of your stay at our hotel is our greatest reward! We hope to welcome you and your family back to our hotel soon.

Best wishes,

Adora Hotel & Resort",1 review,Ci9DQUlRQUNvZENodHljRjlvT2w5TWFHMDNUVXBMYjFBM1ZtbFZRVEZKU1RsdFVXYxAB
Xena Dyrgalla,5.0,"Fantastic resort, the guest service staff (Doğu) were very friendly, and the food was delicious. The rooms were very clean, and the hotel offered great entertainment for all ages!

Highly recommended!",a month ago,2026-07-05,,"Dear Guest,

First of all, we would like to thank you for choosing our establishment for your vacation, for your valuable time, and for your review.

We always strive to provide our valued guests with excellent service.

We would be delighted to welcome you back again and wish you a healthy and peaceful year with your family.

Sincerely,

Adora Hotel & Resort",1 review,Ci9DQUlRQUNvZENodHljRjlvT2tZemFXMW1jbkV4YWxCVFlURmtOMlZZWXpCWlVHYxAB
Ebubekir Gürlek,5.0,"Great resort. Clean rooms. Good service and good food.

Dogu from guest services is a great advisor.",a month ago,2026-07-05,,"Dear Guest,

First of all, we would like to thank you for choosing our establishment for your … More",6 reviews,Ci9DQUlRQUNvZENodHljRjlvT2pBeU16QnNYMHMwUkhSRVNEVlRhVXhGV1VsaloyYxAB
mendi _x10,5.0,"Everyone was very friendly and the hotel was very nice, especially the Guest Relations staff.",a month ago,2026-07-05,,"Dear Guest,

First of all, we would like to thank you for choosing our establishment for your … More",Local Guide · 15 reviews,Ci9DQUlRQUNvZENodHljRjlvT21ob2JUTkNVMUZHUzJwUE1FTjRWems1YjNBeFJWRRAB
Roman Kondratev,5.0,"I recommend this hotel! We traveled with family and friends. Beautiful grounds and beach. Delicious and varied food. We tried the a la carte menu twice, and everything was delicious 👍🏼 …",a month ago,2026-07-05,,"Dear Guest,

First of all, thank you for choosing our hotel and taking the time to leave a … More",3 reviews,Ci9DQUlRQUNvZENodHljRjlvT25oamFVUlRaVE5HYW5kS1oxcElORlYzVjBkMVZGRRAB
Kirill pronin,5.0,Very good,a month ago,2026-07-05,,"Dear Guest,

First of all, we would like to thank you for choosing our hotel and for taking … More",1 review,Ci9DQUlRQUNvZENodHljRjlvT21KWWQzbHFjMFJ3VDFaRlpXVTRXa2RaVmpZNVJIYxAB
serhatoe,5.0,Very nice hotel. Close to the airport. The food is excellent and varied. I would gladly stay here again.,a month ago,2026-07-05,,"Dear Guest,

First of all, we would like to thank you for choosing our establishment for your … More",Local Guide · 14 reviews · 10 photos,Ci9DQUlRQUNvZENodHljRjlvT20xNVNWTk9iMDEyTVRWb09YaGlhemt4VlhSMFRsRRAB
Dirk Stelte,5.0,"We are extremely satisfied with this hotel; we simply cannot understand the negative reviews.

The food is fantastic, with a huge selection of salads, varied every day, and very tasty. There are several grills set up, and you can also order à la carte. The staff is very courteous and attentive. The tables are constantly being re-clothed. Overall, everything is superb.",a month ago,2026-07-05,,"Dear Guest,

First of all, we would like to thank you for choosing our establishment for your vacation, for your valuable time, and for your review.

We always strive to provide our valued guests with excellent service.

We would be delighted to welcome you back again and wish you a healthy and peaceful year with your family.

Sincerely,

Adora Hotel & Resort",1 review,Ci9DQUlRQUNvZENodHljRjlvT204eU4wWlNXWGRPY0ZWaVJFaHZWR1ZRU0RGTGNYYxAB
612nikolaik,5.0,"We stayed at the Hotel Adora from June 20th to June 27th. The reception initially made us a little uneasy with its rather basic appearance, but don't jump to conclusions – the hotel is really very good. Everything is clean, the rooms are …",a month ago,2026-07-05,,,,ChZDSUhNMG9nS0VLT0FnYktBbWVHUVBBEAE
A H,5.0,"We are extremely satisfied! See you next year! The service was very helpful, especially the employee Dogu – he was fantastic!",a month ago,2026-07-05,,"Dear Guest,

First of all, we would like to thank you for choosing our establishment for your … More",5 reviews,Ci9DQUlRQUNvZENodHljRjlvT21vMWRUVnlhM2d4WDBSQk1HNDNZbWt6VjBGNFZHYxAB
Dmitriy Borintsev,5.0,"Adora is simply wow! This is my second time here, and the vacation was a total success: sports, entertainment, amazing shows—everything is top-notch, and no one is too pushy. The food is divine, the selection is huge, and there's something new every day. But the most important thing is the people. The staff treats you with such respect and warmth that you immediately feel like you belong, not just a room. And on top of that, everything is spotlessly clean. Honestly, this is the best experience I've had in a while. Thanks, guys, you're awesome! I miss you already ☀️",a month ago,2026-07-05,,"Dear Guest,

First of all, thank you for choosing our hotel and taking the time to leave a detailed review. We value every guest's opinion and strive to do everything possible to ensure a pleasant and comfortable stay at Adora Resort Hotels.

Knowing about your positive impressions of your stay at our hotel is our greatest reward! We hope to welcome you and your family back to our hotel soon.

Best wishes,

Adora Hotel & Resort",1 review,Ci9DQUlRQUNvZENodHljRjlvT2xKWU1qQkxXR1J2V2kxMldsTnBORTFLY2kxUVozYxAB
Нариман Алиев,5.0,"A luxurious hotel with excellent service. Many thanks to the management for choosing the right team of staff. The food in the main restaurant is superb, catering to every taste, and a huge thank you to Chef Alican Deniz and Oguzhan for that. You can tell they cook with passion. We also had a wonderful evening at the Shehrazad restaurant. We highly recommend this hotel to everyone.",a month ago,2026-07-05,,"Dear Guest,

First of all, thank you for choosing our hotel and taking the time to leave a detailed review. We value every guest's opinion and strive to do everything possible to ensure a pleasant and comfortable stay at Adora Resort Hotels.

Knowing about your positive impressions of your stay at our hotel is our greatest reward! We hope to welcome you and your family back to our hotel soon.

Best wishes,

Adora Hotel & Resort",1 review,Ci9DQUlRQUNvZENodHljRjlvT2t4WVgycHNTbWh4ZFU4MGVuUk1YMVU0UWxaa1ptYxAB
Gerzen Nikita,5.0,Everything fine!,a month ago,2026-07-05,,"Dear Guest,

First of all, we would like to thank you for choosing our establishment for your vacation, for your valuable time, and for your review.

We always strive to provide our valued guests with excellent service.

We would be delighted to welcome you back again and wish you a healthy and peaceful year with your family.

Sincerely,

Adora Hotel & Resort",1 review,Ci9DQUlRQUNvZENodHljRjlvT21sVGNGaHhjbU01WTFkbFNXY3RhblZuVWtWSE5sRRAB
Bunster4ik,5.0,"I'd like to wholeheartedly thank the entire Adora Hotel team for a wonderful vacation! ❤️

This is a place you'll want to return to again and again. The cozy grounds, clean rooms, delicious and varied cuisine, warm sea, and wonderful atmosphere made our vacation truly unforgettable.

Special thanks to all the staff for their attentiveness, to the entertainers Alina (there are many of them), and to Arina for her friendliness and genuine care for the guests. Each employee made us feel truly welcome. A huge thank you to Chef Denis Alijan for the wonderful dishes!!!!
To the wonderful guest relations manager Ida! Always in touch, always ready to answer any questions!

The most luxurious restaurant with a sea view and wonderful cuisine, ""Shezrazat""! It's magical!!! Special thanks to Mucahit, Dervis, Suleyman, Yusuf, and Cici for their wonderful service and attention.

Thank you for your hard work, high level of service, and many pleasant experiences! I wish the hotel continued prosperity, grateful guests, and only positive reviews. Until next time!",a month ago,2026-07-05,,"Dear Guest,

First of all, thank you for choosing our hotel and taking the time to leave a detailed review. We value every guest's opinion and strive to do everything possible to ensure a pleasant and comfortable stay at Adora Resort Hotels.

Knowing about your positive impressions of your stay at our hotel is our greatest reward! We hope to welcome you and your family back to our hotel soon.

Best wishes,

Adora Hotel & Resort",2 reviews,Ci9DQUlRQUNvZENodHljRjlvT25wU2NtMVFPVUY0VEd4bU4xaHJVbGRxT1hocU4zYxAB
sylwia stencel,5.0,Great hotel. Delicious food. I recommend it.,a month ago,2026-07-05,,"Dear Guest,

First of all, we would like to thank you for choosing our hotel and for taking your valuable time to evaluate it.

All your comments are important to us as Adora Resort Hotels. Your evaluation will encourage us to improve and become better. As a facility, we are trying to provide perfect service to our valued guests.

We express our pleasure to welcome you and wish you a healthy and peaceful year with your loved ones.

Kind regards,

Adora Hotel & Resort.",6 reviews,Ci9DQUlRQUNvZENodHljRjlvT2xORldpMTJaREp4VjFveFZtdDBjR1J1Um5kZlowRRAB
selma kanat,5.0,,a month ago,2026-07-05,,"Dear Guest,

First of all, thank you for choosing our hotel for your holiday and for taking the time to write your review.

All your comments are important to us at Adora Resort Hotels. They encourage us to improve and become better. We strive to provide you, our valued guests, with impeccable service. We are happy to have hosted you and wish you a healthy and peaceful year with your loved ones.

Sincerely,

The Adora Hotel & Resort Family.",,Ci9DQUlRQUNvZENodHljRjlvT25CSmVrSnRVV1l6T0V0TmNuTlBlVWxVUlUxeVRtYxAB
Окс Вла,5.0,"The hotel is very good! Everything is wonderful, the staff is friendly. The vacation is wonderful!!! Entertainment throughout the day for both adults and children. I highly recommend this hotel. Today we went to the Shehrazat restaurant and were very grateful to the staff: Dervis, Mucahit, Cici, Suleyman, and Yusuf. We also want to especially thank Ida from the guest relations department for her attention.",a month ago,2026-07-05,,"Dear Guest,

First of all, thank you for choosing our hotel and taking the time to leave a detailed review. We value every guest's opinion and strive to do everything possible to ensure a pleasant and comfortable stay at Adora Resort Hotels.

Knowing about your positive impressions of your stay at our hotel is our greatest reward! We hope to welcome you and your family back to our hotel soon.

Best wishes,

Adora Hotel & Resort",1 review,Ci9DQUlRQUNvZENodHljRjlvT2psdlZYUlFSRkJaUzBRM01FcG9URzB5TjJNNVRrRRAB
Mária Lipová,5.0,"Everything was perfect, especially dinner in Sehrazat was absolutly amazing and we can definetly recommend it :)",a month ago,2026-07-05,,"Dear Guest,

First of all, we would like to thank you for choosing our hotel and for taking your valuable time to evaluate it.

All your comments are important to us as Adora Resort Hotels. Your evaluation will encourage us to improve and become better. As a facility, we are trying to provide perfect service to our valued guests.

We express our pleasure to welcome you and wish you a healthy and peaceful year with your loved ones.

Kind regards,

Adora Hotel & Resort.",3 reviews,Ci9DQUlRQUNvZENodHljRjlvT2xST1RGUlVRVkpqVFc1WlluQkthamczTFY5eFpVRRAB
Wiktoria Wnuk,5.0,"A great place to relax with the family, good food. Excellent internet connection. Clean rooms, clean resort. And a great bartender, Emir, who speaks Polish. Plenty of sunbeds available by the pool, a diverse menu, and attractions. The Sehrazat restaurant is amazing! There are plenty of snack bars open outside the restaurant.",a month ago,2026-07-05,,"Dear Guest,

First of all, we would like to thank you for choosing our hotel and for taking your valuable time to evaluate it.

All your comments are important to us as Adora Resort Hotels. Your evaluation will encourage us to improve and become better. As a facility, we are trying to provide perfect service to our valued guests.

We express our pleasure to welcome you and wish you a healthy and peaceful year with your loved ones.

Kind regards,

Adora Hotel & Resort.",1 review,Ci9DQUlRQUNvZENodHljRjlvT2kxaWFuaE9kakY2YkhCRVkySk9WbEU1YTJsTmEwRRAB
Leonid Bashmashnikov,5.0,"I've been visiting Turkey for 30 years. This year we stayed at the Adora Resort Hotel. We loved everything: the accommodations, the food, and the service. Special thanks to Guest Relation Melek. We also tried the a la carte restaurant, Mezetto. It was a very good experience.",a month ago,2026-07-05,,"Dear Guest,

First of all, thank you for choosing our hotel and taking the time to leave a detailed review. We value every guest's opinion and strive to do everything possible to ensure a pleasant and comfortable stay at Adora Resort Hotels.

Knowing about your positive impressions of your stay at our hotel is our greatest reward! We hope to welcome you and your family back to our hotel soon.

Best wishes,

Adora Hotel & Resort",1 review,Ci9DQUlRQUNvZENodHljRjlvT214amNYcEdjVEE1UkRWNGFVbGxjbk00Tm1VNVZsRRAB
Yigit Gk,5.0,"The animators were very attentive, friendly, and fun. I would come just for them. My thanks to Almira and Eren.",a month ago,2026-07-05,,"Dear Guest,

First of all, thank you for choosing our hotel for your holiday and for taking the time to write your review.

All your comments are important to us at Adora Resort Hotels. They encourage us to improve and become better. We strive to provide you, our valued guests, with impeccable service. We are happy to have hosted you and wish you a healthy and peaceful year with your loved ones.

Sincerely,

The Adora Hotel & Resort Family.",4 reviews,Ci9DQUlRQUNvZENodHljRjlvT25ZMk5IZEdjemxwWldaQ1VsUkZaMEpwY0hGd1VuYxAB
Anatolii Cerescu,1.0,"A bad hotel with arrogant and rude staff, I was very disappointed with two children, they kicked me out so I didn't even have a place to take a bath",a month ago,2026-07-05,,"Dear Guest,

Thank you for taking the time to share your feedback.

We are genuinely sorry to read that your experience did not meet your expectations. However, we would like to clarify that the statements made in your review do not accurately reflect the circumstances of your stay.

Our team remained polite and professional throughout your visit. Your request for a late check-out was carefully evaluated; however, due to our occupancy level and operational requirements, we were unfortunately unable to accommodate it. This decision was based solely on room availability and was applied in accordance with our hotel policies.

At no point were you or your family asked to leave the hotel in the manner described. Even after check-out, guests are informed about the facilities and services available to them in line with their reservation conditions.

We regret that our inability to grant a late check-out appears to have overshadowed your overall experience. We remain committed to treating every guest with respect and fairness while ensuring the same standards are applied to all.

Kind regards,
Adora Hotel & Resort.",1 review,Ci9DQUlRQUNvZENodHljRjlvT2xaUlptZFRTMGRwWkZSUlVVUlVaV3hrWjNKRVJFRRAB
sonert429,5.0,"The staff were superb, everything was perfect, but I'd like to give special mention to the animation team members Tolga, Berat, and Eren. Ayşe Hanım, who made the omelets, was so cheerful, and Serkan, Kerim, and Emir at the bar, and Özgür …",a month ago,2026-07-05,,,,ChdDSUhNMG9nS0VOZTYyNFNDdkl1VDJnRRAB
753muhammedi,5.0,"As someone who stays in hotels very often, I was very impressed by the food; it was truly an explosion of flavors, hundreds of different dishes, and each one more delicious than the last.",a month ago,2026-07-05,,,,ChdDSUhNMG9nS0VLZWZ3NkR6cXZDaHp3RRAB
Bülent DÜLGER,5.0,"The staff's smiles, the food, the cleanliness, the entertainment, everything was perfect. Many thanks to our friends who helped us this evening:
Ms. İda,
Mr. Mücahit Derviş, Mr. Süleyman Yusuf,
Ms. Cici,
Especially to Mr. Oğuzhan Deniz,
Ms. Damla from Guest Relations,
Mr. Alican who prepared wonderful food for us,
Mrs. Tolga, Mr. Eren, Ms. Almina, Ms. Almira from the animation team,
To the friends in the bars whose names I couldn't mention,
And to the cleaning team, thank you very much.",Edited a month ago,2026-07-05,,"Dear Guest,

First of all, thank you for choosing our hotel for your holiday and for taking the time to write your review.

All your comments are important to us at Adora Resort Hotels. They encourage us to improve and become better. We strive to provide you, our valued guests, with impeccable service. We are happy to have hosted you and wish you a healthy and peaceful year with your loved ones.

Sincerely,

The Adora Hotel & Resort Family.",2 reviews · 1 photo,Ci9DQUlRQUNvZENodHljRjlvT205SlJ6SlJiak5aVURGbFRYUTJRa2s1Vkc1Nk1FRRAB
Kübra Benli,5.0,"I extend my love and gratitude to the entire hotel staff. The cleanliness, the food, the friendliness—everything was top-notch. All the chefs, Mr. Oğuzhan, Mucahit, Suleyman, Yusuf, Derviş, and Ms. Cici, Ms. Damla from guest relations, Mr. Tolga and Mr. Eren from animation, the three lovely Alinas, and the entire team whose names I couldn't add—they were all wonderful.",Edited a month ago,2026-07-05,,"Dear Guest,

First of all, thank you for choosing our hotel for your holiday and for taking the time to write your review.

All your comments are important to us at Adora Resort Hotels. They encourage us to improve and become better. We strive to provide you, our valued guests, with impeccable service. We are happy to have hosted you and wish you a healthy and peaceful year with your loved ones.

Sincerely,

The Adora Hotel & Resort Family.",4 reviews,Ci9DQUlRQUNvZENodHljRjlvT205cmRsRm1Oa2xwU0VFeVV6QjRhVVEyTW5GeVMxRRAB
Ahmet Yıldız,5.0,"Overall, we were very pleased with the hotel where we stayed as a family. There were plenty of activities for children. The pool and the sea were beautiful. The food was also good.",a month ago,2026-07-05,,"Dear Guest,

First of all, thank you for choosing our hotel for your holiday and for taking … More",3 reviews,Ci9DQUlRQUNvZENodHljRjlvT21jdGEyYzJkamxwWW5Sa1RVeEZNRWxmYmtoME5HYxAB
Ana-Maria Badea,5.0,"I recommend this hotel, fresh and varied food, daily cleaning, shows every evening, worth the money",a month ago,2026-07-05,,"Dear Guest,

First of all, we would like to thank you for choosing our hotel and for taking … More",3 reviews,Ci9DQUlRQUNvZENodHljRjlvT21oU2FqSjZiVkozTlRGbWFHZEJURTE1V25WT1dGRRAB
Jumpy Jumpy,5.0,"Overall everything was very good, from daily room cleaning and housekeeping to food and drink services.. etc. friendly staff. I recommend.",a month ago,2026-07-05,,"Dear Guests,

First of all, we would like to thank you for choosing our hotel for your … More",2 reviews,Ci9DQUlRQUNvZENodHljRjlvT25kRE1tdHdTMFpSY1Y5Tk1EbFhSalk0TjAxclRHYxAB
Cristian,5.0,A wonderful location with quality services! I recommend!,a month ago,2026-07-05,,"Dear Guests,

First of all, we would like to thank you for choosing our hotel for your … More",4 reviews,Ci9DQUlRQUNvZENodHljRjlvT2pGYVNXcHZRWEJHYUhKU1dtcEJTVE15VkhRMlYwRRAB
Jana,5.0,"We had a lovely stay at the Adora Hotel. The rooms, service, and entertainment program (especially the sports program) were very good. Each stay includes one complimentary visit to the à la carte restaurant; the Sehrazat Restaurant on the rooftop terrace is highly recommended. The only downside is the somewhat isolated location (no promenade, town, or bazaar nearby).",a month ago,2026-07-05,,"Dear Guest,

First of all, we would like to thank you for choosing our establishment for your vacation, for your valuable time, and for your review.

We always strive to provide our valued guests with excellent service.

We would be delighted to welcome you back again and wish you a healthy and peaceful year with your family.

Sincerely,

Adora Hotel & Resort",7 reviews,Ci9DQUlRQUNvZENodHljRjlvT25KNU4zaDJiSE5uZWtOcFZFRTBRVTlmZDNsUk9VRRAB
M K,4.0,"A decent hotel with renovated rooms.

Delicious food and a clean facility.

Very attentive staff.",a month ago,2026-07-05,,"Dear Guest,

First of all, we would like to thank you for choosing our establishment for your vacation, for your valuable time, and for your review.

We always strive to provide our valued guests with excellent service.

We would be delighted to welcome you back again and wish you a healthy and peaceful year with your family.

Sincerely,

Adora Hotel & Resort",4 reviews,Ci9DQUlRQUNvZENodHljRjlvT2tReU16TmFZVEkxYm5Oc1IwMURZVkp3UWpGRVJIYxAB
First Boy,5.0,"I liked everything, the food was delicious, the staff was polite",a month ago,2026-07-05,,"Dear Guest,

First of all, thank you for choosing our hotel and taking the time to leave a detailed review. We value every guest's opinion and strive to do everything possible to ensure a pleasant and comfortable stay at Adora Resort Hotels.

Knowing about your positive impressions of your stay at our hotel is our greatest reward! We hope to welcome you and your family back to our hotel soon.

Best wishes,

Adora Hotel & Resort",1 review,Ci9DQUlRQUNvZENodHljRjlvT2tKR2NFbG1PVzVEY1ZSVlJGSmFZVkEwYzB4a1EzYxAB
Anna Suslova,5.0,Very friendly staff and excellent service,a month ago,2026-07-05,,"Dear Guest,

First of all, thank you for choosing our hotel and taking the time to leave a detailed review. We value every guest's opinion and strive to do everything possible to ensure a pleasant and comfortable stay at Adora Resort Hotels.

Knowing about your positive impressions of your stay at our hotel is our greatest reward! We hope to welcome you and your family back to our hotel soon.

Best wishes,

Adora Hotel & Resort",2 reviews,Ci9DQUlRQUNvZENodHljRjlvT25aRk5VbEpPUzFIUkY5SU5XWjJNVXM0ZFd0VFpGRRAB
Вячеслав Фомин,5.0,"Excellent entertainment (three Alinas and Arina)!!! Food variety: trout, shrimp, and mussels every day. Large beach, always with available sun loungers. Sehrazat restaurant with a great view and food, highly recommended! Free SUP riding!",a month ago,2026-07-05,,"Dear Guest,

First of all, thank you for choosing our hotel and taking the time to leave a detailed review. We value every guest's opinion and strive to do everything possible to ensure a pleasant and comfortable stay at Adora Resort Hotels.

Knowing about your positive impressions of your stay at our hotel is our greatest reward! We hope to welcome you and your family back to our hotel soon.

Best wishes,

Adora Hotel & Resort",2 reviews · 3 photos,Ci9DQUlRQUNvZENodHljRjlvT2pacFZIazJSVXhGVmtsNFltWXpjbGhtYlRkMFdYYxAB
Xenia Brucicovscaia,5.0,"I had a very good experience with the hotel and the food. The atmosphere was very nice. There was sooooo much food. The cleaning was superb. The service was top-notch. The staff was very friendly and polite, always helpful and smiling.",a month ago,2026-07-05,,"Dear Guest,

First of all, thank you for choosing our hotel and taking the time to leave a detailed review. We value every guest's opinion and strive to do everything possible to ensure a pleasant and comfortable stay at Adora Resort Hotels.

Knowing about your positive impressions of your stay at our hotel is our greatest reward! We hope to welcome you and your family back to our hotel soon.

Best wishes,

Adora Hotel & Resort",1 review,Ci9DQUlRQUNvZENodHljRjlvT2t0NlVYTkVUMVIwYjFKRmJtWTRhSFpwVGtaTlVHYxAB
Hülya Yüce,5.0,"Having vacationed in dozens of hotels, I was very impressed. The view is amazing, the staff are very polite, the food is fantastic, hundreds of different dishes and impeccable taste. I will definitely return. Thank you.",a month ago,2026-07-05,,"Dear Guest,

First of all, thank you for choosing our hotel for your holiday and for taking the time to write your review.

All your comments are important to us at Adora Resort Hotels. They encourage us to improve and become better. We strive to provide you, our valued guests, with impeccable service. We are happy to have hosted you and wish you a healthy and peaceful year with your loved ones.

Sincerely,

The Adora Hotel & Resort Family.",2 reviews · 3 photos,Ci9DQUlRQUNvZENodHljRjlvT2poS1NFY3hSR056ZFdsS05YUXRUa3B6VkdjMVJtYxAB
Porsche Panamera,5.0,"The atmosphere is fantastic, the food is incredible, there are hundreds of different dishes, whichever one you try is an explosion of flavor in your mouth. I would love to meet the head chef to congratulate him. I will definitely come back with my family.",a month ago,2026-07-05,,"Dear Guest,

First of all, thank you for choosing our hotel for your holiday and for taking the time to write your review.

All your comments are important to us at Adora Resort Hotels. They encourage us to improve and become better. We strive to provide you, our valued guests, with impeccable service. We are happy to have hosted you and wish you a healthy and peaceful year with your loved ones.

Sincerely,

The Adora Hotel & Resort Family.",5 reviews · 8 photos,Ci9DQUlRQUNvZENodHljRjlvT2pWbU9HNUlRbXRZYUVGUk5VSTFOREprZERKTk5uYxAB
Alexandra Ispas,5.0,The food was very delicios!,a month ago,2026-07-05,,"Dear Guest,

First of all, we would like to thank you for choosing our hotel and for taking your valuable time to evaluate it.

All your comments are important to us as Adora Resort Hotels. Your evaluation will encourage us to improve and become better. As a facility, we are trying to provide perfect service to our valued guests.

We express our pleasure to welcome you and wish you a healthy and peaceful year with your loved ones.

Kind regards,

Adora Hotel & Resort.",3 reviews · 1 photo,Ci9DQUlRQUNvZENodHljRjlvT2w5c2FYcHNiM0IyYlhvdGQxbFdhVmRRVG1sTVdrRRAB
Paul Mihai Zelenca,5.0,Everything good!,a month ago,2026-07-05,,"Dear Guest,

First of all, we would like to thank you for choosing our establishment for your vacation, for your valuable time, and for your review.

We always strive to provide our valued guests with excellent service.

We would be delighted to welcome you back again and wish you a healthy and peaceful year with your family.

Sincerely,

Adora Hotel & Resort",6 reviews · 2 photos,Ci9DQUlRQUNvZENodHljRjlvT201UU9FSnBhR001WVdkcFpVcG5UWEZOVEhaMk5WRRAB
Larisa Vasiljević,5.0,"Met all expectations, excellent family vacation. The food is excellent, clean, animation. The beach is clean as well as the pool. The staff is friendly but not intrusive. Excellent price/quality ratio.",a month ago,2026-07-05,,"Dear guests,

First of all, we would like to thank you for choosing our hotel for your vacation and for taking your precious time to share your impressions with us.

As the Adora Resort Hotels family, all your comments are extremely important to us. Your ratings encourage us to constantly improve and provide even better service. We strive to always provide our dear guests with top-notch service.

It is a great pleasure for us to have had the opportunity to host you and we wish you and your loved ones much health, peace and happiness.

Kind regards,
The Adora Hotel & Resort family.",1 review,Ci9DQUlRQUNvZENodHljRjlvT21SUmFGQmhiakpaUVRReWNVbExjVE4xUVhwWllVRRAB
Marta S,5.0,"The à la carte restaurant at the Adora Hotel is a true gem! Delicious food, beautifully presented dishes, and top-notch service. Every meal was meticulously crafted – fresh ingredients, unique flavors, and a wonderful atmosphere. Everything was perfect from start to finish. Definitely one of the best culinary experiences of our stay. Highly recommended!",a month ago,2026-07-05,,"Dear Guest,

First of all, we would like to thank you for choosing our hotel and for taking your valuable time to evaluate it.

All your comments are important to us as Adora Resort Hotels. Your evaluation will encourage us to improve and become better. As a facility, we are trying to provide perfect service to our valued guests.

We express our pleasure to welcome you and wish you a healthy and peaceful year with your loved ones.

Kind regards,

Adora Hotel & Resort.",9 reviews · 4 photos,Ci9DQUlRQUNvZENodHljRjlvT25sd0xYbGllRWxpUkZGMWVWUjBXRGMyWVhkTU9YYxAB
Artur Piątkowski,5.0,"We've stayed in many hotels, but the Adora Hotel is truly exceptional. For nine days, I was delighted with the service, quality, and professionalism. Dinner on the 4th floor was delicious and the service was impeccable. I wholeheartedly recommend it.",a month ago,2026-07-05,,"Dear Guests,

First, we would like to thank you for choosing our property for your vacation … More",5 reviews,Ci9DQUlRQUNvZENodHljRjlvT2xsMWNYVk9SbkJ4ZDJwQmJFVXpaVTFpTVc5bE9GRRAB
Uğur Civak,5.0,"We've been here for three years in a row, and if we plan to come to Antalya again next year, we'll definitely stay at this hotel. Families with children should definitely consider it.",a month ago,2026-07-05,,"Dear Guest,

First of all, thank you for choosing our hotel for your holiday and for taking … More",5 reviews · 1 photo,Ci9DQUlRQUNvZENodHljRjlvT25SM2FHd3phalZzWDNSRGFuTldTRFJsTjBGV1ZuYxAB
Mateusz Piskulak,5.0,"We highly recommend the hotel to both those looking for relaxation and those looking for an active lifestyle. The food, service, atmosphere, and cleanliness are all top-notch. There's plenty of space both on the beach and by the pool.",a month ago,2026-07-05,,"Dear Guests,

First, we would like to thank you for choosing our property for your vacation … More",1 review · 5 photos,Ci9DQUlRQUNvZENodHljRjlvT2prMVgyVnBUbkpoUzNWbU1VdGtNbXBITFVwM1YxRRAB
Jadwiga Jandura,5.0,"This is our second stay at this resort, and it certainly won't be our last. We recommend it to families with children and beyond.",a month ago,2026-07-05,,"Dear Guests,

First, we would like to thank you for choosing our property for your vacation … More",2 reviews · 1 photo,Ci9DQUlRQUNvZENodHljRjlvT2pOZmJVeG9kV2xyU1dNeVpUQTVVWFpGU2t0cWFVRRAB
F. K.,5.0,"The room and bathroom were a good size and always clean.

The food was delicious, with a wide selection, especially the desserts.

There were many activities and the service was excellent, especially Ayse from Omelette and Dogu from Guest Services.",a month ago,2026-07-05,,"Dear Guest,

First of all, we would like to thank you for choosing our establishment for your vacation, for your valuable time, and for your review.

We always strive to provide our valued guests with excellent service.

We would be delighted to welcome you back again and wish you a healthy and peaceful year with your family.

Sincerely,

Adora Hotel & Resort",4 reviews,Ci9DQUlRQUNvZENodHljRjlvT21wbFFVNDJTM0YwZVVwcmFXUnFOM0pQYzJOd1NuYxAB
Barış,4.0,The hotel is nice. The room I was given was quite far from the pool and the sea. General services and food were fine. The biggest issue for me was the lack of electric vehicle charging stations. A large hotel could install two AC stations for the money it would charge one person.,a month ago,2026-07-05,,"Dear Guest,

First of all, thank you for choosing our hotel for your holiday and for taking … More",4 reviews · 3 photos,Ci9DQUlRQUNvZENodHljRjlvT25OMGVsVjNabFJGT0RkTWNFazFWRmxpV1cxdk5GRRAB
Ibrahim Martinovic,5.0,,a month ago,2026-07-05,,"Dear Guest,

First of all, thank you for choosing our hotel for your holiday and for taking … More",Local Guide · 21 reviews,Ci9DQUlRQUNvZENodHljRjlvT213NFFYcGphREZMUzBkT1dtMXliek00WjNrNFZGRRAB
Sworti Chug,5.0,"The food is truly first-class. There's always a wide variety, a great selection for everyone. And the service is excellent too. Everyone is always friendly. The activities like aqua gym or darts are fantastic. We always participated, and it was not only great exercise but also a lot of fun. We would highly recommend this hotel.",Edited a month ago,2026-07-05,,"Dear Guest,

First of all, we would like to thank you for choosing our establishment for your … More",1 review,Ci9DQUlRQUNvZENodHljRjlvT21ZeGN6YzFZaTEyTVhORVRteFNZa2x3UlZSV1ZrRRAB
tamer kantarci,5.0,"Fantastic second stay!

This is our second time here – the first time we had a sea view room, this time a club room. Both times it was very clean and comfortable. The selection of food and drinks is incredibly diverse! The Adira Hotel is highly recommended: very green grounds and extremely friendly staff. We'll definitely be back!",a month ago,2026-07-05,,"Dear Guest,

First of all, we would like to thank you for choosing our establishment for your vacation, for your valuable time, and for your review.

We always strive to provide our valued guests with excellent service.

We would be delighted to welcome you back again and wish you a healthy and peaceful year with your family.

Sincerely,

Adora Hotel & Resort",Local Guide · 10 reviews · 75 photos,Ci9DQUlRQUNvZENodHljRjlvT25jNWFqSmFiM2hCTURnMmIwaGxjMFJzVGpScFMwRRAB
Çiğdem Şimşek,5.0,"The hotel was very nice overall, the food, the staff, the facilities, the restaurants. I would recommend it to everyone.",a month ago,2026-07-05,,"Dear Guest,

First of all, thank you for choosing our hotel for your holiday and for taking … More",1 review,Ci9DQUlRQUNvZENodHljRjlvT2tsSk9UZDNNVk5zZUhsb1UwVjVhRlJ1YlVFdFpVRRAB
Радка Предова,5.0,"For the second year we are resting in the hotel and again we really liked it! I would say that the food is better and more varied than last year.
The team from the bartenders and waiters to the maids are smiling and polite.
The animators again did not let us get bored, tireless young people, cheerful and smiling. I want to note the most charming Alina Popova- bo- bo- bo- bochaaa, charming and beautiful! Since as I said last year we were also with you and watched the show ""Mr. Adora"" I was unpleasantly surprised that this year was the same as the previous one. New games can be invented, it can be upgraded so that it is interesting every time.",Edited a month ago,2026-07-05,,"Dear Guest,

First of all, thank you for choosing our hotel and taking the time to provide a detailed review. We value every guest's opinion and strive to do everything possible to ensure a pleasant and comfortable stay at Adora Resort Hotels.
Knowing about your positive impressions of your stay at our hotel is our greatest reward! We hope to welcome you and your family back to our hotel soon.

Best wishes,

Adora Hotel & Resort.",Local Guide · 15 reviews · 82 photos,Ci9DQUlRQUNvZENodHljRjlvT25aVE5sQkJWMjA0UlhSNFF6azVaV1UxTFRoRFYwRRAB
Andrei Gheorghitoiu,5.0,"I recommend this hotel, from accommodation, service and food, everything is 5 stars.",a month ago,2026-07-05,,"Dear Guest,

First of all, we would like to thank you for choosing our hotel and for taking … More",2 reviews,Ci9DQUlRQUNvZENodHljRjlvT25Cb1YwNUJhemR5WTA1bk16VkRXRFZFY21OMFpXYxAB
Janis Jeck,5.0,Changing rooms once but then everything was fine. In the à la carte restaurant Mezzetto there was a beautiful service from all the waiters and the waitrsses. The service was so nice and I would recommend it to everyone.,a month ago,2026-07-05,,"Dear Guest,

First of all, we would like to thank you for choosing our hotel and for taking … More",4 reviews,Ci9DQUlRQUNvZENodHljRjlvT205amNYbEJORm8wUzBGdFRXWllVV2R4UkRKMFkyYxAB
Emre Redzheb,5.0,We are satisfied with the vacation. The staff is kind and helpful. The atmosphere and the food in the A La Carte restaurant were great.,a month ago,2026-07-05,,"Dear Guest,

First of all, thank you for choosing our hotel and taking the time to leave a … More",1 review,Ci9DQUlRQUNvZENodHljRjlvT25GeE5tVTNUVzFOYTBKaVRpMTNTRVZHWm1weWQzYxAB
Reni Djuvanova,5.0,,a month ago,2026-07-05,,"Dear Guest,

First of all, we would like to thank you for choosing our hotel and for taking … More",,Ci9DQUlRQUNvZENodHljRjlvT25wMFMzZFdia1pXWWtGUmVYcENRWGszUkhoMlVrRRAB
Lola Nurmatova,5.0,,a month ago,2026-07-05,,"Dear Guest,

First of all, we would like to thank you for choosing our hotel and for taking … More",1 photo,Ci9DQUlRQUNvZENodHljRjlvT21ORFJuaG1NR2RCZFRscVFrVm1aMmR4VmxORmRHYxAB
Julija Cherevko,5.0,"We immediately arrived at the hotel. The reception area was a bit uninspiring with its simple appearance, but don't jump to conclusions – the hotel is very nice, everything is clean, the room is beautiful and spacious, modern, and the air conditioning and Wi-Fi are excellent, even on the beach. The food is excellent (thanks to the wonderful team at the à la carte restaurant ""Sehrazad"" – we highly recommend it; it was delicious and the service was excellent, with a view of the entire area from the top floor of the hotel). A huge thank you to the entire hotel staff, everyone was friendly and helpful. We'd like to highlight Ida from the guest relations department – ​​she's very warm and professional, as well as Mucahit, Ismail, Suleyman, and Cici.
Special thanks to Arina from the animation team – she gave us a ton of information and helped us with everything. All the bartenders, the people who tend to the hotel's flowers, the people who clean the grounds, the beach, the rooms, etc. are all great.
Thanks to the hotel administration for such excellent staff, a bonus to everyone!!!!
We'll be back!",a month ago,2026-07-05,,"Dear Guest,

First of all, thank you for choosing our hotel and taking the time to leave a detailed review. We value every guest's opinion and strive to do everything possible to ensure a pleasant and comfortable stay at Adora Resort Hotels.

Knowing about your positive impressions of your stay at our hotel is our greatest reward! We hope to welcome you and your family back to our hotel soon.

Best wishes,

Adora Hotel & Resort",1 review · 5 photos,Ci9DQUlRQUNvZENodHljRjlvT2pCMGFISnRkVlZSVDIxMU5tRk5jMmxETWpCVWVYYxAB
Guzelya Lugmanova,5.0,"This is our second time staying at the hotel. Delicious, varied food, clean rooms, a nice beach, and a great kids' club.",a month ago,2026-07-05,,"Dear Guest,

First of all, thank you for choosing our hotel and taking the time to leave a … More",1 review · 1 photo,Ci9DQUlRQUNvZENodHljRjlvT2w5bWFXTlRiM0pWU0dKdFJ6Wklibk5WVUdSMldYYxAB
Simone Ramsauer,4.0,We just had a very good meal at Mezzetto,a month ago,2026-07-05,,"Dear Guest,

First of all, we would like to thank you for choosing our establishment for your … More",1 review,Ci9DQUlRQUNvZENodHljRjlvT2pCeVprOVZXR3BsT1hSbFJYZ3hURVp2UTBSQ01XYxAB
Hasan Taskin,5.0,"The hotel was generally clean and hygienic, the rooms were equally clean and spacious, the beaches and location were fantastic. The service was excellent, we had a wonderful holiday. I especially thank the guest relations department for their superb attention. We are definitely planning to come back next year.",a month ago,2026-07-05,,"Dear Guest,

First of all, thank you for choosing our hotel for your holiday and for taking … More",1 review,Ci9DQUlRQUNvZENodHljRjlvT2xSZlZsVklUVkphVkZOYWMzUlRVMFoyYTJSTVIzYxAB
Ayten Zenginöz,5.0,"We are satisfied, everything is good, great service, friendly staff, everything was good but Sevilay and Doğu were the best",a month ago,2026-07-05,,"Dear Guest,

First of all, we would like to thank you for choosing our establishment for your … More",1 review,Ci9DQUlRQUNvZENodHljRjlvT2xSalJWQnplbUZRVFhad1dYaEROblpYYlV3NWQyYxAB
Issam Chatila,5.0,"Very friendly and helpful staff, beautiful facilities, clean, good food, highly recommended.",a month ago,2026-07-05,,"Dear Guest,

First of all, we would like to thank you for choosing our establishment for your … More",4 reviews,Ci9DQUlRQUNvZENodHljRjlvT2xwU1h6bHhSMkZYYjNocFFXbHZha3hCYmtFNFRGRRAB
Éva Écsy,5.0,,a month ago,2026-07-05,,"Dear Guest,

First of all, we would like to thank you for choosing our hotel and for taking … More",2 reviews,Ci9DQUlRQUNvZENodHljRjlvT214bU5FRjNWV0p4WjJGc1RrdHBWbFpzYkcxVlpXYxAB
Tuğba Alçelik,4.0,"The hotel is simply wonderful, and the staff are generally attentive and friendly. I will definitely return. I'm deducting one point because of an incident I experienced with a staff member around 10:30 on the 21st while having breakfast. We were about to have breakfast, and I took a plate from the next table for my baby. A young woman with black hair and no ID badge took the plate from me and angrily said, ""That's our bosses' table."" I was shocked and asked what I should do. She pointed to the plate next to mine. My intention was to take the plate closest to me because I had a baby. I didn't want to get into an argument, but being scolded like that was extremely upsetting. Do your bosses get angry about the lack of service or the lack of plates? It was very hurtful.",a month ago,2026-07-05,,"Dear Guest,

First of all, thank you for choosing our hotel and sharing your valuable feedback with us.

We are extremely pleased that you expressed such positive thoughts about our facility and our team, and that you wished to choose us again. However, we sincerely apologize for the unfortunate experience you had during breakfast, which may have caused you distress and discomfort.

Our approach to our guests is always based on respect, courtesy, and a solution-oriented service philosophy.

The issue you mentioned will be shared with our relevant department managers, and the necessary evaluations will be carried out meticulously. It is extremely important to us that our guests always feel comfortable and valued.

We apologize again for this unfortunate experience and thank you for maintaining your positive opinion of our hotel and for wanting to give us another chance, despite all the negativity.

We look forward to welcoming you again in the future.

Sincerely,

The Adora Hotel & Resort Family.",4 reviews,Ci9DQUlRQUNvZENodHljRjlvT2poMVlYRjJWa0ZVYUU1b1FpMXlXRGw2YzB4SVJtYxAB
995erkang,4.0,"We had a wonderful family vacation. The hotel was clean, the staff were friendly, and the activities for children were fantastic. The food was delicious, and there were options suitable for all age groups. We would definitely recommend it for families.",a month ago,2026-07-05,,,,ChZDSUhNMG9nS0VNMmYtOFdma0k3SUVnEAE
carolinelH3273HO,4.0,"Spent a week here at the end of July 2025. ||+|The pool was a nice temperature, large with plenty of space and a depth of 2 meters in some places which was a big plus. |The food was superb, well-cooked, tasty and there was plenty to choose …",a month ago,2026-07-05,,,,ChdDSUhNMG9nS0VQMzBnX1hwN19QZmxBRRAB
Владимир Корнев,5.0,"Good evening everyone. This is our second time here. The grounds are beautiful, spacious, and lush. The sea is always clean and warm. The beach is sandy. There are always plenty of sun loungers. There's practically no free time left, thanks to the wonderful entertainment staff. Interesting and fun competitions are guaranteed. Children can be accommodated, if possible. I highly recommend it to everyone. We'll definitely be back!",a month ago,2026-07-05,,"Dear Guest,

First of all, thank you for choosing our hotel and taking the time to leave a detailed review. We value every guest's opinion and strive to do everything possible to ensure a pleasant and comfortable stay at Adora Resort Hotels.

Knowing about your positive impressions of your stay at our hotel is our greatest reward! We hope to welcome you and your family back to our hotel soon.

Best wishes,

Adora Hotel & Resort",5 reviews · 15 photos,Ci9DQUlRQUNvZENodHljRjlvT2pCcGFXcDFNbE5NUTNkSFJYaDBSM2R6UWtsV1gyYxAB
Андрей Панкратов,5.0,"The hotel is wonderful. It's a family vacation. The food is varied, the sea is very comfortable. The pool is superb. I recommend it to everyone. Great World Cup. Excellent value for money. The manager, Melek, was very helpful with the selection and support.",a month ago,2026-07-05,,,1 review,Ci9DQUlRQUNvZENodHljRjlvT2poc05IVmlWMXB1TkVseVNXOXBObWh0UXpjeVkzYxAB
Grzegorz Sss,5.0,,Edited a month ago,2026-07-05,,"Dear Guest,

First of all, we would like to thank you for choosing our hotel and for taking … More",Local Guide · 23 reviews · 5 photos,Ci9DQUlRQUNvZENodHljRjlvT2xVek5IWnViaTFMVEdSM1dFWjVRVVo1YkdkRlJYYxAB
Razvan Sava,5.0,"Good service, nice place to stay.",a month ago,2026-07-05,,"Dear Guest,

First of all, we would like to thank you for choosing our hotel and for taking … More",2 reviews,Ci9DQUlRQUNvZENodHljRjlvT2xWWVRubFdPQzFoZUVkU1FqZEJTRzUwVjNRMGRGRRAB
Леонид Кисляков,5.0,"The hotel is wonderful. Believe me, there's plenty to compare it to. The beach is beautiful, the staff is responsive, and the food is a whole other story. There's something for every taste. The hotel is great for families with children, with plenty of children's activities and events. Overall, the hotel deserves its 5 stars. I'd love to come back again.",a month ago,2026-07-05,,"Dear Guest,

First of all, thank you for choosing our hotel and taking the time to leave a detailed review. We value every guest's opinion and strive to do everything possible to ensure a pleasant and comfortable stay at Adora Resort Hotels.
Knowing about your positive impressions of your stay at our hotel is our greatest reward! We hope to welcome you and your family back to our hotel soon.

Best wishes,

Adora Hotel & Resort",1 review,Ci9DQUlRQUNvZENodHljRjlvT2pGR1RXOUJhazVPZGxWRFRsZFRjRGRyWXpGdldYYxAB
Rapenqel,4.0,"At that price, you know what you're getting into. I have no complaints, although you can't really call it service at this hotel, because there isn't any. But that's okay, at least you have peace and quiet 😂 Lots of entertainment and activities, which we really enjoyed. Plenty of sports activities to choose from, and lots for kids. The food isn't anything special, but there's a decent selection, so you won't go hungry. The alcoholic drinks, however, are undrinkable because they're all fake and simply don't resemble the cocktails you'd expect. But for a cheap all-inclusive holiday, it's perfectly adequate :)",a month ago,2026-07-05,,"Dear Guest,

We are delighted that you enjoyed our extensive entertainment program, sports activities, and children's offerings, and that you had a pleasant stay with us.

We also thank you for your candid comments regarding our service, dining options, and beverages. Guest feedback is very important to us, as it helps us to continuously review and improve our services.

We regret that we were unable to fully meet your expectations in some areas. Please be assured that we will forward your comments to the relevant departments.

We would be pleased to welcome you back again in the future and wish you all the best until then.

Sincerely,

Adora Hotel & Resort",9 reviews · 4 photos,Ci9DQUlRQUNvZENodHljRjlvT25CSFZVbGFXbWRsUVdsQ1NXbE9jMHd6WkRFNU1YYxAB
deep eyes,5.0,"A wonderful hotel, close to the airport. The food is varied and available almost 24/7. The rooms and grounds are clean and spotless. We had a chance to try the restaurant on the 4th floor; I recommend it to everyone; the food is delicious and the service is attentive.",a month ago,2026-07-05,,"Dear Guest,

First of all, thank you for choosing our hotel and taking the time to leave a … More",1 review,Ci9DQUlRQUNvZENodHljRjlvT2pNeE1XcGtSVUpYUmtwaGVHMW9jVlZmUkUxcWNHYxAB
Maxim Cipes,5.0,"We had a wonderful evening on the terrace at the Adora Hotel. We loved the Mediterranean cuisine at the Shehrazat restaurant—everything was delicious and well-prepared. We especially want to highlight the magnificent view and cozy atmosphere.

Special thanks to the team: Mucahit, Dervis, Suleyman, and Cici. Thanks to Ida from Guest Relations for her attention.

Special thanks to the staff for their attentive and friendly service. Everyone was very helpful, polite, and made our evening truly special.

Thanks to the entire team for the excellent service and a wonderful stay. We were very satisfied and would love to come back!",a month ago,2026-07-05,,"Dear Guest,

First of all, thank you for choosing our hotel and taking the time to leave a detailed review. We value every guest's opinion and strive to do everything possible to ensure a pleasant and comfortable stay at Adora Resort Hotels.
Knowing about your positive impressions of your stay at our hotel is our greatest reward! We hope to welcome you and your family back to our hotel soon.

Best regards,
Adora Hotel & Resort",9 reviews,Ci9DQUlRQUNvZENodHljRjlvT2t0bVJtcFNkRjlSWDJaQ1h6VkNlVFpSVHpsak1uYxAB
Şenol Turgut,5.0,,a month ago,2026-07-05,,"Dear Guest,

First of all, thank you for choosing our hotel for your holiday and for taking … More",1 review · 26 photos,Ci9DQUlRQUNvZENodHljRjlvT2pWM1VrUlZNemRLVGtVNVYwOHRkR1ZoTUdOQ1YwRRAB
Татьяна Казанова,5.0,"This year, we're staying at this hotel for the first time. The experience was fantastic – the sandy beach is crucial for our vacation – my mother is 86, so easy access to the sea is essential. My sister, nephew, and I only meet once a year, and we live in different countries. It's so nice to meet in such a welcoming atmosphere – excellent service, comfortable rooms, and a superb chef. We'll definitely be back. We tried the Mediterranean restaurant and had a wonderful experience. We're especially grateful to Ida and Mucahit, Dervis, Suleyman, Cici, and Yusuf. I hope management recognizes their excellent work with a bonus.",a month ago,2026-07-05,,"Dear Guest,

First of all, thank you for choosing our hotel and taking the time to leave a detailed review. We value every guest's opinion and strive to do everything possible to ensure a pleasant and comfortable stay at Adora Resort Hotels.
Knowing about your positive impressions of your stay at our hotel is our greatest reward! We hope to welcome you and your family back to our hotel soon.

Best regards,
Adora Hotel & Resort",1 review,Ci9DQUlRQUNvZENodHljRjlvT25adGNHaFlWbWhxUkhkZllpMUhlVzFLUzNWMmEyYxAB
---------,5.0,"Fantastic location, food, and service. Definitely will come again! Highly recommend to all. Especially I want to highlight the accessibility! My son broke his leg a day before our vacation, the hotel provided a wheelchair, and the cart for the beach.
The view from Sehrazat restaurant is breathtaking! Fantastic crew Mucahit,Dervis,Suleyman,Cici!",a month ago,2026-07-05,,"Dear Guest,

First of all, we would like to thank you for choosing our hotel and for taking your valuable time to evaluate it.

All your comments are important to us as Adora Resort Hotels. Your evaluation will encourage us to improve and become better. As a facility, we are trying to provide perfect service to our valued guests.

We express our pleasure to welcome you and wish you a healthy and peaceful year with your loved ones.

Kind regards,

Adora Hotel & Resort.",1 review,Ci9DQUlRQUNvZENodHljRjlvT2t4Sk5HZHdaM293UzJGUGQzbEVRVEJEUjI1RVJYYxAB
Sylvia Florian,5.0,It's simply wonderful here. I'd love to come back again and again ❤️❤️❤️,a month ago,2026-07-05,,"Dear Guest,

First of all, we would like to thank you for choosing our hotel for your … More",2 reviews,Ci9DQUlRQUNvZENodHljRjlvT2tSclEyMUZjMEZmWjFSRmNHMWhNSE5UZVdNek9HYxAB
Maria Schubert,5.0,"The service is absolutely top-notch! The waiters are incredibly friendly, especially Veysi Garson and Can, who are so dedicated and attentive. We highly recommend this hotel and will definitely be back!",a month ago,2026-07-05,,"Dear Guest,

First of all, we would like to thank you for choosing our hotel for your … More",3 reviews · 1 photo,Ci9DQUlRQUNvZENodHljRjlvT2taRlpVb3pYM1JZVEVOeWRucFFNbTFIVjBGTlowRRAB
Диана,5.0,"I liked everything. On the first day, I thought the food wasn't very tasty, but then my opinion changed – there's a wide selection: meat, fruit, fish – they have everything. There are plenty of different relaxation areas, bars, and activities. Cleaning is daily, including towel changes. The rooms are spacious, and the beds are comfortable. The hotel is home to many Russian-speaking and European families. The grounds are spacious, with lots of greenery. We'll be back.",a month ago,2026-07-05,,"Dear Guest,

First of all, thank you for choosing our hotel and taking the time to leave a detailed review. We value every guest's opinion and strive to do everything possible to ensure a pleasant and comfortable stay at Adora Resort Hotels.
Knowing about your positive impressions of your stay at our hotel is our greatest reward! We hope to welcome you and your family back to our hotel soon.

Best regards,
Adora Hotel & Resort",Local Guide · 12 reviews · 2 photos,Ci9DQUlRQUNvZENodHljRjlvT25ORFFVOXVjVkU0YlhWUFZVUTNOV3RWVnpKa2JWRRAB
Tolunay Meral,5.0,"Excellent guest service, the facilities are in top condition. The food is very varied. The rooms are clean and all the staff are very friendly and helpful. I would recommend it to anyone.",a month ago,2026-07-05,,"Dear Guest,

First of all, we would like to thank you for choosing our hotel for your … More",5 reviews,Ci9DQUlRQUNvZENodHljRjlvT21WS1RFTldlQzAzVURaelJHOTBlbDlpWlhoT0xVRRAB
Nia R,5.0,"Everything was great.

The service was excellent and very friendly.

The entire hotel was very clean.",a month ago,2026-07-05,,"Dear Guest,

First of all, we would like to thank you for choosing our hotel for your vacation, for your valuable time, and for your review.

We always strive to provide our valued guests with excellent service.

We would be delighted to welcome you back again and wish you a healthy and peaceful year with your family.

Sincerely,

Adora Hotel & Resort",5 reviews · 3 photos,Ci9DQUlRQUNvZENodHljRjlvT2tkQ1dqSkNWWEJoTmxCeE1YUnBZbEZQV1hWMFgzYxAB
Vojtěch Maňura,5.0,"Hotel great, I really liked it for a week's vacation. Service, rooms, beach, food everything amazing. Mediterranean restaurant in the hotel on the 4th floor excellent, staff, food everything.
Thank you for this evening.",a month ago,2026-07-05,,"Dear Guest,

First of all, we would like to thank you for choosing our hotel and for taking … More",3 reviews,Ci9DQUlRQUNvZENodHljRjlvT21oSFN6QTViMFp1TUVOb1ZFMWlTVmhvTmtWRE4xRRAB
Zuzana Maňurová,5.0,Best,a month ago,2026-07-05,,"Dear Guest,

First of all, we would like to thank you for choosing our hotel and for taking … More",1 review,Ci9DQUlRQUNvZENodHljRjlvT25OM1EybzJaM1pNZVZOeWVreE9RMmRFZG5CclJWRRAB
Jakub Maňura,5.0,"Very good hotel with great facilities. Clean beaches, good restaurant with unlimited consumption.",a month ago,2026-07-05,,"Dear Guest,

First of all, we would like to thank you for choosing our hotel and for taking … More",9 reviews · 5 photos,Ci9DQUlRQUNvZENodHljRjlvT25kVVZscFVXa0Y0UmtOeU0waGZNRmgyZVVwNk1WRRAB
Grzegorz Sikora,5.0,"The hotel, beach, and pools are all top-notch clean—perfect infrastructure for a family vacation, and beyond. Wonderful service and staff. Delicious food in all restaurants.",a month ago,2026-07-05,,"Dear Guest,

First and foremost, we would like to thank you for choosing our hotel and for … More",1 review,Ci9DQUlRQUNvZENodHljRjlvT21kWGVVNXhaVFl3VG14U1QwdDFhMXA0WWxsZlNXYxAB
Gökhan Yıldırım,5.0,I liked it very much and I recommend it.,a month ago,2026-07-05,,"Dear Guest,

First of all, thank you for choosing our hotel for your holiday and for taking … More",3 reviews · 2 photos,Ci9DQUlRQUNvZENodHljRjlvT2xodVVHZDZNMFJzZDA5ZldtOUhXVWsyZEc1eFFXYxAB
Виктория Коваленко,5.0,"This is our second time staying at the hotel, and we love everything! The beach is clean, the food is delicious, and the cleaning is fast and efficient. The grounds are spacious, and there are plenty of activities. The gym was also great! We had dinner at the Sehrazat restaurant. The food was delicious, with a great combination of ingredients. Service was quick, and the staff was smiling and welcoming. It was a pleasure. I'd especially like to highlight Mucahit, Dervis, Esra, and Suleyman, and thank you for the evening.",a month ago,2026-07-05,,"Dear Guest,

First of all, thank you for choosing our hotel and taking the time to leave a detailed review. We value every guest's opinion and strive to do everything possible to ensure a pleasant and comfortable stay at Adora Resort Hotels.
Knowing about your positive impressions of your stay at our hotel is our greatest reward! We hope to welcome you and your family back to our hotel soon.

Best regards,
Adora Hotel & Resort",1 review,Ci9DQUlRQUNvZENodHljRjlvT25NNWVFRllVa1ZmVkdkdU0yOWlkRFpCTnpKbU4yYxAB
KORKMAZ,5.0,Number 10,a month ago,2026-07-05,,"Dear Guest,

First of all, thank you for choosing our hotel for your holiday and for taking … More",Local Guide · 89 reviews · 88 photos,Ci9DQUlRQUNvZENodHljRjlvT2toVVUxZDBSVGxIUmkwNGNGVlFkemhaZVVkcFFWRRAB
Marek Boroš,4.0,,a month ago,2026-07-05,,,1 review · 8 photos,Ci9DQUlRQUNvZENodHljRjlvT2xSeFEyZHhMVmN4TlhCNk5HbFVZVU14UmpGclIzYxAB
