Kullanıcı Adı,Puan (Yıldız),Yorum Metni,Tarih (Metin),Tarih (Yaklaşık),Beğeni,İşletme Yanıtı,Kullanıcı Yorum Sayısı,Yorum ID
Mehmet Toprak,5.0,,9 minutes ago,2026-08-04,,,,Ci9DQUlRQUNvZENodHljRjlvT2pSR01qQnhNMFl3TFZwMVJWVjZUVFZ4Y1U1Zk5HYxAB
Gultekin Hesenzade,5.0,Very beautiful animation is very beautiful,24 minutes ago,2026-08-04,,,,Ci9DQUlRQUNvZENodHljRjlvT21KbVYyOVBUM1ZhUzFWdlVFMUxkbE51U1hkeFJrRRAB
Okan Dokuyucu,5.0,,28 minutes ago,2026-08-04,,,3 reviews,Ci9DQUlRQUNvZENodHljRjlvT2pad2Mza3lRakEyTkUxRFRsOUtVRmh0UTJWcGVFRRAB
Qwe Qwe,5.0,,28 minutes ago,2026-08-04,,,,Ci9DQUlRQUNvZENodHljRjlvT2xWVVpVeDRhRU5tWjBNd2RYWlBUMWt4VDBNMlMyYxAB
Narin Bıyıklı,5.0,"We were very pleased and would like to thank all the staff for their excellent service throughout our stay. Thank you very much to everyone, we plan to come again next year. Thank you Crystal Waterworld family.",33 minutes ago,2026-08-04,,,,Ci9DQUlRQUNvZENodHljRjlvT2s5eGNHcDZNbTk2Y25sVlUxcGhOVWMwUWpoclgxRRAB
Yusuf Kılıç,5.0,,40 minutes ago,2026-08-04,,,,Ci9DQUlRQUNvZENodHljRjlvT25odmJHMWtkMlZXVm0xM05XUndVbXN3TldSWGMxRRAB
X,4.0,"Positive aspects:
We had a problem with the room, but thankfully they changed it immediately.

You'll never go hungry; there are snack bars everywhere you look.
The food is varied and very delicious.
Negative aspects:
The hotel is very, very large (I'm not sure if this is a negative, you decide). It's incredibly spacious (18 acres and 3500 people capacity), you can walk and walk and never finish.

If your room is in the main building, you'll be comfortable, the rooms are clean and close to everything, but if it's not in the main building, you're out of luck.
The rooms in the main building are very clean and even have different concepts.

The sea is choppy.

There's no valet parking.

Finding a sun lounger by the pool or the sea is difficult.

In the dining hall, you have to walk around with your plate for 15-20 minutes to find a table.

My suggestion for the hotel:
The music in the main pool could be a little quieter.

But despite all the negatives, it was a great holiday. Thank you, Waterworld.",an hour ago,2026-08-04,,,,Ci9DQUlRQUNvZENodHljRjlvT2xvM1FubENZalUzYWtwRlVHaEZUR0o2VEhWU05sRRAB
Mehmet Calisir,4.0,,7 hours ago,2026-08-04,,,1 review,Ci9DQUlRQUNvZENodHljRjlvT25OVlRXaHhiRnBzV1hoMFNFbzVhVWh3WTBadFJIYxAB
Büşra Kılıç,5.0,"We are leaving our family vacation very happy. From the moment we first checked in, we felt very comfortable and safe. I would especially like to thank Ms. Nasım from guest relations; her smiling face and attentiveness were truly wonderful. It's a hotel that can be chosen with peace of mind, especially for families with children. Our daughter also had a wonderful time here, and her sadness at leaving was the best indication of that. We sincerely thank the entire team for their efforts. We hope to see you again soon. ❤️",10 hours ago,2026-08-04,,,,Ci9DQUlRQUNvZENodHljRjlvT2psdFgyNU9UakpITFZwUlJIRk9iVE42Vm14RVNuYxAB
Volkan Sergec,1.0,"This was the dirtiest hotel I've ever stayed in during my years on vacation. The towels and sheets were stained and disgusting. Despite reporting the situation to reception three times, we didn't even get a response. We didn't go into the pool because of the strong chlorine smell; thankfully we didn't, as some of the children had become ill. The dining hall was full of flies, even on the food. I'm not sharing the photos I took because it would be too much for your stomach. The only positive thing was that the staff tried to be friendly despite the crowds.",11 hours ago,2026-08-04,,,7 reviews,Ci9DQUlRQUNvZENodHljRjlvT2t4RFNtMU9YMkpVZDIxNWFFWlJjM3A2WmpKSVptYxAB
Özkan Kaya,3.0,"I stayed with my family from July 27th to August 1st, 2026. Finding a table in the main restaurant is a struggle, and getting the table cleaned requires another effort. The aquaparks are full of people waiting in line with boats all the way to the stairs. There is extreme overcrowding and insufficient staff, so some of the employees are unhappy under the workload... The free à la carte option is not logical for both short and long-term guests; there are queues at the doors of the à la carte restaurants, and even when you get inside, there is a rush because you don't have time to get to the refreshments. The bathrooms in the rooms definitely need renovation; they are old and worn, and even with cleaning, it's not very noticeable...
This was my first time staying at Crystal Waterworld with my family, and I'm not sure if I would go again because I don't want to spend so much money on vacation and then struggle to eat and use the aquapark; I believe I can use the time and budget I allocated for relaxation more efficiently...",11 hours ago,2026-08-04,,,5 reviews,Ci9DQUlRQUNvZENodHljRjlvT25wT1YwYzFOM0JFUjJ4Vk1ITlhjMmRQZURKUldtYxAB
Aya Djebli,5.0,excellent,12 hours ago,2026-08-03,,,,Ci9DQUlRQUNvZENodHljRjlvT2w5RFpYbDJOemRVUWxKbVZGcExORU0yWVVSa1YyYxAB
Imene Djebli,5.0,Perfect,12 hours ago,2026-08-03,,,2 reviews,Ci9DQUlRQUNvZENodHljRjlvT2paTExYUldNVWc0Ym1KTWNGQlNSR2x0WmpCZk5rRRAB
berika80,5.0,"We would like to thank Ms. Elif at the reception and Chef Sedat at the fish à la carte restaurant for their attention and care, and we recommend it for families with children.",12 hours ago,2026-08-03,,,Local Guide · 22 reviews · 1 photo,Ci9DQUlRQUNvZENodHljRjlvT21kbmMzSlZiMlJqUm5wbFdGOVlTMkkwTmxKdWJrRRAB
Efe Can Öz,5.0,"We were very pleased with our stay at this hotel, despite arriving with some reservations. We are definitely planning to return. Thank you everyone!",12 hours ago,2026-08-03,,,,Ci9DQUlRQUNvZENodHljRjlvT2xGV1owaG1TMjlEZW5KTFIwaEpaVk5TTTFacWFGRRAB
Eylem Başak Çetiner,3.0,"I took notes about the hotel and wanted to share them, although they're not in order, sorry about that. We stayed there in July for a week in a room with four people. An external service company's staff carried items to the hotel playing loud music that disturbed guests, and no one paid attention to the noise.
When the room was handed over on the first day, there were cobwebs on the lamps, the mini-fridge was extremely dirty, and there were two of each person in the fridge, including water, glasses, slippers, etc.
The sheets and covers were stained, and the balcony and curtains were dirty.
There was no remote control for the air conditioner; you had to get up and turn it off.
The towels were stained and very old, especially the ones in the bathroom.
The rooms were old and worn.
There was virtually no welcome service; they just took the suitcase and put it aside. Don't expect any information about the hotel from the online advertisement.
You'll have to find everything yourself; there was no welcome or attention from Joly Tour.
As for service, don't expect it; you may have to handle everything yourself.
Finding a table for dinner or breakfast was difficult, and even if you found one, it was dirty. Getting it cleaned was difficult, and you had to wait to have the service started and ask three or five waiters. By the way, isn't there a chef or hygiene manager? If you say you're having trouble, the waiters might say, ""Sister, who will take care of us?""
Or when you ask for a drink, they might just show you where the bars are. That's why... Don't expect good service. UHD Hotel is 5-star, but I wanted to mention this in case you have high expectations.
The hygiene in the food area is zero; the table utensils used have strong musty smells, like sewage. The dining areas in the main part are very problematic. Be careful when eating pide outside; it might be annoying. The Italian restaurant is worth waiting in line for; the chef's food is delicious. The Anatolian cuisine is completely uninterested; we waited in line for nothing. We said the food was salty, and the waiter asked other tables. The soup had nothing to do with what was on the menu. We were cold and could only eat around 9 PM. But the presentation at the place near the beach where they make fried fish is good. The fried chicken, chicken pieces, and french fries are good, as are the gözleme and kumpir (Turkish flatbread and baked potato) areas. You don't go hungry. Don't even ask about the bars. If it's the year of environmental pollution, plastic use should be reduced, but unfortunately, everything is plastic due to regulations. And if you want a drink, they might say it's not here, it's at another bar. The beer bar is good quality.
The food and pastries are a fiasco, unfortunately, due to the raw materials used or the skill. There's plenty of ice cream, but it's low quality, as if there's no milk. I think they don't know how to make protein. But one good thing is that you'll never go hungry at the hotel; there's food everywhere at every hour. There's plenty of fruit, but it seems like they've neglected to wash it. We didn't use the pools, they were crowded. Since we only used the sea, we only saw volleyball, darts, etc., and the time and place were always inconvenient. The sea is good in the mornings, but there are waves in the afternoons. It's sandy and stony, gradually deepening, but quickly. That's why I wanted to write a note for those with children.
In short, staff need frequent training on hygiene and customer relations.
Food, dessert ingredients, and food safety checks are necessary. The work should be done with the responsibility of the head chef and hygiene.
Head waiters should be designated and staff should not be left to their own devices; they should be managed. There are many staff but none who work regularly and knowingly.
The waiter I happened to be working in the evening, Mr. İlyas, was a helpful waiter.",12 hours ago,2026-08-03,,,1 review,Ci9DQUlRQUNvZENodHljRjlvT2xGS09URkZTMDFNZDFaUlVtdEdkMnhHWDJGUFpHYxAB
Rascha Nehme,5.0,"At Le Croissantrei, everything was wonderful, from the delicious coffee to the friendly staff. Thank you to Mr. Erol and his team.",13 hours ago,2026-08-03,,,1 photo,Ci9DQUlRQUNvZENodHljRjlvT25kSlEzcFVWbVZUU1hCbVJrTTVkRTA0ZEc5ck5XYxAB
Мадина Исмагулова,5.0,Sedat chef super,13 hours ago,2026-08-03,,,,Ci9DQUlRQUNvZENodHljRjlvT2pkMFZYRkJOVWhVYTNOTVZrdHRXbXhTY1RrelVrRRAB
kadir özdemir,5.0,Thanks Sedat Sefe,14 hours ago,2026-08-03,,,8 reviews · 10 photos,Ci9DQUlRQUNvZENodHljRjlvT2pCdmRuRmtWMmN5VDBwaVJsaHRORkIyUms5T1UxRRAB
EMRE EROĞLU,5.0,Thanks to Mr. Sedat,14 hours ago,2026-08-03,,,1 review,Ci9DQUlRQUNvZENodHljRjlvT2swM1VsSk5lbVpCYWxOZldrSlRXRlpuT1hKeFNVRRAB
Selin Eroğlu,5.0,Mr. Sedat and the à la carte restaurant were superb.,14 hours ago,2026-08-03,,,,Ci9DQUlRQUNvZENodHljRjlvT25KV01taGtVbkl3WDFsellWTmhiazlLTjFKVWRYYxAB
E. E,1.0,"Don't come here, the hotel is not hygienic, it's very crowded, the food is terrible, you'll regret it.",15 hours ago,2026-08-03,,,1 photo,Ci9DQUlRQUNvZENodHljRjlvT21GckxYTm1RWFZvVWxNeWExSkpWSFJITFRkVFlWRRAB
Mehmet Akyel,4.0,,16 hours ago,2026-08-03,,,2 reviews,Ci9DQUlRQUNvZENodHljRjlvT2xsQmR6WnBaVlZTYjE4eE5tOTBMV0pZWVRBek9HYxAB
Suhaib Houd,5.0,"This hotel is very good and we have fun this week , we are hoping to do it again next year.",Edited 16 hours ago,2026-08-03,,"Dear Valued Guest,
We sincerely thank you for your 5-star rating and for taking the time to share your positive feedback. Your satisfaction is a great source of happiness and motivation for us.
Providing you with a pleasant and seamless holiday experience is always our top priority. Your valuable feedback encourages us to maintain and continuously improve the quality of our services.
We would be delighted to welcome you again in the near future and hope to provide you with the same level of satisfaction during your next stay.
Kind regards,
Crystal Hotels CRM.",,Ci9DQUlRQUNvZENodHljRjlvT21vMFVubHZXbmR4VjJoblZuaHVSRlJpYzFwYVlrRRAB
Arwa suhaib,5.0,We enjoyed staying in this hotel... all the waterplay are fun ... the food is great .. drinks are everywhere ...,16 hours ago,2026-08-03,,,,Ci9DQUlRQUNvZENodHljRjlvT21odlUzZDBkRnB6ZVVVM2VTMUdYMGxUU1Vwb1VtYxAB
Kamil Alperen SOYER,5.0,"The rooms were very clean, the water parks were a lot of fun, and the food was delicious.",17 hours ago,2026-08-03,,,,Ci9DQUlRQUNvZENodHljRjlvT210ak0zTlVhWE53VlhOYWNVOXNWblZzZDBVdFZrRRAB
Musa Shuaibi,5.0,The best hotel in turkey without a doubt. Food is an amazing. Friendly staff. Reasonably priced. Definitely will come back here every time.,17 hours ago,2026-08-03,,,2 reviews,Ci9DQUlRQUNvZENodHljRjlvT2xoalZqQmFZbFJCZWpCV1VYWndkREJPVDBFNFkzYxAB
Sehirliali77,5.0,"We felt the quality in every meal, from breakfast to dinner. It's a hotel we would choose again.",18 hours ago,2026-08-03,,,,Ci9DQUlRQUNvZENodHljRjlvT2tNNVNsaE1VbFZMYW5WeU1HdzNYM2xWUzBzMU9HYxAB
tekelioglu,5.0,The breakfast was truly extensive. The products were fresh and delicious. We especially enjoyed the hot options. Thank you to the kitchen team.,18 hours ago,2026-08-03,,,,Ci9DQUlRQUNvZENodHljRjlvT2twc1UwMXNTazVhWVhrMVRHWnBkblZGZFZaSWFrRRAB
Münevver Saral,5.0,"The staff are friendly and welcoming. Helin, in particular, is very successful with her cheerful demeanor and excellent service.",18 hours ago,2026-08-03,,,1 review,Ci9DQUlRQUNvZENodHljRjlvT2psaFltNDFWakl0VGsxbE1sRTBVRkZ0WlU5cGNXYxAB
gürkan ünalan,3.0,The hotel was very crowded; the services were better at other hotels I've been to. But we would like to thank Ms. Helin and her service staff. I can say she was the only attentive staff member.,18 hours ago,2026-08-03,,,Local Guide · 20 reviews · 6 photos,Ci9DQUlRQUNvZENodHljRjlvT2xsbU5EQXpXRkJNYkZCRmExWnFVRWhDUTAxWE0zYxAB
Ирина Некрасова,5.0,"I really liked the hotel; the animation team's friendliness and the activities they organized were all very enjoyable and fun. In the evenings, you never have a free moment at this hotel; there are activities and shows everywhere. I could even come back just for the animation shows!",20 hours ago,2026-08-03,,,1 photo,Ci9DQUlRQUNvZENodHljRjlvT2w4NVNHOTNNR0l5YUhOWlNGaDRkV2xOWTBsZlkzYxAB
Максим Вячеславович Каменкин,5.0,"Soft play is a really cool thing, the kids loved it.",22 hours ago,2026-08-03,,,,Ci9DQUlRQUNvZENodHljRjlvT205TFRDMHljM1l3VUVsTlRYRXdXRGxsVUZGa1luYxAB
Merjen Begenjova,5.0,We have been to this hotel 5 times and we are very satisfied. The food is very varied and delicious. The children's play areas are clean and the staff are very friendly. I would recommend it to everyone.,23 hours ago,2026-08-03,,,1 review,Ci9DQUlRQUNvZENodHljRjlvT2s5QmRVNTFkbkZ5TjBGQlVUZGtPRmhoY1RGblNuYxAB
Ekin Adanalı,5.0,"Many thanks to the animation team for their attention, thanks to the teachers at Crispy Kids, the pastry section was also very helpful, thank you all for their smiles and attention.",a day ago,2026-08-03,,"Dear Valued Guest,
We sincerely thank you for your 5-star rating of our facility. Your expression of satisfaction in this way is a great source of happiness and motivation for us.
Our top priority is to provide you with a pleasant and trouble-free holiday experience. Your valuable feedback empowers us to maintain and further improve our service quality.
We look forward to welcoming you again soon and hope to provide you with the same satisfaction on your next holiday.
Sincerely,
Crystal Hotels CRM",2 reviews,Ci9DQUlRQUNvZENodHljRjlvT2xCSlRURTRTMGQyYURRM1FreEVjVEpZYldwWk4wRRAB
Ulvi Adilov,5.0,Everything was wonderful. The party was amazing. The food was fantastic. The shows were spectacular.,a day ago,2026-08-03,,"Dear Valued Guest,
We sincerely thank you for your 5-star rating of our facility. Your expression of satisfaction in this way is a great source of happiness and motivation for us.
Our top priority is to provide you with a pleasant and trouble-free holiday experience. Your valuable feedback empowers us to maintain and further improve our service quality.
We look forward to welcoming you again soon and hope to provide you with the same satisfaction on your next holiday.
Sincerely,
Crystal Hotels CRM",2 photos,Ci9DQUlRQUNvZENodHljRjlvT2pkamRYVnNUR0l4TW5oa2RYUTBRMjVIYWpWemJuYxAB
koker turizm,5.0,It was a family hotel. I recommend it to everyone. We were left wanting more.,a day ago,2026-08-03,,"Dear Valued Guest,
We sincerely thank you for your 5-star rating of our facility. Your expression of satisfaction in this way is a great source of happiness and motivation for us.
Our top priority is to provide you with a pleasant and trouble-free holiday experience. Your valuable feedback empowers us to maintain and further improve our service quality.
We look forward to welcoming you again soon and hope to provide you with the same satisfaction on your next holiday.
Sincerely,
Crystal Hotels CRM",,Ci9DQUlRQUNvZENodHljRjlvT210clIydEZZbVZPUTFoWVpYRTBUVVZ1VlRkaFIzYxAB
Yakup Sahin,5.0,"Everything was great, would gladly come again.",a day ago,2026-08-03,,"Dear Valued Guest,
We sincerely thank you for your 5-star rating of our facility. Your expression of satisfaction in this way is a great source of happiness and motivation for us.
Our top priority is to provide you with a pleasant and trouble-free holiday experience. Your valuable feedback empowers us to maintain and further improve our service quality.
We look forward to welcoming you again soon and hope to provide you with the same satisfaction on your next holiday.
Sincerely,
Crystal Hotels CRM",1 review · 1 photo,Ci9DQUlRQUNvZENodHljRjlvT2xkUlprMWhNVFpDY1hKVU9VSXdXRWxsV25BNFJHYxAB
Dd Ss,4.0,,a day ago,2026-08-03,,"Dear Valued Guest,
We sincerely thank you for your 4-star rating of our property. Your expression of satisfaction is a great source of happiness and motivation for us.
Our top priority is to provide you with a pleasant and trouble-free holiday experience. Your valuable feedback empowers us to maintain and further improve our service quality.
We look forward to welcoming you again soon and hope to provide you with the same satisfaction on your next holiday.
Sincerely,
Crystal Hotels CRM",,Ci9DQUlRQUNvZENodHljRjlvT2twWFV6TkRXV0pPWmxGMlIyOU1kMlZRTWpKRmJsRRAB
Zeliha Alemdar,5.0,"Everything was great. And thanks to the animation team, we had so much fun!",a day ago,2026-08-03,,"Dear Valued Guest,
We sincerely thank you for your 5-star rating of our facility. Your expression of satisfaction in this way is a great source of happiness and motivation for us.
Our top priority is to provide you with a pleasant and trouble-free holiday experience. Your valuable feedback empowers us to maintain and further improve our service quality.
We look forward to welcoming you again soon and hope to provide you with the same satisfaction on your next holiday.
Sincerely,
Crystal Hotels CRM",1 review,Ci9DQUlRQUNvZENodHljRjlvT21vMWJqQnBhWEZSUkVsc1IxWnVlaTFDTkVVNFVVRRAB
Sevgi Özden,5.0,"It's a very good hotel, we liked it very much, the staff are very attentive.",a day ago,2026-08-03,,"Dear Valued Guest,
We sincerely thank you for your 5-star rating of our facility. Your expression of satisfaction in this way is a great source of happiness and motivation for us.
Our top priority is to provide you with a pleasant and trouble-free holiday experience. Your valuable feedback empowers us to maintain and further improve our service quality.
We look forward to welcoming you again soon and hope to provide you with the same satisfaction on your next holiday.
Sincerely,
Crystal Hotels CRM",,Ci9DQUlRQUNvZENodHljRjlvT25wNk1uUTBOVzVNU1dWZlZDMUVjVVF3WjJaSk1WRRAB
Muzaffer Coravanlıoğlu,5.0,"We had a wonderful vacation at Crystal Waterworld Resort & Spa! From the moment we arrived, the staff's friendliness and attentiveness were fantastic. The rooms were extremely clean, spacious, and comfortable; daily cleaning was done regularly. The variety and flavor of the food truly exceeded our expectations; there's a rich buffet to suit every taste. The aquapark and pool areas are perfectly designed for both adults and those who want to have fun. The overall hygiene and order of the resort also justifies its 5-star rating. I wholeheartedly recommend it to anyone who wants to relax and have a great time. Thank you to all the hotel staff for their efforts!",a day ago,2026-08-03,,"Dear Valued Guest,
We sincerely thank you for your 5-star rating of our facility. Your expression of satisfaction in this way is a great source of happiness and motivation for us.
Our top priority is to provide you with a pleasant and trouble-free holiday experience. Your valuable feedback empowers us to maintain and further improve our service quality.
We look forward to welcoming you again soon and hope to provide you with the same satisfaction on your next holiday.
Sincerely,
Crystal Hotels CRM",1 review,Ci9DQUlRQUNvZENodHljRjlvT2xkU1ExRmpkREpDV1UxSldGTTJlRGxSUzJVMFZYYxAB
Gamze Demircan,5.0,"It was the best and most fun vacation I've ever had, I recommend it to everyone.",a day ago,2026-08-03,,"Dear Valued Guest,
We sincerely thank you for your 5-star rating of our facility. Your expression of satisfaction in this way is a great source of happiness and motivation for us.
Our top priority is to provide you with a pleasant and trouble-free holiday experience. Your valuable feedback empowers us to maintain and further improve our service quality.
We look forward to welcoming you again soon and hope to provide you with the same satisfaction on your next holiday.
Sincerely,
Crystal Hotels CRM",4 reviews,Ci9DQUlRQUNvZENodHljRjlvT2tKSlMwTkJUMHRaZDFkYVNEVTNkRTF4UkhWZlJYYxAB
Abdul,5.0,"We were extremely pleased with our holiday at Crystal Hotel. The cleanliness of the hotel, the friendliness and hospitality of the staff were truly commendable. The rooms were cleaned regularly and the common areas were always well-maintained. The variety of food was quite extensive; different flavors were offered at each meal, and we especially enjoyed the desserts and grilled dishes. The pools, aquapark, and beach were very clean. I think it's also a very suitable hotel for families with children. The daytime animations and evening shows added extra enjoyment to our holiday. We thank all the staff for their attention and efforts. We truly felt valued. I wholeheartedly recommend it to anyone who wants a quality, comfortable, and fun holiday in Antalya. We are planning to come back again at the first opportunity. Thank you to everyone involved!",a day ago,2026-08-03,,"Dear Valued Guest,
We sincerely thank you for your 5-star rating of our facility. Your expression of satisfaction in this way is a great source of happiness and motivation for us.
Our top priority is to provide you with a pleasant and trouble-free holiday experience. Your valuable feedback empowers us to maintain and further improve our service quality.
We look forward to welcoming you again soon and hope to provide you with the same satisfaction on your next holiday.
Sincerely,
Crystal Hotels CRM",,Ci9DQUlRQUNvZENodHljRjlvT204eVN5MW9TVTk0ZGs1TWMzUkdkbGRJUlc5VmQzYxAB
İlhan Adanalı,5.0,"Thank you Yusuf Bey for your attention, it was great!",a day ago,2026-08-03,,"Dear Valued Guest,
We sincerely thank you for your 5-star rating of our facility. Your expression of satisfaction in this way is a great source of happiness and motivation for us.
Our top priority is to provide you with a pleasant and trouble-free holiday experience. Your valuable feedback empowers us to maintain and further improve our service quality.
We look forward to welcoming you again soon and hope to provide you with the same satisfaction on your next holiday.
Sincerely,
Crystal Hotels CRM",1 photo,Ci9DQUlRQUNvZENodHljRjlvT2tNNVMxRXlRWFJCUkRSSFdYVTFZV3A2VFU5SVpIYxAB
Awab Darghoth,5.0,"Loved the staff, food was delightful and the beach was superb",a day ago,2026-08-03,,"ENG: Dear Valued Guest,
We sincerely thank you for your 5-star rating and for taking the time to share your positive feedback. Your satisfaction is a great source of happiness and motivation for us.
Providing you with a pleasant and seamless holiday experience is always our top priority. Your valuable feedback encourages us to maintain and continuously improve the quality of our services.
We would be delighted to welcome you again in the near future and hope to provide you with the same level of satisfaction during your next stay.
Kind regards,
Crystal Hotels CRM.",,Ci9DQUlRQUNvZENodHljRjlvT2xWTFV6TlNiVFphTmxSWmVFUkVZMW93ZWxoU1IxRRAB
Hediye Adanalı,5.0,"This was our first time at the hotel, it's very nice, and we plan to come again next year. We recommend it to everyone. The staff are friendly and helpful, and the animation team is fantastic. Thank you to everyone.",Edited a day ago,2026-08-03,,"Dear Valued Guest,
We sincerely thank you for your 5-star rating of our facility. Your expression of satisfaction in this way is a great source of happiness and motivation for us.
Our top priority is to provide you with a pleasant and trouble-free holiday experience. Your valuable feedback empowers us to maintain and further improve our service quality.
We look forward to welcoming you again soon and hope to provide you with the same satisfaction on your next holiday.
Sincerely,
Crystal Hotels CRM",,Ci9DQUlRQUNvZENodHljRjlvT25wbVZteERkMnd5TUhKS1FUUjJkbEZMWkRSVWVuYxAB
buglem bahcelik,5.0,"Kids have a lot of fun at soft play, I recommend it.",a day ago,2026-08-03,,"Dear Valued Guest,
We sincerely thank you for your 5-star rating of our facility. Your expression of satisfaction in this way is a great source of happiness and motivation for us.
Our top priority is to provide you with a pleasant and trouble-free holiday experience. Your valuable feedback empowers us to maintain and further improve our service quality.
We look forward to welcoming you again soon and hope to provide you with the same satisfaction on your next holiday.
Sincerely,
Crystal Hotels CRM",,Ci9DQUlRQUNvZENodHljRjlvT2w5M2VEWkNiRzUxU1dzeExWQjJjSFZMVGtOdFYxRRAB
Jamal Elsaesser Stube,1.0,"Unfortunately, our stay at Crystal Waterworld was a huge disappointment.

The bathroom in our room was full of mold, which is absolutely unacceptable for a supposedly 5-star hotel. The mattress was also old and worn out, making a restful night's sleep virtually impossible.

The service staff were mostly unfriendly and, in some cases, insufficiently trained in dealing with guests. Complaints were addressed only reluctantly, and the service in no way met the standards one would expect from a 5-star hotel.

The only bright spot during our stay was the hotel manager. He was friendly, helpful, and tried his best to resolve the problems.

Overall, this hotel fell far short of our expectations. In our opinion, it has little to do with a 5-star hotel.",a day ago,2026-08-03,,,7 reviews · 2 photos,Ci9DQUlRQUNvZENodHljRjlvT2xGeGFXdFZRak01T1V3dFgwOVBjM2xZTmxFMFlXYxAB
Francesco Montonato,5.0,"⭐⭐⭐⭐⭐

We spent two weeks at Crystal Waterworld and had a wonderful vacation overall. I would rate the hotel 4.5 out of 5 stars and highly recommend it.

I would rate the food 4 out of 5 stars. The selection is huge, and there really is something for everyone. We also really enjoyed the taste of the food.

The rooms are large, spacious, and clean. The minibar was reliably restocked daily, which we greatly appreciated.

All the service staff were friendly, helpful, and always eager to ensure guests had a pleasant stay. The reception was always easy to reach if we had any questions or concerns.

However, a very special thank you goes to Caner. Words aren't enough to express how grateful we are to him. When my wife became ill, he was there for us immediately and cared for us with a warmth and compassion that is anything but ordinary. He accompanied us throughout our entire two-week stay, showed us around the hotel, frequently checked on our well-being, and was always available whenever we needed anything. During that time, a hotel employee became a true friend. People like Caner make all the difference between a good vacation and an unforgettable one. We will always be grateful to him for that.

The leisure and activity options are also fantastic. The selection is so vast that we couldn't even try everything in two weeks.

Many thanks to the entire Crystal Waterworld team – and a very special thank you to Caner. We would love to come back again!",a day ago,2026-08-03,,"Dear Valued Guest,
We sincerely thank you for your 5-star rating and for taking the time to share your positive feedback. Your satisfaction is a great source of happiness and motivation for us.
Providing you with a pleasant and seamless holiday experience is always our top priority. Your valuable feedback encourages us to maintain and continuously improve the quality of our services.
We would be delighted to welcome you again in the near future and hope to provide you with the same level of satisfaction during your next stay.
Kind regards,
Crystal Hotels CRM.",Local Guide · 12 reviews,Ci9DQUlRQUNvZENodHljRjlvT2tGcVprWTFOMEZ1UW1aVmNVOXNTbGhDU25OcmNtYxAB
Fatih Yavuz,5.0,"We had a wonderful stay. 😊

We were very pleased with the cleanliness and comfort of the hotel and the friendly attention of the staff. We enjoyed our time in a warm and peaceful environment. We thank the entire team for their hospitality. We wholeheartedly recommend it to those looking for a pleasant stay. 🙏",a day ago,2026-08-03,,"Dear Valued Guest,
We sincerely thank you for your 5-star rating of our facility. Your expression of satisfaction in this way is a great source of happiness and motivation for us.
Our top priority is to provide you with a pleasant and trouble-free holiday experience. Your valuable feedback empowers us to maintain and further improve our service quality.
We look forward to welcoming you again soon and hope to provide you with the same satisfaction on your next holiday.
Sincerely,
Crystal Hotels CRM",Local Guide · 2 reviews · 3 photos,Ci9DQUlRQUNvZENodHljRjlvT21GUmNDMWFZMU54TVhVNFJVUkJhR05pVGpCWVpVRRAB
Er nE,5.0,,a day ago,2026-08-03,,"Dear Valued Guest,
We sincerely thank you for your 5-star rating of our facility. Your expression of satisfaction in this way is a great source of happiness and motivation for us.
Our top priority is to provide you with a pleasant and trouble-free holiday experience. Your valuable feedback empowers us to maintain and further improve our service quality.
We look forward to welcoming you again soon and hope to provide you with the same satisfaction on your next holiday.
Sincerely,
Crystal Hotels CRM",2 reviews · 19 photos,Ci9DQUlRQUNvZENodHljRjlvT2pKeVZVOXRSV1pUV0VOT1dYaGZOVk40ZDNkZlltYxAB
Ceyhun Topçu,5.0,"It's a very nice hotel, the food and desserts are exceptionally good, especially the Adana kebab, it's superb. Kudos to the chef who prepared it! It's a perfect family hotel, and there are a lot of young children, so you might be a little uncomfortable, but it's worth it for the food and desserts.",a day ago,2026-08-03,,"Dear Valued Guest,
We sincerely thank you for your 5-star rating of our facility. Your expression of satisfaction in this way is a great source of happiness and motivation for us.
Our top priority is to provide you with a pleasant and trouble-free holiday experience. Your valuable feedback empowers us to maintain and further improve our service quality.
We look forward to welcoming you again soon and hope to provide you with the same satisfaction on your next holiday.
Sincerely,
Crystal Hotels CRM",2 reviews,Ci9DQUlRQUNvZENodHljRjlvT2psRkxXVlVkVXRsYVVjMWMxQkNMV1pQV1hWeVIwRRAB
Дмитрий Рогачев,5.0,"The hotel is huge and has everything you need for a great vacation!
Great mini club for kids!
Helpful staff!",a day ago,2026-08-03,,"Dear Guest,
Thank you for your high rating of our hotel and for awarding us 5 stars. We are delighted that you have expressed your satisfaction in this way – it is a great joy and motivation for us.
Our top priority is always to ensure you have a pleasant and carefree stay. Your valuable feedback inspires us to maintain and continually improve the quality of our services.
We look forward to welcoming you back to our hotel in the near future and hope to once again meet your expectations on your next vacation.
Sincerely,
CRM Team
Crystal Hotels CRM",1 review,Ci9DQUlRQUNvZENodHljRjlvT2pSSGJEWjZTa2R2VXpCeWQzWkRlbTlxV0dwbFpIYxAB
Feuerwerk Nord,5.0,"Sadly, it's time to say goodbye today. 😔

Thank you so much to Crystal Waterworld for the wonderful and relaxing days. Our family is completely satisfied and is leaving with many happy memories and a great feeling.

The entire resort is well-maintained and beautiful, and the staff were always friendly, attentive, and helpful. The food was also delicious and varied every day.

If nothing comes up, we will – God willing – vacation with you again next year. 😊😎 Thank you for your wonderful hospitality!",a day ago,2026-08-03,,"Dear Guest,

Thank you so much for your 5-star rating and positive feedback. We are delighted that you expressed your satisfaction in this way – it is a great motivation for us.

Our top priority is to provide you with a pleasant and carefree stay. Your valuable feedback encourages us to maintain and continuously improve our service quality.

We would be very pleased to welcome you back again in the near future and to offer you the same level of satisfaction during your next stay.

Sincerely,
Crystal Hotels CRM",4 reviews · 1 photo,Ci9DQUlRQUNvZENodHljRjlvT2tsZlF6RnljMmt5YzJJeFZ6UnFVRWhJTjFSRGRuYxAB
Vedat Yılmaz,1.0,"I came back because I also stayed here 3 years ago, but the hotel is complete chaos. There are queues everywhere. You have to walk around for at least 10 minutes to find a clean table to eat at. The food is simply terrible. There is no soundproofing in the rooms. We couldn't sleep because of the noise from the door and the next room. This hotel is the answer to the question of how to be humiliated for your money.",Edited 2 days ago,2026-08-02,,"Dear Valued Guest,

First of all, thank you for choosing our hotel again. We are saddened that we were unable to meet your expectations despite your return visit three years after your stay.
Our hotel is a large-scale facility with 1,023 rooms and a capacity of approximately 3,500 guests. To enhance our guests' comfort, we offer food and beverage services at many points throughout the facility, including our main restaurants, various snack restaurants, a patisserie, cafes, and bars that operate throughout the day. In addition, our 5 complimentary A'la Carte restaurants offer our guests an alternative and more tranquil dining experience during your stay.
During peak seasons, there may be short waits at restaurant entrances or for table occupancy. However, our teams are constantly on duty to ensure table cleanliness and guest turnover. Your comments will be shared with our relevant departments to help us further improve these processes.
We have also carefully noted your dissatisfaction with the variety and taste of the food, as well as your assessment regarding the sound insulation in your room. Guest feedback is one of the most important parts of our process to improve the quality of our services, and your opinions will be evaluated by our relevant departments. Thank you for sharing your feedback with us, and we hope to have the opportunity to provide you with an even more positive experience in the future.

Sincerely,
Crystal Hotels CRM",Local Guide · 21 reviews · 3 photos,ChZDSUhNMG9nS0VJQ0FnSUNwNExyNFZ3EAE
A. K,5.0,"The first day, shocked by the size of the resort. And the more you get to know and discover something new every day.",2 days ago,2026-08-02,,"Dear Valued Guest,
We sincerely thank you for your 5-star rating and for taking the time to share your positive feedback. Your satisfaction is a great source of happiness and motivation for us.
Providing you with a pleasant and seamless holiday experience is always our top priority. Your valuable feedback encourages us to maintain and continuously improve the quality of our services.
We would be delighted to welcome you again in the near future and hope to provide you with the same level of satisfaction during your next stay.
Kind regards,
Crystal Hotels CRM.",13 reviews,Ci9DQUlRQUNvZENodHljRjlvT2xBeU5reEhXWFpXUzBsMFR6ZEdSM016VVVWelNHYxAB
Sami Cebecioglu,1.0,I'm at a hotel right now and it's terrible; even the power outlets in the lobby aren't working. There are ants in my room.,2 days ago,2026-08-02,,"Dear Valued Guest,

First of all, we would like to express our regret for the negative experience you have had. The presence of ants in your room and the fact that the problem has not yet been resolved despite your notification does not align with the service we aim to provide.
Since your stay is ongoing, we invite you to our Guest Relations Office so that all the issues you have experienced can be resolved as soon as possible. Our team will carefully evaluate all your requests, including room inspection and planning of necessary pest control procedures, and will provide the necessary support to ensure your satisfaction.
We have also carefully noted your comments regarding the variety of food and beverages. Your feedback will be shared with our relevant department managers and will be taken into consideration.
To ensure a more enjoyable holiday experience for the remainder of your stay, we kindly ask you to visit our Guest Relations Office and we would be pleased to assist you personally as soon as possible.

Sincerely,
Crystal Hotels CRM",,Ci9DQUlRQUNvZENodHljRjlvT25VNGMweFFPSHAzYmpoQlNVWkNieTA0TkROdGRYYxAB
Ahmed Rouihmi,5.0,This is the beautifull hotel in belek,2 days ago,2026-08-02,,"Dear Valued Guest,

We sincerely thank you for your 5-star rating and for taking the time to share your positive feedback. Your satisfaction is a great source of happiness and motivation for us.
Providing you with a pleasant and seamless holiday experience is always our top priority. Your valuable feedback encourages us to maintain and continuously improve the quality of our services.
We would be delighted to welcome you again in the near future and hope to provide you with the same level of satisfaction during your next stay.
Kind regards,
Crystal Hotels CRM.",1 review,Ci9DQUlRQUNvZENodHljRjlvT2t4amJYZFJYekJ1VEZCYWFtZElhMDVNUnpnNWNtYxAB
cakir,5.0,"Everything was great, but the main restaurant dishes could use a little more care. The à la carte restaurants were very good. The entertainment team, the kitchen team, and the waiters were all very friendly and helpful. The aquapark was perfectly adequate for children.",2 days ago,2026-08-02,,"Dear Valued Guest,
We sincerely thank you for your 5-star rating of our facility. Your expression of satisfaction in this way is a great source of happiness and motivation for us.
Our top priority is to provide you with a pleasant and trouble-free holiday experience. Your valuable feedback empowers us to maintain and further improve our service quality.
We look forward to welcoming you again soon and hope to provide you with the same satisfaction on your next holiday.
Sincerely,
Crystal Hotels CRM",1 photo,Ci9DQUlRQUNvZENodHljRjlvT21Nd1JWUkNOVWhxZGpkS1ZGOWhaMFpWT0RGdk4wRRAB
STCI COMPOSITE,5.0,,2 days ago,2026-08-02,,"Dear Valued Guest,
We sincerely thank you for your 5-star rating and for taking the time to share your positive feedback. Your satisfaction is a great source of happiness and motivation for us.
Providing you with a pleasant and seamless holiday experience is always our top priority. Your valuable feedback encourages us to maintain and continuously improve the quality of our services.
We would be delighted to welcome you again in the near future and hope to provide you with the same level of satisfaction during your next stay.
Kind regards,
Crystal Hotels CRM.",,Ci9DQUlRQUNvZENodHljRjlvT2xOM2RHTlBhV2hmVTJSa2FITTJXREJaUmxscVVsRRAB
Çiğdem AKBAŞ,5.0,We thank the employees for their extremely dedicated efforts.,2 days ago,2026-08-02,,"Dear Valued Guest,
We sincerely thank you for your 5-star rating of our facility. Your expression of satisfaction in this way is a great source of happiness and motivation for us.
Our top priority is to provide you with a pleasant and trouble-free holiday experience. Your valuable feedback empowers us to maintain and further improve our service quality.
We look forward to welcoming you again soon and hope to provide you with the same satisfaction on your next holiday.
Sincerely,
Crystal Hotels CRM",2 reviews · 1 photo,Ci9DQUlRQUNvZENodHljRjlvT2w4eVJWVmpUV0pqVWs4MWRFZERZMDlZWDA5WGVGRRAB
helin yüzgeç,5.0,"Everything was very enjoyable; Ms. Nasim, Mr. Ayhan, and the other staff were very attentive. We had a very pleasant holiday.",2 days ago,2026-08-02,,"Dear Valued Guest,
We sincerely thank you for your 5-star rating of our facility. Your expression of satisfaction in this way is a great source of happiness and motivation for us.
Our top priority is to provide you with a pleasant and trouble-free holiday experience. Your valuable feedback empowers us to maintain and further improve our service quality.
We look forward to welcoming you again soon and hope to provide you with the same satisfaction on your next holiday.
Sincerely,
Crystal Hotels CRM",,Ci9DQUlRQUNvZENodHljRjlvT2xablQwUjBZbEZFZEVOc05ucHNVMHRLYm5sb2VHYxAB
Leo leo Aslan,5.0,"Everything was great: the food, the cleanliness, the staff were attentive. I would like to thank Ms. Nasim from the guest team for her interest and helpfulness.",2 days ago,2026-08-02,,"Dear Valued Guest,
We sincerely thank you for your 5-star rating of our facility. Your expression of satisfaction in this way is a great source of happiness and motivation for us.
Our top priority is to provide you with a pleasant and trouble-free holiday experience. Your valuable feedback empowers us to maintain and further improve our service quality.
We look forward to welcoming you again soon and hope to provide you with the same satisfaction on your next holiday.
Sincerely,
Crystal Hotels CRM",,Ci9DQUlRQUNvZENodHljRjlvT21kcGFURndWMmxWTFdWQk9IQndaSGRqYVdOblpGRRAB
M.TAYLAN GÜREL,4.0,"The hotel is nice, but it gets very crowded, and there are queues, especially for the pool and food, just so you know.",2 days ago,2026-08-02,,"Dear Valued Guest,

Thank you for sharing your valuable feedback and thoughts about our hotel.

We are pleased that you enjoyed our hotel. However, we are sorry to hear that you experienced waiting times due to high occupancy in the pool areas and our restaurants during your stay.
Our hotel is a large facility with 1,023 rooms and a capacity of approximately 3,500 guests. To enhance our guests' comfort, we offer many food and beverage areas throughout the day, as well as 5 complimentary A'la Carte restaurants. During peak seasons, short periods of high occupancy may occur, especially at certain times. Your feedback is of great importance to us in order to continuously improve the quality of our services. Thank you for your feedback, and we look forward to welcoming you again in the future.

Sincerely,",1 review,Ci9DQUlRQUNvZENodHljRjlvT2sxMWVURm1aekZVYjJSdFJsVkJSbmRYWlY5S1VuYxAB
Johann B,5.0,"The beach is beautifully integrated into the surroundings.

The beach is gorgeous.

The food is finally tailored to Turkish cuisine.",2 days ago,2026-08-02,,"Dear Guest,

Thank you so much for your 5-star rating and positive feedback. We are delighted that you expressed your satisfaction in this way – it is a great motivation for us.

Our top priority is to provide you with a pleasant and carefree stay. Your valuable feedback encourages us to maintain and continuously improve our service quality.

We would be very pleased to welcome you back again in the near future and to offer you the same level of satisfaction during your next stay.

Sincerely,
Crystal Hotels CRM
...",,Ci9DQUlRQUNvZENodHljRjlvT2pkU2NVbElkbXg2VWpFMlN6UnRkRzVVYXpsQlpYYxAB
Hkn Eng,5.0,"The hotel is very beautiful, with its aqua parks, and the food is unlimited with all kinds of options available at any time of day; it's a hotel worthy of being a 5-star hotel.",2 days ago,2026-08-02,,"Dear Valued Guest,
We sincerely thank you for your 5-star rating of our facility. Your expression of satisfaction in this way is a great source of happiness and motivation for us.
Our top priority is to provide you with a pleasant and trouble-free holiday experience. Your valuable feedback empowers us to maintain and further improve our service quality.
We look forward to welcoming you again soon and hope to provide you with the same satisfaction on your next holiday.
Sincerely,
Crystal Hotels CRM",2 reviews,Ci9DQUlRQUNvZENodHljRjlvT2xGUE56WkRUMUZJYnpsbmEyZFVVazl4TkdSbU0xRRAB
Arnold Venczel,5.0,,2 days ago,2026-08-02,,"Dear Valued Guest,
We sincerely thank you for your 5-star rating and for taking the time to share your positive feedback. Your satisfaction is a great source of happiness and motivation for us.
Providing you with a pleasant and seamless holiday experience is always our top priority. Your valuable feedback encourages us to maintain and continuously improve the quality of our services.
We would be delighted to welcome you again in the near future and hope to provide you with the same level of satisfaction during your next stay.
Kind regards,
Crystal Hotels CRM.",,Ci9DQUlRQUNvZENodHljRjlvT21rNWFreFFjamxSTW1WMVNrOU1aVlJqZDFJeFpGRRAB
Екатерина Нагимова,4.0,"The hotel is great!!!! The only downside is the beach is sandy and pebbly, so it's painful to go into the sea. The staff is amazing!!! Cheerful and understanding... Lots of positivity. Thank you.",2 days ago,2026-08-02,,"Dear Guest,
Thank you for your high rating of our hotel and for awarding us 5 stars. We are delighted that you have expressed your satisfaction in this way – it is a great joy and motivation for us.
Our top priority is always to ensure you have a pleasant and carefree stay. Your valuable feedback inspires us to maintain and continually improve the quality of our services.
We look forward to welcoming you back to our hotel in the near future and hope to once again meet your expectations on your next vacation.
Sincerely,
CRM Team
Crystal Hotels CRM",,Ci9DQUlRQUNvZENodHljRjlvT25kVlgwazBkVE0yWWxwa1MxSmhhV3BuTFZWUExYYxAB
Ayşe 1907,5.0,"This is our second day at the hotel as a family with two children. Although we experienced some minor issues on our first day, both our Ets Tur consultant, Mr. Hamza, and the hotel staff were dedicated to resolving our requests. The hotel is very large and crowded, but the pools, sea, and beach are large enough to comfortably accommodate this crowd. The food selection is quite sufficient and, most importantly, delicious. Many thanks to all the staff, and especially to Mr. Görkem from customer relations, for their attention and care…",2 days ago,2026-08-02,,"Dear Valued Guest,
We sincerely thank you for your 5-star rating of our facility. Your expression of satisfaction in this way is a great source of happiness and motivation for us.
Our top priority is to provide you with a pleasant and trouble-free holiday experience. Your valuable feedback empowers us to maintain and further improve our service quality.
We look forward to welcoming you again soon and hope to provide you with the same satisfaction on your next holiday.
Sincerely,
Crystal Hotels CRM",7 reviews,Ci9DQUlRQUNvZENodHljRjlvT2xKbWNqbE9WVWhZUkdwYWNrbFNhRGh4Tm10blprRRAB
Al Nomad,5.0,"Thank you very much, Crystal World!",2 days ago,2026-08-02,,"Dear Valued Guest,
We sincerely thank you for your 5-star rating and for taking the time to share your positive feedback. Your satisfaction is a great source of happiness and motivation for us.
Providing you with a pleasant and seamless holiday experience is always our top priority. Your valuable feedback encourages us to maintain and continuously improve the quality of our services.
We would be delighted to welcome you again in the near future and hope to provide you with the same level of satisfaction during your next stay.
Kind regards,
Crystal Hotels CRM.",1 review,Ci9DQUlRQUNvZENodHljRjlvT25kZlZVTkVTR3AyWjFORGJrdHhjbVkzYldzNWNXYxAB
Fatima Mamedzade,5.0,the animator is super,2 days ago,2026-08-02,,"Dear Guest,
Thank you for your high rating of our hotel and for awarding us 5 stars. We are delighted that you have expressed your satisfaction in this way – it is a great joy and motivation for us.
Our top priority is always to ensure you have a pleasant and carefree stay. Your valuable feedback inspires us to maintain and continually improve the quality of our services.
We look forward to welcoming you back to our hotel in the near future and hope to once again meet your expectations on your next vacation.
Sincerely,
CRM Team
Crystal Hotels CRM",1 review · 1 photo,Ci9DQUlRQUNvZENodHljRjlvT25ZeldVMDRkVmxvTlhCUmRsbFhkbE0wT1ZkTFVrRRAB
Sena Taşören,5.0,,2 days ago,2026-08-02,,"Dear Valued Guest,
We sincerely thank you for your 5-star rating of our facility. Your expression of satisfaction in this way is a great source of happiness and motivation for us.
Our top priority is to provide you with a pleasant and trouble-free holiday experience. Your valuable feedback empowers us to maintain and further improve our service quality.
We look forward to welcoming you again soon and hope to provide you with the same satisfaction on your next holiday.
Sincerely,
Crystal Hotels CRM",,Ci9DQUlRQUNvZENodHljRjlvT2xJeVRIUkpRV1ZpUlZJMmMxZEplVE5QTUROa1QwRRAB
Самат Вазеев,5.0,Everything is super. I liked everything.,2 days ago,2026-08-02,,"Dear Guest,
Thank you for your high rating of our hotel and for awarding us 5 stars. We are delighted that you have expressed your satisfaction in this way – it is a great joy and motivation for us.
Our top priority is always to ensure you have a pleasant and carefree stay. Your valuable feedback inspires us to maintain and continually improve the quality of our services.
We look forward to welcoming you back to our hotel in the near future and hope to once again meet your expectations on your next vacation.
Sincerely,
CRM Team
Crystal Hotels CRM",1 review,Ci9DQUlRQUNvZENodHljRjlvT21aZlQwaFRSWGhJTmxwMVNURjBWMDA1YjBseWJrRRAB
Canan Cinar,5.0,"This is our second holiday here, and we're enjoying it just as much as the first time. The rooms are cleaned very well by the cleaning staff. The resort is very clean. The service staff is always attentive.",2 days ago,2026-08-02,,"Dear Guest,

Thank you so much for your 5-star rating and positive feedback. We are delighted that you expressed your satisfaction in this way – it is a great motivation for us.

Our top priority is to provide you with a pleasant and carefree stay. Your valuable feedback encourages us to maintain and continuously improve our service quality.

We would be very pleased to welcome you back again in the near future and to offer you the same level of satisfaction during your next stay.

Sincerely,
Crystal Hotels CRM",1 photo,Ci9DQUlRQUNvZENodHljRjlvT2xoUlVISjJTRUpxUWtsb1NIbHRlamhaTFZoRWNHYxAB
Umur,5.0,"I liked the hotel, the food and drinks were good, the room was comfortable, the soft play area was nice, and they were attentive to the children.",2 days ago,2026-08-02,,"Dear Valued Guest,
We sincerely thank you for your 5-star rating of our facility. Your expression of satisfaction in this way is a great source of happiness and motivation for us.
Our top priority is to provide you with a pleasant and trouble-free holiday experience. Your valuable feedback empowers us to maintain and further improve our service quality.
We look forward to welcoming you again soon and hope to provide you with the same satisfaction on your next holiday.
Sincerely,
Crystal Hotels CRM",,Ci9DQUlRQUNvZENodHljRjlvT2tKRk0yRnVURmxJVGxCNFl6TllRMDk0ZUZsRFQyYxAB
Роман Романов,5.0,"Great playroom!!! The staff is top notch!!! Very fun and attentive animators!!! Thank you so much, I'll be back again!!!!",2 days ago,2026-08-02,,"Dear Guest,
Thank you for your high rating of our hotel and for awarding us 5 stars. We are delighted that you have expressed your satisfaction in this way – it is a great joy and motivation for us.
Our top priority is always to ensure you have a pleasant and carefree stay. Your valuable feedback inspires us to maintain and continually improve the quality of our services.
We look forward to welcoming you back to our hotel in the near future and hope to once again meet your expectations on your next vacation.
Sincerely,
CRM Team
Crystal Hotels CRM",,Ci9DQUlRQUNvZENodHljRjlvT25kbFNYRmZkRU5UWDA5a1YwcGhVR2h1ZW5GQmNsRRAB
Merve Dengez,5.0,"Cristal Water Word is located on one of the tranquil Mediterranean coasts, boasting magnificent views. The hotel's serene and elegant design offers guests comfort and luxury. It's the ideal place to relax and enjoy your vacation in every sense.

Upon arrival, you are greeted with a warm welcome. The reception staff are friendly and helpful, providing you with all the necessary information about the hotel and eager to meet your needs.

The rooms are decorated in a modern and stylish style. Comfortable beds, natural light streaming through large windows, and every detail you might need have been considered. Each room has a private balcony, allowing you to enjoy watching the sunset.

A rich breakfast buffet in the mornings ensures you start your day energetically. In the evenings, menus enriched with seafood appeal to your palate.

One of the most captivating aspects of Cristal Water Word is the experience it offers, immersed in nature. You can take walks along the seaside, and the hotel's spa and center also allows you to unwind and pamper yourself.",2 days ago,2026-08-02,,"Dear Valued Guest,
We sincerely thank you for your 5-star rating of our facility. Your expression of satisfaction in this way is a great source of happiness and motivation for us.
Our top priority is to provide you with a pleasant and trouble-free holiday experience. Your valuable feedback empowers us to maintain and further improve our service quality.
We look forward to welcoming you again soon and hope to provide you with the same satisfaction on your next holiday.
Sincerely,
Crystal Hotels CRM",4 reviews,Ci9DQUlRQUNvZENodHljRjlvT2tadWVtUXhaMWxUU1ZaQldWZHZVa3M0VkVJM1drRRAB
Sabina Yaryevaaa,5.0,"Everything is very good. It's great for kids, and for adults too. I recommend it. The food is varied.",2 days ago,2026-08-02,,"Dear Guest,
Thank you for your high rating of our hotel and for awarding us 5 stars. We are delighted that you have expressed your satisfaction in this way – it is a great joy and motivation for us.
Our top priority is always to ensure you have a pleasant and carefree stay. Your valuable feedback inspires us to maintain and continually improve the quality of our services.
We look forward to welcoming you back to our hotel in the near future and hope to once again meet your expectations on your next vacation.
Sincerely,
CRM Team
Crystal Hotels CRM",,Ci9DQUlRQUNvZENodHljRjlvT2tweE5Xc3hhRlpRUlZkS2NVNWlhSHBKYkVkVkxXYxAB
yusuf Altınbeli,5.0,"The hotel is very good, the food is good, not superb, but the facilities and entertainment inside are quite good, and the staff are good and adequate.",2 days ago,2026-08-02,,"Dear Valued Guest,
We sincerely thank you for your 5-star rating of our facility. Your expression of satisfaction in this way is a great source of happiness and motivation for us.
Our top priority is to provide you with a pleasant and trouble-free holiday experience. Your valuable feedback empowers us to maintain and further improve our service quality.
We look forward to welcoming you again soon and hope to provide you with the same satisfaction on your next holiday.
Sincerely,
Crystal Hotels CRM",4 reviews,Ci9DQUlRQUNvZENodHljRjlvT2toTE1ETlRVbWRXTjJ0RlMzUm5URmRpVG00MlRuYxAB
ifakat altın,5.0,"We stayed at your hotel and loved everything, from the activities to the parties. The rooms were very clean, the hotel was truly clean, and the staff were friendly. I would love to come again.",2 days ago,2026-08-02,,"Dear Valued Guest,
We sincerely thank you for your 5-star rating of our facility. Your expression of satisfaction in this way is a great source of happiness and motivation for us.
Our top priority is to provide you with a pleasant and trouble-free holiday experience. Your valuable feedback empowers us to maintain and further improve our service quality.
We look forward to welcoming you again soon and hope to provide you with the same satisfaction on your next holiday.
Sincerely,
Crystal Hotels CRM",,Ci9DQUlRQUNvZENodHljRjlvT2sxTFl6RktTelZKYUVoR01UaFBTRloyVDJ0NlJrRRAB
Yağmur Altinbeli,5.0,"The staff were adequate, helpful, and friendly; there were many activities available; and the rooms were clean.",2 days ago,2026-08-02,,"Dear Valued Guest,
We sincerely thank you for your 5-star rating of our facility. Your expression of satisfaction in this way is a great source of happiness and motivation for us.
Our top priority is to provide you with a pleasant and trouble-free holiday experience. Your valuable feedback empowers us to maintain and further improve our service quality.
We look forward to welcoming you again soon and hope to provide you with the same satisfaction on your next holiday.
Sincerely,
Crystal Hotels CRM",1 review,Ci9DQUlRQUNvZENodHljRjlvT2xOaGJIcHdTRmxoYWpGdFQyaGphRzEwZEdOWFNtYxAB
Erika Fodor,4.0,,2 days ago,2026-08-02,,"Dear Guest,

Thank you so much for your 5-star rating and positive feedback. We are delighted that you expressed your satisfaction in this way – it is a great motivation for us.

Our top priority is to provide you with a pleasant and carefree stay. Your valuable feedback encourages us to maintain and continuously improve our service quality.

We would be very pleased to welcome you back again in the near future and to offer you the same level of satisfaction during your next stay.

Sincerely,
Crystal Hotels CRM",5 reviews,Ci9DQUlRQUNvZENodHljRjlvT2xsb2VqaEdRWEJWUTI5R1FsZzFha05PWjFob1ZIYxAB
Burak Erdem,5.0,"We really liked the hotel. Everything was wonderful, come without hesitation. We especially liked the soft play area, Ms. Emel was very friendly. Cleanliness, food, everything was fine. I liked their salads the most.",2 days ago,2026-08-02,,"Dear Valued Guest,
We sincerely thank you for your 5-star rating of our facility. Your expression of satisfaction in this way is a great source of happiness and motivation for us.
Our top priority is to provide you with a pleasant and trouble-free holiday experience. Your valuable feedback empowers us to maintain and further improve our service quality.
We look forward to welcoming you again soon and hope to provide you with the same satisfaction on your next holiday.
Sincerely,
Crystal Hotels CRM",,Ci9DQUlRQUNvZENodHljRjlvT205SFpVWkVMVlF5TTIxMGVGcEplbWwwVUV4cGNIYxAB
Namezk,5.0,"The rooms are nice, the food is adequate, the hotel is crowded but not bothersome, the animation is excellent, don't worry if you have children, Emel and her team will take care of everything, just enjoy your vacation.",2 days ago,2026-08-02,,"Dear Valued Guest,
We sincerely thank you for your 5-star rating of our facility. Your expression of satisfaction in this way is a great source of happiness and motivation for us.
Our top priority is to provide you with a pleasant and trouble-free holiday experience. Your valuable feedback empowers us to maintain and further improve our service quality.
We look forward to welcoming you again soon and hope to provide you with the same satisfaction on your next holiday.
Sincerely,
Crystal Hotels CRM",Local Guide · 112 reviews · 10 photos,Ci9DQUlRQUNvZENodHljRjlvT2taaldtWnpaVk0zYkZJeFVVYzJlVzVaZERGYU5XYxAB
esra varışlı,5.0,"We would like to express our sincere gratitude to Mr. Caner and Ms. Melike from guest relations, Mr. Şehmus, the restaurant manager, Mr. Okan, the restaurant chef, and Mr. Adnan, for their unwavering support and assistance following some negative experiences we had. Despite management issues, the staff did their best. Thank you again for your efforts and dedication. 🙏",2 days ago,2026-08-02,,"Dear Valued Guest,
We sincerely thank you for your 5-star rating of our facility. Your expression of satisfaction in this way is a great source of happiness and motivation for us.
Our top priority is to provide you with a pleasant and trouble-free holiday experience. Your valuable feedback empowers us to maintain and further improve our service quality.
We look forward to welcoming you again soon and hope to provide you with the same satisfaction on your next holiday.
Sincerely,
Crystal Hotels CRM",2 reviews · 1 photo,Ci9DQUlRQUNvZENodHljRjlvT21sb1VVVlVhMHRpUzBSa1pYaHBaVlZMY2xGUU1YYxAB
ALİ KAĞAN KARABEY,5.0,"Thank you for everything, it was so much fun, the softplay area was great too.",2 days ago,2026-08-02,,"Dear Valued Guest,
We sincerely thank you for your 5-star rating of our facility. Your expression of satisfaction in this way is a great source of happiness and motivation for us.
Our top priority is to provide you with a pleasant and trouble-free holiday experience. Your valuable feedback empowers us to maintain and further improve our service quality.
We look forward to welcoming you again soon and hope to provide you with the same satisfaction on your next holiday.
Sincerely,
Crystal Hotels CRM",,Ci9DQUlRQUNvZENodHljRjlvT2tnNGRsazVZVEExTFhoVFZEZzRTMFo0Y2xORGFtYxAB
sefiqe Mustafayeva,5.0,soft play very nice we liked the hotel very much we are coming from Azerbaijan evening instructions very nice thanks to the animation lady Emel,2 days ago,2026-08-02,,"Dear Valued Guest,
We sincerely thank you for your 5-star rating of our facility. Your expression of satisfaction in this way is a great source of happiness and motivation for us.
Our top priority is to provide you with a pleasant and trouble-free holiday experience. Your valuable feedback empowers us to maintain and further improve our service quality.
We look forward to welcoming you again soon and hope to provide you with the same satisfaction on your next holiday.
Sincerely,
Crystal Hotels CRM",,Ci9DQUlRQUNvZENodHljRjlvT2pSTWJYQXhTMjlCWjIxV1ZHWlNPR2xHZWxwaWRGRRAB
ibrahim kaymak,1.0,"First of all, this is the second time I've chosen this hotel. A hotel can't regress this much. I don't think I'll ever choose Crystal again. The hotel is incredibly crowded. Whatever you want to do, you wait in line for 20 minutes. The staff is very insufficient and carelessly selected. None of them are friendly. On the contrary, they mock the customers amongst themselves. The food is very poor quality. There's absolutely no grilled food. Only chicken and meatballs. Besides that, all the leftover vegetables are just strange, identical dishes with different names. There's no meat at all. Occasionally, some strange meat appears, but nobody can eat it. The staff is so incompetent that you can't even ask anyone for a glass of water or a spoon. If there's no spoon on the table, you have to walk around inside for 20 minutes in the stench. By the time you get back, your food will be cold. The desserts and pastries are good. Room cleaning is very poor. Something is missing every day. Careless cleaning. If you don't want the buffet and want à la carte, there's no reservation. I'm not exaggerating, you can only eat à la carte if you wait in line at the canteen for an hour. The sea suddenly gets deep and rocky. The aqua park is nice. The quality of the drinks is good.",3 days ago,2026-08-01,,"Dear Valued Guest Ibrahim Kaymak,
First of all, thank you for choosing our hotel for the second time and sharing your experience with us. However, we would like to express our regret that this visit did not meet your expectations.
During peak season periods, due to high occupancy rates, there may be congestion in the restaurant, bar, and some common areas at certain times. Nevertheless, our operations are constantly reviewed and necessary improvements are made in order to provide quality service to our guests.
Our most fundamental service principle is that our staff provides respectful, friendly, and professional service to our guests. Your claim that our employees mocked guests is absolutely incompatible with our corporate culture and service standards. Such behavior is absolutely not tolerated in our hotel. If concrete information is shared, the necessary investigation will be carried out meticulously by our relevant teams.
We would also like to state that we do not agree with your evaluation regarding the variety of food. Different menus are prepared every day in our main restaurant, and select flavors from international cuisines are featured a few times a week. In addition, in our weekly Turkish Night themed concept, rich dishes and special presentations of traditional Turkish cuisine are offered to our guests. A wide buffet concept is offered with grilled dishes, chicken, red meat, fish, vegetable dishes, diet and vegetarian options. We are aware that tastes vary from person to person.

Our à la carte restaurants operate at a limited capacity due to high demand. To ensure fair use, a queuing system is used instead of a reservation system. This practice is part of our commitment to equal service for all our guests.

Your feedback regarding room cleaning will also be shared with our relevant department managers. Our cleaning standards are regularly audited, and the recurrence of the stated deficiencies does not reflect the hotel's service standards.

The sea structure is entirely natural and cannot be altered by our hotel. The characteristics of our beach are shared with our guests. We are also pleased that you were satisfied with our spacious aquapark, pools, and high-quality local and international beverage options.

We take all your feedback into consideration and value your comments in order to improve our service quality. We hope to have the opportunity to welcome you again in the future and provide you with an even more positive experience. Sincerely,

Crystal Hotels CRM",,Ci9DQUlRQUNvZENodHljRjlvT2pOT2FETnVUVXRRZW5kaGNYRnVOVzQ0U0VWaFRYYxAB
Zsolt Horváth,4.0,,3 days ago,2026-08-01,,"Dear Valued Guest,
We sincerely thank you for your rating and for taking the time to share your positive feedback. Your satisfaction is a great source of happiness and motivation for us.
Providing you with a pleasant and seamless holiday experience is always our top priority. Your valuable feedback encourages us to maintain and continuously improve the quality of our services.
We would be delighted to welcome you again in the near future and hope to provide you with the same level of satisfaction during your next stay.
Kind regards,
Crystal Hotels CRM.",Local Guide · 54 reviews · 131 photos,Ci9DQUlRQUNvZENodHljRjlvT2sxRmRIWXpUV1pwU0dwWE9WQnFOVGx1TVVNNFgxRRAB
Mohamed Nehme,5.0,"Excellent staff, superb service. Highly recommended. I'll be back.",3 days ago,2026-08-01,,"Dear Valued Guest,
We sincerely thank you for your 5-star rating and for taking the time to share your positive feedback. Your satisfaction is a great source of happiness and motivation for us.
Providing you with a pleasant and seamless holiday experience is always our top priority. Your valuable feedback encourages us to maintain and continuously improve the quality of our services.
We would be delighted to welcome you again in the near future and hope to provide you with the same level of satisfaction during your next stay.
Kind regards,
Crystal Hotels CRM.",6 reviews,Ci9DQUlRQUNvZENodHljRjlvT2t0eFdqTnpkbDgwZHpGVlRraE9jWGt0ZFRSM1RWRRAB
Recep Tuna,5.0,"Hotel was great, everything was great, I can highly recommend it.",3 days ago,2026-08-01,,"Dear Guest,

Thank you so much for your 5-star rating and positive feedback. We are delighted that you expressed your satisfaction in this way – it is a great motivation for us.

Our top priority is to provide you with a pleasant and carefree stay. Your valuable feedback encourages us to maintain and continuously improve our service quality.

We would be very pleased to welcome you back again in the near future and to offer you the same level of satisfaction during your next stay.

Sincerely,
Crystal Hotels CRM",3 reviews,Ci9DQUlRQUNvZENodHljRjlvT2xocFdGcGtXVjl3Y1ZKQlRHaEtlbTVYZWtkdVdYYxAB
Ozgurr Tosun,5.0,"I will be checking out of the hotel on August 2nd; my vacation is still ongoing. Next time I'll be searching for a hotel, I'll choose this one without hesitation. We loved it in every aspect, and I recommend it to anyone who is considering coming and is undecided.",3 days ago,2026-08-01,,"Dear Valued Guest,
We sincerely thank you for your 5-star rating of our facility. Your expression of satisfaction in this way is a great source of happiness and motivation for us.
Our top priority is to provide you with a pleasant and trouble-free holiday experience. Your valuable feedback empowers us to maintain and further improve our service quality.
We look forward to welcoming you again soon and hope to provide you with the same satisfaction on your next holiday.
Sincerely,
Crystal Hotels CRM",Local Guide · 23 reviews · 8 photos,Ci9DQUlRQUNvZENodHljRjlvT2tWTloxRXlNRkExUTFCeU4yWjFVMFJZV0VKQldIYxAB
julia gadermeir,5.0,,3 days ago,2026-08-01,,"Dear Guest,

Thank you so much for your 5-star rating and positive feedback. We are delighted that you expressed your satisfaction in this way – it is a great motivation for us.

Our top priority is to provide you with a pleasant and carefree stay. Your valuable feedback encourages us to maintain and continuously improve our service quality.

We would be very pleased to welcome you back again in the near future and to offer you the same level of satisfaction during your next stay.

Sincerely,
Crystal Hotels CRM",9 reviews · 1 photo,Ci9DQUlRQUNvZENodHljRjlvT2xkVVdTMTZYMVJWY1RoNlVWcFJVRFJqTTBGVGNIYxAB
Nihat,5.0,"The rooms are very clean, the food is quite delicious, and the hotel facilities are excellent.",3 days ago,2026-08-01,,"Dear Valued Guest,
We sincerely thank you for your 5-star rating of our facility. Your expression of satisfaction in this way is a great source of happiness and motivation for us.
Our top priority is to provide you with a pleasant and trouble-free holiday experience. Your valuable feedback empowers us to maintain and further improve our service quality.
We look forward to welcoming you again soon and hope to provide you with the same satisfaction on your next holiday.
Sincerely,
Crystal Hotels CRM",,Ci9DQUlRQUNvZENodHljRjlvT2tGMGFVbHliRkJhZVUxRVgwOVdiR2x4WDIxd2VHYxAB
Alex Tyan,5.0,,3 days ago,2026-08-01,,"Dear Valued Guest,
We sincerely thank you for your 5-star rating and for taking the time to share your positive feedback. Your satisfaction is a great source of happiness and motivation for us.
Providing you with a pleasant and seamless holiday experience is always our top priority. Your valuable feedback encourages us to maintain and continuously improve the quality of our services.
We would be delighted to welcome you again in the near future and hope to provide you with the same level of satisfaction during your next stay.
Kind regards,
Crystal Hotels CRM.",1 review,Ci9DQUlRQUNvZENodHljRjlvT20xVlZXZHVNek5QWlZsaFRuZFhjWGd4YjNoSVowRRAB
Жанат Тосекбаева,5.0,,3 days ago,2026-08-01,,"Dear Valued Guest,
We sincerely thank you for your 5-star rating and for taking the time to share your positive feedback. Your satisfaction is a great source of happiness and motivation for us.
Providing you with a pleasant and seamless holiday experience is always our top priority. Your valuable feedback encourages us to maintain and continuously improve the quality of our services.
We would be delighted to welcome you again in the near future and hope to provide you with the same level of satisfaction during your next stay.
Kind regards,
Crystal Hotels CRM.",,Ci9DQUlRQUNvZENodHljRjlvT21oTE1rTTRSRloxUW1sVVpIZHVjek41WTJ3eGMyYxAB
Tiggolino Tiggolino,5.0,Very friendly staff. Delicious food. Beautiful beach.,3 days ago,2026-08-01,,"Dear Guest,

Thank you so much for your 5-star rating and positive feedback. We are delighted that you expressed your satisfaction in this way – it is a great motivation for us.

Our top priority is to provide you with a pleasant and carefree stay. Your valuable feedback encourages us to maintain and continuously improve our service quality.

We would be very pleased to welcome you back again in the near future and to offer you the same level of satisfaction during your next stay.

Sincerely,
Crystal Hotels CRM",1 review · 4 photos,Ci9DQUlRQUNvZENodHljRjlvT2pSdExUWmxObDl0WjNOTVVrODViR2xEZERCMFlVRRAB
Musab A-S,5.0,,3 days ago,2026-08-01,,"Dear Valued Guest,
We sincerely thank you for your 5-star rating and for taking the time to share your positive feedback. Your satisfaction is a great source of happiness and motivation for us.
Providing you with a pleasant and seamless holiday experience is always our top priority. Your valuable feedback encourages us to maintain and continuously improve the quality of our services.
We would be delighted to welcome you again in the near future and hope to provide you with the same level of satisfaction during your next stay.
Kind regards,
Crystal Hotels CRM.",Local Guide · 4 reviews · 4 photos,Ci9DQUlRQUNvZENodHljRjlvT25veFJTMVhVMGxvUWpGdFRERkhSak54Vm5seGQyYxAB
Allmir beciri,5.0,"Very big and good hotel, especially for children, there is a lot of food and it is also good",3 days ago,2026-08-01,,"Dear Guest,

Thank you so much for your 5-star rating and positive feedback. We are delighted that you expressed your satisfaction in this way – it is a great motivation for us.

Our top priority is to provide you with a pleasant and carefree stay. Your valuable feedback encourages us to maintain and continuously improve our service quality.

We would be very pleased to welcome you back again in the near future and to offer you the same level of satisfaction during your next stay.

Sincerely,
Crystal Hotels CRM",,Ci9DQUlRQUNvZENodHljRjlvT2tJNGJsOWlaVlJNVEUxRVMyUlhNWEp5VkhaVFNYYxAB
songül albayrak,1.0,"I'm genuinely surprised by the positive reviews here. 1. You can never find a spot on the beach or by the pool; it's a constant battle.
2. The same situation occurs in the breakfast and dining areas; we experienced table and seat battles morning and evening.
3. The taste is debatable, not excellent. They serve cheese balls or tomato salads in the morning and salads in the evening, but the boutique restaurants are not bad. I recommend Turkish and Far Eastern cuisine.
4. The employees making omelets at breakfast... you can't even eat breakfast because you feel sorry for them. They work with six stoves in 40-degree heat, and it's not in an air-conditioned area in the garden. Doesn't anyone say, ""These are human beings, or isn't there an occupational safety expert?!"" Aren't they being supervised? Of course, the problem isn't just the omelet makers; they are all seriously exploited. One minute they're an animator, the next they're teaching yoga, then they're doing transportation in another area.",3 days ago,2026-08-01,,"Dear Guest,

First of all, thank you for sharing your valuable feedback with us.

We regret that your expectations were not fully met, particularly due to the high occupancy you experienced in the pool, beach, and main restaurant areas during your stay. While guest occupancy can increase, especially during peak season, we continuously review our operational plans and make necessary improvements to ensure all our guests can enjoy the common areas more comfortably.

Your feedback regarding our food is also important to us. Our buffets are prepared throughout the day in accordance with hygiene standards, and our menus are planned to offer different options every day. Furthermore, we aim to offer our guests a richer gastronomic experience with theme nights held on certain days of the week, especially the Turkish Night held on Fridays. We are also pleased that you were satisfied with our Turkish Cuisine and Far Eastern A'la Carte restaurants.

Thank you for sharing your concerns about our staff and for your sensitivity regarding their working conditions. All our work areas are regularly inspected in accordance with current occupational health and safety legislation, and our team members' working hours, task schedules, and rest periods are organized in line with relevant standards. To ensure the highest level of guest satisfaction, our team members may occasionally provide support at different operational points, but these processes are carried out in a planned manner.

Please be assured that we will share your feedback with our relevant departments, and we hope to welcome you back in the future for an even more enjoyable holiday experience.

Sincerely,
Crystal Hotels CRM",1 review · 1 photo,Ci9DQUlRQUNvZENodHljRjlvT2pCMlVUVmxZM05sYWxrdGVXMHRTM1phTUVKRGFtYxAB
Мейрамбек Шаймерденов,5.0,"The stay left only pleasant impressions. The grounds are beautiful and clean, and they are constantly maintained. The staff is friendly, always smiling and ready to help. The food is delicious and varied, and we especially loved the desserts and fresh fruit. We will definitely come back.",3 days ago,2026-08-01,,"Dear Guest,
Thank you for your high rating of our hotel and for awarding us 5 stars. We are delighted that you have expressed your satisfaction in this way – it is a great joy and motivation for us.
Our top priority is always to ensure you have a pleasant and carefree stay. Your valuable feedback inspires us to maintain and continually improve the quality of our services.
We look forward to welcoming you back to our hotel in the near future and hope to once again meet your expectations on your next vacation.
Sincerely,
CRM Team
Crystal Hotels CRM",,Ci9DQUlRQUNvZENodHljRjlvT2kweGNFSmFiekZ6TTNkaFZGVTBhRTU0ZVZKNVZYYxAB
Asyl,5.0,"We stayed for a week and absolutely loved it. The grounds are spacious, the pools beautiful, and there are plenty of activities for both children and adults. The rooms were clean and everything worked perfectly. The atmosphere was calm and cozy, and we felt very comfortable. We would be happy to return.",3 days ago,2026-08-01,,"Dear Guest,
Thank you for your high rating of our hotel and for awarding us 5 stars. We are delighted that you have expressed your satisfaction in this way – it is a great joy and motivation for us.
Our top priority is always to ensure you have a pleasant and carefree stay. Your valuable feedback inspires us to maintain and continually improve the quality of our services.
We look forward to welcoming you back to our hotel in the near future and hope to once again meet your expectations on your next vacation.
Sincerely,
CRM Team
Crystal Hotels CRM",1 review,Ci9DQUlRQUNvZENodHljRjlvT2xsT1ZWOVFjak14TlRWaGNXeExSbk55YlVNMWRrRRAB
Айоу Йойо,5.0,"We were very pleased with the service. Check-in was quick, and the staff was attentive and polite. The beach was clean, and there were plenty of sun loungers at all times. The restaurant offered a huge selection of dishes, all fresh and delicious. Our vacation was exactly what we dreamed of.",3 days ago,2026-08-01,,"Dear Guest,
Thank you for your high rating of our hotel and for awarding us 5 stars. We are delighted that you have expressed your satisfaction in this way – it is a great joy and motivation for us.
Our top priority is always to ensure you have a pleasant and carefree stay. Your valuable feedback inspires us to maintain and continually improve the quality of our services.
We look forward to welcoming you back to our hotel in the near future and hope to once again meet your expectations on your next vacation.
Sincerely,
CRM Team
Crystal Hotels CRM",,Ci9DQUlRQUNvZENodHljRjlvT25wMlMwNVdXblJHY0daRFYwNHdVbFJwUVRsalVXYxAB
Anel Turarbek,5.0,"We had a great family vacation. The kids' club was simply wonderful! Our child enjoyed the games, workshops, and mini-disco every day. The entertainers were very kind, attentive, and knew how to keep the kids engaged. Thank you for the great atmosphere; we'll definitely be back!",Edited 3 days ago,2026-08-01,,"Dear Guest,
Thank you for your high rating of our hotel and for awarding us 5 stars. We are delighted that you have expressed your satisfaction in this way – it is a great joy and motivation for us.
Our top priority is always to ensure you have a pleasant and carefree stay. Your valuable feedback inspires us to maintain and continually improve the quality of our services.
We look forward to welcoming you back to our hotel in the near future and hope to once again meet your expectations on your next vacation.
Sincerely,
CRM Team
Crystal Hotels CRM",1 review · 1 photo,Ci9DQUlRQUNvZENodHljRjlvT2pocWVFVkhOSEF5TUdORk5Yb3pNV2hPZEhWVk4xRRAB
mejib,5.0,"We had an unforgettable vacation here. We were especially impressed by the water park—it's perfect for both children and adults. The room was spacious, cozy, and modern. There were entertainment programs in the evenings, so we never had a dull moment. Everything was organized to a high standard, and we thoroughly enjoyed our stay.",3 days ago,2026-08-01,,"Dear Guest,
Thank you for your high rating of our hotel and for awarding us 5 stars. We are delighted that you have expressed your satisfaction in this way – it is a great joy and motivation for us.
Our top priority is always to ensure you have a pleasant and carefree stay. Your valuable feedback inspires us to maintain and continually improve the quality of our services.
We look forward to welcoming you back to our hotel in the near future and hope to once again meet your expectations on your next vacation.
Sincerely,
CRM Team
Crystal Hotels CRM",,Ci9DQUlRQUNvZENodHljRjlvT2twVGJVOUdiemRLTFc5eWRHSkhjUzEzUmxCd1oyYxAB
Deniz Gülcan,5.0,"A great place to relax! Check-in was quick, the room was clean and comfortable. They cleaned it thoroughly every day. The beach is right next door, and the sea is clean and warm. There were interesting shows and live music in the evening. The atmosphere was very pleasant; I'd love to come back again.",3 days ago,2026-08-01,,"Dear Guest,
Thank you for your high rating of our hotel and for awarding us 5 stars. We are delighted that you have expressed your satisfaction in this way – it is a great joy and motivation for us.
Our top priority is always to ensure you have a pleasant and carefree stay. Your valuable feedback inspires us to maintain and continually improve the quality of our services.
We look forward to welcoming you back to our hotel in the near future and hope to once again meet your expectations on your next vacation.
Sincerely,
CRM Team
Crystal Hotels CRM",,Ci9DQUlRQUNvZENodHljRjlvT214Q1prdEhWVjlHUWpWV1kwSlpVRU5sU2pOVVdXYxAB
Onur Yar,4.0,"I stayed from July 11th to July 15th, 2026. On July 11th, we wanted to add a friend to our room for one day, and we were told to do it through ETS (electronic funds transfer service). Despite paying, we were kept waiting in the lobby for 4 hours due to a lack of communication between the hotel and its headquarters. Even though we paid, a whole day was wasted. The cost for three people is more than a month's minimum wage, but those 4 hours in the afternoon completely ruined our day. We had already paid, so at least they could have allowed us to enjoy the day at the hotel instead of waiting in the lobby. Apart from this unpleasant incident, we had stayed at the hotel two years ago and were satisfied, which is why we chose to stay again. The hotel is large, but you realize that the moment you see it; you come knowing this. There is some walking involved, but that's not a problem, it's a known fact. The à la carte restaurant is free, but the food options have decreased, and there are very long queues, so I don't think it's worth going in. The main restaurant is quite good and adequate. I think the ice cream tasted a bit weak this year. Overall, the food quality is good. The evening entertainment is good and fun; the disco gets a bit empty, but there's plenty of fun until midnight. If I were to choose again, I would come back to this hotel; I was satisfied, except for the unpleasantness on the first day. Apart from that incident, the staff are friendly, helpful, and respectful, but on the first day, no one gave a proper explanation or helped us; we were just kept waiting in the lobby...",3 days ago,2026-08-01,,"Dear Valued Guest,
We sincerely thank you for your 5-star rating of our facility. Your expression of satisfaction in this way is a great source of happiness and motivation for us.
Our top priority is to provide you with a pleasant and trouble-free holiday experience. Your valuable feedback empowers us to maintain and further improve our service quality.
We look forward to welcoming you again soon and hope to provide you with the same satisfaction on your next holiday.
Sincerely,
Crystal Hotels CRM",Local Guide · 30 reviews · 2 photos,Ci9DQUlRQUNvZENodHljRjlvT25JNVRuZ3hRVEpEYW10U1VtTjRWbUpZYWpsMFQyYxAB
Anel misonce,5.0,"We spent a week at this hotel and had nothing but pleasant experiences. The room was cozy, the cleaning was excellent, and the minibar was regularly restocked. The food was excellent—a wide selection to suit every taste, and the desserts were simply delicious. The beach is nearby, the sea is clean, and for those who enjoy active recreation, there are water slides, sports activities, and evening performances. One of the best hotels we've ever stayed at.",Edited 3 days ago,2026-08-01,,"Dear Guest,
Thank you for your high rating of our hotel and for awarding us 5 stars. We are delighted that you have expressed your satisfaction in this way – it is a great joy and motivation for us.
Our top priority is always to ensure you have a pleasant and carefree stay. Your valuable feedback inspires us to maintain and continually improve the quality of our services.
We look forward to welcoming you back to our hotel in the near future and hope to once again meet your expectations on your next vacation.
Sincerely,
CRM Team
Crystal Hotels CRM",1 review,Ci9DQUlRQUNvZENodHljRjlvT21ZeVltUjZRMjFTYUMxNlprVllURkUxYkRWWVIzYxAB
Gulcicek Simsek,5.0,"Simply a Perfect Vacation!

We were extremely satisfied with our stay at Crystal Waterworld Resort & Spa.
The cleanliness and hygiene of our room and common areas were impeccable. We had a wonderful time thanks to the animation and activities throughout the day; the evening shows and the aquapark were particularly successful.

Our biggest thanks go to all the hotel staff who made our vacation so wonderful with their smiles, attention, and sincerity. It's definitely a resort we would choose again and can wholeheartedly recommend to everyone!",3 days ago,2026-08-01,,"Dear Valued Guest,
We sincerely thank you for your 5-star rating of our facility. Your expression of satisfaction in this way is a great source of happiness and motivation for us.
Our top priority is to provide you with a pleasant and trouble-free holiday experience. Your valuable feedback empowers us to maintain and further improve our service quality.
We look forward to welcoming you again soon and hope to provide you with the same satisfaction on your next holiday.
Sincerely,
Crystal Hotels CRM",,Ci9DQUlRQUNvZENodHljRjlvT21KR1ZqTlZPVFkzTUV4NmJtSnpjR2xJYnpkVFowRRAB
Serkan Şimşek,5.0,"Everything was simply perfect during our stay at Crystal Waterworld Resort & Spa. From the first moment to the last day of our vacation, we felt very special and valued.

**Cleanliness and Order:** The cleanliness of the hotel's common areas, pool area, and our rooms was exceptional. The housekeeping team made our room spotless every day, and towels and linens were changed regularly. It's a facility you can truly trust implicitly when it comes to HYGIENE.

**Animation and Activities:** The all-day animation programs added great energy to our vacation. The sports activities, pool games, and especially the professional shows and live music performances held in the evenings were extremely high-quality and entertaining. We didn't have a single minute to be bored.

**Activities:** The water park (aquapark) and pool areas are wonderfully planned for both adults and children. The variety of activities you can participate in during the day is quite rich.

**Staff and Service:** Starting with the reception and guest relations staff; the waiters, bartenders, and animation team in the restaurants are incredibly attentive, friendly, and dedicated to their work. They responded quickly and sincerely to all our requests and needs.

In short, we had an unforgettable holiday thanks to their cleanliness, endless energy, rich activities, and friendly staff. We thank the entire Crystal Waterworld family for their efforts; it's definitely a hotel we'll choose again!",3 days ago,2026-08-01,,"Dear Valued Guest,
We sincerely thank you for your 5-star rating of our facility. Your expression of satisfaction in this way is a great source of happiness and motivation for us.
Our top priority is to provide you with a pleasant and trouble-free holiday experience. Your valuable feedback empowers us to maintain and further improve our service quality.
We look forward to welcoming you again soon and hope to provide you with the same satisfaction on your next holiday.
Sincerely,
Crystal Hotels CRM",Local Guide · 46 reviews · 3 photos,Ci9DQUlRQUNvZENodHljRjlvT2poUldWTnRSVVZoZVRsMGVqRXlWVVF6VGtFelgyYxAB
Rashid Bhutta,5.0,"We had a wonderful family stay at Crystal Waterworld Hotel. The biggest highlight was definitely the amazing water slides—they were fantastic for both adults and children and kept the kids entertained for hours every day. The variety of kids’ activities was another major reason we enjoyed our stay, making it a great destination for families.

The staff were very friendly and welcoming throughout our visit. A special thank you to Ilyas in the main restaurant, who was always attentive, kind, and made us feel genuinely welcome. We would also like to recognize Anel from the Kids Club for being so caring and engaging with the children. Their enthusiasm and friendliness really stood out.

The only area that could be improved was housekeeping. The response was a little slow—we requested an extra blanket but unfortunately never received it. Aside from that small issue, everything else was excellent.

Overall, we had a great experience and would happily recommend Crystal Waterworld Hotel to families looking for a fun, child-friendly holiday with excellent facilities.",3 days ago,2026-08-01,,"Dear Valued Guest,
We sincerely thank you for your 5-star rating and for taking the time to share your positive feedback. Your satisfaction is a great source of happiness and motivation for us.
Providing you with a pleasant and seamless holiday experience is always our top priority. Your valuable feedback encourages us to maintain and continuously improve the quality of our services.
We would be delighted to welcome you again in the near future and hope to provide you with the same level of satisfaction during your next stay.
Kind regards,
Crystal Hotels CRM.",Local Guide · 8 reviews,Ci9DQUlRQUNvZENodHljRjlvT2taNWR6WnFaVGROYjI0eldHcDViM3B4V210d2FrRRAB
Malika Damenova,4.0,"The hotel is in need of renovation; the rooms are outdated, and the furniture is shabby. The food is repetitive, and the plates in the dining room are sometimes not fully washed. The rooms are poorly cleaned; during our week-long stay, the bathroom wasn't cleaned even once. What we did like was the water park and mini club for children; the entertainers were great, and our child had a great time. The beach and sea are excellent. Would I come back? I doubt it, but overall, we were satisfied with our stay.",3 days ago,2026-08-01,,"Dear Guest,
First of all, thank you for choosing our hotel. We sincerely regret that your experience was negative. Guest satisfaction is our top priority, and your feedback is extremely important to us. To better understand the issues you encountered and improve our services, we would appreciate it if you could provide us with more detailed information. Please feel free to contact us directly. We will continue to work to improve our services, taking into account feedback like yours. We hope to have the opportunity to welcome you again in the future and offer you an even more positive experience.
Sincerely,
CRM Team
Crystal Hotels CRM",2 reviews,Ci9DQUlRQUNvZENodHljRjlvT2tRMFUzTjBjRzlRTTNaUWJ6Vk9Wa2haTFhWak1tYxAB
sisay asmelash,5.0,,3 days ago,2026-08-01,,"Dear Valued Guest,
We sincerely thank you for your 5-star rating and for taking the time to share your positive feedback. Your satisfaction is a great source of happiness and motivation for us.
Providing you with a pleasant and seamless holiday experience is always our top priority. Your valuable feedback encourages us to maintain and continuously improve the quality of our services.
We would be delighted to welcome you again in the near future and hope to provide you with the same level of satisfaction during your next stay.
Kind regards,
Crystal Hotels CRM.",,Ci9DQUlRQUNvZENodHljRjlvT21nMmVtbDBTVTk1TjB0c2NYZG9YMkZRYUZoaFZrRRAB
Steven,5.0,Food good,3 days ago,2026-08-01,,"Dear Guest,

Thank you so much for your 5-star rating and positive feedback. We are delighted that you expressed your satisfaction in this way – it is a great motivation for us.

Our top priority is to provide you with a pleasant and carefree stay. Your valuable feedback encourages us to maintain and continuously improve our service quality.

We would be very pleased to welcome you back again in the near future and to offer you the same level of satisfaction during your next stay.

Sincerely,
Crystal Hotels CRM",,Ci9DQUlRQUNvZENodHljRjlvT25CTmJsZFZMVmN0Y0VabWRUaHhhMnhJU2taV1IyYxAB
Denis Pazer,5.0,"Very cool hotel, good atmosphere! Cool staff!",3 days ago,2026-08-01,,"Dear Guest,
Thank you for your high rating of our hotel and for awarding us 5 stars. We are delighted that you have expressed your satisfaction in this way – it is a great joy and motivation for us.
Our top priority is always to ensure you have a pleasant and carefree stay. Your valuable feedback inspires us to maintain and continually improve the quality of our services.
We look forward to welcoming you back to our hotel in the near future and hope to once again meet your expectations on your next vacation.
Sincerely,
CRM Team
Crystal Hotels CRM",1 review,Ci9DQUlRQUNvZENodHljRjlvT2poVlUyZDRRblZaYWpSR2QzYzRZVEptVldSUVZsRRAB
Sonja Thomas Molzer,5.0,The hotel is fantastic. The staff are very friendly and helpful.,3 days ago,2026-08-01,,"Dear Valued Guest,
We sincerely thank you for your 5-star rating and for taking the time to share your positive feedback. Your satisfaction is a great source of happiness and motivation for us.
Providing you with a pleasant and seamless holiday experience is always our top priority. Your valuable feedback encourages us to maintain and continuously improve the quality of our services.
We would be delighted to welcome you again in the near future and hope to provide you with the same level of satisfaction during your next stay.
Kind regards,
Crystal Hotels CRM.",1 review,Ci9DQUlRQUNvZENodHljRjlvT25wcFpraHhjMk52Y20xbGVUUXphMkZwWW05QmMxRRAB
Roman Dobrovolsky,4.0,,3 days ago,2026-08-01,,"Dear Guest,
Thank you for your high rating of our hotel and for awarding us 5 stars. We are delighted that you have expressed your satisfaction in this way – it is a great joy and motivation for us.
Our top priority is always to ensure you have a pleasant and carefree stay. Your valuable feedback inspires us to maintain and continually improve the quality of our services.
We look forward to welcoming you back to our hotel in the near future and hope to once again meet your expectations on your next vacation.
Sincerely,
CRM Team
Crystal Hotels CRM",1 review,Ci9DQUlRQUNvZENodHljRjlvT21GTUxWcExMWEp5WTB4NmVIVnRhek10UzJ4bVNtYxAB
Osman AKÇA,5.0,,3 days ago,2026-08-01,,"Dear Valued Guest,
We sincerely thank you for your 5-star rating of our facility. Your expression of satisfaction in this way is a great source of happiness and motivation for us.
Our top priority is to provide you with a pleasant and trouble-free holiday experience. Your valuable feedback empowers us to maintain and further improve our service quality.
We look forward to welcoming you again soon and hope to provide you with the same satisfaction on your next holiday.
Sincerely,
Crystal Hotels CRM",1 review · 1 photo,Ci9DQUlRQUNvZENodHljRjlvT2toM09YSXlVa281ZHpkRlVIRjNhSHB5WDFocE5YYxAB
Bruno Köhn,4.0,,3 days ago,2026-08-01,,"Dear Guest,

Thank you so much for your 5-star rating and positive feedback. We are delighted that you expressed your satisfaction in this way – it is a great motivation for us.

Our top priority is to provide you with a pleasant and carefree stay. Your valuable feedback encourages us to maintain and continuously improve our service quality.

We would be very pleased to welcome you back again in the near future and to offer you the same level of satisfaction during your next stay.

Sincerely,
Crystal Hotels CRM",,Ci9DQUlRQUNvZENodHljRjlvT25BMmFXZEtRbXg1ZEdSQ1lXcFdiV2RYTm5ORlEzYxAB
Mustafa Akar,5.0,"The mini club animation was beautifully done, and it was a wonderful day for the children. Many thanks to Emel Hanım.",3 days ago,2026-08-01,,"Dear Valued Guest,
We sincerely thank you for your 5-star rating of our facility. Your expression of satisfaction in this way is a great source of happiness and motivation for us.
Our top priority is to provide you with a pleasant and trouble-free holiday experience. Your valuable feedback empowers us to maintain and further improve our service quality.
We look forward to welcoming you again soon and hope to provide you with the same satisfaction on your next holiday.
Sincerely,
Crystal Hotels CRM",,Ci9DQUlRQUNvZENodHljRjlvT2xvNWEwRkVXak5tV2pkZlJtOUtjV0U1ZVRsblNWRRAB
Debra Roscoe,2.0,Dining room overcrowded and most times could not get a table or clean cutlery,3 days ago,2026-08-01,,": Dear Guest,
First of all, we would like to thank you for choosing our hotel. We are truly sorry to hear about the negative experience you had during your stay. Guest satisfaction is our top priority, and your feedback is extremely valuable to us.
In order to better understand the issues you faced and improve our services, we would appreciate it if you could share more details with us. Please feel free to contact us directly.
We will continue to work on improving our services, taking into account feedback like yours. We hope to have the opportunity to welcome you back in the future and provide you with a more positive experience.
Best regards
Crystal Hotels CRM,",3 reviews,Ci9DQUlRQUNvZENodHljRjlvT21sMmRYTlpNakpNTURZemMyMUhUelJXVXpsblVuYxAB
RUYA PARLATIR,5.0,"The children's play area was excellent, and the staff were wonderful. Many thanks to Emel for her attention and care.",3 days ago,2026-08-01,,"Dear Valued Guest,
We sincerely thank you for your 5-star rating of our facility. Your expression of satisfaction in this way is a great source of happiness and motivation for us.
Our top priority is to provide you with a pleasant and trouble-free holiday experience. Your valuable feedback empowers us to maintain and further improve our service quality.
We look forward to welcoming you again soon and hope to provide you with the same satisfaction on your next holiday.
Sincerely,
Crystal Hotels CRM",1 review,Ci9DQUlRQUNvZENodHljRjlvT2xsT04zTkRibkpTVVY5eU5tRmthVEEzYjA4MWFHYxAB
Gülşah Akkaya,5.0,"The soft play area for children was lovely, the staff were very friendly, thank you for everything.",3 days ago,2026-08-01,,"Dear Valued Guest,
We sincerely thank you for your 5-star rating of our facility. Your expression of satisfaction in this way is a great source of happiness and motivation for us.
Our top priority is to provide you with a pleasant and trouble-free holiday experience. Your valuable feedback empowers us to maintain and further improve our service quality.
We look forward to welcoming you again soon and hope to provide you with the same satisfaction on your next holiday.
Sincerely,
Crystal Hotels CRM",3 reviews,Ci9DQUlRQUNvZENodHljRjlvT210ZmJtaEtXVEI0Y1Zsb2EyazJaVFZCVkRGb2VXYxAB
Bhr yaz,3.0,"I stayed at this hotel through Jolly Tur from July 27th to 31st. Upon arrival, we were greeted warmly by Ms. Roza, who then directed us to lunch. After lunch, when we returned to the lobby, Mr. Adem, a Jolly Tur representative, informed us that our room was not yet ready and that we would have to wait. After settling into our room, we hardly saw him again during our stay. He neither provided any information about the hotel nor inquired about our needs. I would expect a tour representative to be more attentive, approachable, and solution-oriented towards their guests. I was disappointed in this regard. The hotel operates at full capacity during the summer season, and this intensity is felt everywhere. Finding a sun lounger by the pool is almost impossible from early morning; it's practically a battle for one. Later in the day, all common areas are extremely crowded. A large portion of the guests are families with children. Therefore, loud noises, running around, and shouting children are constant throughout the day in the pool, restaurants, and common areas. On our last day, we wanted to wake up late to rest a bit, but that wasn't possible because a guest in the next room was talking loudly on the phone on their balcony for a long time. Of course, this isn't directly the hotel's responsibility, but generally, the atmosphere isn't suitable for those expecting a quiet and peaceful environment. Despite the crowds, the staff were really friendly and dedicated. The problem isn't with the staff, but with the insufficient number of staff. When we returned to our room one evening, it still hadn't been cleaned. The housekeeper was trying to catch up with great embarrassment. It was clear how heavy the staff's workload was. The animation team was quite successful. They create a pleasant atmosphere in the hotel throughout the day. I also liked the atmosphere of the Irish Pub and some of the hotel's relaxation areas. The variety of food was sufficient, but the taste fell short of my expectations. The fly problem in the restaurant area was disturbing in terms of hygiene. The pool area could also be cleaned more carefully. The sea is stony and deepens only after a short distance. Overall, the hotel might be suitable for families with children who like crowded and lively holidays. However, from my perspective, the overcrowding, the shortage of sunbeds, the constantly noisy environment, and the indifference of the Jolly Tur representative negatively affected the holiday experience. I'm returning from my vacation exhausted, not refreshed.",3 days ago,2026-08-01,1,"Dear Valued Guest,

First of all, thank you for choosing our hotel. We would like to express our regret for the negative experience you had during your stay. Guest satisfaction is our top priority, and your feedback is extremely valuable to us. To resolve the issues you experienced and to continuously improve our service quality, we would like to contact you to obtain more information. Please do not hesitate to contact us.

We will continue our work by taking this kind of feedback into account in order to provide you with better service. We hope that you will have the opportunity to choose us again in the future and that you will have a more positive experience then.

Sincerely,
Crystal Hotels CRM",3 reviews · 3 photos,Ci9DQUlRQUNvZENodHljRjlvT2xSclRtSmthVUUxWkRKQ2RubDNjM1puZERCb1gwRRAB
Meryem Oz,5.0,"The hotel is very nice, the staff are friendly, and the soft play team is especially attentive.",3 days ago,2026-08-01,,"Dear Valued Guest,
We sincerely thank you for your 5-star rating of our facility. Your expression of satisfaction in this way is a great source of happiness and motivation for us.
Our top priority is to provide you with a pleasant and trouble-free holiday experience. Your valuable feedback empowers us to maintain and further improve our service quality.
We look forward to welcoming you again soon and hope to provide you with the same satisfaction on your next holiday.
Sincerely,
Crystal Hotels CRM",1 review,Ci9DQUlRQUNvZENodHljRjlvT21ONlpuSkxSblprU3paR2FtOVRPVVJ6VEdoRFkzYxAB
Камила Маутказина,5.0,"The service and facilities are excellent! The food is plentiful, everything is fresh and delicious!!! The sea water is excellent, clean and warm! The pools are clean, and the slides in the water park are fun for kids!",3 days ago,2026-08-01,,"Dear Guest,
Thank you for your high rating of our hotel and for awarding us 5 stars. We are delighted that you have expressed your satisfaction in this way – it is a great joy and motivation for us.
Our top priority is always to ensure you have a pleasant and carefree stay. Your valuable feedback inspires us to maintain and continually improve the quality of our services.
We look forward to welcoming you back to our hotel in the near future and hope to once again meet your expectations on your next vacation.
Sincerely,
CRM Team
Crystal Hotels CRM",,Ci9DQUlRQUNvZENodHljRjlvT2tKQmJXWnlkbmRWYWs1ZmVWcENZVkpSWDFaaU1rRRAB
furkan nalcı,5.0,The softplay was very good and engaging.,3 days ago,2026-08-01,,"Dear Valued Guest,
We sincerely thank you for your 5-star rating of our facility. Your expression of satisfaction in this way is a great source of happiness and motivation for us.
Our top priority is to provide you with a pleasant and trouble-free holiday experience. Your valuable feedback empowers us to maintain and further improve our service quality.
We look forward to welcoming you again soon and hope to provide you with the same satisfaction on your next holiday.
Sincerely,
Crystal Hotels CRM",1 review,Ci9DQUlRQUNvZENodHljRjlvT2tkcVUxVkxNME00YTE5MFNVdFVRMHR2VDJSd1ZXYxAB
Tulay Akin,3.0,"The bathrooms and toilets in the hotel rooms weren't clean enough. We forgot our towels and our child's swimming ring on the beach, and the next day the staff said they took them to the lost and found department, but they pretended to care; we couldn't find either the towels or the swimming ring, and the staff didn't bother to help. Our belongings got lost in the process. Regarding food and drinks, there's plenty of everything, but everything is tasteless. Even watermelon, the most readily available fruit in the summer, was tasteless. The other fruits were rotten and spoiled, just like whatever rotten fruit they could find. The bar had a limited selection of liquor brands, even beer brands :) Entertainment activities were limited, the music was very little and not current; they were still playing old hit songs. The staff were young, very friendly and polite, especially Finince and Sinem on the cafe street :) This is not a hotel I would return to.",3 days ago,2026-08-01,,"Dear Guest Tulay Akın,
First of all, thank you for sharing your experiences with us after your holiday. Your feedback, which includes both areas of satisfaction and areas where you think improvements are needed, is valuable to us.

We are sorry to hear about your dissatisfaction with the cleanliness of the bathroom and toilets. Our cleaning standards are regularly monitored, and your comment will be reviewed by our relevant department managers to ensure the necessary checks are carried out.

We understand your disappointment at not being able to retrieve your towel and swimming ring that you left on the beach. All items found are recorded and kept under our lost property procedure. However, we unfortunately cannot control items that are not returned to the hotel or are taken by third parties. Nevertheless, we are sorry that we were unable to meet your expectations in this process.

While we are pleased that you mentioned the rich variety of our food and beverages, we are sorry that we were unable to meet your expectations regarding taste. Our main restaurant offers daily changing menus, features special international cuisines a few times a week, and presents select examples of traditional Turkish cuisine during our weekly Turkish Night themed event. Our fruits and vegetables are sourced daily and undergo quality control checks before serving. We would also like to point out that taste preferences vary from person to person.

Our bars offer a wide range of local and selected international alcoholic and non-alcoholic beverage brands as part of our concept. Our entertainment programs and music selections are prepared considering the expectations of different age groups and our international guest profile.

Furthermore, we are very pleased that you specifically mentioned the friendly and attentive service of our colleagues Fince and Sinem. We will share your valuable comments with them.

We carefully consider all your feedback to improve our service quality and hope to welcome you again in the future for an even more positive experience. Sincerely,

Crystal Hotels CRM",,Ci9DQUlRQUNvZENodHljRjlvT25VeFMwWlpSbVprTmtKVFoxYzBRMUJIVVdWSVRHYxAB
Nidanur Kaya,5.0,"The coffees we drank at the coffee street were delicious, and the staff were very friendly and helpful. Thank you, Fince, Sinem, Şerife, Ayten, Melek, you were wonderful!",3 days ago,2026-08-01,,"Dear Valued Guest,
We sincerely thank you for your 5-star rating of our facility. Your expression of satisfaction in this way is a great source of happiness and motivation for us.
Our top priority is to provide you with a pleasant and trouble-free holiday experience. Your valuable feedback empowers us to maintain and further improve our service quality.
We look forward to welcoming you again soon and hope to provide you with the same satisfaction on your next holiday.
Sincerely,
Crystal Hotels CRM",,Ci9DQUlRQUNvZENodHljRjlvT2t0SFRVNXhZWHBMY2toUWFuQXljVmh0V2tvdFRGRRAB
Mustafa ÜNAL,5.0,"You have a very good hotel! The animators are just wonderful they treat children very well, always attentive, kind and cheerful. Thanks to all the staff for a wonderful rest. Special thanks to Anna for her care and kindness. We will definitely come to you again!",3 days ago,2026-08-01,,"Dear Valued Guest,
We sincerely thank you for your 5-star rating and for taking the time to share your positive feedback. Your satisfaction is a great source of happiness and motivation for us.
Providing you with a pleasant and seamless holiday experience is always our top priority. Your valuable feedback encourages us to maintain and continuously improve the quality of our services.
We would be delighted to welcome you again in the near future and hope to provide you with the same level of satisfaction during your next stay.
Kind regards,
Crystal Hotels CRM.",Local Guide · 29 reviews · 33 photos,Ci9DQUlRQUNvZENodHljRjlvT2xvek5IUm1Ua3BGTldkRllrWjFibE5mY3paaE4yYxAB
Sueda Suludere,5.0,"They were very helpful, we were pleased, thank you.",3 days ago,2026-08-01,,"Dear Valued Guest,
We sincerely thank you for your 5-star rating of our facility. Your expression of satisfaction in this way is a great source of happiness and motivation for us.
Our top priority is to provide you with a pleasant and trouble-free holiday experience. Your valuable feedback empowers us to maintain and further improve our service quality.
We look forward to welcoming you again soon and hope to provide you with the same satisfaction on your next holiday.
Sincerely,
Crystal Hotels CRM",1 review,Ci9DQUlRQUNvZENodHljRjlvT2s1TE0ycGlWRjlEZVVKd2FUWTVSV05QVVhvNGVGRRAB
enes kırlangıç,5.0,"I liked the hotel, it's very nice, the staff are helpful, thank you.",3 days ago,2026-08-01,,"Dear Valued Guest,
We sincerely thank you for your 5-star rating of our facility. Your expression of satisfaction in this way is a great source of happiness and motivation for us.
Our top priority is to provide you with a pleasant and trouble-free holiday experience. Your valuable feedback empowers us to maintain and further improve our service quality.
We look forward to welcoming you again soon and hope to provide you with the same satisfaction on your next holiday.
Sincerely,
Crystal Hotels CRM",1 review,Ci9DQUlRQUNvZENodHljRjlvT21WdVZtbDVYelpmWkhsaVowc3dha1JhWTNsR2VHYxAB
Muhammed Fansa (Muhammed),5.0,"We loved the hotel, everything was wonderful. The staff were friendly, the food was delicious, and the rooms were very clean.",3 days ago,2026-08-01,,"Dear Valued Guest,
We sincerely thank you for your 5-star rating of our facility. Your expression of satisfaction in this way is a great source of happiness and motivation for us.
Our top priority is to provide you with a pleasant and trouble-free holiday experience. Your valuable feedback empowers us to maintain and further improve our service quality.
We look forward to welcoming you again soon and hope to provide you with the same satisfaction on your next holiday.
Sincerely,
Crystal Hotels CRM",2 reviews,Ci9DQUlRQUNvZENodHljRjlvT2tkSFRHMXBUelExUVVad09VNURja28yYlhwNU5HYxAB
Derya Sabanoglu,5.0,"We really liked the hotel, the food was delicious and the rooms were clean.",3 days ago,2026-08-01,,"Dear Valued Guest,
We sincerely thank you for your 5-star rating of our facility. Your expression of satisfaction in this way is a great source of happiness and motivation for us.
Our top priority is to provide you with a pleasant and trouble-free holiday experience. Your valuable feedback empowers us to maintain and further improve our service quality.
We look forward to welcoming you again soon and hope to provide you with the same satisfaction on your next holiday.
Sincerely,
Crystal Hotels CRM",1 review,Ci9DQUlRQUNvZENodHljRjlvT2tGWFRtdEROMUJqYlVsQ2RrVnZVSGxDUm5vM1lXYxAB
Jamal J,5.0,"A great place for a family vacation! You don't have to leave the hotel grounds—there are several swimming pools (including one for small children), a mini-club and games room, water slides, restaurants, snack bars, coffee shops, and shops all on site. The food is good, and we were pleased with the room cleaning.",3 days ago,2026-08-01,,"Dear Guest,
Thank you for your high rating of our hotel and for awarding us 5 stars. We are delighted that you have expressed your satisfaction in this way – it is a great joy and motivation for us.
Our top priority is always to ensure you have a pleasant and carefree stay. Your valuable feedback inspires us to maintain and continually improve the quality of our services.
We look forward to welcoming you back to our hotel in the near future and hope to once again meet your expectations on your next vacation.
Sincerely,
CRM Team
Crystal Hotels CRM",3 reviews · 3 photos,Ci9DQUlRQUNvZENodHljRjlvT201cE9GWXRVRlphTUZJemVHVlBZVVYyYVc1NVJFRRAB
Volkan Özkök,5.0,"We really liked the hotel, the food was delicious, everything was wonderful, and all the staff were friendly.",3 days ago,2026-08-01,,"Dear Valued Guest,
We sincerely thank you for your 5-star rating of our facility. Your expression of satisfaction in this way is a great source of happiness and motivation for us.
Our top priority is to provide you with a pleasant and trouble-free holiday experience. Your valuable feedback empowers us to maintain and further improve our service quality.
We look forward to welcoming you again soon and hope to provide you with the same satisfaction on your next holiday.
Sincerely,
Crystal Hotels CRM",2 reviews,Ci9DQUlRQUNvZENodHljRjlvT25KTFNVZDBTM1ZwYW01VVJuaGtabDlyTWpCSlJuYxAB
Abdul7afiz Mo7d,5.0,The hotel was wonderful it was clean and the foods was delicious,3 days ago,2026-08-01,,"Dear Valued Guest,
We sincerely thank you for your 5-star rating and for taking the time to share your positive feedback. Your satisfaction is a great source of happiness and motivation for us.
Providing you with a pleasant and seamless holiday experience is always our top priority. Your valuable feedback encourages us to maintain and continuously improve the quality of our services.
We would be delighted to welcome you again in the near future and hope to provide you with the same level of satisfaction during your next stay.
Kind regards,
Crystal Hotels CRM.",1 review,Ci9DQUlRQUNvZENodHljRjlvT25sU1ZtVmZSWFJ2U0RoWVRWQk9NbkJEYkVGVExWRRAB
Евгений Матюшик,5.0,"The hotel is great! Huge grounds, great service! They always clean everything, keep it tidy, and the staff is polite! The menu is varied, with a great selection, including a separate menu for children. Lots of bars and restaurants.",3 days ago,2026-08-01,,"Dear Guest,
Thank you for your high rating of our hotel and for awarding us 5 stars. We are delighted that you have expressed your satisfaction in this way – it is a great joy and motivation for us.
Our top priority is always to ensure you have a pleasant and carefree stay. Your valuable feedback inspires us to maintain and continually improve the quality of our services.
We look forward to welcoming you back to our hotel in the near future and hope to once again meet your expectations on your next vacation.
Sincerely,
CRM Team
Crystal Hotels CRM",1 review,Ci9DQUlRQUNvZENodHljRjlvT2tsVVRteHNSamxCUlhBNVRtbDFNVE5LVjJzd0xYYxAB
Надежда Филькевич,5.0,"A good hotel, a beautiful beach, plenty of food, and various bars with decent alcohol.
The rooms are a little tired, but overall quite comfortable.
The entertainment is varied, with a new show every night.",3 days ago,2026-08-01,,"Dear Guest,
Thank you for your high rating of our hotel and for awarding us 5 stars. We are delighted that you have expressed your satisfaction in this way – it is a great joy and motivation for us.
Our top priority is always to ensure you have a pleasant and carefree stay. Your valuable feedback inspires us to maintain and continually improve the quality of our services.
We look forward to welcoming you back to our hotel in the near future and hope to once again meet your expectations on your next vacation.
Sincerely,
CRM Team
Crystal Hotels CRM",1 photo,Ci9DQUlRQUNvZENodHljRjlvT2pOcllXaGxaMDk0U1d0VFIxOVdVWFZtVldOR05FRRAB
Michał Szwed,5.0,"A very nice hotel for families with children. Very nice staff and the customer service staff. A bit far from the center of Belek, about 10 km. To the hotel beach by bus, about 5 minutes by foot to the sea, about 10 minutes. It's not a hotel beach. Apart from that, a very nice hotel.",3 days ago,2026-08-01,,"Dear Valued Guest,
We sincerely thank you for your 5-star rating and for taking the time to share your positive feedback. Your satisfaction is a great source of happiness and motivation for us.
Providing you with a pleasant and seamless holiday experience is always our top priority. Your valuable feedback encourages us to maintain and continuously improve the quality of our services.
We would be delighted to welcome you again in the near future and hope to provide you with the same level of satisfaction during your next stay.
Kind regards,
Crystal Hotels CRM.",,Ci9DQUlRQUNvZENodHljRjlvT2xwVldWTTVhRVZNWWpONGJUZFJWRmxUVHpReWIwRRAB
Ranikothalia,3.0,"We had a 5-night family vacation from July 23-28. We didn't have high expectations due to the price.
We were able to find something to eat, but there was a fly problem in the main restaurant; flies were flying around the food.
The hotel was extremely crowded, and there were many groups of men. I didn't experience any problems with this, but there were quite a lot of them.
Bottled beer is only available at the Irish bar, which opens at 6 pm and closes at midnight.
The staff are more eager to serve foreign tourists; local tourists are not given much importance.
The room was cleaned only twice in 5 days. Room cleaning is done by male staff.
The toilets in the common areas are cleaned by female staff, so you encounter a female staff member when you enter the toilet.
Similarly, the women's toilets are cleaned by male staff; a strange division of labor.",4 days ago,2026-07-31,,"Dear Valued Guest,

First of all, thank you for choosing our hotel. We would like to express our regret for the negative experience you had during your stay. Guest satisfaction is our top priority, and your feedback is extremely valuable to us. To resolve the issues you experienced and to continuously improve our service quality, we would like to contact you to obtain more information. Please do not hesitate to contact us.

We will continue our work by taking this kind of feedback into account in order to provide you with better service. We hope that you will have the opportunity to choose us again in the future and that you will have a more positive experience then.

Sincerely,
Crystal Hotels CRM",3 reviews · 1 photo,Ci9DQUlRQUNvZENodHljRjlvT21kU2VUbDBZVVpVVTB0eU1VTlhWRkZIYWw4MWIwRRAB
Yasin Can,4.0,"Overall, it's a good hotel, but the food is lacking; they constantly serve the same meals. The alcoholic beverages are quite good, and the entertainment is good.",4 days ago,2026-07-31,,"Dear Valued Guest,
We sincerely thank you for your 5-star rating of our facility. Your expression of satisfaction in this way is a great source of happiness and motivation for us.
Our top priority is to provide you with a pleasant and trouble-free holiday experience. Your valuable feedback empowers us to maintain and further improve our service quality.
We look forward to welcoming you again soon and hope to provide you with the same satisfaction on your next holiday.
Sincerely,
Crystal Hotels CRM",,Ci9DQUlRQUNvZENodHljRjlvT2s1TGNqbGZWVkp6TUhSSVlVOXNNbGhTWlZBeVRWRRAB
Cuneyt Ozturk,5.0,"A wonderful hotel, a wonderful experience, we had so much fun, we are so happy.",4 days ago,2026-07-31,,"Dear Valued Guest,
We sincerely thank you for your 5-star rating of our facility. Your expression of satisfaction in this way is a great source of happiness and motivation for us.
Our top priority is to provide you with a pleasant and trouble-free holiday experience. Your valuable feedback empowers us to maintain and further improve our service quality.
We look forward to welcoming you again soon and hope to provide you with the same satisfaction on your next holiday.
Sincerely,
Crystal Hotels CRM",5 reviews · 5 photos,Ci9DQUlRQUNvZENodHljRjlvT25BMmEwbENRamRVVWpJdGQwazRPVEJ6WkZGVlpFRRAB
GÖKHAN GÜLEÇ,3.0,"We stayed for 5 nights and 6 days. We had read reviews about the hotel, but I didn't expect it to be so crowded. Especially in the restaurant area, there were times when we couldn't even walk around, let alone get anything to eat. We were constantly searching for a place to sit with our plates in hand. It's a hotel that families with 10 and 12-year-old children might come to just for the aqua park, but the lines to use the slides and boats were incredibly long, stretching all the way up to the stairs. Most of the time, to avoid waiting, I opted for the slides without boats. The aqua parks were fun, but it would be beneficial if a staff member constantly checked the air pressure in the single-person boats. Swimming in the pools wasn't enjoyable because of the crowds; I enjoyed the sea more. After entering, the sea was sandy and clear. We didn't find the food served in the snack areas outside the hotel restaurant to be tasty. I can say it was the worst gözleme (Turkish flatbread) I've ever had in any hotel; it was probably made with pre-made dough, with no taste or flavor. The sweet corn was equally unappetizing. We didn't like the beverage brand the hotel had an agreement with, and the mini-bar in the room was inadequate. A hotel of this quality should offer its customers more popular beverage brands.
The restaurant mostly had chicken dishes; there was meat, but not much variety. We generally liked the food we ate in the restaurant, but the dessert section was weak, especially as someone who likes grocery store-bought desserts, we didn't like it at all. The ring-shaped pastries and lokma (Turkish doughnuts) were tastier and crispier, the fruit section was sufficient. We didn't like the room cleaning; it was a superficial cleaning, and the beds were dusty. As someone who has stayed in Crystal hotels before, we didn't have many positive experiences. The ice cream sold openly wasn't very tasty either, and there was always a queue. It is essential that there are points where you can buy packaged ice cream in certain places in the aqua park and on the beach. We saw a staff member carrying packaged ice cream on the beach a couple of times, but you have to be lucky to find one. If you don't hang out in the pool area on the beach, you can't participate in any of the activities organized by the animators. I also don't think it's right for a hotel that offers all kinds of amenities to charge for freshly squeezed drinks. The hotel, catering to all its guests – locals, expatriates, and foreign tourists – is so large that queues form for everything. The disrespectful attitude of ""I'll take what I want, I'll do what I want"" is infuriating. The evening shows at the hotel are standard compared to other hotels. The children's park on the beach was very crowded; we waited in line for minutes for the swings. It depends on preference, but I think that in such a large and overcrowded hotel, the quality of service is diminished by the queues and effort required to access it. I can say there wasn't a single part of the hotel that wasn't crowded. We didn't like the food served at the snack bars, except for the restaurant. Overall, the staff working in all areas of the hotel, especially in the restaurant, were attentive and friendly. However, the staff should have wiped down tables more thoroughly and hygienically when setting new tables. I think disposable paper liners are more practical and hygienic, and wet wipes should have been provided at the tables, but they weren't. Frankly, we didn't find the pita bread and pizzas in the restaurant tasty. This could be a good option for those who don't mind crowds and are willing to take their children aged 10-12 and older to an aqua park.",4 days ago,2026-07-31,,"Dear Valued Guest,

First of all, thank you for choosing our hotel. We would like to express our regret for the negative experience you had during your stay. Guest satisfaction is our top priority, and your feedback is extremely valuable to us. To resolve the issues you experienced and to continuously improve our service quality, we would like to contact you to obtain more information. Please do not hesitate to contact us.

We will continue our work by taking this kind of feedback into account in order to provide you with better service. We hope that you will have the opportunity to choose us again in the future and that you will have a more positive experience then.

Sincerely,
Crystal Hotels CRM",Local Guide · 16 reviews · 12 photos,Ci9DQUlRQUNvZENodHljRjlvT21WT1p6QkhlUzE0TVhacVNWWjNkMFJUYXpkWE5XYxAB
Elif Kaya Atan,5.0,"It's a really beautiful hotel. We loved the variety and taste of the food. We chose it for our honeymoon and we didn't regret it at all; we didn't say ""I wish this was different."" I regret not going there this year. The hotel's atmosphere is very good; families can easily choose it. The pool is very large. The only drawback is the sea, but it wasn't a big deal for us since we didn't use it.",4 days ago,2026-07-31,,"Dear Valued Guest,
We sincerely thank you for your 5-star rating of our facility. Your expression of satisfaction in this way is a great source of happiness and motivation for us.
Our top priority is to provide you with a pleasant and trouble-free holiday experience. Your valuable feedback empowers us to maintain and further improve our service quality.
We look forward to welcoming you again soon and hope to provide you with the same satisfaction on your next holiday.
Sincerely,
Crystal Hotels CRM",Local Guide · 5 reviews · 4 photos,Ci9DQUlRQUNvZENodHljRjlvT2sweWRWaEdUelZaTWt4VU1GWnFUekpZVUhoWFNYYxAB
Nuray Gençer Aydın,5.0,"The hotel is very beautiful and large. Despite being crowded and large, the service is flawless. The food is very varied and delicious, and the à la carte options are also excellent. The drinks and other beverages are of high quality. The staff at the Irish bar are very kind and friendly. You should definitely try the cocktails unique to Mr. Suleyman and Mr. Murat; they make them superbly. We would like to thank them very much from here as well. The hotel's overall location, food, and service are very good. Only the beds need to be replaced; they are very uncomfortable. Also, the sea, pool, and entertainment are very good for families with children.",4 days ago,2026-07-31,,"Dear Valued Guest,
We sincerely thank you for your 5-star rating of our facility. Your expression of satisfaction in this way is a great source of happiness and motivation for us.
Our top priority is to provide you with a pleasant and trouble-free holiday experience. Your valuable feedback empowers us to maintain and further improve our service quality.
We look forward to welcoming you again soon and hope to provide you with the same satisfaction on your next holiday.
Sincerely,
Crystal Hotels CRM",4 reviews,Ci9DQUlRQUNvZENodHljRjlvT2pOMmJtTnVTWGN3TjFkSWFqSnhPR3A0Y0hWa2FVRRAB
Rabia Dogan,3.0,"We stayed at Crystal Aquaworld for a week and were generally satisfied. However, a few important issues bothered us a lot, which is why I've given it an overall rating of 3 stars.

When we arrived at the hotel at 11 p.m., we were shocked to find stones, hair, and sand in the bathroom. There were noticeable water stains on the fixtures, and sand was everywhere behind the door on the luggage rack or shoe rack. When we immediately reported this, we were offered a room change, but not until the next day. So we had to spend a night in that room. The next day, when we tried to arrange the room change at reception, they told us they knew nothing about it. So we agreed on a thorough room cleaning. They did it, but the cleaning still wasn't 100% up to my expectations, though it was acceptable.

The rooms are dated and very noisy.

The food was excellent. Very varied, but not too much. Very tasty, and everything was so fresh. Great desserts (the baked sütlaç is highly recommended).

I've stayed in numerous hotels in Antalya and have never experienced such cold and distant staff.

The beach was too small for such a large resort. The sun loungers were always clean and well-shaded.

For me, compared to other 5-star hotels, the resort is simply far too small and, in my opinion, at best on par with a 4-star hotel.",4 days ago,2026-07-31,,"Dear Guest,

First of all, we would like to thank you for choosing our hotel. We are very sorry to hear about the negative experiences you had during your stay. Our guests' satisfaction is our highest priority, and your feedback is very important to us.

To better understand the issues you encountered and to improve our service, we would appreciate it if you could provide us with more details. Please do not hesitate to contact us directly.

We will continue to work on improving our services and will take feedback like yours into account. We hope to welcome you back in the future and provide you with an even more enjoyable experience.

Sincerely,
Crystal Hotels CRM


Sincerely,

Crystal Hotels CRM",4 reviews,Ci9DQUlRQUNvZENodHljRjlvT205VFJEQlJVRkppUVZOZmRXUndaamRzVUU5MVlrRRAB
sara x,5.0,"Great vacation, really fun",4 days ago,2026-07-31,,"Dear Valued Guest,
We sincerely thank you for your 5-star rating and for taking the time to share your positive feedback. Your satisfaction is a great source of happiness and motivation for us.
Providing you with a pleasant and seamless holiday experience is always our top priority. Your valuable feedback encourages us to maintain and continuously improve the quality of our services.
We would be delighted to welcome you again in the near future and hope to provide you with the same level of satisfaction during your next stay.
Kind regards,
Crystal Hotels CRM.",,Ci9DQUlRQUNvZENodHljRjlvT2xwTWVISk9iVXB0Tm1kRmJFNDFlWFUzWlZNemVuYxAB
Le Ry,5.0,"A wonderful hotel for a family vacation, with very attentive staff and delicious and varied food. Multiple food lines, so you won't go hungry. Imported alcohol and delicious cocktails are available. The water park is fantastic for both children and adults, with colorful and unobtrusive entertainment. I definitely recommend it. The grounds are well-maintained yet intimate, with sun loungers always available and no lines. If you're looking for a relaxing and quality vacation, this is the place for you.",4 days ago,2026-07-31,,"Dear Guest,
Thank you for your high rating of our hotel and for awarding us 5 stars. We are delighted that you have expressed your satisfaction in this way – it is a great joy and motivation for us.
Our top priority is always to ensure you have a pleasant and carefree stay. Your valuable feedback inspires us to maintain and continually improve the quality of our services.
We look forward to welcoming you back to our hotel in the near future and hope to once again meet your expectations on your next vacation.
Sincerely,
CRM Team
Crystal Hotels CRM",,Ci9DQUlRQUNvZENodHljRjlvT2t4ME1uYzFPVlpSWjBWU1JGSkJRWE41T1VKbU1WRRAB
Yüksel efe Ural,5.0,,4 days ago,2026-07-31,,"Dear Valued Guest,
We sincerely thank you for your 5-star rating of our facility. Your expression of satisfaction in this way is a great source of happiness and motivation for us.
Our top priority is to provide you with a pleasant and trouble-free holiday experience. Your valuable feedback empowers us to maintain and further improve our service quality.
We look forward to welcoming you again soon and hope to provide you with the same satisfaction on your next holiday.
Sincerely,
Crystal Hotels CRM",,Ci9DQUlRQUNvZENodHljRjlvT2tSTlZqRlZlSFZ0TkRoQ2FESnVNbk0zTFZWM1NrRRAB
olcay cengiz,5.0,We were very pleased. Come without hesitation. Special thanks to the animation team.,4 days ago,2026-07-31,,"Dear Valued Guest,
We sincerely thank you for your 5-star rating of our facility. Your expression of satisfaction in this way is a great source of happiness and motivation for us.
Our top priority is to provide you with a pleasant and trouble-free holiday experience. Your valuable feedback empowers us to maintain and further improve our service quality.
We look forward to welcoming you again soon and hope to provide you with the same satisfaction on your next holiday.
Sincerely,
Crystal Hotels CRM",3 reviews · 1 photo,Ci9DQUlRQUNvZENodHljRjlvT2sxcFJraEdOemt6UzNKSWIzbHNhbFp0ZDA5U1QwRRAB
Fatih Erdoğan,5.0,"After a month of hotel research, we decided to come here with our two children as a family, based on reviews and ratings, and we found everything to be excellent. The food, the friendly staff, the spacious pools, and especially the mini-club activities prepared for the children were fantastic. We also appreciate the table decorations for our wedding anniversary celebration, the wonderful à la carte dining service, the live music, and the smiling staff. You absolutely deserve every penny we paid. We are so happy to have met the Crystal family, and we look forward to many more years to come! ✋",4 days ago,2026-07-31,,"Dear Valued Guest,
We sincerely thank you for your 5-star rating of our facility. Your expression of satisfaction in this way is a great source of happiness and motivation for us.
Our top priority is to provide you with a pleasant and trouble-free holiday experience. Your valuable feedback empowers us to maintain and further improve our service quality.
We look forward to welcoming you again soon and hope to provide you with the same satisfaction on your next holiday.
Sincerely,
Crystal Hotels CRM",3 reviews · 9 photos,Ci9DQUlRQUNvZENodHljRjlvT21GbFNqbEZVbk13VUZwZlRHZHViMk5TTUZsSFVHYxAB
Hamide Korkmaz,5.0,"We had such wonderful hours at the courtyard restaurant, I definitely recommend it to everyone. A huge thank you to the staff, especially for the hymns; everything was so beautiful 🌸🌸🌸",4 days ago,2026-07-31,,"Dear Valued Guest,
We sincerely thank you for your 5-star rating of our facility. Your expression of satisfaction in this way is a great source of happiness and motivation for us.
Our top priority is to provide you with a pleasant and trouble-free holiday experience. Your valuable feedback empowers us to maintain and further improve our service quality.
We look forward to welcoming you again soon and hope to provide you with the same satisfaction on your next holiday.
Sincerely,
Crystal Hotels CRM",,Ci9DQUlRQUNvZENodHljRjlvT25aTE1FaFNiSGxwTUhOMmVGQnJNekozV0dnMlVVRRAB
Kemal Gencer,5.0,"Very nice hotel, I definitely recommend it",4 days ago,2026-07-31,,"Dear Valued Guest,
We sincerely thank you for your 5-star rating of our facility. Your expression of satisfaction in this way is a great source of happiness and motivation for us.
Our top priority is to provide you with a pleasant and trouble-free holiday experience. Your valuable feedback empowers us to maintain and further improve our service quality.
We look forward to welcoming you again soon and hope to provide you with the same satisfaction on your next holiday.
Sincerely,
Crystal Hotels CRM",5 reviews,Ci9DQUlRQUNvZENodHljRjlvT2tFMGQzVmlibGxJYm1OR1JpMDBOamg2V2tobVIyYxAB
yade gencer,5.0,The hotel is very nice and fun. It's excellent in terms of cleanliness and activities.,4 days ago,2026-07-31,,"Dear Valued Guest,
We sincerely thank you for your 5-star rating of our facility. Your expression of satisfaction in this way is a great source of happiness and motivation for us.
Our top priority is to provide you with a pleasant and trouble-free holiday experience. Your valuable feedback empowers us to maintain and further improve our service quality.
We look forward to welcoming you again soon and hope to provide you with the same satisfaction on your next holiday.
Sincerely,
Crystal Hotels CRM",7 reviews,Ci9DQUlRQUNvZENodHljRjlvT2tjNU9HcFpjemx6U0hWTlNUa3RibXMyWjBoWVdGRRAB
Ela Gencer,5.0,Very nice 😁,4 days ago,2026-07-31,,"Dear Valued Guest,
We sincerely thank you for your 5-star rating of our facility. Your expression of satisfaction in this way is a great source of happiness and motivation for us.
Our top priority is to provide you with a pleasant and trouble-free holiday experience. Your valuable feedback empowers us to maintain and further improve our service quality.
We look forward to welcoming you again soon and hope to provide you with the same satisfaction on your next holiday.
Sincerely,
Crystal Hotels CRM",,Ci9DQUlRQUNvZENodHljRjlvT2toaGQzSjVlVnBYVWkxcVNsbG1lRkJPWlRadlJIYxAB
Ertugrul Gulyuz,5.0,"We were pleased with the cleanliness and hygiene, and we were also happy that there was a different activity every evening.",4 days ago,2026-07-31,,"Dear Valued Guest,
We sincerely thank you for your 5-star rating of our facility. Your expression of satisfaction in this way is a great source of happiness and motivation for us.
Our top priority is to provide you with a pleasant and trouble-free holiday experience. Your valuable feedback empowers us to maintain and further improve our service quality.
We look forward to welcoming you again soon and hope to provide you with the same satisfaction on your next holiday.
Sincerely,
Crystal Hotels CRM",1 review,Ci9DQUlRQUNvZENodHljRjlvT2s1d2VVTmZSV0pGV0dsQ1V6ZEpaVkIxTm5ONVNHYxAB
Arzu Ekemen,2.0,"We checked into the hotel on July 26th for 5 nights and 6 days, paying a very good price, but it turned out to be a complete fiasco for us, not worth the money.
There's a constant foul odor in the rooms and in a few places in the open areas. The service quality is zero; the staff are always grumpy, inexperienced, and unwilling.
Cleaning is done haphazardly; sometimes the sheets are just folded and left, no changes are made, and the toilets, bathrooms, and sinks are not cleaned.
We called 3 times to have the minibar refilled, but neither was it refilled nor were any cleaning products added. It's extremely crowded; finding a place to eat is completely a matter of luck. Just now, we saw someone arguing with customer relations; they asked for a sheet change at 2 pm, and now it's 10 pm and they still haven't changed it. So, unfortunately, we weren't the only ones whose problems weren't resolved.",Edited 4 days ago,2026-07-31,,"Dear Valued Guest,

First of all, thank you for choosing our hotel. We would like to express our regret for the negative experience you had during your stay. Guest satisfaction is our top priority, and your feedback is extremely valuable to us. To resolve the issues you experienced and to continuously improve our service quality, we would like to contact you to obtain more information. Please do not hesitate to contact us.

We will continue our work by taking this kind of feedback into account in order to provide you with better service. We hope that you will have the opportunity to choose us again in the future and that you will have a more positive experience then.

Sincerely,
Crystal Hotels CRM",2 reviews,Ci9DQUlRQUNvZENodHljRjlvT2xNMFVIaEtRMUpFZFdrM1gxUlBVa05vV1hWYVEzYxAB
Şeyma Bozkır,5.0,"Overall we were satisfied, everything was perfect.",4 days ago,2026-07-31,,"Dear Valued Guest,
We sincerely thank you for your 5-star rating of our facility. Your expression of satisfaction in this way is a great source of happiness and motivation for us.
Our top priority is to provide you with a pleasant and trouble-free holiday experience. Your valuable feedback empowers us to maintain and further improve our service quality.
We look forward to welcoming you again soon and hope to provide you with the same satisfaction on your next holiday.
Sincerely,
Crystal Hotels CRM",2 reviews,Ci9DQUlRQUNvZENodHljRjlvT21vMGFETlBjbEl5WkU0NGVVSTBOV2gxVUhOTk5rRRAB
Hayrunnisa Aydoğar,5.0,"This was our second visit, the Softplay area was very engaging, we were very pleased.",4 days ago,2026-07-31,,"Dear Valued Guest,
We sincerely thank you for your 5-star rating of our facility. Your expression of satisfaction in this way is a great source of happiness and motivation for us.
Our top priority is to provide you with a pleasant and trouble-free holiday experience. Your valuable feedback empowers us to maintain and further improve our service quality.
We look forward to welcoming you again soon and hope to provide you with the same satisfaction on your next holiday.
Sincerely,
Crystal Hotels CRM",,Ci9DQUlRQUNvZENodHljRjlvT2pCNk9WaFJjWFJKYUZGeFIwNVRYM28wTTFOUlYyYxAB
Faruk AYDOĞAR,5.0,The softplay and other activities were great. Thank you.,4 days ago,2026-07-31,,"Dear Valued Guest,
We sincerely thank you for your 5-star rating of our facility. Your expression of satisfaction in this way is a great source of happiness and motivation for us.
Our top priority is to provide you with a pleasant and trouble-free holiday experience. Your valuable feedback empowers us to maintain and further improve our service quality.
We look forward to welcoming you again soon and hope to provide you with the same satisfaction on your next holiday.
Sincerely,
Crystal Hotels CRM",1 review,Ci9DQUlRQUNvZENodHljRjlvT25VeGQzRlRXVGhuVTBWalpGUnJSVXhSTVhVMGJrRRAB
Çağan,5.0,"We really liked the hotel. The soft play area was excellent. The drinks were great, everything was wonderful, we will definitely come again.",4 days ago,2026-07-31,,"Dear Valued Guest,
We sincerely thank you for your 5-star rating of our facility. Your expression of satisfaction in this way is a great source of happiness and motivation for us.
Our top priority is to provide you with a pleasant and trouble-free holiday experience. Your valuable feedback empowers us to maintain and further improve our service quality.
We look forward to welcoming you again soon and hope to provide you with the same satisfaction on your next holiday.
Sincerely,
Crystal Hotels CRM",,Ci9DQUlRQUNvZENodHljRjlvT25neVZXRlBXbkJKVkZKUVFWSnpSemxhZFMxV01IYxAB
Erkan Ural,5.0,You can leave your children here with peace of mind; there are many helpful staff available from 10 am to 10 pm. You can leave them here with complete confidence. 😊,4 days ago,2026-07-31,,"Dear Valued Guest,
We sincerely thank you for your 5-star rating of our facility. Your expression of satisfaction in this way is a great source of happiness and motivation for us.
Our top priority is to provide you with a pleasant and trouble-free holiday experience. Your valuable feedback empowers us to maintain and further improve our service quality.
We look forward to welcoming you again soon and hope to provide you with the same satisfaction on your next holiday.
Sincerely,
Crystal Hotels CRM",Local Guide · 11 reviews · 48 photos,Ci9DQUlRQUNvZENodHljRjlvT25SUFEzcEhNRTl0Ykc0M2FqVnVTbDlvU0hKTVRYYxAB
Habibe Ural,5.0,I'm happy with the softplay.,4 days ago,2026-07-31,,"Dear Valued Guest,
We sincerely thank you for your 5-star rating of our facility. Your expression of satisfaction in this way is a great source of happiness and motivation for us.
Our top priority is to provide you with a pleasant and trouble-free holiday experience. Your valuable feedback empowers us to maintain and further improve our service quality.
We look forward to welcoming you again soon and hope to provide you with the same satisfaction on your next holiday.
Sincerely,
Crystal Hotels CRM",1 review,Ci9DQUlRQUNvZENodHljRjlvT2paTE5UZHBSRFJuUmxwNWJHSnJMVEZ2TmxGZlkzYxAB
Alena Pařízková,3.0,,4 days ago,2026-07-31,,"Dear Guest,
First of all, we would like to thank you for choosing our hotel. We are truly sorry to hear about the negative experience you had during your stay. Guest satisfaction is our top priority, and your feedback is extremely valuable to us.
In order to better understand the issues you faced and improve our services, we would appreciate it if you could share more details with us. Please feel free to contact us directly.
We will continue to work on improving our services, taking into account feedback like yours. We hope to have the opportunity to welcome you back in the future and provide you with a more positive experience.
Best regards
Crystal Hotels CRM,",Local Guide · 9 reviews · 10 photos,Ci9DQUlRQUNvZENodHljRjlvT25SQ1NXZGxjbkYyUkdkQ1VuZ3hWSGRYWkdKcllXYxAB
Sharareh Mahyan,5.0,"It was a good trip
The staff was friendly and the hotel was clean.",4 days ago,2026-07-31,,"Dear Valued Guest,
We sincerely thank you for your 5-star rating and for taking the time to share your positive feedback. Your satisfaction is a great source of happiness and motivation for us.
Providing you with a pleasant and seamless holiday experience is always our top priority. Your valuable feedback encourages us to maintain and continuously improve the quality of our services.
We would be delighted to welcome you again in the near future and hope to provide you with the same level of satisfaction during your next stay.
Kind regards,
Crystal Hotels CRM.",8 photos,Ci9DQUlRQUNvZENodHljRjlvT21WRFRrSmxMWEowWkRabVF6QndRa2hyTW5SWE0zYxAB
lu taslimi,5.0,"Nice hotel
The best hotel in turkiye",4 days ago,2026-07-31,,"Dear Valued Guest,
We sincerely thank you for your 5-star rating and for taking the time to share your positive feedback. Your satisfaction is a great source of happiness and motivation for us.
Providing you with a pleasant and seamless holiday experience is always our top priority. Your valuable feedback encourages us to maintain and continuously improve the quality of our services.
We would be delighted to welcome you again in the near future and hope to provide you with the same level of satisfaction during your next stay.
Kind regards,
Crystal Hotels CRM.",,Ci9DQUlRQUNvZENodHljRjlvT25neU9WOXdjSEJxUWtWR01tSktRMWR1V1V0cVowRRAB
Sümeyye Metin,5.0,"Ms. Nasim's attention and care were excellent. Overall, the hotel is very good; we recommend it to families with children. Cleanliness and parking were problematic. If these issues are resolved, it could be a viable option.",4 days ago,2026-07-31,,"Dear Valued Guest,
We sincerely thank you for your 5-star rating of our facility. Your expression of satisfaction in this way is a great source of happiness and motivation for us.
Our top priority is to provide you with a pleasant and trouble-free holiday experience. Your valuable feedback empowers us to maintain and further improve our service quality.
We look forward to welcoming you again soon and hope to provide you with the same satisfaction on your next holiday.
Sincerely,
Crystal Hotels CRM",3 reviews,Ci9DQUlRQUNvZENodHljRjlvT25wbWR6QkxkRFJqTTI1blIwZGpRWEkwVEdsYWFtYxAB
Аида Кабылтаева,5.0,"The food is delicious, the hotel is good",4 days ago,2026-07-31,,"Dear Guest,
Thank you for your high rating of our hotel and for awarding us 5 stars. We are delighted that you have expressed your satisfaction in this way – it is a great joy and motivation for us.
Our top priority is always to ensure you have a pleasant and carefree stay. Your valuable feedback inspires us to maintain and continually improve the quality of our services.
We look forward to welcoming you back to our hotel in the near future and hope to once again meet your expectations on your next vacation.
Sincerely,
CRM Team
Crystal Hotels CRM",,Ci9DQUlRQUNvZENodHljRjlvT2pnekxVVnBUMDEzVVVOMFNtOURhVGQ0Wmxodk5sRRAB
Азиза Ташимова,5.0,"I liked everything, the food was very tasty",4 days ago,2026-07-31,,"Dear Guest,
Thank you for your high rating of our hotel and for awarding us 5 stars. We are delighted that you have expressed your satisfaction in this way – it is a great joy and motivation for us.
Our top priority is always to ensure you have a pleasant and carefree stay. Your valuable feedback inspires us to maintain and continually improve the quality of our services.
We look forward to welcoming you back to our hotel in the near future and hope to once again meet your expectations on your next vacation.
Sincerely,
CRM Team
Crystal Hotels CRM",,Ci9DQUlRQUNvZENodHljRjlvT2sxbU9ESkRSSEpQVkd4M1ZHZzJWWEJRUVVvM1VGRRAB
Bagim Turganbek,5.0,👍🏻👍🏻👍🏻👍🏻,4 days ago,2026-07-31,,"Dear Valued Guest,
We sincerely thank you for your 5-star rating of our facility. Your expression of satisfaction in this way is a great source of happiness and motivation for us.
Our top priority is to provide you with a pleasant and trouble-free holiday experience. Your valuable feedback empowers us to maintain and further improve our service quality.
We look forward to welcoming you again soon and hope to provide you with the same satisfaction on your next holiday.
Sincerely,
Crystal Hotels CRM",,Ci9DQUlRQUNvZENodHljRjlvT25WSVZ6VkVRVE5PZFV4TFMxcDNkRk5pUXpFd1VrRRAB
Merey Turysbayeva,5.0,Everything is super!,4 days ago,2026-07-31,,"Dear Guest,
Thank you for your high rating of our hotel and for awarding us 5 stars. We are delighted that you have expressed your satisfaction in this way – it is a great joy and motivation for us.
Our top priority is always to ensure you have a pleasant and carefree stay. Your valuable feedback inspires us to maintain and continually improve the quality of our services.
We look forward to welcoming you back to our hotel in the near future and hope to once again meet your expectations on your next vacation.
Sincerely,
CRM Team
Crystal Hotels CRM",1 photo,Ci9DQUlRQUNvZENodHljRjlvT21WT2EwbHFTRUUzTkUxTlgxZFlUbHBPUjNoMFdGRRAB
Büke Düger,5.0,"We stayed in room 1152 from July 20-26. Don't pay attention to the negative reviews; I came last year too, this is my second visit, and they've improved in every aspect. The à la carte restaurants were free; we tried a different one every evening for six days. Room cleaning was excellent, guest relations were fantastic, and Mr. Yusuf in the main restaurant greeted and welcomed us every evening, making us feel special. I commend the Indonesian staff; I'd say they're even more hardworking than our own citizens. Don't be fooled by the negative reviews; it's a luxury concept for the price.",4 days ago,2026-07-31,,"Dear Valued Guest,
We sincerely thank you for your 5-star rating of our facility. Your expression of satisfaction in this way is a great source of happiness and motivation for us.
Our top priority is to provide you with a pleasant and trouble-free holiday experience. Your valuable feedback empowers us to maintain and further improve our service quality.
We look forward to welcoming you again soon and hope to provide you with the same satisfaction on your next holiday.
Sincerely,
Crystal Hotels CRM",,Ci9DQUlRQUNvZENodHljRjlvT2sxaFpHTTVaMGhZVkVsWVVFcFVXbXRyYWtGbWQyYxAB
Define Öztürk (Definelik),5.0,I liked the hotel. The drinks were good. The soft play area is suitable for children.,4 days ago,2026-07-31,,"Dear Valued Guest,
We sincerely thank you for your 5-star rating of our facility. Your expression of satisfaction in this way is a great source of happiness and motivation for us.
Our top priority is to provide you with a pleasant and trouble-free holiday experience. Your valuable feedback empowers us to maintain and further improve our service quality.
We look forward to welcoming you again soon and hope to provide you with the same satisfaction on your next holiday.
Sincerely,
Crystal Hotels CRM",,Ci9DQUlRQUNvZENodHljRjlvT2pWak1tMVpaazUzTmtSVmRIbEphM1U0YUVaVWJGRRAB
Елисей,5.0,"Cool, awesome",4 days ago,2026-07-31,,"Dear Guest,
Thank you for your high rating of our hotel and for awarding us 5 stars. We are delighted that you have expressed your satisfaction in this way – it is a great joy and motivation for us.
Our top priority is always to ensure you have a pleasant and carefree stay. Your valuable feedback inspires us to maintain and continually improve the quality of our services.
We look forward to welcoming you back to our hotel in the near future and hope to once again meet your expectations on your next vacation.
Sincerely,
CRM Team
Crystal Hotels CRM",,Ci9DQUlRQUNvZENodHljRjlvT21WbFlraGphbVUwYzNJek1uTnRPVFJzWmxWaWJuYxAB
Elshan Shirinov,5.0,Very beautiful,4 days ago,2026-07-31,,"Dear Valued Guest,
We sincerely thank you for your 5-star rating of our facility. Your expression of satisfaction in this way is a great source of happiness and motivation for us.
Our top priority is to provide you with a pleasant and trouble-free holiday experience. Your valuable feedback empowers us to maintain and further improve our service quality.
We look forward to welcoming you again soon and hope to provide you with the same satisfaction on your next holiday.
Sincerely,
Crystal Hotels CRM",,Ci9DQUlRQUNvZENodHljRjlvT214RmFEQmFlVkkzY1hZdE1XaHRWVXBLZGpJNFRYYxAB
Nagihan Yildiz,5.0,,4 days ago,2026-07-31,,"Dear Valued Guest,
We sincerely thank you for your 5-star rating of our facility. Your expression of satisfaction in this way is a great source of happiness and motivation for us.
Our top priority is to provide you with a pleasant and trouble-free holiday experience. Your valuable feedback empowers us to maintain and further improve our service quality.
We look forward to welcoming you again soon and hope to provide you with the same satisfaction on your next holiday.
Sincerely,
Crystal Hotels CRM",2 reviews,Ci9DQUlRQUNvZENodHljRjlvT21kdVpWZHNUR0l4VUZkR2QwNW5VMUZxWWs0eE5sRRAB
Rüzgar,5.0,,4 days ago,2026-07-31,,"Dear Valued Guest,
We sincerely thank you for your 5-star rating of our facility. Your expression of satisfaction in this way is a great source of happiness and motivation for us.
Our top priority is to provide you with a pleasant and trouble-free holiday experience. Your valuable feedback empowers us to maintain and further improve our service quality.
We look forward to welcoming you again soon and hope to provide you with the same satisfaction on your next holiday.
Sincerely,
Crystal Hotels CRM",2 reviews,Ci9DQUlRQUNvZENodHljRjlvT2xZemVEVTBYMDUwV0RORGFqSjNjWEZhWms5Q1NVRRAB
Ahmet Can Geneli,5.0,Highly recommended! Especially for children!!,4 days ago,2026-07-31,,"Dear Guest,

Thank you so much for your 5-star rating and positive feedback. We are delighted that you expressed your satisfaction in this way – it is a great motivation for us.

Our top priority is to provide you with a pleasant and carefree stay. Your valuable feedback encourages us to maintain and continuously improve our service quality.

We would be very pleased to welcome you back again in the near future and to offer you the same level of satisfaction during your next stay.

Sincerely,
Crystal Hotels CRM",1 review,Ci9DQUlRQUNvZENodHljRjlvT21GS01GRjJjRTFxU2sxSlNUWjFPRTVuTmxGWVpGRRAB
mustafa koçakoğlu,5.0,,4 days ago,2026-07-31,,"Dear Valued Guest,
We sincerely thank you for your 5-star rating of our facility. Your expression of satisfaction in this way is a great source of happiness and motivation for us.
Our top priority is to provide you with a pleasant and trouble-free holiday experience. Your valuable feedback empowers us to maintain and further improve our service quality.
We look forward to welcoming you again soon and hope to provide you with the same satisfaction on your next holiday.
Sincerely,
Crystal Hotels CRM",1 review,Ci9DQUlRQUNvZENodHljRjlvT2xGRFRsSmlSMFEzTFVwRVRFVjROVlZtY0ZaV1gxRRAB
pınar tanyeri,5.0,"You can get the service you want at every point of the hotel, and continuous cleaning service is also available. We were very satisfied.",4 days ago,2026-07-31,,"Dear Valued Guest,
We sincerely thank you for your 5-star rating of our facility. Your expression of satisfaction in this way is a great source of happiness and motivation for us.
Our top priority is to provide you with a pleasant and trouble-free holiday experience. Your valuable feedback empowers us to maintain and further improve our service quality.
We look forward to welcoming you again soon and hope to provide you with the same satisfaction on your next holiday.
Sincerely,
Crystal Hotels CRM",6 reviews,Ci9DQUlRQUNvZENodHljRjlvT2tSM1dXVjBPSE0wY1RsaU1FUldXRTlLU1UxSmMyYxAB
Sadeen Osama,5.0,,4 days ago,2026-07-31,,"Dear Valued Guest,
We sincerely thank you for your 5-star rating and for taking the time to share your positive feedback. Your satisfaction is a great source of happiness and motivation for us.
Providing you with a pleasant and seamless holiday experience is always our top priority. Your valuable feedback encourages us to maintain and continuously improve the quality of our services.
We would be delighted to welcome you again in the near future and hope to provide you with the same level of satisfaction during your next stay.
Kind regards,
Crystal Hotels CRM.",,Ci9DQUlRQUNvZENodHljRjlvT21jeVNESklNMXBDTFVaRVF6VlJWeTFmWkUxTVpIYxAB
Ogulcan Ayvalik,5.0,"The food, activities, and service were truly wonderful. Well done!",4 days ago,2026-07-31,,"Dear Valued Guest,
We sincerely thank you for your 5-star rating of our facility. Your expression of satisfaction in this way is a great source of happiness and motivation for us.
Our top priority is to provide you with a pleasant and trouble-free holiday experience. Your valuable feedback empowers us to maintain and further improve our service quality.
We look forward to welcoming you again soon and hope to provide you with the same satisfaction on your next holiday.
Sincerely,
Crystal Hotels CRM",3 reviews,Ci9DQUlRQUNvZENodHljRjlvT2tkbVRXVjZUbWQ1ZDBsbmRsRjNWR0ZCTkhjNE1WRRAB
Esra Alabyad,5.0,Very beautiful,4 days ago,2026-07-31,,"Dear Valued Guest,
We sincerely thank you for your 5-star rating and for taking the time to share your positive feedback. Your satisfaction is a great source of happiness and motivation for us.
Providing you with a pleasant and seamless holiday experience is always our top priority. Your valuable feedback encourages us to maintain and continuously improve the quality of our services.
We would be delighted to welcome you again in the near future and hope to provide you with the same level of satisfaction during your next stay.
Kind regards,
Crystal Hotels CRM.",,Ci9DQUlRQUNvZENodHljRjlvT2xaSWJERkVSa0pRWTJSblQwZGxNVFYzWTBKbGFGRRAB
Drilon Emini,5.0,,4 days ago,2026-07-31,,"Dear Valued Guest,
We sincerely thank you for your 5-star rating and for taking the time to share your positive feedback. Your satisfaction is a great source of happiness and motivation for us.
Providing you with a pleasant and seamless holiday experience is always our top priority. Your valuable feedback encourages us to maintain and continuously improve the quality of our services.
We would be delighted to welcome you again in the near future and hope to provide you with the same level of satisfaction during your next stay.
Kind regards,
Crystal Hotels CRM.",,Ci9DQUlRQUNvZENodHljRjlvT2twSVRGUjRhbFZDT1VNd1ZWQkxlSGxKUzFCQ2EzYxAB
Kaan Karaca,5.0,"It's a very nice hotel, I recommend it.",4 days ago,2026-07-31,,"Dear Valued Guest,
We sincerely thank you for your 5-star rating of our facility. Your expression of satisfaction in this way is a great source of happiness and motivation for us.
Our top priority is to provide you with a pleasant and trouble-free holiday experience. Your valuable feedback empowers us to maintain and further improve our service quality.
We look forward to welcoming you again soon and hope to provide you with the same satisfaction on your next holiday.
Sincerely,
Crystal Hotels CRM",4 reviews · 3 photos,Ci9DQUlRQUNvZENodHljRjlvT2xwcFVIUjNZMjlDTUV4dFRsWlhlaTFPU3pKSk1VRRAB
Mansur K,5.0,"The attention and care we received were wonderful; we were very welcomed and taken care of from the moment we arrived. We were very pleased, although we had to check out today, unfortunately. We would like to thank the customer relations department again. We are considering coming back.",4 days ago,2026-07-31,,"Dear Valued Guest,
We sincerely thank you for your 5-star rating of our facility. Your expression of satisfaction in this way is a great source of happiness and motivation for us.
Our top priority is to provide you with a pleasant and trouble-free holiday experience. Your valuable feedback empowers us to maintain and further improve our service quality.
We look forward to welcoming you again soon and hope to provide you with the same satisfaction on your next holiday.
Sincerely,
Crystal Hotels CRM",,Ci9DQUlRQUNvZENodHljRjlvT2pWVlZYRndkalZsUmpoakxXeE9iSFU1Ukc5elZVRRAB
Yusuf Mert,5.0,I give the animation team and their activities a perfect 10 out of 10.,4 days ago,2026-07-31,,,,Ci9DQUlRQUNvZENodHljRjlvT25oaFRTMXFkRXBtWjJacGNqRnNjR3BsU1ZoU2RVRRAB
Hadi kral Özkafadar,5.0,"The hotel was very good, we were pleased with the service, and we were extremely happy with the soft play area; our children were delighted.",4 days ago,2026-07-31,,,,Ci9DQUlRQUNvZENodHljRjlvT2tGcFFUTnlhVmcwV0ZrM1JtZERMV2R3UjI5WE5HYxAB
Nihande Çelik,5.0,The animation programs are fantastic for both adults and children! It's a perfect hotel for children's activities and entertainment. We highly recommend it to families with children.,4 days ago,2026-07-31,,"Dear Valued Guest,
We sincerely thank you for your 5-star rating of our facility. Your expression of satisfaction in this way is a great source of happiness and motivation for us.
Our top priority is to provide you with a pleasant and trouble-free holiday experience. Your valuable feedback empowers us to maintain and further improve our service quality.
We look forward to welcoming you again soon and hope to provide you with the same satisfaction on your next holiday.
Sincerely,
Crystal Hotels CRM",1 review · 2 photos,Ci9DQUlRQUNvZENodHljRjlvT2w5Rk9HOTFiVjl0TmpsNVptSjNNMmxOVkdaSU1GRRAB
Özge Karabulut,5.0,We highly recommend it to honeymoon couples 💐,4 days ago,2026-07-31,,,1 review,Ci9DQUlRQUNvZENodHljRjlvT25WNGRXNTFiMUJaUkVwUFR6Vk5NblpGYVVWNmRHYxAB
Berkcan Çam,5.0,Super,4 days ago,2026-07-31,,,,Ci9DQUlRQUNvZENodHljRjlvT2xwR2QxOVpkVXRIZVV0MU5HZzVORkJCTW1VMmIxRRAB
Abil Mustafov,5.0,"I would recommend this hotel to everyone; we stayed here as a family. We're leaving tomorrow, but we don't want to go. We had so much fun.",4 days ago,2026-07-31,,,,Ci9DQUlRQUNvZENodHljRjlvT20xRWNqZHlhV2t5WldKdmNXSjNhamRqWDJaelQzYxAB
Юлия Пичугина,4.0,"I really liked the game room, everything is wonderful and cool for the kids!",4 days ago,2026-07-31,,,,Ci9DQUlRQUNvZENodHljRjlvT2poaFFVNW1lV1ZZZFd4T2JVcE5NbTlWVTFwMVJVRRAB
qlyaaxleq xleq,5.0,"I think the hotel is very good, the people are very nice here, I also really like the food, it's nice and warm

and the view is beautiful. I would recommend it 👍🏽",4 days ago,2026-07-31,,,,Ci9DQUlRQUNvZENodHljRjlvT210c01pMUVibVZqY1dsUVl5MURkakJ5ZUUxM1NsRRAB
Асель Нурланбек,5.0,"We stayed at Crystal Waterworld with our family and were absolutely delighted! I'd especially like to mention the children's entertainment. The entertainers were very kind, attentive, and knew how to engage with children of all ages. Every day there were exciting games, contests, workshops, and activities, keeping our child busy and happy.

The mini-disco in the evenings became our favorite event—our child looked forward to it every day. It's clear that the entertainment team is passionate about their work and truly loves children.

We also loved the water park, pools, delicious food, and friendly staff. The hotel is perfect for a family vacation. Thank you, Crystal Waterworld, for a wonderful experience and an unforgettable vacation!",Edited 4 days ago,2026-07-31,,"Dear Guest
Thank you for your high rating of our hotel and for awarding us 5 stars. We are delighted that you have expressed your satisfaction in this way – it is a great joy and motivation for us.
Our top priority is always to ensure you have a pleasant and carefree stay. Your valuable feedback inspires us to maintain and continually improve the quality of our services.
We look forward to welcoming you back to our hotel in the near future and hope to once again meet your expectations on your next vacation.
Sincerely,
CRM Team
Crystal Hotels CRM",3 photos,Ci9DQUlRQUNvZENodHljRjlvT210a1VIbG1hMkpsY1RrNWFESndOSGhmV2w5U05IYxAB
Ruben Bammens,5.0,,4 days ago,2026-07-31,,"Dear Valued Guest,
We sincerely thank you for your 5-star rating and for taking the time to share your positive feedback. Your satisfaction is a great source of happiness and motivation for us.
Providing you with a pleasant and seamless holiday experience is always our top priority. Your valuable feedback encourages us to maintain and continuously improve the quality of our services.
We would be delighted to welcome you again in the near future and hope to provide you with the same level of satisfaction during your next stay.
Kind regards,
Crystal Hotels CRM.",,Ci9DQUlRQUNvZENodHljRjlvT21wcmVUUmhWbmxSTkMxeE5WSjBZVTg0YmtZeGRWRRAB
fatih akyel,5.0,We really liked the hotel. Especially the soft play area. The staff were very friendly and kind; thank you to Emel Hanım. We will recommend it to everyone. The evening animation shows were fantastic.,4 days ago,2026-07-31,,,1 review,Ci9DQUlRQUNvZENodHljRjlvT2sxUWFDMU5NRTU2UjBWM04zSTRWa0ZKV1ROT1VFRRAB
Muhammet s,5.0,We were very pleased with the attentiveness of the guest relations team and the delicious food at Caretta Restaurant; the chef was very attentive.,4 days ago,2026-07-31,,,1 review,Ci9DQUlRQUNvZENodHljRjlvT2tWVVp6QjFkR2hOUkRWMlRteG5jRXBJVVdka2RuYxAB
Pınar,5.0,"The hotel is wonderful. The food is delicious and the drinks are high quality. We are very satisfied with the cleanliness. The animation team is very friendly. Everything is going great right now.
The soft play area for children is safe and clean, and the staff are friendly.",4 days ago,2026-07-31,,,1 review,Ci9DQUlRQUNvZENodHljRjlvT2pkVE5WQkhVMFJHWDE4NVpuSkZTMjlFTkZobmFrRRAB
Mehmet Ali Özoğul,5.0,We were pleased with the softplay. Thanks to Emel Hanım.,4 days ago,2026-07-31,,"Dear Valued Guest,
We sincerely thank you for your 5-star rating of our facility. Your expression of satisfaction in this way is a great source of happiness and motivation for us.
Our top priority is to provide you with a pleasant and trouble-free holiday experience. Your valuable feedback empowers us to maintain and further improve our service quality.
We look forward to welcoming you again soon and hope to provide you with the same satisfaction on your next holiday.
Sincerely,
Crystal Hotels CRM",1 review,Ci9DQUlRQUNvZENodHljRjlvT2xoWFQyTkZhbEJmTFVwVGRYaHROa0Z4Y2psT1VtYxAB
yavuz tokmak,5.0,We were satisfied with SofyPlay.,4 days ago,2026-07-31,,"Dear Valued Guest,
We sincerely thank you for your 5-star rating of our facility. Your expression of satisfaction in this way is a great source of happiness and motivation for us.
Our top priority is to provide you with a pleasant and trouble-free holiday experience. Your valuable feedback empowers us to maintain and further improve our service quality.
We look forward to welcoming you again soon and hope to provide you with the same satisfaction on your next holiday.
Sincerely,
Crystal Hotels CRM",4 reviews · 1 photo,Ci9DQUlRQUNvZENodHljRjlvT2tsVWVUSk9ObDl6YlMxck16ZElhRFp0TmpZeGRsRRAB
Huseyin Yuzgulen,5.0,,4 days ago,2026-07-31,,"Dear Valued Guest,
We sincerely thank you for your 5-star rating of our facility. Your expression of satisfaction in this way is a great source of happiness and motivation for us.
Our top priority is to provide you with a pleasant and trouble-free holiday experience. Your valuable feedback empowers us to maintain and further improve our service quality.
We look forward to welcoming you again soon and hope to provide you with the same satisfaction on your next holiday.
Sincerely,
Crystal Hotels CRM",,Ci9DQUlRQUNvZENodHljRjlvT2xCc2RFZzFWR1pQY25kc1RWbHpNWEp4V0U0emFrRRAB
Günes Yvz,5.0,I loved the hotel. We will recommend it to everyone. The atmosphere is fantastic. It's the only place where we wished our vacation wouldn't end. Thank you everyone!,4 days ago,2026-07-31,,"Dear Valued Guest,
We sincerely thank you for your 5-star rating of our facility. Your expression of satisfaction in this way is a great source of happiness and motivation for us.
Our top priority is to provide you with a pleasant and trouble-free holiday experience. Your valuable feedback empowers us to maintain and further improve our service quality.
We look forward to welcoming you again soon and hope to provide you with the same satisfaction on your next holiday.
Sincerely,
Crystal Hotels CRM",3 reviews,Ci9DQUlRQUNvZENodHljRjlvT2tjM1YzTmhUVkZvTTNkUGJXMXZWMkZpUmpWelQyYxAB
Sevim Yaka,5.0,"I will recommend the hotel to everyone. The drinks are high quality, the food is delicious, and the animation is fantastic. They offer every kind of service. Everything is top-notch. My children loved the soft-display area. Thank you, Emel Hanım.",4 days ago,2026-07-31,,"Dear Valued Guest,
We sincerely thank you for your 5-star rating of our facility. Your expression of satisfaction in this way is a great source of happiness and motivation for us.
Our top priority is to provide you with a pleasant and trouble-free holiday experience. Your valuable feedback empowers us to maintain and further improve our service quality.
We look forward to welcoming you again soon and hope to provide you with the same satisfaction on your next holiday.
Sincerely,
Crystal Hotels CRM",1 review,Ci9DQUlRQUNvZENodHljRjlvT25WdU5XczJaMnR1V1RWWE1uUTRVMjFtY210UFJGRRAB
Efe can Oz,5.0,It was a wonderful hotel. July was very fun and enjoyable. Many thanks to everyone in the animation team. We will definitely come back next year.,Edited 5 days ago,2026-07-30,,"Dear Valued Guest,
We sincerely thank you for your 5-star rating of our facility. Your expression of satisfaction in this way is a great source of happiness and motivation for us.
Our top priority is to provide you with a pleasant and trouble-free holiday experience. Your valuable feedback empowers us to maintain and further improve our service quality.
We look forward to welcoming you again soon and hope to provide you with the same satisfaction on your next holiday.
Sincerely,
Crystal Hotels CRM",3 reviews,Ci9DQUlRQUNvZENodHljRjlvT2pkNWVYaE9OWGRTUzNsYVpUUlJWbDgxUTB0a05WRRAB
Mustafa Eskitas,5.0,Everything was great.,Edited 5 days ago,2026-07-30,,"Dear Valued Guest,
We sincerely thank you for your 5-star rating of our facility. Your expression of satisfaction in this way is a great source of happiness and motivation for us.
Our top priority is to provide you with a pleasant and trouble-free holiday experience. Your valuable feedback empowers us to maintain and further improve our service quality.
We look forward to welcoming you again soon and hope to provide you with the same satisfaction on your next holiday.
Sincerely,
Crystal Hotels CRM",Local Guide · 24 reviews,ChZDSUhNMG9nS0VJQ0FnSURtei0zOVFBEAE
Zeynep Karaman,5.0,"The staff are very helpful and friendly, the hotel has many activities and it's very fun.",5 days ago,2026-07-30,,"Dear Valued Guest,
We sincerely thank you for your 5-star rating of our facility. Your expression of satisfaction in this way is a great source of happiness and motivation for us.
Our top priority is to provide you with a pleasant and trouble-free holiday experience. Your valuable feedback empowers us to maintain and further improve our service quality.
We look forward to welcoming you again soon and hope to provide you with the same satisfaction on your next holiday.
Sincerely,
Crystal Hotels CRM",1 review,Ci9DQUlRQUNvZENodHljRjlvT25WdU9FUTFZVzVpY2tOd1NWOVBja3M0UjIxb2QyYxAB
Zulfunuh Dal,5.0,,5 days ago,2026-07-30,,"Dear Valued Guest,
We sincerely thank you for your 5-star rating of our facility. Your expression of satisfaction in this way is a great source of happiness and motivation for us.
Our top priority is to provide you with a pleasant and trouble-free holiday experience. Your valuable feedback empowers us to maintain and further improve our service quality.
We look forward to welcoming you again soon and hope to provide you with the same satisfaction on your next holiday.
Sincerely,
Crystal Hotels CRM",,Ci9DQUlRQUNvZENodHljRjlvT2tab2FuUTRkMFV6T1ZOS1dFMHhVRE5KYm10YU5XYxAB
Neslihan Turkeri,5.0,The animation team is fantastic.,5 days ago,2026-07-30,,"Dear Valued Guest,
We sincerely thank you for your 5-star rating of our facility. Your expression of satisfaction in this way is a great source of happiness and motivation for us.
Our top priority is to provide you with a pleasant and trouble-free holiday experience. Your valuable feedback empowers us to maintain and further improve our service quality.
We look forward to welcoming you again soon and hope to provide you with the same satisfaction on your next holiday.
Sincerely,
Crystal Hotels CRM",3 reviews,Ci9DQUlRQUNvZENodHljRjlvT201alFXeExTVzlWT0VOcFNuQkhOa2xZTjFCeU1YYxAB
Meryem Sibli,5.0,,5 days ago,2026-07-30,,"Dear Valued Guest,
We sincerely thank you for your 5-star rating of our facility. Your expression of satisfaction in this way is a great source of happiness and motivation for us.
Our top priority is to provide you with a pleasant and trouble-free holiday experience. Your valuable feedback empowers us to maintain and further improve our service quality.
We look forward to welcoming you again soon and hope to provide you with the same satisfaction on your next holiday.
Sincerely,
Crystal Hotels CRM",3 reviews · 1 photo,Ci9DQUlRQUNvZENodHljRjlvT21kelJqaEZVM016ZDJ0RlRWaExNekJWYjJGa2RGRRAB
Poyraz,5.0,,5 days ago,2026-07-30,,"Dear Valued Guest,
We sincerely thank you for your 5-star rating of our facility. Your expression of satisfaction in this way is a great source of happiness and motivation for us.
Our top priority is to provide you with a pleasant and trouble-free holiday experience. Your valuable feedback empowers us to maintain and further improve our service quality.
We look forward to welcoming you again soon and hope to provide you with the same satisfaction on your next holiday.
Sincerely,
Crystal Hotels CRM",1 review,Ci9DQUlRQUNvZENodHljRjlvT2xoWlNrMUZhbEV4TlhWRExWZDRUbVZsZERkalUzYxAB
Kürşad GÜNGÖRDÜ,5.0,,5 days ago,2026-07-30,,"Dear Valued Guest,
We sincerely thank you for your 5-star rating of our facility. Your expression of satisfaction in this way is a great source of happiness and motivation for us.
Our top priority is to provide you with a pleasant and trouble-free holiday experience. Your valuable feedback empowers us to maintain and further improve our service quality.
We look forward to welcoming you again soon and hope to provide you with the same satisfaction on your next holiday.
Sincerely,
Crystal Hotels CRM",,Ci9DQUlRQUNvZENodHljRjlvT2tsSldXMDViMUk1UTJ0UWVIZGtRWGRyWTFoRFpWRRAB
Orkhan Alizadeh,5.0,,5 days ago,2026-07-30,,"Dear Valued Guest,
We sincerely thank you for your 5-star rating of our facility. Your expression of satisfaction in this way is a great source of happiness and motivation for us.
Our top priority is to provide you with a pleasant and trouble-free holiday experience. Your valuable feedback empowers us to maintain and further improve our service quality.
We look forward to welcoming you again soon and hope to provide you with the same satisfaction on your next holiday.
Sincerely,
Crystal Hotels CRM",,Ci9DQUlRQUNvZENodHljRjlvT21OUGFsbEdObmxxWVUxWGQxbENaRFZyV21OSGEzYxAB
adem ertuğrul yağcı,5.0,,5 days ago,2026-07-30,,"Dear Valued Guest,
We sincerely thank you for your 5-star rating of our facility. Your expression of satisfaction in this way is a great source of happiness and motivation for us.
Our top priority is to provide you with a pleasant and trouble-free holiday experience. Your valuable feedback empowers us to maintain and further improve our service quality.
We look forward to welcoming you again soon and hope to provide you with the same satisfaction on your next holiday.
Sincerely,
Crystal Hotels CRM",1 review,Ci9DQUlRQUNvZENodHljRjlvT2xaVmRHY3piazVWVkRGVVdYaGlXR2R5U25KUWMzYxAB
Fatma Seyyar,5.0,,5 days ago,2026-07-30,,"Dear Valued Guest,
We sincerely thank you for your 5-star rating of our facility. Your expression of satisfaction in this way is a great source of happiness and motivation for us.
Our top priority is to provide you with a pleasant and trouble-free holiday experience. Your valuable feedback empowers us to maintain and further improve our service quality.
We look forward to welcoming you again soon and hope to provide you with the same satisfaction on your next holiday.
Sincerely,
Crystal Hotels CRM",3 reviews,Ci9DQUlRQUNvZENodHljRjlvT2xoNE5taFRUVjluV0dwcFNYaHBTWEZ0Wkc1bVZHYxAB
Arifa Kadjieva,5.0,"We're currently staying at this hotel.
It's a lot of fun, the food is varied and delicious.
The entertainment is fantastic! Everything is really cool. ☺️",5 days ago,2026-07-30,,,1 review,Ci9DQUlRQUNvZENodHljRjlvT25sUmMzSm1URGhFYkhwQkxYcEJlazlqTW5GUFlXYxAB
Rail Sefer,5.0,👍🏻👍🏻👍🏻,5 days ago,2026-07-30,,,1 review,Ci9DQUlRQUNvZENodHljRjlvT2tKVlIxWm1ORjl5VFVSWFpYQTJOalpuVEZrMU1uYxAB
Maulana Dhiyo,5.0,Good hotel,5 days ago,2026-07-30,,,6 reviews · 3 photos,Ci9DQUlRQUNvZENodHljRjlvT21oUk9HUTFjM1U0UmtKMlNWcDRWVVZtTjBWNU0wRRAB
Choirul Umar,5.0,,5 days ago,2026-07-30,,"Dear Valued Guest,
We sincerely thank you for your 5-star rating and for taking the time to share your positive feedback. Your satisfaction is a great source of happiness and motivation for us.
Providing you with a pleasant and seamless holiday experience is always our top priority. Your valuable feedback encourages us to maintain and continuously improve the quality of our services.
We would be delighted to welcome you again in the near future and hope to provide you with the same level of satisfaction during your next stay.
Kind regards,
Crystal Hotels CRM.",,Ci9DQUlRQUNvZENodHljRjlvT2pOVFJGRXlWbDl0ZEdkSmMwcG5ORUZyUTBGdmEyYxAB
İpek Baydilek,5.0,The hotel rooms were very clean. The service was fast. The facilities were very good.,5 days ago,2026-07-30,,"Dear Valued Guest,
We sincerely thank you for your 5-star rating of our facility. Your expression of satisfaction in this way is a great source of happiness and motivation for us.
Our top priority is to provide you with a pleasant and trouble-free holiday experience. Your valuable feedback empowers us to maintain and further improve our service quality.
We look forward to welcoming you again soon and hope to provide you with the same satisfaction on your next holiday.
Sincerely,
Crystal Hotels CRM",2 reviews · 3 photos,Ci9DQUlRQUNvZENodHljRjlvT21kak5URlJRbGRqUzBGeFZDMWpRME5HZVhwUVRFRRAB
Burak Ateş,5.0,Our family was very satisfied with all the services at the facility. We plan to come back next year.,Edited 5 days ago,2026-07-30,,"Dear Valued Guest,
We sincerely thank you for your 5-star rating of our facility. Your expression of satisfaction in this way is a great source of happiness and motivation for us.
Our top priority is to provide you with a pleasant and trouble-free holiday experience. Your valuable feedback empowers us to maintain and further improve our service quality.
We look forward to welcoming you again soon and hope to provide you with the same satisfaction on your next holiday.
Sincerely,
Crystal Hotels CRM",1 review,ChZDSUhNMG9nS0VJQ0FnSUN3al9qZkhnEAE
Bremın Leydi,5.0,"I was very pleased with everything, highly recommended.",5 days ago,2026-07-30,,"Dear Valued Guest,
We sincerely thank you for your 5-star rating of our facility. Your expression of satisfaction in this way is a great source of happiness and motivation for us.
Our top priority is to provide you with a pleasant and trouble-free holiday experience. Your valuable feedback empowers us to maintain and further improve our service quality.
We look forward to welcoming you again soon and hope to provide you with the same satisfaction on your next holiday.
Sincerely,
Crystal Hotels CRM",1 review,Ci9DQUlRQUNvZENodHljRjlvT21neFdqUktSVjloYW5kck5WbHVTMU5uYjFkT1ptYxAB
Murat Aydın,3.0,"I had the opportunity to review your hotel with my family this July (2026), we stayed for 5 days. I observed some shortcomings, the most important of which was the first: the grilled meats were very weak; there were no grilled red meats like Adana kebab, sirloin steak, or chops. There were some meatballs, chicken, and fish, but no red meat... This is a big negative. The sushi table, corner, or area (whatever you want to call it) wasn't there near the open buffet; you have to go to the à la carte section, and even then, one family member might eat it while another doesn't, and you have to wait to go to another open buffet, which is a waste of time. Also, there were no fans in the seating areas between the evening show area and the live music area; the heat made it impossible to enjoy the music or even take a shower (in the areas I've pictured). You have to escape to the air-conditioned areas inside the hotel, and then the entertainment, shows, parties, music, and concerts are left outside. Also, Özgün was performing on stage in the concert area, and I ordered three Turkish coffees from the bar there. I saw a young man with curly hair pouring coffee into dirty cups, and I intervened, saying the cups were dirty. He said he just got them from the dishwasher, and I thought, ""So what?"" I said that the cup hadn't been washed yet or the machine hadn't cleaned properly, and that he was pouring coffee into a dirty cup right before our eyes. He started apologizing, saying he thought it was clean, but if I hadn't seen it, he would have served it to us. In the rooms, when you want to shower, the water doesn't have any pressure; excuse me, but it flows like urine. You can't even take a proper shower; a 5-minute shower takes half the time, it's always a waste of time. It's supposed to be a 5-star hotel. Apart from these, everything was normal... These were the things we experienced and observed in 5 days. I hope the problems will be resolved.",5 days ago,2026-07-30,,,Local Guide · 67 reviews · 11 photos,Ci9DQUlRQUNvZENodHljRjlvT2poQ2VFOVZOalZxVTFGMGFWY3pRMnA0TlVaNk4yYxAB
Maps06793898526,5.0,We stayed at Crystal Waterworld Aqua Antalya for the first time last summer with a group of adults. The hotel grounds are spacious and well-maintained. The beach is sandy and pebble. The water parks and pools are suitable for all ages. Our …,a week ago,2026-07-28,,,,ChdDSUhNMG9nS0VMRHA0NlNtOHZ2cV9nRRAB
797g_k_ea,2.0,"I will never return to this hotel. The food has been the same for three days, morning, noon, and night. If you're looking for something different, absolutely do not choose this place. The staff are grumpy. The girls working in the pastry …",a week ago,2026-07-28,,,,ChZDSUhNMG9nS0VPTGVuWlB3eXEtdk5REAE
Lottegws,4.0,"Good hotel, staff busy keeping everything tidy throughout the day, good activities with a fun entertainment team.",a week ago,2026-07-28,,,,ChdDSUhNMG9nS0VMQ1N4X3lyaHZIZXdnRRAB
plaveczb,4.0,"I had a nice experience here, all the staff were nice, they helped us at every moment, the foods could be better but it did not made the holiday worse.",a week ago,2026-07-28,,,,ChZDSUhNMG9nS0VQcTIyYVROMTRydVR3EAE
134sasp,1.0,Ultra resort without service,a week ago,2026-07-28,,,,ChdDSUhNMG9nS0VJeVltTXVoMXB6NnFBRRAB
143ersint,3.0,"Hello, first of all, after arriving at the hotel and having our luggage taken to the lobby, I asked where to park the car and was told to just park it somewhere outside. I spent half an hour looking for a place to park my car in an …",a week ago,2026-07-28,,,,ChdDSUhNMG9nS0VQU2J2YV9Kb2F6bXNRRRAB
694bernas,5.0,We had a wonderful holiday. Everything at the hotel was perfect. It has a very rich cuisine in terms of food and drinks. The staff were very attentive. The à la carte restaurants are free and very good. I really liked the courtyard …,a week ago,2026-07-28,,,,ChdDSUhNMG9nS0VKUDN6YVdwdk8yZHVRRRAB
R2954XZal_p,5.0,"Overall, we had a very good holiday. We were very pleased with the pool, the aqua park, the food, and the à la carte restaurants. My wife and I particularly enjoyed the Courtyard Restaurant, which serves Anatolian and Ottoman cuisine, and …",a week ago,2026-07-28,,,,ChdDSUhNMG9nS0VNeVU2S2psMVpYaTJnRRAB
308mariamk,2.0,"The pool area was great. Otherwise, the restaurant was like a school cafeteria and also had a smell that I can't put my finger on. The food was tasteless and the volume in the dining room was not pleasant. The juice from the machines tasted …",a week ago,2026-07-28,,,,ChdDSUhNMG9nS0VJN0tzWm1VaHBDajdnRRAB
zulfikar3,3.0,"This hotel is a family-friendly hotel with children. Unfortunately, the quality of food, drinks, and service is not on par with other Crystal hotels. I think they can't provide the same quality because it's so large.",a week ago,2026-07-28,,,,ChdDSUhNMG9nS0VNR3p4YXJtdTdiMXJBRRAB
200_mera,5.0,We had a dreamlike vacation at Crystal Waterworld Aqua Collection. The hotel's aquapark was simply amazing; they created a fantastic area full of fun for both children and adults. The food also surprised us greatly. We loved the à la carte …,2 weeks ago,2026-07-21,,,,ChZDSUhNMG9nS0VPMngwcXk4NGI3VGN3EAE
331minniet,5.0,We really enjoyed the water park. The hotel had a wide variety of food options. The animation and evening shows were also great. We were very pleased.,2 weeks ago,2026-07-21,,,,ChZDSUhNMG9nS0VPYTh2TExQOS1uNUVREAE
403alpers,1.0,The perfect place to waste your money is in squalor.,2 weeks ago,2026-07-21,,,,ChdDSUhNMG9nS0VJMkhfNkdkcDk2T3ZBRRAB
ilteriskaanb,1.0,"The hotel's food, drinks, and staff are almost appalling. They've turned the vast facility into a hellhole under the pretext of saving money. The food was a nightmare, with the same selection as the previous day. The bars are a complete …",2 weeks ago,2026-07-21,,,,ChdDSUhNMG9nS0VOZmRwZDZsLXJIR2hRRRAB
serkanbI8265JW,4.0,The hotel has a staff shortage. There are only 1 or 2 people in the busiest areas. You have to wait at least 10-15 minutes to get a drink. | Daily room preparation is very problematic; they either leave something out or don't do it at all …,2 weeks ago,2026-07-21,,,,ChZDSUhNMG9nS0VMTEVvSTZkbWFXV1p3EAE
Z1972IBkamilak,5.0,"Everything was perfect. The staff is very helpfull, they help to take care with children. Very kind.",2 weeks ago,2026-07-21,,,,ChZDSUhNMG9nS0VOdkF1N2VJdzZ1ZFhREAE
59ksenijac,4.0,Everything's not bad. But the room isn't cleaned well. The entertainers and the program are good.,2 weeks ago,2026-07-21,,,,ChZDSUhNMG9nS0VKYTNoN3pDMVlhaFpnEAE
Famillebeth,5.0,"Great hotel, everything is available, especially for children.",2 weeks ago,2026-07-21,,,,ChdDSUhNMG9nS0VMSG5sNnZSMDRMYnZ3RRAB
639aivarsp,5.0,"Excellent entertainment, delicious food and drinks",2 weeks ago,2026-07-21,,,,ChZDSUhNMG9nS0VNZmozNGppdU1IMVBnEAE
_H489UU,3.0,"We stayed at this hotel with our whole family. It has a great family concept: there's a mini-club for children, several swimming pools, and a large water park with plenty of slides. Everything is conveniently located and well-thought-out, …",2 weeks ago,2026-07-21,,,,ChZDSUhNMG9nS0VLN0pzNDN2bGUtdVp3EAE
oguz barut,1.0,"Our expectations were high because it's a 5-star hotel and we paid a considerable price. We had previously stayed at a different branch of the same hotel group and were very satisfied. However, this place was a complete disappointment.

From the very first day, there was a strong and unpleasant smell in the main restaurant. Eating in such an environment was truly impossible. Besides that, there were long queues everywhere you wanted to get drinks. A significant portion of our first day was spent waiting in line.

Paying such a high price and having to constantly wait in line and eat under these conditions instead of receiving service is unacceptable. Unfortunately, we don't think we got our money's worth. I'm writing this review so that those considering choosing this hotel can manage their expectations properly. I hope the hotel management takes these issues seriously and makes the necessary improvements. By the way, I'm not exaggerating, the sea and the children's pool are about 500 meters apart; you have virtually no chance of walking there twice a day.",2 weeks ago,2026-07-21,,"Dear Guest,

First of all, thank you for choosing our hotel and sharing your experience with us.

We sincerely apologize that your stay did not meet your expectations. We are also saddened that we were unable to provide a similar experience at Crystal Waterworld Aqua Collection, following your previous positive experience at another hotel in our group.

Your feedback regarding the odor you mentioned in the main restaurant and the waiting times at the beverage service points are being seriously considered by us. Especially during peak seasons, our operations are constantly reviewed to ensure the best service for all our guests, and this type of feedback is shared with our relevant department managers. Due to the architectural structure of our facility, there is a walking distance between the beach and some service areas, and this is also reflected in our hotel descriptions and images before booking. However, we respect your opinion on this matter and carefully note your suggestions to ensure our guests have a more comfortable stay within the facility.

Our goal is for our guests to enjoy our services and not spend their time waiting during their vacation. Therefore, all the feedback you have shared is of great importance to us in our efforts to improve the quality of our services.
Thank you again for your valuable feedback, and we hope to provide you with an even more positive experience if we have the opportunity to welcome you again in the future.

Sincerely,
Crystal Hotels CRM",1 review,Ci9DQUlRQUNvZENodHljRjlvT2pSeWQwTkNTa1JLYjFJMExYTkdjVGxaUVY5eWRuYxAB
Denise Bakker,5.0,"We stayed at this hotel for 11 days with our family (2 adults, 1 child, and 1 baby). We had an incredibly wonderful vacation! The rooms were fine; we had a family room. The bed was a bit too hard for my liking, but otherwise perfectly fine. The entertainment was clearly visible and audible from the balcony (room next to the pool), but it stopped on time so it didn't disturb our sleep. The food was fine, as you would expect from a buffet restaurant. We did not try the à la carte restaurants. The pool is huge, the slides are fantastic (do keep in mind that very young children are not allowed on all the slides), and the private (pebble) beach is also very nice. The staff is exceptionally friendly and really does everything to make your stay enjoyable. There is plenty of food and drink; you really won't want for anything.

2 downsides: it is a busy resort, so unfortunately, you do need to reserve a spot by the pool with a towel for breakfast. And it is a popular resort for Russians….",2 weeks ago,2026-07-21,,"Dear Guest,

Thank you very much for taking the time to share your detailed and positive experience with us.
It is wonderful to hear that you and your family had a lovely holiday at Crystal Waterworld Aqua Collection. We are pleased that the family room, the pools, the slides, the private beach, and especially the friendliness of our staff contributed to a successful stay. Your kind words regarding the dedication of our team are a great motivation for all our colleagues.

We also appreciate your honest comments regarding the crowds at the pool. During busy periods, there is a lot of interest in the sunbeds, and we continue to work on solutions to further improve the comfort of all our guests.

Crystal Waterworld Aqua Collection welcomes guests from many different countries and nationalities. It is precisely this international atmosphere that makes our resort special, and we strive to ensure that every guest feels welcome and can enjoy a relaxing holiday.
Once again, thank you very much for your wonderful review. We hope to welcome you and your family back in the future for a holiday that is just as wonderful.

Kind regards,
Crystal Hotels CRM",7 reviews · 1 photo,Ci9DQUlRQUNvZENodHljRjlvT2pSWk0wRTVOVTFHWjJaVlNIQTRhbEZVTVZaVk1HYxAB
j0ny,2.0,"You'll get the worst service here for the price. I'd especially like to mention Mustafa, the employee at the lobby bar. You'd be hard-pressed to find someone so arrogant. He literally kicked us out of the bar simply because we ordered ""too many"" cocktails, even though there were 10 of us and we only ordered one cocktail per person. His problem was that we supposedly kept ordering drink after drink and wasting their ""precious"" time. What right did he have to kick us out? It was absolutely appalling, he didn't even apologize. After that, all the positives of this hotel simply vanished, and we'll never come back, and we'll discourage anyone from choosing it either.",2 weeks ago,2026-07-21,,"Dear Guest,

Thank you for taking the time to share your feedback. We are truly sorry to learn that your experience at our lobby bar did not meet your expectations.

Please accept our sincere apologies for the impression you received. Providing courteous, respectful, and professional service to every guest is one of our highest priorities, and the behavior you described does not reflect the standards we expect from our team.

We take comments regarding our staff very seriously. Your feedback has been shared with the relevant department management, and the matter will be thoroughly reviewed to better understand what occurred. While our team may occasionally need to apply service procedures to ensure smooth operation for all guests, this should always be communicated politely and respectfully.
It is disappointing to hear that this experience overshadowed the positive aspects of your stay. We sincerely regret that we were unable to leave you with the pleasant memories we strive to create for every guest.
We appreciate your feedback, as it helps us improve our service, and we hope you may consider giving us another opportunity in the future to provide you with the hospitality experience you rightfully expect from Crystal Waterworld Aqua Collection.

Kind regards,Crystal Hotels CRM",1 review,Ci9DQUlRQUNvZENodHljRjlvT2tKaE5qbHpSVE5JYTNCR2VrOXlNa1pRUlhZd1RHYxAB
Sam Sam,5.0,"Every thing in the hotel was perfect and is so suitable for family group, but I like it so much even that we’re a couple and doesn’t have any children!
Also I’m so glad that MS. Nasim works in this hotel ❤️",2 weeks ago,2026-07-21,,"Dear Guest,

Thank you very much for your wonderful review and for sharing your experience with us.

We are delighted to know that you had a perfect stay and that you enjoyed our hotel so much. Although Crystal Waterworld Aqua Collection is a popular destination for families, it is especially rewarding to hear that you and your partner also had such a relaxing and enjoyable holiday.

Your kind words about our facilities and services mean a great deal to us. We are especially grateful for your recognition of Ms. Nasim. She is a valued member of our team, and we will be delighted to share your lovely compliments with her. We are sure your appreciation will make her very happy.

Thank you once again for choosing Crystal Waterworld Aqua Collection. We look forward to welcoming you back for another unforgettable stay in the near future.

Warm regards,
Crystal Hotels CRM",6 reviews,Ci9DQUlRQUNvZENodHljRjlvT2twNFlVdFhMVU5JVWkweFdETmZlVTkxTUZGTGJsRRAB
Mohsen Falahati,5.0,"It was perfect every thing
And thank Nasim
Shi was wonderful
Thanks Cristal water word 🙏🙏💐",2 weeks ago,2026-07-21,,"Dear Valued Guest,
We sincerely thank you for your 5-star rating and for taking the time to share your positive feedback. Your satisfaction is a great source of happiness and motivation for us.
Providing you with a pleasant and seamless holiday experience is always our top priority. Your valuable feedback encourages us to maintain and continuously improve the quality of our services.
We would be delighted to welcome you again in the near future and hope to provide you with the same level of satisfaction during your next stay.
Kind regards,
Crystal Hotels CRM.",1 review,Ci9DQUlRQUNvZENodHljRjlvT2xCck5XMXJNbXhXWlRkR1RVaENaVGR3Ym00dGRIYxAB
hikmet “Hikmet_hikmet” Hikmet,5.0,"This is a great value-for-money review; I've corrected some minor word errors and punctuation mistakes that occurred during the voice-to-speech process. Here's the new, fluent and easily readable version where you can share your opinions:
🏨 Our Hotel Experience and Recommendations (Score: 10 / 9.5)
We are currently at the hotel and wanted to share our family's impressions to give those considering coming an idea. As a family who has stayed in good hotels before, we were very satisfied here. It's a perfect value-for-money hotel.
🌊 Sea and Beach Conditions
Sea Structure: The sea is a bit wavy and gets deep just a few meters from the shore. It may not be very suitable for those who cannot swim. I didn't go in because I don't know how to swim and the sea was wavy, but my wife, who can swim, loved the sea and enjoyed it.
Beach: The beach is a mix of pebbles and sand. I recommend bringing water shoes with you. 🏊 Pools and Aquapark
Pools: The hotel has two quite large pools. Despite it being the high season, there are so many activity options at the hotel that the crowds don't affect the pools; you can swim quite comfortably.
Aquapark: The slides are very exciting and fun. We only didn't ride the ""Cobra"" model, but the others were fantastic. My 5-year-old daughter and I were able to ride the first two large slides very safely and enjoyably thanks to single or double boats.
🍽️ Food & Beverage and Service Quality
Food Situation: Breakfast, lunch, and dinner are quite good. The best part is that there are no long and frustrating food lines here; in fact, I can say you don't wait in line at all. There's plenty of everything.
Menu: Red meat and fish are served daily. The chicken (especially the wings) and breakfast items are quite high quality. If you don't expect a luxurious gourmet restaurant by the sea, you will be more than satisfied with the food. Daily Refreshments: Chicken, french fries, and pizza are constantly served on the beach. Inside, ice cream and drinks are available at various points throughout the day; in short, you can eat and drink to your heart's content all day long.
Staff: Kudos to the young staff, they all work tirelessly like bees and are very diligent.
🎯 Overall Assessment
The hotel is a perfect family hotel. The guest profile generally consists of mothers, fathers, and children. There is a quiet, peaceful environment. We were very satisfied as a family; the money we paid was well worth it. We definitely recommend it to those who want to come.",Edited 2 weeks ago,2026-07-21,,"Dear Valued Guest,
We sincerely thank you for your 5-star rating of our facility. Your expression of satisfaction in this way is a great source of happiness and motivation for us.
Our top priority is to provide you with a pleasant and trouble-free holiday experience. Your valuable feedback empowers us to maintain and further improve our service quality.
We look forward to welcoming you again soon and hope to provide you with the same satisfaction on your next holiday.
Sincerely,
Crystal Hotels CRM",Local Guide · 23 reviews · 16 photos,Ci9DQUlRQUNvZENodHljRjlvT2poVGNqSjBaalJ2YkdaTllrMUpMVEExY0RZM1FuYxAB
Slavina Maleva,5.0,Very nice ☺️,2 weeks ago,2026-07-21,,"Dear Valued Guest,
We sincerely thank you for your 5-star rating and for taking the time to share your positive feedback. Your satisfaction is a great source of happiness and motivation for us.
Providing you with a pleasant and seamless holiday experience is always our top priority. Your valuable feedback encourages us to maintain and continuously improve the quality of our services.
We would be delighted to welcome you again in the near future and hope to provide you with the same level of satisfaction during your next stay.
Kind regards,
Crystal Hotels CRM.",2 reviews,Ci9DQUlRQUNvZENodHljRjlvT21kYVpVNVRXRWxrZVRGeVlXeEJaRmxVZURrMWEyYxAB
Aaa Kkk,1.0,"I will write down our experience in bullet points:
1) The rooms are not clean and there aren't even slippers. We went to the pool and the sea with our own slippers, so we walked barefoot and our feet got disgusting.
2) The main restaurant is a complete fiasco. The food is cold. The distance between the buffet area and the tables is very long, it's impossible to find a place to sit. Food that runs out is not replenished.
A- Getting a drink while eating is a nightmare. There are huge, thick mugs with handles at breakfast.
B- Insufficient staff. You have to ask for forks and spoons with sign language from foreign staff who don't speak a single word of Turkish. C- There are dirty plates and forks.
3) Be prepared to go back and forth between bars. A- The quality of the alcohol is poor. There were brands I've never seen in my life.
B- We couldn't find a bottle of mineral water to drink. I asked for a mojito at the terrace bar next to the lobby, and the staff said they didn't have mineral water there. Instead of offering a solution, they said it was available at the lobby bar, and I had to go and get it myself, you can imagine. C) I understand using plastic cups for safety reasons at the beach and pool, but the drinks at the bar in the pastry section are served in plastic cups. 4) Finding a table in the main restaurant was a real ordeal. Despite this, my wife and son found an empty table and put plates on it. My son went to get something else, and a staff member told my wife that the table was reserved for the head chef's guest. My son then found us in the restaurant and took us to that table. When we got to the table, they said it was reserved, but what kind of reservation is needed at a buffet? We experienced unnecessary chaos there. The staff's attitude and behavior were absolutely ridiculous. In the end, we turned to their colleague and asked if they could take their friend away, you can imagine. 5) We asked the reception for something, and their polite mannerisms and facial expressions were unacceptable.

In short, for a two-night stay with my wife and two children aged 17 and 8, we paid 50,000 TL and were treated disgracefully.",2 weeks ago,2026-07-21,,"Dear Guest,

First of all, thank you for choosing our hotel and for sharing your experiences with us after your stay.

We would like to express our regret that we were unable to meet your expectations due to the negative experiences you had. All feedback you have shared has been carefully reviewed by us and will be shared with our relevant department managers for evaluation.

We are saddened by your dissatisfaction regarding room cleaning and equipment. As per our hotel concept, slippers are provided as standard in certain room categories and can be provided upon request to guests who need them. However, the flawless application of our cleaning standards for every guest is our top priority.

Regarding our main restaurant; we have noted your criticisms regarding food temperature, service times, occupancy, seating arrangements, replenishment of missing items, cleanliness of service equipment, and staff communication with great care. In particular, the communication problems and attitudes of our staff that do not reflect our service philosophy are absolutely unacceptable. These issues will be evaluated in detail by our relevant department managers.
Thank you also for your feedback regarding our beverage service points and bars. Our hotel features many local and international brands within our concept, and due to operational reasons, some products may not be available at every bar. However, offering alternatives and a solution-oriented approach to our guests is an important part of our service philosophy. We would like to express our regret for the negative experience you had in this regard.

Regarding the table issue you mentioned in the main restaurant, this is absolutely unacceptable and does not reflect well on our guests' holiday memories. In our buffet restaurants, our general practice is for guests to freely use available tables. We sincerely apologize for the communication problem you experienced and the discomfort you felt during this process. The matter will be evaluated by our management team, and the necessary feedback will be provided. Furthermore, your feedback regarding the approach of our reception team is extremely important to us. We expect all our employees to greet our guests with a smile, respect, and a solution-oriented approach. The experience you described does not reflect our service standards, and the necessary feedback will be provided to the relevant department. Your constructive criticism serves as an important guide for us to improve our service quality. Thank you for your feedback, and we hope to provide you with an even more positive experience if we have the opportunity to welcome you again in the future.

Sincerely,
Crystal Hotels CRM",8 reviews · 1 photo,Ci9DQUlRQUNvZENodHljRjlvT21aTmRtMVdkbXMwUkdGRVVEaFpjMTl1VlVzMmRVRRAB
Péter Kollár,5.0,Great hotel. Child-friendly and adults also have a great time here. I can only recommend it.,2 weeks ago,2026-07-21,,"Dear Guest,

Thank you very much for sharing your kind review with us.

We are very pleased that you found our hotel an excellent choice and that both children and adults had a great time with us. We especially thank you for your recommendation, it is the greatest recognition for us.

We hope to welcome you and your family back to Crystal Waterworld Aqua Collection soon.

Best regards,
Crystal Hotels CRM",Local Guide · 23 reviews · 13 photos,Ci9DQUlRQUNvZENodHljRjlvT2xkamJsbEhjRlIyVW5wTlVuWTFZVkZFYURoRlduYxAB
Tony Banelly,5.0,Everything is ok,2 weeks ago,2026-07-21,,"Dear Valued Guest,
We sincerely thank you for your 5-star rating and for taking the time to share your positive feedback. Your satisfaction is a great source of happiness and motivation for us.
Providing you with a pleasant and seamless holiday experience is always our top priority. Your valuable feedback encourages us to maintain and continuously improve the quality of our services.
We would be delighted to welcome you again in the near future and hope to provide you with the same level of satisfaction during your next stay.
Kind regards,
Crystal Hotels CRM.",1 review,Ci9DQUlRQUNvZENodHljRjlvT25sb1Uxa3pWMjVGU210ZmFGQklUWGRWVTA1RVkyYxAB
Tuğba Sökmen,5.0,"Everything was great, I recommend it",2 weeks ago,2026-07-21,,"Dear Valued Guest,
We sincerely thank you for your 5-star rating of our facility. Your expression of satisfaction in this way is a great source of happiness and motivation for us.
Our top priority is to provide you with a pleasant and trouble-free holiday experience. Your valuable feedback empowers us to maintain and further improve our service quality.
We look forward to welcoming you again soon and hope to provide you with the same satisfaction on your next holiday.
Sincerely,
Crystal Hotels CRM",2 reviews,Ci9DQUlRQUNvZENodHljRjlvT2tWQmRuSnNUa05QVlVRdGNIWmhiMlZIYTJ4TmVXYxAB
Tugrul Gundogdu,5.0,"The hotel was very large, it had a kids club, and I think the aqua park was very big and nice. The hotel was very nice.",2 weeks ago,2026-07-21,,"Dear Valued Guest,
We sincerely thank you for your 5-star rating of our facility. Your expression of satisfaction in this way is a great source of happiness and motivation for us.
Our top priority is to provide you with a pleasant and trouble-free holiday experience. Your valuable feedback empowers us to maintain and further improve our service quality.
We look forward to welcoming you again soon and hope to provide you with the same satisfaction on your next holiday.
Sincerely,
Crystal Hotels CRM",1 review,Ci9DQUlRQUNvZENodHljRjlvT2pSM01YVmhSVUpuT0hSelZYSXpUM05wZWtacWMyYxAB
Sema Öztürk,5.0,"We had a wonderful holiday with my family. The staff were very kind and attentive. The hotel had a peaceful atmosphere, and the food was varied and delicious. Thank you for everything.",2 weeks ago,2026-07-21,,"Dear Valued Guest,
We sincerely thank you for your 5-star rating of our facility. Your expression of satisfaction in this way is a great source of happiness and motivation for us.
Our top priority is to provide you with a pleasant and trouble-free holiday experience. Your valuable feedback empowers us to maintain and further improve our service quality.
We look forward to welcoming you again soon and hope to provide you with the same satisfaction on your next holiday.
Sincerely,
Crystal Hotels CRM",2 reviews,Ci9DQUlRQUNvZENodHljRjlvT25Kc2JWbHZjR2wwU2pSaGVDMUtZMWRJUXpWSk0yYxAB
Jennifer Paterson,5.0,"Room cleaning not great but, fantastic hotel",2 weeks ago,2026-07-21,,"Dear Valued Guest,
We sincerely thank you for your 5-star rating and for taking the time to share your positive feedback. Your satisfaction is a great source of happiness and motivation for us.
Providing you with a pleasant and seamless holiday experience is always our top priority. Your valuable feedback encourages us to maintain and continuously improve the quality of our services.
We would be delighted to welcome you again in the near future and hope to provide you with the same level of satisfaction during your next stay.
Kind regards,
Crystal Hotels CRM.",3 reviews,Ci9DQUlRQUNvZENodHljRjlvT25sTGJ6WnplaTFDVjNSbVpESktXV1prYXpaaE9XYxAB
Doruk Yalıncak,5.0,"A superb hotel, fantastic food, friendly staff, thank you Crystal family!",2 weeks ago,2026-07-21,,"Dear Valued Guest,
We sincerely thank you for your 5-star rating of our facility. Your expression of satisfaction in this way is a great source of happiness and motivation for us.
Our top priority is to provide you with a pleasant and trouble-free holiday experience. Your valuable feedback empowers us to maintain and further improve our service quality.
We look forward to welcoming you again soon and hope to provide you with the same satisfaction on your next holiday.
Sincerely,
Crystal Hotels CRM",2 reviews,Ci9DQUlRQUNvZENodHljRjlvT2pKRVZYVXljMDl6Y25SVE1HRm9jbFZtVVZCU05VRRAB
Mehmet Yalincak,5.0,"We loved the hotel, everything was wonderful, the food was fantastic.",2 weeks ago,2026-07-21,,"Dear Valued Guest,
We sincerely thank you for your 5-star rating of our facility. Your expression of satisfaction in this way is a great source of happiness and motivation for us.
Our top priority is to provide you with a pleasant and trouble-free holiday experience. Your valuable feedback empowers us to maintain and further improve our service quality.
We look forward to welcoming you again soon and hope to provide you with the same satisfaction on your next holiday.
Sincerely,
Crystal Hotels CRM",2 reviews,Ci9DQUlRQUNvZENodHljRjlvT2pOUWVrSlBSMnRpTFd0a2FVMU9XV0ZhTTE5Qk5rRRAB
Samir Ahadov,5.0,"Everything was wonderful, especially the staff were lovely. My child loved the Crispy Kids Club, thank you for everything, Crystal!",2 weeks ago,2026-07-21,,"Dear Valued Guest,
We sincerely thank you for your 5-star rating of our facility. Your expression of satisfaction in this way is a great source of happiness and motivation for us.
Our top priority is to provide you with a pleasant and trouble-free holiday experience. Your valuable feedback empowers us to maintain and further improve our service quality.
We look forward to welcoming you again soon and hope to provide you with the same satisfaction on your next holiday.
Sincerely,
Crystal Hotels CRM",2 reviews,Ci9DQUlRQUNvZENodHljRjlvT21SeFJEWldZbGhIWjNSbk5XeGhTMlphWVVOTU1IYxAB
Bauka Ospanov,5.0,"Cool gaming software, we liked it)",2 weeks ago,2026-07-21,,"Dear Guest,
Thank you for your high rating of our hotel and for awarding us 5 stars. We are delighted that you have expressed your satisfaction in this way – it is a great joy and motivation for us.
Our top priority is always to ensure you have a pleasant and carefree stay. Your valuable feedback inspires us to maintain and continually improve the quality of our services.
We look forward to welcoming you back to our hotel in the near future and hope to once again meet your expectations on your next vacation.
Sincerely,
CRM Team
Crystal Hotels CRM",2 reviews,Ci9DQUlRQUNvZENodHljRjlvT2tsMGFGQmFOV3M1Y21WbFRVUmtlblZMY25OWldGRRAB
Ahmet Şavluk,5.0,"The food is delicious and the drinks are fantastic. Everything is thought of for the children. The soft play area is open from 10:00 AM to 11:00 PM, which is great. I would like to thank Emel Hanım; the other staff members are also very friendly. The evening activities are wonderful.",2 weeks ago,2026-07-21,,"Dear Valued Guest,
We sincerely thank you for your 5-star rating of our facility. Your expression of satisfaction in this way is a great source of happiness and motivation for us.
Our top priority is to provide you with a pleasant and trouble-free holiday experience. Your valuable feedback empowers us to maintain and further improve our service quality.
We look forward to welcoming you again soon and hope to provide you with the same satisfaction on your next holiday.
Sincerely,
Crystal Hotels CRM",3 reviews,Ci9DQUlRQUNvZENodHljRjlvT21SUFptUXliVUpxU25kdFdIWk1SbWxmZUhjeVlXYxAB
janina hogenhout,5.0,,2 weeks ago,2026-07-21,,"Dear Valued Guest,
We sincerely thank you for your 5-star rating and for taking the time to share your positive feedback. Your satisfaction is a great source of happiness and motivation for us.
Providing you with a pleasant and seamless holiday experience is always our top priority. Your valuable feedback encourages us to maintain and continuously improve the quality of our services.
We would be delighted to welcome you again in the near future and hope to provide you with the same level of satisfaction during your next stay.
Kind regards,
Crystal Hotels CRM.",,Ci9DQUlRQUNvZENodHljRjlvT25wNllWWlhiWFJWTUVrM00xRnNjMnRhVjFsRWFVRRAB
Nesim Savluk,5.0,Thank you so much for everything. Everything was wonderful.,2 weeks ago,2026-07-21,,"Dear Valued Guest,
We sincerely thank you for your 5-star rating of our facility. Your expression of satisfaction in this way is a great source of happiness and motivation for us.
Our top priority is to provide you with a pleasant and trouble-free holiday experience. Your valuable feedback empowers us to maintain and further improve our service quality.
We look forward to welcoming you again soon and hope to provide you with the same satisfaction on your next holiday.
Sincerely,
Crystal Hotels CRM",1 review,Ci9DQUlRQUNvZENodHljRjlvT2xWV1YwdGZMVk0wYTFGNWFIUkhWRWhuYUVjelVWRRAB
kali G,5.0,The Soft Play play area is a great place for kids. The children's entertainers are always smiling. The restaurant is excellent.,2 weeks ago,2026-07-21,,"Dear Guest,
Thank you for your high rating of our hotel and for awarding us 5 stars. We are delighted that you have expressed your satisfaction in this way – it is a great joy and motivation for us.
Our top priority is always to ensure you have a pleasant and carefree stay. Your valuable feedback inspires us to maintain and continually improve the quality of our services.
We look forward to welcoming you back to our hotel in the near future and hope to once again meet your expectations on your next vacation.
Sincerely,
CRM Team
Crystal Hotels CRM",1 review · 1 photo,Ci9DQUlRQUNvZENodHljRjlvT2tKRk5YRlVSM0ozUmtWV1VYSldTazB4WlRKelRrRRAB
Aycin Özgöç,5.0,"We were very pleased with the soft play area for children; the staff were very attentive and friendly, and the children had a great time.",2 weeks ago,2026-07-21,,"Dear Valued Guest,
We sincerely thank you for your 5-star rating of our facility. Your expression of satisfaction in this way is a great source of happiness and motivation for us.
Our top priority is to provide you with a pleasant and trouble-free holiday experience. Your valuable feedback empowers us to maintain and further improve our service quality.
We look forward to welcoming you again soon and hope to provide you with the same satisfaction on your next holiday.
Sincerely,
Crystal Hotels CRM",1 review,Ci9DQUlRQUNvZENodHljRjlvT2xoNFYxOTJNR295UmpjMk9YcGxWek40WDBOTVVtYxAB
Sedat Kahvecigil,5.0,"The hotel is very large and has everything, especially Ms. Emel in the soft play area, she was very attentive to the children and helped us a lot during the day, we're so glad they were there.",2 weeks ago,2026-07-21,,"Dear Valued Guest,
We sincerely thank you for your 5-star rating of our facility. Your expression of satisfaction in this way is a great source of happiness and motivation for us.
Our top priority is to provide you with a pleasant and trouble-free holiday experience. Your valuable feedback empowers us to maintain and further improve our service quality.
We look forward to welcoming you again soon and hope to provide you with the same satisfaction on your next holiday.
Sincerely,
Crystal Hotels CRM",1 review,Ci9DQUlRQUNvZENodHljRjlvT2xZNGJGSTRabU0wY1Rsd2VtZ3pXbll6WWxGVmJYYxAB
Emrah Bostan,5.0,"You can leave your children in the soft play area with peace of mind. It's in an annex building, so it's not very well-known, but I highly recommend it.",2 weeks ago,2026-07-21,,"Dear Valued Guest,
We sincerely thank you for your 5-star rating of our facility. Your expression of satisfaction in this way is a great source of happiness and motivation for us.
Our top priority is to provide you with a pleasant and trouble-free holiday experience. Your valuable feedback empowers us to maintain and further improve our service quality.
We look forward to welcoming you again soon and hope to provide you with the same satisfaction on your next holiday.
Sincerely,
Crystal Hotels CRM",Local Guide · 19 reviews · 8 photos,Ci9DQUlRQUNvZENodHljRjlvT2xJeE1HUlVibnBEZEVaMlJVZFlaRnBLTlVSWWFIYxAB
Zafer Onan,5.0,"The animation team was legendary. We tried to go to every event they invited us to. Overall, we didn't experience any problems. Anyone thinking of coming can come with peace of mind. Although I came as a couple with my wife, there were many families with children as well. Darts was my favorite game.",2 weeks ago,2026-07-21,,"Dear Valued Guest,
We sincerely thank you for your 5-star rating of our facility. Your expression of satisfaction in this way is a great source of happiness and motivation for us.
Our top priority is to provide you with a pleasant and trouble-free holiday experience. Your valuable feedback empowers us to maintain and further improve our service quality.
We look forward to welcoming you again soon and hope to provide you with the same satisfaction on your next holiday.
Sincerely,
Crystal Hotels CRM",1 review,Ci9DQUlRQUNvZENodHljRjlvT2twd1lWSjVTRlpQVUZsNGVVRm1iV1JYWjBsdGJrRRAB
irfan temeltaşı,5.0,,2 weeks ago,2026-07-21,,"Dear Valued Guest,
We sincerely thank you for your 5-star rating of our facility. Your expression of satisfaction in this way is a great source of happiness and motivation for us.
Our top priority is to provide you with a pleasant and trouble-free holiday experience. Your valuable feedback empowers us to maintain and further improve our service quality.
We look forward to welcoming you again soon and hope to provide you with the same satisfaction on your next holiday.
Sincerely,
Crystal Hotels CRM",Local Guide · 32 reviews · 99 photos,Ci9DQUlRQUNvZENodHljRjlvT2pVeWJFNTVkamR6VlVjeWNYTk5jbWQwVWxwakxVRRAB
Mert Öztürk,5.0,"The hotel was very quiet and peaceful, there were great activities for entertainment, there were also festivals for children, the food was delicious, we were really impressed and we recommend it to everyone.",2 weeks ago,2026-07-21,,"Dear Valued Guest,
We sincerely thank you for your 5-star rating of our facility. Your expression of satisfaction in this way is a great source of happiness and motivation for us.
Our top priority is to provide you with a pleasant and trouble-free holiday experience. Your valuable feedback empowers us to maintain and further improve our service quality.
We look forward to welcoming you again soon and hope to provide you with the same satisfaction on your next holiday.
Sincerely,
Crystal Hotels CRM",5 reviews,Ci9DQUlRQUNvZENodHljRjlvT2pNNGRVTnlYMVZwWHpGSVVVZEVXak4zTTJWdVpVRRAB
Alp kaan Manavoğlu,5.0,"The hotel was very large and beautiful. There were different shows and activities every day. We had no problems with food, drinks, cleanliness, or security. I would recommend it to everyone. I should especially mention that it is a family hotel.",2 weeks ago,2026-07-21,,"Dear Valued Guest,
We sincerely thank you for your 5-star rating of our facility. Your expression of satisfaction in this way is a great source of happiness and motivation for us.
Our top priority is to provide you with a pleasant and trouble-free holiday experience. Your valuable feedback empowers us to maintain and further improve our service quality.
We look forward to welcoming you again soon and hope to provide you with the same satisfaction on your next holiday.
Sincerely,
Crystal Hotels CRM",5 reviews · 1 photo,Ci9DQUlRQUNvZENodHljRjlvT2pGTVdHUk1UM3B5VEVKZlVFSkRSekkzYjBaT2QzYxAB
Muhammed Ali ÇAKIR,5.0,"Overall, the hotel was clean, spacious, and suitable for families; there were plenty of water slides, and the food and drinks were unlimited and delicious. We especially enjoyed the animation team's shows, particularly the band performance. Our children had a lot of fun at the festival. Thank you to everyone involved.",2 weeks ago,2026-07-21,,"Dear Valued Guest,
We sincerely thank you for your 5-star rating of our facility. Your expression of satisfaction in this way is a great source of happiness and motivation for us.
Our top priority is to provide you with a pleasant and trouble-free holiday experience. Your valuable feedback empowers us to maintain and further improve our service quality.
We look forward to welcoming you again soon and hope to provide you with the same satisfaction on your next holiday.
Sincerely,
Crystal Hotels CRM",6 reviews,Ci9DQUlRQUNvZENodHljRjlvT2xWSGFHOW1RWGxzUkRkWmFWcExXRk5TVmtWMWNFRRAB
İlker Yüksel,5.0,"We were very pleased with the hotel. The marching band, in particular, surprised us unexpectedly. Thank you to everyone. We will definitely come again. Special thanks to the animation team.",2 weeks ago,2026-07-21,,"Dear Valued Guest,
We sincerely thank you for your 5-star rating of our facility. Your expression of satisfaction in this way is a great source of happiness and motivation for us.
Our top priority is to provide you with a pleasant and trouble-free holiday experience. Your valuable feedback empowers us to maintain and further improve our service quality.
We look forward to welcoming you again soon and hope to provide you with the same satisfaction on your next holiday.
Sincerely,
Crystal Hotels CRM",1 review · 5 photos,Ci9DQUlRQUNvZENodHljRjlvT2tKUGFEZGlTbTVXYjNsUFNWWlpPR3B1YW5oWWNIYxAB
Ahmet Kubilay Kubat,5.0,"My colleagues and I came to the hotel and we were very pleased. The food was good, the à la carte options were excellent, the staff were respectful and friendly, the shows, children's activities, and especially the parties were amazing, and the concerts were great. We are still at the hotel and are eagerly awaiting tomorrow's special concert.",2 weeks ago,2026-07-21,,"Dear Valued Guest,
We sincerely thank you for your 5-star rating of our facility. Your expression of satisfaction is a great source of happiness and motivation for us.
Our top priority is to provide you with a pleasant and trouble-free holiday experience. Your valuable feedback empowers us to maintain and further improve our service quality.
We look forward to welcoming you again soon and hope to provide you with the same satisfaction on your next holiday.
Sincerely,
Crystal Hotels CRM",1 review · 1 photo,Ci9DQUlRQUNvZENodHljRjlvT2t0UWJVMVBkekJrV0cxeWJrbG9OV1ZMVFZKaVRXYxAB
Bayram Rezbiç,5.0,"I came to the hotel with my family, my children and my wife, and we were very pleased. The food was excellent. I definitely recommend it. See you again next year! Crystal Waterworld family.",2 weeks ago,2026-07-21,,"Dear Valued Guest,
We sincerely thank you for your 5-star rating of our facility. Your expression of satisfaction in this way is a great source of happiness and motivation for us.
Our top priority is to provide you with a pleasant and trouble-free holiday experience. Your valuable feedback empowers us to maintain and further improve our service quality.
We look forward to welcoming you again soon and hope to provide you with the same satisfaction on your next holiday.
Sincerely,
Crystal Hotels CRM",1 review,Ci9DQUlRQUNvZENodHljRjlvT21wWVpHbE9SVU5GUXpCWmVsQklNV2hSZWxSSWJXYxAB
Sahin Celik,3.0,The beach is rocky and gets deep very quickly. Would I go again? Never.,2 weeks ago,2026-07-21,,"Dear Guest,

Thank you for sharing your valuable feedback with us.

We are sorry to learn of your dissatisfaction with our beach and sea conditions. We understand that our guests have different expectations and holiday preferences. Our hotel's private beach area, by its natural nature, has a rocky bottom in some sections and the sea deepens only a short distance. We have implemented necessary information and arrangements on the beach area for the comfort and safety of our guests.

However, we are sorry that your overall holiday experience did not meet your expectations. Your feedback is valuable to us and will be taken into account in our efforts to improve our services.

We wish you more enjoyable holiday experiences that meet your expectations in the future.

Sincerely,
Crystal Hotels CRM",Local Guide · 48 reviews · 13 photos,Ci9DQUlRQUNvZENodHljRjlvT2xCdmJVZHpMVFZKUzNaNVJFMW9MVmN6U25Gc2VGRRAB
Murat İşal,5.0,"I was very pleased with the party areas, the show activities, the delicious food, especially the quality of the drinks, and most importantly, the children's shows that my children thoroughly enjoyed. I would like to thank the hotel management and Crystal Hotels.",2 weeks ago,2026-07-21,,"Dear Valued Guest,
We sincerely thank you for your 5-star rating of our facility. Your expression of satisfaction in this way is a great source of happiness and motivation for us.
Our top priority is to provide you with a pleasant and trouble-free holiday experience. Your valuable feedback empowers us to maintain and further improve our service quality.
We look forward to welcoming you again soon and hope to provide you with the same satisfaction on your next holiday.
Sincerely,
Crystal Hotels CRM",2 reviews,Ci9DQUlRQUNvZENodHljRjlvT21ObWVVRkVTblpIYTNjNGJrTmpZMEZaVFdoNFNtYxAB
Sjsj Sjsj,5.0,"I stayed at the hotel for a week. The hotel is very large and beautiful, the food is fantastic, and the rooms are very clean and nice. The events and shows at the hotel are great. The mini-club is very clean. I came with my friends and I would like to come again.",2 weeks ago,2026-07-21,,"Dear Valued Guest,
We sincerely thank you for your 5-star rating of our facility. Your expression of satisfaction in this way is a great source of happiness and motivation for us.
Our top priority is to provide you with a pleasant and trouble-free holiday experience. Your valuable feedback empowers us to maintain and further improve our service quality.
We look forward to welcoming you again soon and hope to provide you with the same satisfaction on your next holiday.
Sincerely,
Crystal Hotels CRM",1 review,Ci9DQUlRQUNvZENodHljRjlvT2w5ZldVbG5kME5FYTFjeE5taFVZV3M0YVcwdGRGRRAB
Ege Keskin,5.0,"We were very pleased with the salmon sandwiches, croissants, coffee, newspapers, and no-reservation à la carte options at Sunset Bar. We will definitely be back!",2 weeks ago,2026-07-21,,"Dear Valued Guest,
We sincerely thank you for your 5-star rating of our facility. Your expression of satisfaction in this way is a great source of happiness and motivation for us.
Our top priority is to provide you with a pleasant and trouble-free holiday experience. Your valuable feedback empowers us to maintain and further improve our service quality.
We look forward to welcoming you again soon and hope to provide you with the same satisfaction on your next holiday.
Sincerely,
Crystal Hotels CRM",8 reviews · 1 photo,Ci9DQUlRQUNvZENodHljRjlvT25kaVYwOTFWVmhpUW1oWmVTMXZOWFJOTldzemQyYxAB
TUĞBA MACUNCU KONYALI,5.0,"We were satisfied with the hotel's cleanliness, hygiene, food, activities, entertainment, staff service, aqua park, and all other services.",2 weeks ago,2026-07-21,,"Dear Valued Guest,
We sincerely thank you for your 5-star rating of our facility. Your expression of satisfaction in this way is a great source of happiness and motivation for us.
Our top priority is to provide you with a pleasant and trouble-free holiday experience. Your valuable feedback empowers us to maintain and further improve our service quality.
We look forward to welcoming you again soon and hope to provide you with the same satisfaction on your next holiday.
Sincerely,
Crystal Hotels CRM",2 reviews,Ci9DQUlRQUNvZENodHljRjlvT210VFgwUnpPUzB0Y25kVkxWaEJUMk5qUTFKeFJXYxAB
Reza Dorostan,5.0,Thank you for all your efforts 🙏🏻❤️ Everything was great. I spent an amazing week with very good service and a pleasant atmosphere inside this hotel. My next trip to Antalya will definitely be the main choice for staying at Crystal Water Hotel.,2 weeks ago,2026-07-21,,"Dear Guest,
We are very pleased that your stay at our hotel has become a unique experience and a pleasant memory. We sincerely thank you for your kindness and affection towards the services and pleasant atmosphere of the hotel.

Your satisfaction is the greatest motivation for our team and we are happy that we were able to provide beautiful moments for you and your loved ones. We hope to have the honor of hosting you again in future trips.

Sincerely,
Crystal Hotels CRM,",2 reviews · 3 photos,Ci9DQUlRQUNvZENodHljRjlvT2kxSWRUTjNlV2cxTkVKalkwZFNjMkZwVERsUk9HYxAB
Nooshin Rahmani,5.0,,2 weeks ago,2026-07-21,,"Dear Valued Guest,
We sincerely thank you for your 5-star rating and for taking the time to share your positive feedback. Your satisfaction is a great source of happiness and motivation for us.
Providing you with a pleasant and seamless holiday experience is always our top priority. Your valuable feedback encourages us to maintain and continuously improve the quality of our services.
We would be delighted to welcome you again in the near future and hope to provide you with the same level of satisfaction during your next stay.
Kind regards,
Crystal Hotels CRM.",,Ci9DQUlRQUNvZENodHljRjlvT2xodllucGhhRWxuYjBvd2NqQjFNV1JDYm1oUGFtYxAB
Alex Al,5.0,"The vacation went without any problems or complaints, I liked everything",2 weeks ago,2026-07-21,,"Dear Guest,
Thank you for your high rating of our hotel and for awarding us 5 stars. We are delighted that you have expressed your satisfaction in this way – it is a great joy and motivation for us.
Our top priority is always to ensure you have a pleasant and carefree stay. Your valuable feedback inspires us to maintain and continually improve the quality of our services.
We look forward to welcoming you back to our hotel in the near future and hope to once again meet your expectations on your next vacation.
Sincerely,
CRM Team
Crystal Hotels CRM",1 review,Ci9DQUlRQUNvZENodHljRjlvT21sU0xWYzFlbVJJVGsxZlNHVnBTbkJYVmtKc1gxRRAB
Enver Sen,5.0,,2 weeks ago,2026-07-21,,"Dear Valued Guest,
We sincerely thank you for your 5-star rating of our facility. Your expression of satisfaction in this way is a great source of happiness and motivation for us.
Our top priority is to provide you with a pleasant and trouble-free holiday experience. Your valuable feedback empowers us to maintain and further improve our service quality.
We look forward to welcoming you again soon and hope to provide you with the same satisfaction on your next holiday.
Sincerely,
Crystal Hotels CRM",,Ci9DQUlRQUNvZENodHljRjlvT2xsemRXTTFOV2RzVTI1aE9HbFFRMTlrT0ZaSVowRRAB
Barış,5.0,"It's a wonderful place, the staff are very friendly and helpful. The rooms are clean too. Thank you.",2 weeks ago,2026-07-21,,"Dear Valued Guest,
We sincerely thank you for your 5-star rating of our facility. Your expression of satisfaction in this way is a great source of happiness and motivation for us.
Our top priority is to provide you with a pleasant and trouble-free holiday experience. Your valuable feedback empowers us to maintain and further improve our service quality.
We look forward to welcoming you again soon and hope to provide you with the same satisfaction on your next holiday.
Sincerely,
Crystal Hotels CRM",4 reviews,Ci9DQUlRQUNvZENodHljRjlvT21KVUxXaG9TMHRrZVRVNFZqRnhNbVl6YkVvNGMyYxAB
Hilal Dönmez,5.0,"The hotel was extremely clean, tidy, and comfortable. The staff were friendly, attentive, and tried their best to help with everything. The rooms were spacious and well-maintained, and the breakfast was quite varied and delicious. Its location was also very convenient for accessing many places. We felt right at home. Thank you to everyone involved; it's a hotel we would definitely choose again.",2 weeks ago,2026-07-21,,"Dear Valued Guest,
We sincerely thank you for your 5-star rating of our facility. Your expression of satisfaction in this way is a great source of happiness and motivation for us.
Our top priority is to provide you with a pleasant and trouble-free holiday experience. Your valuable feedback empowers us to maintain and further improve our service quality.
We look forward to welcoming you again soon and hope to provide you with the same satisfaction on your next holiday.
Sincerely,
Crystal Hotels CRM",5 reviews · 2 photos,Ci9DQUlRQUNvZENodHljRjlvT2pScWFYTmFNMFZJZVhOQlQyRnRVUzEyU2pSelQzYxAB
Kerem yazıcıgil,5.0,"Everything was great, we had a lot of fun, thank you.",2 weeks ago,2026-07-21,,"Dear Valued Guest,
We sincerely thank you for your 5-star rating of our facility. Your expression of satisfaction in this way is a great source of happiness and motivation for us.
Our top priority is to provide you with a pleasant and trouble-free holiday experience. Your valuable feedback empowers us to maintain and further improve our service quality.
We look forward to welcoming you again soon and hope to provide you with the same satisfaction on your next holiday.
Sincerely,
Crystal Hotels CRM",2 reviews,Ci9DQUlRQUNvZENodHljRjlvT21kdU1UaEdaV2xUZWxObFJUbHdSbUpRUldFeWJsRRAB
Peter Drobenko,5.0,"A gorgeous hotel!
Large, with a variety of food and entertainment. Special thanks for the Crispy Club and evening entertainment – ​​you made our vacation so special!",2 weeks ago,2026-07-21,,"Dear Valued Guest,
We sincerely thank you for your 5-star rating of our facility. Your expression of satisfaction in this way is a great source of happiness and motivation for us.
Our top priority is to provide you with a pleasant and trouble-free holiday experience. Your valuable feedback empowers us to maintain and further improve our service quality.
We look forward to welcoming you again soon and hope to provide you with the same satisfaction on your next holiday.
Sincerely,
Crystal Hotels CRM",1 review,Ci9DQUlRQUNvZENodHljRjlvT201RGVGOUhTRUZoVWxOV1kwaDJVWGw0YmxkWmNYYxAB
Ирина Гусева,5.0,"We just got back from the hotel. We stayed from July 4, 2026, to July 11, 2026. It's a great hotel for a family vacation, with a fantastic water park, beautiful greenery, excellent food and bars, a separate pastry shop, polite staff, and fantastic shows. We stayed there for the opening 14 years ago and now recommend it to everyone. It's superb 👍",2 weeks ago,2026-07-21,,"Dear Guest,
Thank you for your high rating of our hotel and for awarding us 5 stars. We are delighted that you have expressed your satisfaction in this way – it is a great joy and motivation for us.
Our top priority is always to ensure you have a pleasant and carefree stay. Your valuable feedback inspires us to maintain and continually improve the quality of our services.
We look forward to welcoming you back to our hotel in the near future and hope to once again meet your expectations on your next vacation.
Sincerely,
CRM Team
Crystal Hotels CRM",1 review,Ci9DQUlRQUNvZENodHljRjlvT2paWE9HbDVWRTh0YWtFNU5YRkVja2MyVjNkUFdGRRAB
Samed,4.0,,2 weeks ago,2026-07-21,,"Dear Valued Guest,
We sincerely thank you for your review of our facility. Your expression of satisfaction is a great source of happiness and motivation for us.
Our top priority is to provide you with a pleasant and trouble-free holiday experience. Your valuable feedback empowers us to maintain and further improve our service quality.
We look forward to welcoming you again soon and hope to provide you with the same satisfaction on your next holiday.
Sincerely,
Crystal Hotels CRM",,Ci9DQUlRQUNvZENodHljRjlvT21nelMxRkpTM2swVWpJd2MxQm5aa2RCTlZodVkxRRAB
Багила Айдарова,5.0,We loved the hotel. The food was delicious. The pool and water park were fantastic. The evening shows were fantastic.,2 weeks ago,2026-07-21,,"Dear Guest,
Thank you for your high rating of our hotel and for awarding us 5 stars. We are delighted that you have expressed your satisfaction in this way – it is a great joy and motivation for us.
Our top priority is always to ensure you have a pleasant and carefree stay. Your valuable feedback inspires us to maintain and continually improve the quality of our services.
We look forward to welcoming you back to our hotel in the near future and hope to once again meet your expectations on your next vacation.
Sincerely,
CRM Team
Crystal Hotels CRM",1 review,Ci9DQUlRQUNvZENodHljRjlvT25kZk9VbFpPSHBTU1dZeVpVbzNkVmcyZWpCWWFYYxAB
Svetlana Yasar,5.0,"We had a great family vacation and the hotel left a very positive impression. Firstly, we had no issues with the food at all; we could always find something to eat, from healthy options to snacks. Our child really enjoyed the mini club and the Soft Play play area. Thanks to the entertainment staff. We also had plenty of fun, including pool games, evening shows, and parties. Overall, we truly relaxed, both physically and mentally.",3 weeks ago,2026-07-14,,"Dear Guest,
Thank you for your high rating of our hotel and for awarding us 5 stars. We are delighted that you have expressed your satisfaction in this way – it is a great joy and motivation for us.
Our top priority is always to ensure you have a pleasant and carefree stay. Your valuable feedback inspires us to maintain and continually improve the quality of our services.
We look forward to welcoming you back to our hotel in the near future and hope to once again meet your expectations on your next vacation.
Sincerely,
CRM Team
Crystal Hotels CRM",2 reviews · 2 photos,Ci9DQUlRQUNvZENodHljRjlvT25CR04yRlBZWEJ4U1VKdlRWTmtObmxuZGxWeGVsRRAB
Анна Созыкина,5.0,"A fantastic place for a summer vacation! You don't even have to leave the hotel—food, drinks, pools, beach, entertainment! You definitely won't be bored. There are also quieter areas where you can enjoy your vacation. For children, there's a mini-club and a playroom where you can leave them for a while, which is very convenient. Overall, we had a great time, and we'll see you next year 👍",3 weeks ago,2026-07-14,,"Dear Guest,
Thank you for your high rating of our hotel and for awarding us 5 stars. We are delighted that you have expressed your satisfaction in this way – it is a great joy and motivation for us.
Our top priority is always to ensure you have a pleasant and carefree stay. Your valuable feedback inspires us to maintain and continually improve the quality of our services.
We look forward to welcoming you back to our hotel in the near future and hope to once again meet your expectations on your next vacation.
Sincerely,
CRM Team
Crystal Hotels CRM",3 reviews · 1 photo,Ci9DQUlRQUNvZENodHljRjlvT2xoVk5rODBhMVpaUVhaeVRVY3lhVGx6V1dWeE4wRRAB
Диляра Серик,5.0,"We really liked the hotel. The entertainment was great, especially the evening and children's entertainment. The restaurant was also very good. The pools were large and there were lots of water slides.",3 weeks ago,2026-07-14,,"Dear Guest,
Thank you for your high rating of our hotel and for awarding us 5 stars. We are delighted that you have expressed your satisfaction in this way – it is a great joy and motivation for us.
Our top priority is always to ensure you have a pleasant and carefree stay. Your valuable feedback inspires us to maintain and continually improve the quality of our services.
We look forward to welcoming you back to our hotel in the near future and hope to once again meet your expectations on your next vacation.
Sincerely,
CRM Team
Crystal Hotels CRM",1 review · 1 photo,Ci9DQUlRQUNvZENodHljRjlvT21WcGQycDFVblJyVVRGaE5DMVZObTluZW1sZmRtYxAB
Naomi Toretto,5.0,"A good hotel for the price. We stayed with friends and really enjoyed it. The hotel is quite large, with various programs every day. We were especially pleased with the slides and their number. The entertainment is also good, not intrusive, especially for children.",3 weeks ago,2026-07-14,,"Dear Guest,
Thank you for your high rating of our hotel and for awarding us 5 stars. We are delighted that you have expressed your satisfaction in this way – it is a great joy and motivation for us.
Our top priority is always to ensure you have a pleasant and carefree stay. Your valuable feedback inspires us to maintain and continually improve the quality of our services.
We look forward to welcoming you back to our hotel in the near future and hope to once again meet your expectations on your next vacation.
Sincerely,
CRM Team
Crystal Hotels CRM",5 reviews · 4 photos,Ci9DQUlRQUNvZENodHljRjlvT2xZM1VVUjRPRVJsUm1SR2MzRlBjVjl5WlUxM1pGRRAB
Muhammed Furuncu,3.0,"We stayed at the hotel from August 28, 2022 to September 1, 2022. It was the most fun hotel I've ever stayed at. I've been to many Crystal hotels, but I've never had this much fun. The animation team was very friendly and attentive; we thank them all very much. There were no problems with the entertainment or the animation team; I recommend the hotel.

However, the food variety wasn't very extensive; it was less varied than another resort I stayed at last year. Also, they provide forks and knives at the table, but not spoons; you have to go 50-100 meters away from your seat to get spoons, which is very frustrating. Finding a table is very difficult; it's like a Ramadan tent, a table fills up in 30-50 seconds.

The hotel has a water park, but you have to wait in line like you would at a public bakery to get an empty boat. After one slide, we didn't go back to the water park to avoid spending most of our vacation waiting in line. Finding a nearby sun lounger at the bar is like finding water in the Sahara Desert. The bars at the main pool are very far apart; if you want to grab a drink and then finally find a sun lounger, you'll have to walk a bit further. If you want a quick lunch, you'll have to get it from the beachside snack bar, the main restaurant, or the restaurant opposite the spa; there's no nearby snack bar.

As with any hotel, some things are good, some are bad, but since we came to have fun, the others weren't too much of a problem; I would recommend the hotel for entertainment.",Edited 3 weeks ago,2026-07-14,3,"Dear Guest,

First of all, thank you for choosing Crystal Waterworld Aqua Collection and for sharing your valuable experiences with us.
We are extremely pleased that you were so satisfied with the energy, friendliness, and entertainment programs offered by our animation team. We will definitely share your kind words with our relevant team members. It is our greatest pleasure to have made your holiday enjoyable.

On the other hand, we have carefully considered your feedback regarding the variety of food, the occupancy in the main restaurant, the placement of service equipment, waiting times in the water park, and the location of some service points within the facility.
During peak season, our restaurants and aquapark receive particularly high demand, and our operational planning is constantly reviewed to enhance our guests' comfort. Your feedback regarding the service arrangement in our restaurant, the boat circulation in the water park, and the use of food and beverage service points will be shared with our relevant department managers.
Your constructive evaluation and your objective presentation of both positive aspects and areas for improvement are extremely valuable to us. Your recommendation of our entertainment concept has also been a great source of motivation for us. We would be delighted to welcome you and your loved ones again in the future, and we hope to provide you with an even more enjoyable experience on your next vacation.

Sincerely,
Crystal Hotels CRM",Local Guide · 8 reviews · 7 photos,ChZDSUhNMG9nS0VJQ0FnSUR1MjVUV2RnEAE
Cüneyt İldeş,5.0,"First of all, I would like to thank the management of Crystal Water World for postponing our reservation for 3 days due to force majeure and not charging any extra fee.
We checked into the hotel around 8:00 AM. Although the check-in time was 2:00 PM, the hotel staff welcomed us with great hospitality. We received our room around 3:00 PM. What I want to mention here is that families who arrived after us were given their rooms much earlier than us. In other words, the distinction between foreign and Turkish guests was evident at check-in. Our room was a family room. It was spacious enough and had the capacity to meet all needs. However, more attention should be paid to room cleaning. During our 7-day holiday, we requested two room cleanings, but only towel changes were made in the bathroom. The restaurant and snack offerings were more than sufficient. Although the hotel was at full capacity, I can't say we waited in line very long. There was food available until morning. The pool and sea were very nice, and there were enough sun loungers. However, more attention should be paid to pool cleaning. The pool is treated with chemicals in the evening, but the bottom is almost never cleaned. Even though we used it early in the morning, there was a lot of sand and stones at the bottom.
Thank you to the entire Crystal Waterworld team for making this holiday so wonderful and enjoyable.",3 weeks ago,2026-07-14,,"Dear Valued Guest,
We sincerely thank you for your 5-star rating of our facility. Your expression of satisfaction in this way is a great source of happiness and motivation for us.
Our top priority is to provide you with a pleasant and trouble-free holiday experience. Your valuable feedback empowers us to maintain and further improve our service quality.
We look forward to welcoming you again soon and hope to provide you with the same satisfaction on your next holiday.
Sincerely,
Crystal Hotels CRM",5 reviews,Ci9DQUlRQUNvZENodHljRjlvT2s5QlUwTk5NbkJxUldwS1VWZHNVVXhFVVVZMFQwRRAB
Koray Tamur,5.0,"I've been coming to this hotel for 4 years, and each time I'm treated even better. The hotel's food and events are truly enjoyable. The events team, in particular, is a really fun and friendly team; I'd like to thank them especially. Thanks to the Aqua and Mini events, families with children can have a relaxing and peaceful holiday. It's a hotel where everyone can have a peaceful and happy vacation; families with children shouldn't miss it. We thank all the staff for their service and effort.",3 weeks ago,2026-07-14,,"Dear Valued Guest,
We sincerely thank you for your 5-star rating of our facility. Your expression of satisfaction in this way is a great source of happiness and motivation for us.
Our top priority is to provide you with a pleasant and trouble-free holiday experience. Your valuable feedback empowers us to maintain and further improve our service quality.
We look forward to welcoming you again soon and hope to provide you with the same satisfaction on your next holiday.
Sincerely,
Crystal Hotels CRM",3 reviews,Ci9DQUlRQUNvZENodHljRjlvT2xJMGJUQlNWMHcyVlVoaWRqWkpTVzF2WHpKM1FuYxAB
Kadriye Cansever,5.0,"This was my first time staying at this hotel with my family, but it was a wonderful experience for us. Despite the hotel being quite crowded, there were restaurants and à la carte options in every area, which kept things running smoothly. We generally preferred the main pool because the daytime shows are there. This is a tip for those planning to come here; everything has been thought of at this hotel. We were very pleased with the service. The animation staff were very dedicated and friendly, both in the evening and in the morning, making us feel valued. Thank you to everyone at the hotel.",3 weeks ago,2026-07-14,,"Dear Valued Guest,
We sincerely thank you for your 5-star rating of our facility. Your expression of satisfaction in this way is a great source of happiness and motivation for us.
Our top priority is to provide you with a pleasant and trouble-free holiday experience. Your valuable feedback empowers us to maintain and further improve our service quality.
We look forward to welcoming you again soon and hope to provide you with the same satisfaction on your next holiday.
Sincerely,
Crystal Hotels CRM",3 reviews,Ci9DQUlRQUNvZENodHljRjlvT25sa1p6QnpiVGRZUkhwRlJYZHRXVWxJZEVWRmEzYxAB
Ford Garage,5.0,"We have chosen this hotel many times over the years. The staff are friendly and attentive, it's a very fun hotel to go to with children, thank you for everything.",3 weeks ago,2026-07-14,,"Dear Valued Guest,
We sincerely thank you for your 5-star rating of our facility. Your expression of satisfaction in this way is a great source of happiness and motivation for us.
Our top priority is to provide you with a pleasant and trouble-free holiday experience. Your valuable feedback empowers us to maintain and further improve our service quality.
We look forward to welcoming you again soon and hope to provide you with the same satisfaction on your next holiday.
Sincerely,
Crystal Hotels CRM",Local Guide · 3 reviews · 27 photos,Ci9DQUlRQUNvZENodHljRjlvT25kd1EyOWhNRmhUVWpCSWMwRjZSV1l3WWxOT1FXYxAB
AYHAN SERT,5.0,"Unfortunately, it's time to say goodbye to Crystal Waterworld. We had a wonderful and very enjoyable holiday from start to finish. Spending time in the hotel's outlets was especially delightful; the presentation, quality, and atmosphere in the restaurants and bars were truly commendable. We encountered the same level of care everywhere we went.
I would like to extend my sincere thanks to Mr. Levent Aksöz, who made this wonderful holiday possible and never failed to show his attention, and to the entire team who worked tirelessly in all the outlets, maintaining their smiles despite their fatigue. Thank you all for your hard work and dedication. We hope to see you again soon!",Edited 3 weeks ago,2026-07-14,,"Dear Valued Guest,
We sincerely thank you for your 5-star rating of our facility. Your expression of satisfaction in this way is a great source of happiness and motivation for us.
Our top priority is to provide you with a pleasant and trouble-free holiday experience. Your valuable feedback empowers us to maintain and further improve our service quality.
We look forward to welcoming you again soon and hope to provide you with the same satisfaction on your next holiday.
Sincerely,
Crystal Hotels CRM",Local Guide · 30 reviews · 65 photos,Ci9DQUlRQUNvZENodHljRjlvT2tkaE9ESkdPRkE0VDJsVlJEUmFZM1pFYjNKWFFsRRAB
SANZHARQA MOXITOZ-,5.0,,3 weeks ago,2026-07-14,,"Dear Guest,
Thank you for your high rating of our hotel and for awarding us 5 stars. We are delighted that you have expressed your satisfaction in this way – it is a great joy and motivation for us.
Our top priority is always to ensure you have a pleasant and carefree stay. Your valuable feedback inspires us to maintain and continually improve the quality of our services.
We look forward to welcoming you back to our hotel in the near future and hope to once again meet your expectations on your next vacation.
Sincerely,
CRM Team
Crystal Hotels CRM",,Ci9DQUlRQUNvZENodHljRjlvT21KSVEwUmtkMGRpYTNkM2FHUnZTRXN0TlVWTlQxRRAB
Nurlan,5.0,,3 weeks ago,2026-07-14,,"Dear Valued Guest,
We sincerely thank you for your 5-star rating of our facility. Your expression of satisfaction in this way is a great source of happiness and motivation for us.
Our top priority is to provide you with a pleasant and trouble-free holiday experience. Your valuable feedback empowers us to maintain and further improve our service quality.
We look forward to welcoming you again soon and hope to provide you with the same satisfaction on your next holiday.
Sincerely,
Crystal Hotels CRM",1 photo,Ci9DQUlRQUNvZENodHljRjlvT25NelNuZHdkREZZWVdoVWMxWm5kV0ZLY1hWbFYyYxAB
Kakahka45 Gopli,5.0,,3 weeks ago,2026-07-14,,,,Ci9DQUlRQUNvZENodHljRjlvT21SdWNYVkRhR290TjA1bFRsOVFaWE53U1RWTk5VRRAB
Aigerim Temirova,5.0,"The food is delicious, the service is great 👍🏻 Overall, the location is good, the water park is very interesting for children. Kids Club is very active.",3 weeks ago,2026-07-14,,,1 review,Ci9DQUlRQUNvZENodHljRjlvT21kbVgzZFJjRFk0WDBKcVZsQlFPVWRGZWxaNmFXYxAB
Ekrem Özden,5.0,"Everything was perfect, the service quality, the food and drinks were very delicious. I would especially like to thank Ms. Katya for the service she provided.",3 weeks ago,2026-07-14,,,5 reviews,Ci9DQUlRQUNvZENodHljRjlvT2tGU1JrbzFVMVZVVW5CUVZuTjJXbWMxYTBoWVZHYxAB
Oğuzhan Mutlu,5.0,The service and hotel staff were very friendly.,3 weeks ago,2026-07-14,,,4 reviews · 1 photo,Ci9DQUlRQUNvZENodHljRjlvT21GcFMwOVdkR3hGWkRCMVdHZHBObWxITmxWNGVGRRAB
Berensu Gunes,4.0,"One star is for the lack of air conditioning in the outdoor dining areas; you're sweating profusely while trying to eat. The hotel is large, but there's plenty of food and drinks everywhere. You don't have to wait in line. The staff are friendly; no one avoids customers. You get answers to all your questions. It would be great if the Aqua closing time were extended to 7 PM.",3 weeks ago,2026-07-14,,,6 reviews,Ci9DQUlRQUNvZENodHljRjlvT25sb2FuTkVUVVUyVEU0elptRllNRlZ2Uld3emVtYxAB
filiz güldemir,5.0,"We were very pleased with the hotel, the bars were great, we loved the White Angel bar. Thanks to Aleyna Hanım.",3 weeks ago,2026-07-14,,,1 review,Ci9DQUlRQUNvZENodHljRjlvT21oWGVGZHlhVFYxT0ZobUxWUndXWEl3VFhkTFRXYxAB
Ceylan Gören,,"We were very disappointed with our stay and would not recommend this hotel.

While the resort is very large, there are far too few sun loungers – both by the pool and on the beach. Getting a spot is a daily struggle.

The food was the biggest disappointment. It was tasteless and more reminiscent of cafeteria food than resort fare. On top of that, you have to search for a long time to find a free table. By the time you finally get your food and then your drinks, the food is often cold.

The service is also very poor. No drinks are offered at the table; you have to get everything yourself. The waiters seem stressed and annoyed, which we don't blame personally. There are simply far too few staff members for the large number of guests. The tables are only inadequately cleaned and are often dirty.

The overall cleanliness left much to be desired. Not only were the rooms not properly cleaned, but the entire resort also gave a neglected impression. There wasn't even a light on our balcony, so we had to sit in the dark in the evenings.

Overall, this hotel fell far short of our expectations. In our opinion, it was not good value for money at all. We will not be staying at this hotel again.",3 weeks ago,2026-07-14,,,3 reviews · 9 photos,Ci9DQUlRQUNvZENodHljRjlvT2tRNGFtcGFSM0V3VjFaeFRtVXpUMngxUjNOdlVsRRAB
emine koksal,1.0,"We chose this hotel on the recommendation of Jolly Tur. We were told that the hotel was of very high quality, that we would be satisfied, and that we would have a comfortable holiday. However, our experience did not match what was described at all. Therefore, I believe we were misled by Jolly Tur.

Despite specifying during the booking process that we wanted a spacious and bright room with a sea view, we were given a dark room used as a family room. Even though we requested a room change, our request was not fulfilled. We experienced great disappointment on the very first day of our holiday.

The hotel was also far below expectations in terms of hygiene. Room cleaning was insufficient, and I don't think the necessary care was taken in the common areas either. The hotel is quite old and in need of maintenance. There is a huge difference between the price charged and the standard of service and facilities provided.

The service quality was unfortunately extremely poor. I observed that the staff had difficulty understanding guest requests, lacked communication skills, and did not have a professional service approach. I believe the staff needs better training.

The food and beverage section was far below our expectations. Most of the food was tasteless and did not give a sense of quality. It was also clear that the bartenders working in the bars lacked sufficient knowledge and experience in cocktail preparation. The drinks prepared were quite unsuccessful in terms of both presentation and taste.

In short, we definitely did not get our money's worth. This hotel did not meet our expectations in terms of hygiene, service quality, staff training, room standards, and food and beverage quality. Our holiday unfortunately turned into a major disappointment. I hope both the hotel management and Jolly Tur take this feedback into account and provide more realistic information when directing their guests. Because of this experience, I would advise those considering choosing this hotel to reconsider.",3 weeks ago,2026-07-14,,,9 reviews · 4 photos,Ci9DQUlRQUNvZENodHljRjlvT2xOSmIzQnJiazE0TmxsbE9EWTBZVzB4ZDFwSmRYYxAB
BUKET YILDIRIM,4.0,"Hello, I was very pleased with the hotel, only it's a bit large, so there's a lot of walking involved. Adnan, especially at the Italian à la carte restaurant, was very professional, polite, and respectful; he took great care of us. Similarly, Fatma, who was also there, was a very kind and attentive lady. The food and service at the Italian à la carte restaurant were fantastic, and the breakfast was superb. I'd like to mention Caner Daskiran, who is in guest relations. He seems to be managing the hotel almost single-handedly; he loves his job so much and took great care of us. He eagerly attended to all our needs.",3 weeks ago,2026-07-14,,,6 reviews · 2 photos,Ci9DQUlRQUNvZENodHljRjlvT2xjMVNTMUhhVTFaVWtWNmFVWlViVkoxUzI1T2NIYxAB
Hasan Ucak,5.0,,3 weeks ago,2026-07-14,,,1 review,Ci9DQUlRQUNvZENodHljRjlvT2tsaE5ISlVWR1o2UlcxdVN6ZEpUalJDVlZCQ1QzYxAB
Piotr Mielczarek,4.0,"A 4 is a fair rating. Overall, a pleasant and enjoyable stay; the hotel has its pros and cons. I'll start with the cons:
- The beach: ugly, gray sand, pebbles, sticks, etc. The sea is murky, no shells, fish, etc.
- Location: this isn't Belek, as many travel agencies claim, but a province near it. Besides the markets, there's nowhere to stroll outside the hotel, etc.
- Cleanliness of the dining room and rooms: they're cleaned every so often; you absolutely have to leave a note on the doorknob about cleaning, or they'll skip it.
- Food: the main restaurant was the same all week long, but luckily there are plenty of alternatives, which I'll write about later.

Pros:
- The main pool is great; you don't even notice the crowds, the water is warm and clean. - Shows: very nice and daily
- A la carte restaurants available with no limits, only once per stay. The bars also serve warp and hamburgers, and there's a KFC-style stand
- Branded alcohol, daily drinks delivered to the room fridge
- A very nice kids' club
- Cool water slides
- Air conditioning works very well
- Large selection of fruit

It's not perfect; it has its pros and cons. It's a question of what matters to whom.

P.S. 3/4 of the hotel is Russian…",3 weeks ago,2026-07-14,,,Local Guide · 39 reviews,Ci9DQUlRQUNvZENodHljRjlvT2kxTWRIQlNSUzFCVVdwQmRWZHlkbm94ZW1sbFdGRRAB
Ender Bayraktar,5.0,"The complimentary notes given alongside the Turkish coffee at Le Crossanteri were very nice, we liked them very much, they were a very thoughtful touch.",3 weeks ago,2026-07-14,,,3 reviews,Ci9DQUlRQUNvZENodHljRjlvT2tkek5sWlJUMU5TZW5saldYYzRVRVE0U3psRlVrRRAB
Mehmet Ali Demirel,5.0,"The Avlu restaurant offered a wonderful dinner with delicious food, fantastic waiters, and live music. A heartfelt thank you to the entire team!",Edited 3 weeks ago,2026-07-14,,,1 review,Ci9DQUlRQUNvZENodHljRjlvT2tFMVIxUk9aMWREUjB0UVJsOTFhRVpXWW1OeGNuYxAB
Hamza Yasar,5.0,"I can highly recommend this hotel.

We didn't dislike anything about it.

I traveled alone with my two children and thoroughly enjoyed it, as the hotel staff were incredibly helpful in every way.

I'd like to extend a huge thank you to the Chrispy Kids Club, as it was the place my children loved. The atmosphere was absolutely warm and welcoming.

The ladies there looked after the children like their own. My children called them ""aunties."" The children were in excellent hands. They didn't want to leave at all. Even the kids who never tidied up at home kept me waiting when I came to pick them up because they wanted to tidy up. I practically had to drag them out! ;)

(Best regards from Ilyas and Mert)

I left the children there and enjoyed my vacation. A tip for travelers going alone with their children: it's definitely worth it. They do everything they can to ensure you can truly relax and enjoy your vacation.


``` I was initially very skeptical, but I appreciated the relief and helpfulness offered by this hotel chain.

I don't understand why there are any bad reviews for this hotel.

The staff is very kind and polite. The food is delicious and varied. There's a different show every evening. It's never boring, neither for the children nor the adults.

The rooms are clean.

And everyone has a smile on their face.

I will definitely come back.",3 weeks ago,2026-07-14,,,5 reviews · 2 photos,Ci9DQUlRQUNvZENodHljRjlvT210R1VUaHlORVoyY0dSUlNUbHJRbmhhZW1OVmNFRRAB
ERDAL GÜNDOĞDU,5.0,We really enjoyed the lucky charm notes that came with the Turkish coffee at Le Crossanteri; they added a special touch. Thanks to Hazal and Cansel for their attention.,3 weeks ago,2026-07-14,,,2 reviews,Ci9DQUlRQUNvZENodHljRjlvT2s1S2JEWkRSVFZ5VGtkRlRVVjRkV0pKYkdKcldFRRAB
murat topdag,1.0,"Hygiene is terrible. You have to wait in incredibly long lines for everything. The food is awful. You have to wait for tables to become available to eat. Even when you ask for water, the staff tells you to get it yourself. There's no beverage service; you have to queue separately. Sometimes you can't even find a fork. Forget about swimming in the pool or sea because of the crowds. It was the worst vacation of my life. You're wasting your money and getting humiliated.",Edited 3 weeks ago,2026-07-14,,,1 review,Ci9DQUlRQUNvZENodHljRjlvT2pOWFgwbGhkM2R2VHpOUWJsZDFSRkp6VldVeVkyYxAB
Okan Bağ,5.0,I was satisfied with the hotel service.,3 weeks ago,2026-07-14,,,1 review,Ci9DQUlRQUNvZENodHljRjlvT2paSWRsaEhWMWg2UW5sSFMzSlBWMGcwV0ZKd01sRRAB
Elez Doğan,3.0,"I stayed at your hotel for a week and overall I liked it very much. The rooms are clean, large and spacious, the balconies are very good, the food and restaurant options are excellent, the pools, aqua park and beach are very good. The fact that the seashore is rocky is a bit of a drawback. What I didn't like was that people leave their towels on the sun loungers and leave, and some even leave their towels on the beach, by the pool and aqua park at the same time. 30% of the sun loungers are occupied, the remaining 70% are occupied by towels; you need to find a solution to this. We spent a week sitting on cafe chairs and swimming in the pool, it was that bad. My other criticism is that you are biased in the TV list, whereas your guests may also be viewers of the TVs you don't want them to watch. You understand what I mean. Finally, the TV in the main hall is old and small; you should put a larger TV there that suits the hotel. I couldn't enjoy watching the World Cup at all. Also, there is an unpleasant smell in the chairs and the environment (like dampness, humidity); you need to solve this as well.",Edited 3 weeks ago,2026-07-14,,,Local Guide · 129 reviews · 124 photos,Ci9DQUlRQUNvZENodHljRjlvT21SdFRYRjZRVEJFYjB0b1FWSndPRGRJVlZKMFRtYxAB
nihat Sıpak,5.0,,3 weeks ago,2026-07-14,,,3 reviews,Ci9DQUlRQUNvZENodHljRjlvT25aWFNsazVOVFJCUTNGTE5rOHdVMUpvT1ZKamRuYxAB
Cansu Şimşek,2.0,"We entered through the door and the reception staff's welcome was zero. Nobody even looked at us. We stood there for about 15 minutes, and it was unclear who was doing what. The most grumpy girl, her name was Sezen, didn't even make contact with us. That's who I remember. Anyway, then a young woman finished her work and dealt with us. On the second day of our holiday, we were locked out of our room. They couldn't open it at all. We asked the 15-year-old staff member who came, ""Are we locked out now?"" He probably just called us ""sir."" Then, anyway, we called someone. They said technical service would take care of it. That evening, they opened the door with a master key. The next day, we went to the beach, and when we came back in the evening, we were locked out again. They hadn't sent any service or cleaning. My 4-year-old child and I experienced the same problem twice. They only paid attention after we yelled and screamed. For some reason, the technical service could open the door with a card. Now, let's talk about the food... The food in the main restaurant was very mediocre. None of it was tasty. Even the menemen (Turkish scrambled eggs) was really bad. The children's buffet section had nothing for a child to eat. Your meatballs are very bland. The staff's attentiveness is zero. I also saw your chefs secretly giving drinks to guests in bottles. But not a single staff member came to ask us what we would like. We carried our own drinks and water. No one cleans up the dirty tableware; they only bother to wipe it down with a tiny napkin. You ask for clean tableware, then you have to search for the staff again. You have to fend for yourself. We only liked the variety in the snack restaurant. In the bars, they mostly pay attention to foreigners. And they all work with grumpy faces. We didn't use the pool and didn't see the animation team at all. There was almost no entertainment. The only good thing was the mini-club. But after that, my child got sick. I'm sure the cleanliness was zero; I could tell from the socks he was wearing. The hotel is extremely large, but the quality doesn't match its size and luxury. When I stayed at the Crystal Hotel before, I got an eye infection after swimming in the pool; it swelled up. We had to look for a pharmacy. It took days for it to get better, but my vacation was ruined. I will never choose or recommend Crystal Hotels again.",3 weeks ago,2026-07-14,,,2 reviews,Ci9DQUlRQUNvZENodHljRjlvT2pOMmQwb3hUWFJRYkhGZmRYRlZZMTk1TVhaemMyYxAB
Shahnoza Mahmudova,4.0,"Good afternoon. I'd like to leave a review of Crystal Waterworld.
- The hotel's location is excellent;
- The room is okay, but there's no mattress for the pull-out chair, which is considered a bed; they made up a quilt for us;
- The service is good, all the staff are polite;
- The food is excellent, always fresh and tasty (we tried the Italian restaurant; the food was delicious, but the service was very slow).
- All the shows, the kids' club, and the entertainers are simply excellent. I'd like to especially mention Anel, who is very sensitive and kind; she found a way to connect with the children; they wanted to come to her. The programs at the clubs are very varied and interesting, and I felt at ease about the children.",3 weeks ago,2026-07-14,,,1 review,Ci9DQUlRQUNvZENodHljRjlvT21KRmFIUjJSR0ZQYlVKemVHNXRVbWRQTFdOV1JVRRAB
S2471FP_,2.0,"I came to Crystal Waterworld Belek for a relaxing family vacation with my two children. Unfortunately, this vacation turned into one of the most unpleasant experiences of my life.||||A serious conflict broke out on the playground. An …",3 weeks ago,2026-07-14,,,,ChZDSUhNMG9nS0VPcngxdjZHck55ZUpREAE
Mahmut Çelik,5.0,,3 weeks ago,2026-07-14,,,2 reviews · 7 photos,Ci9DQUlRQUNvZENodHljRjlvT2xwWVMyZzRZekpMTFY5amFTMDFRVFp1V2kxalRrRRAB
Samet bicer,5.0,"I would like to thank Hazal Hanım, who prepared the Turkish coffee presentation at Le Crissenteri and added a note of good luck alongside it, and all her colleagues.",3 weeks ago,2026-07-14,,,1 review,Ci9DQUlRQUNvZENodHljRjlvT2tzMVdqVXdWWGgxYkVnd1NsbFFhV0ZFTmpFdFNGRRAB
Senay Akay Bahçe,5.0,"The lucky charms served with the Turkish coffee at Le Crossanteri were wonderful. Thank you so much. Our day was sweetened by Hazal and Cansel's delicious coffee. We thank these lovely girls for their attention, care, and smiling faces.",3 weeks ago,2026-07-14,,,2 reviews · 1 photo,Ci9DQUlRQUNvZENodHljRjlvT25oM2JHazNiMlIwYlhSa1FsOVRORE0yTkdsR2NHYxAB
Александр Зыбин,5.0,"A good hotel with helpful staff, a cozy, clean, and delicious ice cream playroom, and overall good food. The location is good, near the sea and a large water park.",3 weeks ago,2026-07-14,,,1 review · 2 photos,Ci9DQUlRQUNvZENodHljRjlvT2poNWVrNXlhRlpPVGpsUFFqTkNPSGRuWjFOM1drRRAB
Yusuf POYRAZ,5.0,"Overall, we were very pleased with the hotel. In particular, Mr. Efe from the animation team was very friendly and attentive; I would like to thank him on behalf of my family. I will recommend it to my friends and I plan to stay here again.",3 weeks ago,2026-07-14,,,2 reviews,Ci9DQUlRQUNvZENodHljRjlvT21NNVVsQnRVVWMyYWtNMk4wTklhR1JmTm1WSGIzYxAB
Sarina Akbary,5.0,"It's very good, I recommend it to everyone.",3 weeks ago,2026-07-14,,,2 reviews,Ci9DQUlRQUNvZENodHljRjlvT2pWdGRFNVZOazFDT0daWVFVTXhTRXBhVldaNGNrRRAB
HF Haqverdili,5.0,"The hotel is very large. There are all kinds of services. The food is very varied. The hotel staff is friendly, especially Yusuf Bey, who organizes many fun games. The hotel hosts interesting concerts and shows every evening. We recommend it.",3 weeks ago,2026-07-14,,,1 review,Ci9DQUlRQUNvZENodHljRjlvT2xKMlUzZDFiRFZuYjJvMFZWQk9TbDlxU0hGQ1NtYxAB
Emre Akkuyu,3.0,Thanks,3 weeks ago,2026-07-14,,,4 reviews,Ci9DQUlRQUNvZENodHljRjlvT25GNFNVUlNVRmxJTUZWUmIxRlRVbnB1Wkd4RmRGRRAB
Berat Tamtekin,5.0,"The luck note was wonderful, I hope it comes true. Hazal's attention and care were amazing, I hope her future will be very bright.",3 weeks ago,2026-07-14,,,9 reviews · 1 photo,Ci9DQUlRQUNvZENodHljRjlvT2xwMk1USjJURnBuTFdZelRERXphME5FZEUxMWVVRRAB
Aykan Kara,5.0,"It's a very nice hotel, the atmosphere is great, they have wonderful activities, and the staff are very sweet.",3 weeks ago,2026-07-14,,,3 reviews,Ci9DQUlRQUNvZENodHljRjlvT2tweU9VNU9kVWwzYm01S2FWaE5abmh2VDJ0dWJVRRAB
Sadettin ÇAKMAK,4.0,"We chose Crystal Waterworld for our trip from July 1st to 11th, 2026. POSITIVE IMPRESSIONS: There were shows and discos every evening for adults, and separate entertainment and cocktail receptions for children, making for very enjoyable nights. The daytime activities and games on the beach and by the pool were more than enough to make the day fun. The food was varied and delicious, catering to everyone's tastes. The fruit selection was plentiful. The toilet in our room was cleaned daily, and the air conditioning cooled well; we had no problems with the room. The staff at the Sunset Bar and Irish Bar were very attentive and helpful; the only thing that bothered me was the lack of Red Label and Chivas whiskey. The water slides were excellent and fun, but many people, including us, hit their bottoms on the landing section of the Cobra slide, leaving us with bruised bottoms until the end of our vacation. The lifeguards could have warned us about this. NEGATIVE IMPRESSIONS:
1) I was very upset by the fact that there was a group of 7-8 horny guys in the disco at night who were harassing people regardless of whether they were single, married, or had a partner, and I had to spend the whole night trying to protect my wife from them. I haven't encountered those types in a disco again. 2) There were people in the hotel without customer wristbands; I asked a staff member and he said they must have been attached, it wasn't normal. Who were these people? 3) Young people who weren't hotel guests tried to enter the hotel area from the beach side; security turned them away, then the security guard disappeared, and those young people went inside. I don't know what they did. 4) While lying on the beach, two men came with bags and tried to sell counterfeit perfume. This happened twice. In short, the hotel has security in name only; it's very weak. 5) The lifeguards on the beach were indifferent. A female hotel guest was in danger of drowning; people nearby swam to her aid, the lifeguard from the neighboring hotel swam to her aid, and our lifeguard brought water after the incident was over. But even if he had seen it, it wouldn't have been possible for him to swim to her aid. The million-dollar hotel couldn't even provide one jet ski for the lifeguards to rush to rescue people. Also, three lifeguards would barely be enough. 6) Some of the waiters' t-shirts were greasy and stained; it didn't look good at all. 7) They used the mop from the restroom to clean the garden area. 8) They attach spare toilet paper to the handle of the toilet brush in the restroom. 9) A male employee cleans the women's restroom while the women are inside. IN CONCLUSION:

Lifeguards, security, and hygiene were very poor. Apart from that, the food, entertainment, water slides, animators, and games were good. Despite everything, we managed to have fun.",3 weeks ago,2026-07-14,,,2 reviews,Ci9DQUlRQUNvZENodHljRjlvT21aMlV5MXdYMHM1ZWxOb1VGUjFaVTF2TTJoUFUzYxAB
Alina Iskakova,5.0,I liked the Softplay gaming club. Asel was friendly and played well with the kids.,3 weeks ago,2026-07-14,,,6 reviews,Ci9DQUlRQUNvZENodHljRjlvT2twRlgySXhaaTFDY1dneVlucG9WVk5NZWkxeGNHYxAB
Fatma Tinmaz Evgin,5.0,Thank you to Hazal at Le Crossanteri for this lovely coffee with a nice note.,3 weeks ago,2026-07-14,,,2 reviews,Ci9DQUlRQUNvZENodHljRjlvT2tSak56TjZPVzl3WlZwNldUUlZZMUZITVhNMFVtYxAB
Birol Evgin,5.0,"The lucky charm notes that came with the Turkish coffee at Le Crissenteri were lovely, we really liked them. Thank you Cansel and Hazal for their attention.",3 weeks ago,2026-07-14,,,Local Guide · 23 reviews · 1 photo,Ci9DQUlRQUNvZENodHljRjlvT2w5R1NXSnFaMEkxZDJ0aVdFcDJVRVpEZUd0dlVuYxAB
dertsiz ortu,5.0,,3 weeks ago,2026-07-14,,,1 review,Ci9DQUlRQUNvZENodHljRjlvT21vd2JGZDBXVFJrTUZSU2QybGFSM0V4WTBFNFNGRRAB
Léna Horváth,5.0,"Kind staff, helpful people, fast service in the Ala Carte restaurant, large portions",3 weeks ago,2026-07-14,,,2 reviews,Ci9DQUlRQUNvZENodHljRjlvT2pkWGVUUjJMVWc1Y2tFd2QxQm5VbTlUYjFkMFFuYxAB
Márti Lumniczer,5.0,Everything was delicious in the a'lacart restaurant,3 weeks ago,2026-07-14,,,1 review,Ci9DQUlRQUNvZENodHljRjlvT21Jd2JIcFJVbEJ1Wm1KcFNWZEJVRkpJY1Y5VVdWRRAB
Balàzs Horvàth,5.0,"Nice friendly staff clean rooms.
Restaurant a bit crowded",3 weeks ago,2026-07-14,,,1 review,Ci9DQUlRQUNvZENodHljRjlvT21aWlpsRldPVkF5UXpkNWVIcE5WbWczWWxORWJtYxAB
Fatma Öztürk,5.0,We really enjoyed the lucky notes that came with the Turkish coffee at Le Crossanteri. The coffees were delicious and the staff were very friendly. Thank you!,3 weeks ago,2026-07-14,,,1 review,Ci9DQUlRQUNvZENodHljRjlvT2xCcVUzTnBNalJTWmtSNE0wZGFVVGxNU2xJM2RXYxAB
Tekin Akay,5.0,"Crystal Water World Hotels is a magnificent hotel chain that I would recommend to all families, adults and adults alike, with its friendly staff, delicious food, warm atmosphere, and aqua park, sea, pool, animation, children's aqua park, and children's animation. I would like to express my sincere thanks to the hotel management and all the staff for creating such a disciplined and wonderful holiday environment. Wishing you many more wonderful holidays, goodbye, and may everything be to your liking. To the valued staff of Crystal Water World Hotels.",3 weeks ago,2026-07-14,,,3 reviews,Ci9DQUlRQUNvZENodHljRjlvT2tKRFFsVjZNMnBXUjFseGNUTllWVTV1TWtSQmVGRRAB
Ирина Рысдаулетова,5.0,,3 weeks ago,2026-07-14,,,,Ci9DQUlRQUNvZENodHljRjlvT25GdFdUQmpTVXBxYUZkeFVIcEJTVkp3VTIxaVFrRRAB
Юрий Рысдаулетов,5.0,"Everything is top notch, everything is super.",3 weeks ago,2026-07-14,,,1 review · 1 photo,Ci9DQUlRQUNvZENodHljRjlvT2xKR1IyY3hhR1UxUVRCWE1FbEVkMHRmU3pseFZtYxAB
Alexios INCI,5.0,"This hotel is highly recommended! It's absolutely perfect for families with children. The service, the entertainment staff, and even the other guests are all great and friendly :-)",3 weeks ago,2026-07-14,,,Local Guide · 14 reviews,Ci9DQUlRQUNvZENodHljRjlvT21GeWExOUNPVGwyZHpOMlJVaDBXa1JVVEhRM1oyYxAB
Nauryz Tоlesh,5.0,,3 weeks ago,2026-07-14,,,2 reviews · 1 photo,Ci9DQUlRQUNvZENodHljRjlvT2pacU1GRnNhbGQzZEZkSVRHSk5XaTE0TjNCVVIyYxAB
Engin Kurtulmuş,5.0,"Le Crorssantei team, thank you so much, the notes were lovely, your attention to detail was wonderful. I especially come to you for Turkish coffee, you make it so well, you get the ratios just right. Well done!",3 weeks ago,2026-07-14,,,2 reviews · 1 photo,Ci9DQUlRQUNvZENodHljRjlvT2pKZmRWSklTSGhuU1MxNFRGTkZRelZXUWpWdVowRRAB
Musa Erol,5.0,"The morning and evening activities were great; you have a fulfilling day. For meals, grilling could be a separate option. À la carte options with reservations might be better.",3 weeks ago,2026-07-14,,,1 review · 1 photo,Ci9DQUlRQUNvZENodHljRjlvT25GWFFrUXdSM0Z1ZGxFeWJtbHdYMGRFYlRGeFlsRRAB
ilknur Olgun,5.0,"We were generally pleased with the hotel. We had a very enjoyable time. Especially at the White Angel Bar, Ms. Aleyna was very friendly and attentive. Thank you.",3 weeks ago,2026-07-14,,,Local Guide · 13 reviews,Ci9DQUlRQUNvZENodHljRjlvT2psWVNXbG1abkF3TW1SM2NrazNhM0l5YWxGSVRFRRAB
Ozlem Cimen,3.0,"The animation team was fantastic, so friendly and helpful 😊",3 weeks ago,2026-07-14,,,2 reviews,Ci9DQUlRQUNvZENodHljRjlvT25jdFJreEtVRTlmTVdRNGVrWmZSM3BPY1dRNE1sRRAB
Irena Puidokienė,5.0,"Great hotel, all you need for a perfect stay is here, for me personally - nice private beach with good entrance to the water, delicious food, availibility of sun beds any time of the day, water slides and coffee corner with live piano music every evening! Highly recommended!",3 weeks ago,2026-07-14,,,Local Guide · 27 reviews · 6 photos,Ci9DQUlRQUNvZENodHljRjlvT25sdlgybGxSV2N4T0VGbFMxY3dhRWRYWkdvek4zYxAB
SERDAR İMER,4.0,"I had a 6-night holiday experience between June 29th and July 5th. The hotel's front area is used for parking, but there were no spaces available when I arrived. Security quickly helped and directed me to the back area of ​​the hotel, from where I could enter the hotel itself. The welcome was adequate.
The aqua park area meets expectations for families with children and aqua park lovers. To balance the heavy use of the double boats, the staff in that area assists those waiting in line. On a day when we couldn't find an empty sun lounger in the aqua park, Bilal, one of the staff members, was very helpful and assisted us quickly. Since the hotel's architecture is perpendicular to the sea, you are likely to walk a lot, but you can consider this as exercise after dinner 😊
On June 30th, Serkan, who works at the White Angel Bar, was very polite and helpful. Employees like him are a valuable asset for the hotel.
The evening shows and disco party organizations were successful. The atmosphere was mainly families; only at one point during the disco night, a group of 7-8 men were having fun in the middle area 🕺
I didn't use the à la carte restaurants, but the concept looked nice from the outside. Those who want to avoid crowds can choose these restaurants at the right times. Don't expect the same level of food presentation/flavor as you've stayed at hotels like Titanic Deluxe Belek in the main restaurant; ultimately, considering Waterworld is a price/performance hotel, it meets expectations. However, I didn't expect to encounter such a variety of dishes twice in a 6-day holiday 😊 During the day, pizza, baked potatoes, crispy chicken, gözleme (Turkish flatbread), etc. are available. The bar service is quite extensive. Ice cream service hours are extended. In short, you can enjoy your holiday with your family and children without setting your expectations too high.",3 weeks ago,2026-07-14,,,4 reviews · 1 photo,Ci9DQUlRQUNvZENodHljRjlvT21KUGNHOUxjbXBNVlRNM2QzZ3dPSHBYUW1wUVZGRRAB
Rabia Çukur,5.0,"We stayed for 5 days from July 6th to 11th... Everything was wonderful. The sea, the location, the food, the staff service were all excellent. I definitely recommend it. I would like to give a special thank you to Elif, the receptionist. This was our 4th hotel from the Crystal group... and we always leave happy. This was the best part, in my opinion 🤍",3 weeks ago,2026-07-14,,,3 reviews,Ci9DQUlRQUNvZENodHljRjlvT21zMFVXNXJPREpOUVcxek0wdzRaalJzUjNSdllsRRAB
A3921ZQ_,2.0,We stayed at this hotel for a week after the May holidays. |Four girls went on vacation and booked a family room. Please note that the photos the hotel displays and what is actually there do not correspond to reality. The family room only …,3 weeks ago,2026-07-14,,,,ChdDSUhNMG9nS0VNblQ4Nl82dHJhQ19RRRAB
mevlüt güneş,5.0,"I've been to this hotel three times and everything is wonderful, but I haven't found the same food in the kitchen as when I came 10 years ago. I rediscovered the same taste of the Cosmopolitan cocktail I drank 10 years ago thanks to Deniz, a trainee I recently met here. I wanted to leave this review even before he asked; he truly works hard. He's only 18, but his skills, friendliness, sweet demeanor, and presence make him a very mature gentleman. Even though Deniz is a trainee, he truly deserves to be a bartender. Who knows what he could do if he were a master? These trainees deserve to be given the best opportunities. I thank Waterworld for introducing us to such high-quality individuals.
Those who come here shouldn't leave without visiting Deniz...",3 weeks ago,2026-07-14,,,4 reviews · 1 photo,Ci9DQUlRQUNvZENodHljRjlvT2pGaGIwUm5RbVZRVTNGQ1dHZFpVWE0zWVRkeE5XYxAB
Екатерина Машкова,5.0,Good soft play. I really liked everything!,3 weeks ago,2026-07-14,,,1 review · 8 photos,Ci9DQUlRQUNvZENodHljRjlvT2xsaU4wTk9RemcyY1Y5c1ZXc3dlVVJ1WDNGdU5tYxAB
Selim Aydın,1.0,"This was our fourth visit to Crystal Water World, and unfortunately, it turned out to be our last.

This time, we experienced a major disappointment. A piece of glass from a plate got stuck in my daughter's foot, and my wife's foot was burned by a guest.

A large family with four children was staying in the room next to ours. Due to inadequate sound insulation, we couldn't rest because of the baby crying and loud noises. Furthermore, the scraping of chairs and tables from the lobby bar below our room kept us awake all night. Despite requesting a room change, we were told there were no vacancies.

On the second day, the floor was extremely slippery because many guests were entering the restaurant in their wet swimsuits after swimming in the sea and pool. My daughter slipped and fell while getting food, the plate she was holding broke, and a piece of glass got stuck in her foot. We had to take her to the hospital.

That same evening, while my wife was waiting in line for drinks at the bar, a hot cup of tea spilled on her foot by one of the young foreigners joking amongst themselves, causing a second-degree burn. We had to take her to the hospital again. While it's clear the incident was caused by a guest, it's also evident that such large and uncontrolled crowds create conditions conducive to such accidents. The hotel management's approach was limited to simply saying, ""We're sorry, accidents happen.""

Due to these events, we were banned from swimming in the sea and pool, and our vacation was interrupted. Four days before the end of our vacation, on the morning of the third day, we were forced to leave the hotel.

As a result of these events, we suffered a total financial loss of 9,500 TL, including 3,500 TL for early departure travel expenses, 5,000 TL for hospital expenses, and 1,000 TL for medication. We demand that this loss be compensated by the guest who caused the incident, or by the legally responsible person or institution.

We expected a more solution-oriented and responsible approach from this hotel, which we have trusted and chosen for years, in the face of this inconvenience. Unfortunately, due to this experience, we do not intend to return to Crystal Water World.",3 weeks ago,2026-07-14,,,Local Guide · 11 reviews · 1 photo,Ci9DQUlRQUNvZENodHljRjlvT2xOb2FUbExhSFJ2WlU1SGEzSjFSRkp2T0RaMllVRRAB
Евгения Зыбина,5.0,A good hotel for a holiday with children,3 weeks ago,2026-07-14,,,1 review,Ci9DQUlRQUNvZENodHljRjlvT2kxNlZubG1kWG94YWxneVJYZHJUbG80V1hwMVMzYxAB
hamide ergül,5.0,"Even though the places were very far apart, everything was beautiful 🌸",3 weeks ago,2026-07-14,,,4 reviews,Ci9DQUlRQUNvZENodHljRjlvT2xVNVlsZzFZV1V4VjJGcVgyRk5lR1ZxZFhaQ1kxRRAB
Sedat Apaydın,5.0,"The hotel was fantastic. All kinds of amenities were available: entertainment, food, and activities. A big thank you to the customer service department staff, Nasim and Ela Hanım, and all the other staff; all the reception staff; the lifeguard chief and his team; the animation staff member Katya and all her colleagues; and also to all the other staff.",3 weeks ago,2026-07-14,,,3 reviews,Ci9DQUlRQUNvZENodHljRjlvT25ReVFrTkVZbE5JTWpKM0xVRjZhemxMTWpOTlFYYxAB
Denis X,5.0,"The hotel is great, especially the water park. Thank you. The massage was fantastic.",3 weeks ago,2026-07-14,,,1 review,Ci9DQUlRQUNvZENodHljRjlvT2tkSlkwOTZRMWxtVjBzeVJrdHZTVTFvYzBKVlRFRRAB
Tolga Bozacı,5.0,"The coffees at Le Croissantreide are delicious and the presentation is very special, thank you Fince Hanım and Cansel Hanım, we really liked the coffee notes 👍",3 weeks ago,2026-07-14,,,7 reviews · 1 photo,Ci9DQUlRQUNvZENodHljRjlvT25JMU9EazVYemcwWkhaVE5tdzVTMHRNTUdVM1QwRRAB
Zeynep Yanıt,5.0,,3 weeks ago,2026-07-14,,,3 reviews,Ci9DQUlRQUNvZENodHljRjlvT21oRVgzZHZjVkZtTjNCdWN6aFlla2RLTVd3dFozYxAB
Hiranur Yanıt,5.0,,3 weeks ago,2026-07-14,,,,Ci9DQUlRQUNvZENodHljRjlvT21kdFowdDZNRWRJZG5RNWVXVkVSbTV2TmpSWk5tYxAB
mehmet öztürk,5.0,"This is the first time I'm writing a review for a business. The hygiene is so bad that I was disgusted by most of the food. I can confidently say I never saw the forks, knives, or tables clean. There's a foul smell throughout the hotel that we couldn't understand. There's no room cleaning whatsoever. They don't change the sheets or towels unless you complain. The mini-bar is never refilled unless you call the lobby. They didn't touch the ashtray on the balcony for six days. The area is so large that it takes an average of 1.5 hours to eat. There are queues for every amenity the hotel offers. You can't drink the same alcohol twice because either they don't have the ingredients or they can't replicate the taste. The bartenders are not bartenders at all. This was absolutely not worth the money we paid. A huge regret.",3 weeks ago,2026-07-14,,,3 reviews,Ci9DQUlRQUNvZENodHljRjlvT25ocVYwNHhNRWRLUWs5NldsTmhNMHhRZGxodlgwRRAB
Okan Geçer,5.0,"Everything was wonderful, the rooms, the staff, customer satisfaction was top-notch at this hotel, I would definitely recommend it.",3 weeks ago,2026-07-14,,,3 reviews,Ci9DQUlRQUNvZENodHljRjlvT2tSSVVtTjNSMGh2UlhaRFp6VnBkRUpCYVhWdlNtYxAB
Onur Küçükdavarcı,5.0,"We were very pleased with everything and definitely recommend it, except for the Turkish night which was lacking, and the limited amount of meat served at the restaurant. We were impressed by Mr. İlyas Yeşiltaş's service and friendly demeanor.",3 weeks ago,2026-07-14,,,9 reviews,Ci9DQUlRQUNvZENodHljRjlvT20xeU1YWk5NVm90VFhWMGRrTjRTV053VnpSVWJVRRAB
Mehmet Ankay,5.0,"Everything was perfect, we were very satisfied and we recommend it.",3 weeks ago,2026-07-14,,,1 review,Ci9DQUlRQUNvZENodHljRjlvT2pCRmIzcFZOVmhXTWpoUlJqaHpSWEJpY0ZocU1VRRAB
Yusuf Gumus,5.0,"The rooms are very clean, very suitable for a family hotel, the service is excellent, the staff are friendly, and the animation team is very entertaining.",3 weeks ago,2026-07-14,,,3 reviews,Ci9DQUlRQUNvZENodHljRjlvT2pKa2JrZHZSWFkwZEdvMVZURjZUakE0YWw4eE5sRRAB
ahmet balcı,5.0,I was very pleased with the animation team. We especially enjoyed the volleyball activity. We tried not to miss any of it. Thank you to animator Efe. He helped us as much as he could. This hotel is now among our top choices.,3 weeks ago,2026-07-14,,,1 review,Ci9DQUlRQUNvZENodHljRjlvT2xObVp6TXRUa2RFWkU5cFMwOWpRbGM1VFhKdmNuYxAB
İzel BOZDAĞ,1.0,"Hello everyone, we're on the last day of our vacation, which we booked for the second week of July 2026. To quickly summarize, I absolutely do not recommend it. I'll list all the negatives: despite not being a very cheap place, the cleanliness is extremely poor. The rooms are very old and dusty; even the grout in the bathroom tiles is moldy. The floors aren't even swept. The same food is served every day. The meals are very mixed; there's no proper variety. The staff are very attentive, but they can't keep up. It's extremely crowded, and there's a shortage of staff. As for the pools, there was a negative incident in the children's pool; a child defecated there, yet the pool wasn't closed. You can tell the level of cleanliness from that. We booked it based on positive reviews; I usually don't leave reviews, but I've been thinking about writing one since the first day we arrived. Don't make the same mistake we did. We pay a fortune and wait for months for this vacation; it's a shame.",3 weeks ago,2026-07-14,,,1 review,Ci9DQUlRQUNvZENodHljRjlvT2sxc01tWXlVWEZpWTIxaWVFcG1PVzlrY0dvd00yYxAB
Kader Gökçe Altun,5.0,Everything was wonderful and so much fun! We especially want to thank Yusuf and Samet; their attention and care were exceptional. I would love to come again and we'll be back next season! 🤍🤍🤍,3 weeks ago,2026-07-14,,,1 review,Ci9DQUlRQUNvZENodHljRjlvT21kTU9WbGljelJzUmpOc2VrcHRVR2QyVm1wRk5HYxAB
Aira Nurin,5.0,Nice place to have fun. Especially kids club. Thanks Ozlem 🌷,3 weeks ago,2026-07-14,,,1 review,Ci9DQUlRQUNvZENodHljRjlvT2tSTGNua3dWSFJSUWtKWmRuTTBibXB2ZW1rM1JVRRAB
Elnare Huseynli,5.0,We really liked the hotel. There are activities for children. The food and service were also good.,3 weeks ago,2026-07-14,,,1 review,Ci9DQUlRQUNvZENodHljRjlvT2toNVZEaFhla0psV2xSdFVucDNObmszYWpGeFRFRRAB
Балжан Қызыр,5.0,"Excellent hotel! Clean and cozy play areas for children (soft play, mini club), friendly staff, and delicious food. I have only pleasant memories, and I would be happy to return.",Edited 3 weeks ago,2026-07-14,,"Dear Guest,
Thank you for your high rating of our hotel and for awarding us 5 stars. We are delighted that you have expressed your satisfaction in this way – it is a great joy and motivation for us.
Our top priority is always to ensure you have a pleasant and carefree stay. Your valuable feedback inspires us to maintain and continually improve the quality of our services.
We look forward to welcoming you back to our hotel in the near future and hope to once again meet your expectations on your next vacation.
Sincerely,
CRM Team
Crystal Hotels CRM",1 review,Ci9DQUlRQUNvZENodHljRjlvT21oTFluWkVTRGhJVDNaSVRGQnBablpQTmxweWFWRRAB
Elanur,4.0,"The hotel is very large; those who don't like walking should definitely avoid it. Even walking from the pool near the water slides to the sea takes a long time. There are two outdoor pools, both 1.40 meters deep, always very hot, never cooling, and very crowded. Overall, it was a very enjoyable vacation. However, the hotel is very crowded, and there isn't enough space for so many people to sit. The hotel rooms are very small. There are very few staff at the bars. You have to wait in line constantly, day and night. The water slides are very nice, but because there are so many children at the hotel, you might have to wait in line for half an hour. The staff are quite helpful and friendly, but something happened that I didn't like: there was nothing about cleaning posted on the door, but suddenly a cleaning lady entered the room while drying her hair, and I couldn't understand what was happening when I saw her. Although she suddenly left the room saying ""sorry, sorry,"" it wasn't pleasant. Afterwards, she kept saying ""cleaning, cleaning"" in front of the door, but it would have been a bit absurd for her to be cleaning while I was in the room. Still, it's impossible not to hear the sound of the machine you're using from outside. I was drying my hair in front of the door anyway. But besides that, it was quite good. Especially the cheerful demeanor of the young boy, whose name I believe was Umut, at the mojito stand, was one of the things that made me enjoy my vacation. The food was good, but charging for freshly squeezed orange juice in the mornings was unnecessary. I had been to another hotel in this chain before, and it wasn't like this. Although the fact that you can go to as many à la carte restaurants as you want is quite enjoyable, you have to wait in line for quite a while to get a seat because they all operate very slowly. And the issue of reserving a seat also applies to the pool and the beach; you generally can't find a place if you don't go early. But overall, it was a hotel I enjoyed very much and left happy. Although I've focused on the negatives in my review, looking at it in general, it was a very nice vacation. We thoroughly enjoyed the evening activities every single night. We watched all the activities with great enjoyment; the animation team was very successful.",3 weeks ago,2026-07-14,,,2 reviews · 6 photos,Ci9DQUlRQUNvZENodHljRjlvT2xCd2JFVjBNelpWVDI5R1ZXczBRbmcxUTNkRWRFRRAB
Marian Simko,5.0,Super.perfect approach.great service.100%,3 weeks ago,2026-07-14,,,1 review,Ci9DQUlRQUNvZENodHljRjlvT2xOUVNVOXhWamRzTkdaUWVrNXRRWEEzT1V4blJFRRAB
Maša Šimková,5.0,,3 weeks ago,2026-07-14,,,,Ci9DQUlRQUNvZENodHljRjlvT2tOMlREWm5VbWQ0Y1dodVMyZFNhMWRUY0hJMlZuYxAB
EDA COŞKUN,4.0,"Overall I liked it, but I wasn't very satisfied with the hygiene in the rooms. The food was average.",3 weeks ago,2026-07-14,,,4 reviews · 1 photo,Ci9DQUlRQUNvZENodHljRjlvT2xWaVFTMUlSRFZoWlUxSlJtOTZlVmhoTW5OcE4yYxAB
Ерсултан Жалгаспаев,5.0,"FRIENDLY RECEPTIONIST, WE WOULD LIKE TO PARTICULARLY NOTE ROSA. THE HOTEL IS SUPER, WE CAN RECOMMEND IT TO OUR FRIENDS",3 weeks ago,2026-07-14,,,1 review,Ci9DQUlRQUNvZENodHljRjlvT21SNlprZzJkM2xsUjJkRlQwZGtVUzFZZDNaVlpFRRAB
Seda Paşalı,5.0,"The coffees at Le Croissantriede are very, very delicious. The staff are very friendly and helpful. We really liked the two notes they brought with the coffees; they brightened our day.
Thank you to the bar team, especially Ms. Fince and Ms. Cansel.",3 weeks ago,2026-07-14,,,2 reviews · 1 photo,Ci9DQUlRQUNvZENodHljRjlvT2pOM2VrNVJaR0owUVhCVlgweFVjbTlYU25OT2FXYxAB
Taylan Karayel,5.0,,3 weeks ago,2026-07-14,,,,Ci9DQUlRQUNvZENodHljRjlvT205WFVsZEhSMDVLT1dSR1lYUXlWVXhKUWpaclprRRAB
Sehinsah Demo,5.0,,3 weeks ago,2026-07-14,,,1 review,Ci9DQUlRQUNvZENodHljRjlvT2poMk9FZEhSMjVWWDNoc2RrNTRWelprYkU5U1duYxAB
Kader Celik,5.0,,3 weeks ago,2026-07-14,,,,Ci9DQUlRQUNvZENodHljRjlvT25wbk56UnBZbUZqWjJGQmJuVllYM05QTkRGSGNWRRAB
mehmet DEMİR,5.0,"We are currently staying here; the food is delicious and there is a great variety, the entertainment is fantastic, and all the staff are attentive and helpful. We are very pleased.",3 weeks ago,2026-07-14,,,1 review · 1 photo,Ci9DQUlRQUNvZENodHljRjlvT2xadVNuWlFkMDlKV0dSeGVYZDJVRTlKYm5KSWVXYxAB
Temhemkaba Abak,5.0,,3 weeks ago,2026-07-14,,,11 reviews · 3 photos,Ci9DQUlRQUNvZENodHljRjlvT2sxc2EzUllPRTVSZGtaR1UycHlORjlQWHpOUmJGRRAB
Naz Doğan,5.0,"This is our 4th day at the hotel and we're having a really fun holiday. The activities, the cleanliness, everything is really great. Thank you to everyone, the girls in the animation team were amazing! 😝😝😘😘",3 weeks ago,2026-07-14,,,2 reviews,Ci9DQUlRQUNvZENodHljRjlvT21sSmJWZHNkMjVPUkc5ZldrNVNPV2hwTFV4a09VRRAB
Elifnur Çetintaş,5.0,"The hotel is absolutely excellent in terms of comfort. The staff's attentiveness and helpfulness are also top-notch. The evening entertainment is wonderful. The girls in the animation team are great, thank you!",3 weeks ago,2026-07-14,,,3 reviews,Ci9DQUlRQUNvZENodHljRjlvT2twMlgydEdVQzFYUXpCSU9HaHhhbkJCWTB4RVZIYxAB
EMRE,5.0,"The rooms, pool, aquapark, restaurant, bars, everything was beautiful and wonderful, it appeals to everyone, they made us feel very welcome, I recommend it to everyone 🙏👍👍",3 weeks ago,2026-07-14,,,2 reviews,Ci9DQUlRQUNvZENodHljRjlvT2tKbWFWUkhaemhZT0hWMlJtODFTRXRsYzJoQ1EwRRAB
Zülfikar Öztürk,5.0,We would like to thank Mr. Fırat from the animation team for his help and guidance. He was one of the most influential people in our holiday.,3 weeks ago,2026-07-14,,,2 reviews,Ci9DQUlRQUNvZENodHljRjlvT2xwMGJrRjBOazR0TnpSQ05YQk9OMEppUjFnemFrRRAB
Berkay,5.0,I would like to thank Mr. Fırat from the animation team very much; he was very helpful and attentive.,3 weeks ago,2026-07-14,,,Local Guide · 8 reviews · 1 photo,Ci9DQUlRQUNvZENodHljRjlvT2xZMGNHMHhXVFJsV0RWWWNHaE9VWFp4Y2taYWRHYxAB
Ali Kaan Göğüş,5.0,"The hotel is very pleasant and beautiful, very peaceful, the food is very good, the rooms are very comfortable, and the hotel guests are very friendly. Thank you for everything.",3 weeks ago,2026-07-14,,,1 review,Ci9DQUlRQUNvZENodHljRjlvT25sSWEwNTRRa1puVldsdVNteDFjRVJ3ZFRKUlNWRRAB
Alperen Kurt,5.0,"The hotel is very pleasant and enjoyable. The food is delicious and the drinks at the bars are excellent. The staff are friendly, and the rooms are nice and spacious. Many thanks to the staff.",3 weeks ago,2026-07-14,,,1 review,Ci9DQUlRQUNvZENodHljRjlvT2t0SmFsaFVXbXRDTFhOQ1NrbHdZbkkxVEVsWmFrRRAB
MURAT KURT,5.0,My favorite part of the hotel was the Irish pub and the evening entertainment. We really enjoyed participating in activities with the animation team. Most of the staff were friendly and kind people. The mini club is great for kids. Thank you Crystal!,3 weeks ago,2026-07-14,,,1 review,Ci9DQUlRQUNvZENodHljRjlvT20xc01rZzJiRzFzUm5obldqSnpNblZ2UnpSalpYYxAB
Yasin BALCI,5.0,"Overall, we were very satisfied with all the services. We came as three friends, they organize great parties, there are three shows a day in general, and the service is very good. Most of the guests are families, but that doesn't affect you.",3 weeks ago,2026-07-14,,,2 reviews,Ci9DQUlRQUNvZENodHljRjlvT2xZMGFVd3RjVFpFVUVRM1VuTlplbGRHYkRCdFYzYxAB
Nida Mendes,4.0,"We are currently staying here as a family, we are staying in a family room. There is only one sink in the room, it would be better if there were two. The hotel is a bit crowded, especially for the aqua park, you have to wait in line.
The evening activities are fun, there are activities for both children and adults, it's a place you can come to as a family.",3 weeks ago,2026-07-14,,,1 review,Ci9DQUlRQUNvZENodHljRjlvT21kMGExaHROa2sxYzNjeVFWZzRNMEZCVFdVeFZsRRAB
İsa Sadic,5.0,"The hotel is very nice.
The meals are prepared with care, there are two shows every evening, it is very suitable for families with children.",Edited 3 weeks ago,2026-07-14,,,1 review,Ci9DQUlRQUNvZENodHljRjlvT21Kb1dESlVZMUpvV210SlFrMU1kVW8zWDBjd05tYxAB
Sevcan Engin,5.0,"This is our second visit, but we deeply regret it. Firstly, we were happy that the à la carte tables were free from 6:30 PM to 11:00 PM, but there were queues stretching for hours. The previous day, we thought, ""There's already a long queue until 11:00 PM,"" so we went at 10:30 PM, and even though the tables were empty, we weren't let in. They said the last time they let people in was at 10:00 PM, after which they closed the doors. Even though customers had left the tables, we were kept waiting at the door for 30 minutes. So, don't be fooled by the free à la carte tables. And the most ridiculous thing is that we pay for an all-inclusive hotel, and at dinner starting at 6:30 PM, many dishes and desserts run out in the first 20 minutes, and they don't give any more. When we asked why, they said it was a special opening dinner. I was very surprised. For 5 days and 4 nights, the same things were served; there was no variety. When we came in 2022, there was a world cuisine concept every day. This year, in this huge hotel, the fish restaurant didn't have crab, jumbo shrimp, octopus, or mussels; you just keep eating salmon, sea bream, and sea bass. The children's pool wasn't cleaned for hours at night. On July 9th at 10:00 PM, they said they needed to clean it and told us to empty the pool. We had to take the children out, crying. We thought there would be some improvement in 4 years, but there's been an incredible regression. When I asked the kitchen chef why the seafood was limited and there was no shrimp, he showed me small frozen shrimp from a discount supermarket and said, ""Yes, we have them, you can eat them."" That's the only seafood they have, folks. The rest of the fish are things we all buy and eat. If you're thinking, ""I'll pay extra and try different things,"" then don't waste your money by booking here. This so-called ultra all-inclusive hotel, supposedly luxurious, doesn't even serve pistachio baklava. They give stale walnut baklava. One day, they only served carrot slice baklava, and when we took it, the chefs mockingly said, ""Look, this is pistachio baklava, you don't always find that."" This is ridiculous. I eat the same things at home and outside. Also, for four days straight, they only served lokma (a type of Turkish dessert) and halka tatlısı (ring-shaped pastry). I'm very surprised. The hotel's concept was much, much better in 2022. Furthermore, the restrooms near the pool smell extremely strongly of urine; every time I went, the smell was extremely unpleasant.",3 weeks ago,2026-07-14,,,2 reviews,Ci9DQUlRQUNvZENodHljRjlvT201NWNscE5kR1YzTmswemNIWTRWbXc0ZFZCQ2FrRRAB
hamed imanshoar,5.0,,3 weeks ago,2026-07-14,,,1 review · 1 photo,Ci9DQUlRQUNvZENodHljRjlvT2psSVRYbDRRVlZxYTBSVFdVZDJTMHRhTFhWd2VGRRAB
Afsaneh Chavosh Akbari,5.0,"It was an amazing stay for me and my family in crystal waterworld resort.
Thanks for everything.",3 weeks ago,2026-07-14,,,2 reviews · 1 photo,Ci9DQUlRQUNvZENodHljRjlvT2pjMWIzWlZla2MwYld4aWRUSXRXWGQ0VW5wVVYxRRAB
Betül Gündüz Çağlar,5.0,"The drinks we had at Le Croissantreide were delicious, we really liked the complimentary notes, they were very nicely thought out. Many thanks to the staff working there.",3 weeks ago,2026-07-14,,,2 reviews,Ci9DQUlRQUNvZENodHljRjlvT21OYVYwUm9VMUpvYmw5Tk5XZEdORGRXV0hCclowRRAB
Asu Gun,5.0,"The coffees were delicious, and we really liked the coffee notes; they were wonderfully thought out and lifted our spirits.",3 weeks ago,2026-07-14,,,1 review,Ci9DQUlRQUNvZENodHljRjlvT2xoQ1IxZ3RNR1UwYjNoclpYb3hZMnc1U21ORlQyYxAB
ege01,4.0,"Beautiful Hotel, a Tourist Place. I would like to thank my brother Kaan Belboy for his service; he is a very successful person.",3 weeks ago,2026-07-14,,,2 reviews,Ci9DQUlRQUNvZENodHljRjlvT2tneFRWVm9hWEl6ZVRoMlYxaFJUSEI0YUdGRFUzYxAB
Emir Aksoy,1.0,"There are extremely long queues for every service the hotel provides, it's completely full and beyond capacity, the à la carte restaurants are extremely slow and it's impossible to get in line, the quality of the food is average, I would definitely recommend looking at other hotels.",3 weeks ago,2026-07-14,,"Dear Mr. Emir Aksoy,

We were unable to access your hotel accommodation information.

To resolve this dissatisfaction, please contact us through the following channels:
Email: gr.waterworld@crystalhotels.com.tr
WhatsApp: +905300619482

Sincerely,

Crystal Hotels CRM",Local Guide · 30 reviews · 9 photos,Ci9DQUlRQUNvZENodHljRjlvT201emRuVmxhVTUxYjNoSGRtOVpPRXBXVmpSWWNuYxAB
Şeyma Yalın,3.0,"Hoping it will be taken into consideration, I would like to share my positive and negative opinions about the hotel. We stayed at this hotel for 5 nights between July 4th and 9th.

First of all, I must say that the hotel feels like it's hosting far more guests than its capacity. Event areas, pools, the main restaurant, bars, restrooms… there's a serious problem with crowds and queuing almost everywhere. Even when you're not waiting in line, there's practically a race to grab a spot, especially for sunbeds and seating areas. You come here for a holiday, but you're constantly struggling with crowds.

In my opinion, the biggest problem is the inadequacy of the staff and organization despite this high demand. The employees may be doing their best, but it seems impossible for them to keep up with the number of guests with this staff. This directly affects hygiene and service quality. Almost all the shared restrooms had a foul odor. The area around the pool was often full of trash. In the pool, we encountered hair and other dirty residue that I couldn't identify. Frankly, encountering this kind of sight in a hotel of this caliber was not pleasant at all.

I think the decision to remove the reservation system for à la carte restaurants this year was a very wrong one. The hotel is already crowded, and now long queues are forming in front of the à la carte restaurants. We tried the Anatolia and Dragon restaurants. Anatolia was a serious disappointment for us in terms of both service and taste. Dragon, on the other hand, was successful in both taste and service. The main restaurant's food wasn't particularly special, but it wasn't bad either; it was average to good.

Another thing that bothered me was the attitude of the market employee inside the hotel. I think the attention, politeness, and courtesy shown to Russian guests should be shown equally to Turkish guests. This feeling of discrimination is not pleasant at all.

Despite all this, I would also like to say that most of the hotel staff were friendly and helpful. I would especially like to thank Ahmet Bey, Salih Bey, and Süleyman Bey from the bartenders for the truly excellent cocktails they prepared; and Katya Hanım from the animation team for her kind and attentive attitude. My criticisms are related to the hotel's overall operation and capacity management. Because with better planning and a stronger organization, a much more enjoyable holiday experience could be offered.",3 weeks ago,2026-07-14,,,4 reviews,Ci9DQUlRQUNvZENodHljRjlvT25SUlRYQmlSREZJVEhKV01YSlFTMmg1ZVhKalQxRRAB
merve özdamar,3.0,"This is our last day at the hotel; we've been here for 5 nights. First, let me write about the good points. The hotel's evening shows are nice and entertaining, the snacks at the snack restaurant near the Caretta bar are good, the Irish bar is the best among the bars, bartender Süleyman's cocktails are very successful. The aquapark is good, the pastry shop is good, open until 11 pm and serving ice cream all day. The water games were nice, but the food is average, it could have been better. The most successful aspect of the hotel, in my opinion, was the kids' club; my daughter didn't want to leave, thank you very much to the kids' club team. Now, let's talk about the negatives:

The hotel is very large, we knew that, of course, but the aquapark is at one end and the restaurant at the other, we kept walking back and forth. Room service knocks on the door at 9 am, very early, and we were woken up twice by room service because we forgot to put up the ""do not disturb"" sign. Some of the bartenders prepare the drinks very carelessly; when we ask for something different, they give us vodka mixed with cherry juice. We want Churchill, but they say there isn't any. Isn't Churchill made from soda, salt, and lemon? How can there not be any? The area under the umbrellas where people drink coffee has such a terrible smell. You're constantly scrambling for sunbeds and tables because of the crowd. I can't say it met our expectations, but we still tried to enjoy ourselves. Update:
Mr. Görkem from guest relations spoke with us before we left, we discussed the shortcomings, he took notes, and informed us that the smell wasn't hotel-related. We thank him very much.",3 weeks ago,2026-07-14,,,2 reviews,Ci9DQUlRQUNvZENodHljRjlvT2paU2RTMTJRVFpoWlU5dFNTMVdjVkJCYWpCT1NHYxAB
Neslihan Aytac,1.0,"It's been about a week since we left the hotel. It's a complete disappointment. The cleanliness and hygiene are terrible. Even the pillowcases weren't changed. The food had zero flavor. We stayed for a week. We tried to eat à la carte as much as possible. That was better than the regular restaurant, but even there you have to wait a very long time for your food to arrive. The snack bar served the same things over and over again. They defecated in the children's pool and the regular pool several times. It was cleaned, but just seeing that was enough. As a result, we returned home sick. In short, it was a complete disappointment; I wouldn't go there again even if it were free.",3 weeks ago,2026-07-14,,,3 reviews,Ci9DQUlRQUNvZENodHljRjlvT2sxTk5FMUJPR1JVVDI1VGRtNHRRaloyVEUxelExRRAB
KDT Yazd,5.0,"Considering the age of the hotel, the rooms are exceptionally clean and well maintained. The tiles in the corridors, rooms, and even in the water park were intact and free of any damage or cracks. Daily cleaning and maintenance were carried out regularly.
In the restaurant, if a guest accidentally broke a plate or a dish, they were not blamed or treated negatively. On the contrary, the staff’s reaction was very professional and respectful, which reflects the excellent management of this complex.
English is commonly spoken only at the reception and lobby areas. Other staff members have difficulty understanding English, so communication can sometimes be challenging.
The public restrooms were clean and well maintained.
The hotel’s Wi-Fi coverage was amazing, with good speed throughout the entire property, even by the seaside. The water park was very exciting and attractive, creating wonderful memories for the children.
I would like to sincerely thank Ms. Nasim, who speaks Persian fluently. She handled every issue we had in the best possible way and was always helpful. The reception team’s attitude was excellent, and they even provided our room one hour earlier than the official check-in time.
Upon arrival, while we were waiting for our room to be ready, we were able to use all hotel facilities. The Latin American restaurant was excellent, and the Italian restaurant was also very good. The main restaurant had a wide variety of food and offered something suitable for almost every taste.
Overall, we had a very pleasant experience and appreciate the efforts of the hotel management and staff.",Edited 3 weeks ago,2026-07-14,,,Local Guide · 3 reviews · 24 photos,Ci9DQUlRQUNvZENodHljRjlvT21Gdk1WaHBPQzA1ZUZGMlJ6VTFiSFZEVVVvMllrRRAB
Necmi Bulut,5.0,"The coffees we had at Le Croissantreide were delicious. The staff were friendly and helpful, and we really liked the notes that came with the coffee; they made our day even better. Thank you, bar team!",3 weeks ago,2026-07-14,,,1 review · 3 photos,Ci9DQUlRQUNvZENodHljRjlvT25Zd05VSjVVVWw2WTNCalpVNVdaV1J6WWpGa1prRRAB
Volkan Pırıl,4.0,I was amazed by the wonderful energy of the lovely Hazal Hanım and her colleagues at Le Crossanteri. Thank you!,Edited 3 weeks ago,2026-07-14,,,1 review,Ci9DQUlRQUNvZENodHljRjlvT21oMmF5MDNiRTV2VDNGRlRrTjZUWGcxZFc5elVVRRAB
Emre Aydogan,5.0,"The hotel is beautiful; I highly recommend it.

The animation team is very friendly and entertaining.",3 weeks ago,2026-07-14,,,1 review,Ci9DQUlRQUNvZENodHljRjlvT2tGSWNHOTFiVmxpYVVSU2JFNXpWRE5YUkRoaVRWRRAB
Zhumagul,5.0,"The Soft Play play area for children is a wonderful place. The kids are always happy. The entertainers are friendly and smiling. The evening entertainment is always varied and fun. The restaurant is very diverse, with plenty of à la carte options, and everything is delicious. We recommend this hotel.",3 weeks ago,2026-07-14,,,1 review · 1 photo,Ci9DQUlRQUNvZENodHljRjlvT2t4SGVYRkpWMXBNVmpGTmRtSTJNbE50UkhaWVJWRRAB
Vesile Özgiray,5.0,"We were very pleased and would like to thank them for including lucky notes with our coffee, which made our day even better.",3 weeks ago,2026-07-14,,,8 reviews · 1 photo,Ci9DQUlRQUNvZENodHljRjlvT25Bek5ETTFkMVJhUlZSQlFtVllhRVZuYTFScmJsRRAB
E. AKDAĞ,5.0,I would like to thank the Finnish lady for her thoughtful gesture. Everything was wonderful.,3 weeks ago,2026-07-14,,,Local Guide · 22 reviews · 17 photos,Ci9DQUlRQUNvZENodHljRjlvT2xsU2MweG5hRmhGZFdOYWFYQlhWRlZ6WjFsaFgwRRAB
betul ozturk,3.0,"The notes provided alongside the coffee in the Le Coruasante section brightened our day. They were very thoughtful, and the staff working there were extremely friendly and made us very happy.

The most disappointing aspect of this hotel was the à la carte restaurants. They were full of guests waiting for hours at the door due to their no-reservation policy. Although notes indicated they would be open until 11 PM and would be quieter after 9 PM, we arrived at 10 PM only to be told the food was finished and we were only allowed inside. My seven-year-old daughter was hungry, causing us problems. However, thanks to Chef Sedat's attentiveness at the Caretta Restaurant, the chicken pasta and french fries were prepared quickly, bringing our evening to a sweet conclusion. Chef Sedat was very attentive and pleased us. Overall, the staff were very friendly and helpful.",3 weeks ago,2026-07-14,,,4 reviews · 11 photos,Ci9DQUlRQUNvZENodHljRjlvT21SUGRXdE9ZekU1TUVSd1FrSkVPVkpHUWxnM1dYYxAB
Parinaz Moshir,5.0,"The water games were very exciting.
Excellent breakfast",3 weeks ago,2026-07-14,,,1 review,Ci9DQUlRQUNvZENodHljRjlvT25kRlN6aGZhM1ZGZDNjNFptVkpaRTV1V1ZBek0yYxAB
Betul Bağıröz,2.0,"I had stayed at this hotel before and left very satisfied, but this year was a disappointment for us. There's nothing left of the old concept. We had to go to the à la carte restaurant, and you have to queue half an hour in advance because your food arrives very late. There are frequent arguments among people waiting in line to enter the à la carte restaurant. They said there's been a management change, but the waiters, customer relations staff, cleanliness, and service quality are not what they used to be. The entertainment is still very good; we never get bored in the evenings, and they have a great animation team. The entertainment is great. I would say you should think twice. Have a good holiday everyone.",3 weeks ago,2026-07-14,,,2 reviews,Ci9DQUlRQUNvZENodHljRjlvT213dE9IRTFPVXBFY1dJNGJVRXlTVlpVVmtSVlZXYxAB
atena fallah,5.0,"the childrens club was a good suggestion , the night party and show , and all of services were good",3 weeks ago,2026-07-14,,,1 review · 2 photos,Ci9DQUlRQUNvZENodHljRjlvT2pZeVJqSlFiVEIxYzI0MmNtaFhZVjlmTWxJMldtYxAB
Naser Rostami,5.0,The hotel was excellent in terms of cleanliness and food. The highlight of the hotel was the warm and respectful treatment of the hotel staff. Thank you for making our day a good one.,3 weeks ago,2026-07-14,,,1 review,Ci9DQUlRQUNvZENodHljRjlvT2t0UmVEQktkVjlFYVhCWVpVUXlTM2M1U1hkbmJHYxAB
bijan fridony,5.0,Nice music could enhance the experience,3 weeks ago,2026-07-14,,,1 review,Ci9DQUlRQUNvZENodHljRjlvT25jemFYVklXak5NZG5SZk1tZ3RSSGhvZDI5M2EyYxAB
mohammad ahmadi,5.0,"We are here for wedding anniversary and it's so good especially your persenel at guest relations nasim, she is so good and kind",3 weeks ago,2026-07-14,,,1 review,Ci9DQUlRQUNvZENodHljRjlvT2xsNVNtOW1UakphTWxaVWJpMWFaM0pNT1UxaVlXYxAB
erika tothova,5.0,The personnel is very good and coffe very good. Thank you fince cansel hazal,3 weeks ago,2026-07-14,,,1 review · 1 photo,Ci9DQUlRQUNvZENodHljRjlvT2xaUWQwMW9iV1pvVUVkalYyMVNTblExU25OaWNVRRAB
Pezhman Alizadeh GoalKeeper,5.0,"Great water park
Good night programs
Good animation team
Very good booking and guest interaction",3 weeks ago,2026-07-14,,,5 reviews,Ci9DQUlRQUNvZENodHljRjlvT210NFN6bEVkWFUwVDJsbk9YaGZOMk5EWW1saVEyYxAB
Shadi Sadeh,5.0,,3 weeks ago,2026-07-14,,,1 review,Ci9DQUlRQUNvZENodHljRjlvT25GeVJVbG5hRm96UlV0dlZDMXliVFowWjJaTlgyYxAB
fari mge,5.0,,3 weeks ago,2026-07-14,,,,Ci9DQUlRQUNvZENodHljRjlvT2tWa2VuQmlhMkpHT1U0MlRXTkxOWGhpTkhsRlZrRRAB
Алмат Кожахметов,5.0,"The drinks we had at Le Croissantreide were delicious, and the staff were friendly. We really liked the notes of the day that came with the coffees. Thank you to the bar team, especially Hazal and Cansel, for their excellent service.",3 weeks ago,2026-07-14,,"Dear Valued Guest,
We sincerely thank you for your 5-star rating of our facility. Your expression of satisfaction in this way is a great source of happiness and motivation for us.
Our top priority is to provide you with a pleasant and trouble-free holiday experience. Your valuable feedback empowers us to maintain and further improve our service quality.
We look forward to welcoming you again soon and hope to provide you with the same satisfaction on your next holiday.
Sincerely,
Crystal Hotels CRM",2 reviews,Ci9DQUlRQUNvZENodHljRjlvT2pWd1NqZHZZazh0UWxFNFJqQndNRnBJT1hKQmRHYxAB
Ugis Pommers,5.0,"I loved the Sans notes, thanks to the bar staff!",3 weeks ago,2026-07-14,,,1 review,Ci9DQUlRQUNvZENodHljRjlvT25JMllqTlVlalV3YUVKRGNrWlhla1I1ZEZGNWJtYxAB
Кристина Дрябжинская,5.0,"My friends and I are vacationing at the Crystal for the first time. We absolutely love the entertainment program. Every day there's something new and interesting. Pool activities start in the morning at 11:30, and in the evening there are different shows every day, from children's shows to adult ones. We highly recommend this hotel!",3 weeks ago,2026-07-14,,"Dear Guest,
Thank you for your high rating of our hotel and for awarding us 5 stars. We are delighted that you have expressed your satisfaction in this way – it is a great joy and motivation for us.
Our top priority is always to ensure you have a pleasant and carefree stay. Your valuable feedback inspires us to maintain and continually improve the quality of our services.
We look forward to welcoming you back to our hotel in the near future and hope to once again meet your expectations on your next stay.
Sincerely,
CRM Team
Crystal Hotels CRM",1 review,Ci9DQUlRQUNvZENodHljRjlvT2s4eVkyTkZPRlJmVjFsWWNsOXdiWGhLYjNOTlMwRRAB
Seref Duskun,5.0,"It was amazing, the best fantastic 5-star hotel I've ever seen in my life. Games, shows, the sea was all here.",3 weeks ago,2026-07-14,,"Dear Valued Guest,
We sincerely thank you for your 5-star rating of our facility. Your expression of satisfaction in this way is a great source of happiness and motivation for us.
Our top priority is to provide you with a pleasant and trouble-free holiday experience. Your valuable feedback empowers us to maintain and further improve our service quality.
We look forward to welcoming you again soon and hope to provide you with the same satisfaction on your next holiday.
Sincerely,
Crystal Hotels CRM",2 reviews,Ci9DQUlRQUNvZENodHljRjlvT2psVFJ6TlNRemw2ZVVKalJVUldibmhhYUhGMFduYxAB
Kerem Durgun,5.0,"The hotel is very nice and large, and I also liked that there is a market nearby.",3 weeks ago,2026-07-14,,"Dear Valued Guest,
We sincerely thank you for your 5-star rating of our facility. Your expression of satisfaction in this way is a great source of happiness and motivation for us.
Our top priority is to provide you with a pleasant and trouble-free holiday experience. Your valuable feedback empowers us to maintain and further improve our service quality.
We look forward to welcoming you again soon and hope to provide you with the same satisfaction on your next holiday.
Sincerely,
Crystal Hotels CRM",Local Guide · 7 reviews · 65 photos,Ci9DQUlRQUNvZENodHljRjlvT2tsVFpEbEtRVlU1VUZaeWQxVnpNWGRDUW10RFZGRRAB
Арнур Берентай,5.0,The Soft Play play area for kids is a wonderful place; children always come away happy. The anisimovs are always smiling and welcoming. The restaurant is always delicious.,3 weeks ago,2026-07-14,,"Dear Guest,
Thank you for your high rating of our hotel and for awarding us 5 stars. We are delighted that you have expressed your satisfaction in this way – it is a great joy and motivation for us.
Our top priority is always to ensure you have a pleasant and carefree stay. Your valuable feedback inspires us to maintain and continually improve the quality of our services.
We look forward to welcoming you back to our hotel in the near future and hope to once again meet your expectations on your next vacation.
Sincerely,
CRM Team
Crystal Hotels CRM",1 review · 1 photo,Ci9DQUlRQUNvZENodHljRjlvT2tkb05Wb3pRVmx5ZDFKWGRHTlBUWGhDUmpCU1ZHYxAB
Atamsel IŞIK,5.0,The hotel staff and employees were very friendly. We were very satisfied with the service. The Pool Bar staff were especially wonderful. We would like to especially thank Mehmet Bey and Berk Bey from the Pool Bar; they provided incredibly fun and friendly service. Thank you very much to them.,3 weeks ago,2026-07-14,,"Dear Valued Guest,
We sincerely thank you for your 5-star rating of our facility. Your expression of satisfaction in this way is a great source of happiness and motivation for us.
Our top priority is to provide you with a pleasant and trouble-free holiday experience. Your valuable feedback empowers us to maintain and further improve our service quality.
We look forward to welcoming you again soon and hope to provide you with the same satisfaction on your next holiday.
Sincerely,
Crystal Hotels CRM",5 reviews,Ci9DQUlRQUNvZENodHljRjlvT25aR2JFMUdNRUpRUjNOdVZETjBUbG93WjJwS1ptYxAB
Mert Parkçın,5.0,"I would especially like to thank Mr. Mehmet at the pool bar for his special attention, care, and excellent service.",3 weeks ago,2026-07-14,,"Dear Valued Guest,
We sincerely thank you for your 5-star rating of our facility. Your expression of satisfaction in this way is a great source of happiness and motivation for us.
Our top priority is to provide you with a pleasant and trouble-free holiday experience. Your valuable feedback empowers us to maintain and further improve our service quality.
We look forward to welcoming you again soon and hope to provide you with the same satisfaction on your next holiday.
Sincerely,
Crystal Hotels CRM",12 reviews,Ci9DQUlRQUNvZENodHljRjlvT2tZeU4xTmtRMGRKVUZkNGNsVlBOMjlmTFRCRVIyYxAB
Fatih Ceylan,5.0,"Melek
Hafize
Sinem
Şerife
We really enjoyed Le Croissanterie bar and Turkish coffee. I would like to thank the staff for their hard work, attention, and care.",3 weeks ago,2026-07-14,,"Dear Valued Guest,
We sincerely thank you for your 5-star rating of our facility. Your expression of satisfaction in this way is a great source of happiness and motivation for us.
Our top priority is to provide you with a pleasant and trouble-free holiday experience. Your valuable feedback empowers us to maintain and further improve our service quality.
We look forward to welcoming you again soon and hope to provide you with the same satisfaction on your next holiday.
Sincerely,
Crystal Hotels CRM",2 reviews,Ci9DQUlRQUNvZENodHljRjlvT20xT01WUlFjVXB6UWxrNExXa3libGRLV0hkSlpXYxAB
KEMAL CEYLAN,5.0,"Melek
Hafize
Sinem
Şerife
We really enjoyed Le Croissanterie bar and Turkish coffee. I would like to thank the staff for their hard work, attention, and care.",3 weeks ago,2026-07-14,,"Dear Valued Guest,
We sincerely thank you for your 5-star rating of our facility. Your expression of satisfaction in this way is a great source of happiness and motivation for us.
Our top priority is to provide you with a pleasant and trouble-free holiday experience. Your valuable feedback empowers us to maintain and further improve our service quality.
We look forward to welcoming you again soon and hope to provide you with the same satisfaction on your next holiday.
Sincerely,
Crystal Hotels CRM",2 reviews,Ci9DQUlRQUNvZENodHljRjlvT25JdFNuTjJhMjgzYUd0RldqQlBkSE5SVUVGR2QyYxAB
natalyaf644,5.0,"Good afternoon! I'd like to tell you about the wonderful Crystal Waterworld Hotel, where my family and I stayed from June 24th to July 4th! | A wonderful, welcoming, high-quality 5-star hotel. | Firstly, during high season, it doesn't feel …",3 weeks ago,2026-07-14,,,,ChdDSUhNMG9nS0VMN1E0ZU9tOThEWGd3RRAB
Hanniiiii,5.0,"⭐⭐⭐⭐⭐|From the moment we arrived at Crystal Waterworld, we were made to feel so welcome. Every single member of staff works incredibly hard, constantly looking after guests with a smile on their face from morning until night. Their …",4 weeks ago,2026-07-07,,,,ChdDSUhNMG9nS0VPN0U0S0RDaXF5SG9BRRAB
M6979GZlydiam,2.0,Possibly the worst hotel I’ve stayed in….|I’ll start from worst part… hotel bar staff are VERY rude! It’s very much women and children last and men first. Every single time I was stood at a bar multiple men who came after me would be served …,4 weeks ago,2026-07-07,,,,ChdDSUhNMG9nS0VPbnMxWW5wdHVuQTFBRRAB
513radmilaa,1.0,"Never stay at this hotel!|The room was dirty and clearly hadn't been cleaned after the previous guests. The floor was sticky, there were drops of urine in the toilet, and a plate with half-eaten food in the refrigerator. The room smelled …",4 weeks ago,2026-07-07,,,,ChZDSUhNMG9nS0VKdlZ0NmZQMllXNldnEAE
K2669ZT_,5.0,"More pros than cons. | Family-friendly vacation | Varied food: lamb, veal, beef, okroshka, lots of fruit. | Corn, cherries, and cucumbers in cups are served on the beach. | Unlimited ice cream | Fastwood everywhere and plentiful | Cool …",4 weeks ago,2026-07-07,,,,ChZDSUhNMG9nS0VPZkp3b2pXN3BTeGJnEAE
_U6286DT,4.0,"My family and I vacationed from June 20th to July 1st. The hotel grounds are very large and sprawling. We stayed in the building above reception, so the walk to the sea and the water park was about the same. The rooms were cleaned daily. …",a month ago,2026-07-05,,,,ChZDSUhNMG9nS0VLM0htZGVWel83ZUxnEAE
_C3239OD,5.0,Great family hotel! Lots of activities for kids. | Excellent value for money.,a month ago,2026-07-05,,,,ChZDSUhNMG9nS0VKQ3IxdTItME52UVdBEAE
Mesut Yurtbilir,4.0,,a month ago,2026-07-05,,"Dear Valued Guest,

We sincerely thank you for your review of our facility. Your expression of satisfaction is a great source of happiness and motivation for us.
Ensuring you have a pleasant and trouble-free holiday experience is our top priority. Your valuable feedback empowers us to maintain and further improve our service quality.

We look forward to welcoming you again soon and hope to provide you with the same satisfaction on your next holiday.
Sincerely,

Crystal Hotels CRM",Local Guide · 7 reviews,Ci9DQUlRQUNvZENodHljRjlvT2pGUVQyUkxVME5hTm1OUFpHUmpaVXBmYVVwTVlVRRAB
Rafał Drus,5.0,"Ömer is incredibly friendly, helpful, and hardworking. Always smiling and kind, he has a great approach to people. He provides the best service. We've never had anyone take such good care of us during our vacation.",a month ago,2026-07-05,,"Dear Valued Guest,
We sincerely thank you for your 5-star rating and for taking the time to share your positive feedback. Your satisfaction is a great source of happiness and motivation for us.
Providing you with a pleasant and seamless holiday experience is always our top priority. Your valuable feedback encourages us to maintain and continuously improve the quality of our services.
We would be delighted to welcome you again in the near future and hope to provide you with the same level of satisfaction during your next stay.
Kind regards,
Crystal Hotels CRM.",1 review,Ci9DQUlRQUNvZENodHljRjlvT25SWVJYZFlXRTA0UlhKaE9WWnNlVkZYWjNKSmNXYxAB
ilzara Home,5.0,"I'm staying at this hotel with my two sons. The kids are very happy. The water park is wonderful, and there's unlimited ice cream all day. There are plenty of food options and great entertainment. It's not a premium hotel, but it's very good for its price range.",a month ago,2026-07-05,,"Dear Guest,
Thank you for your high rating of our hotel and for awarding us 5 stars. We are delighted that you have expressed your satisfaction in this way – it brings us great joy and motivation.
Our top priority is always ensuring you have a pleasant and carefree stay. Your valuable feedback inspires us to maintain and continually improve the quality of our services.
We look forward to welcoming you back to our hotel in the near future and hope to once again meet your expectations on your next vacation.",1 review,Ci9DQUlRQUNvZENodHljRjlvT2pob1JIQjJWbEJXWTNSR04yRmZWREZFV0c5bFVsRRAB
Влад,5.0,"I'm currently staying at this hotel with my family. We really enjoyed everything, especially the children's entertainment and the Soft Play children's room. The evening entertainment was also wonderful; everything was very fun. The restaurant had a variety of options, and everything was delicious. There are lots of water slides and large pools.",a month ago,2026-07-05,,"Dear Guest,
Thank you for your high rating of our hotel and for awarding us 5 stars. We are delighted that you have expressed your satisfaction in this way – it is a great joy and motivation for us.
Our top priority is always to ensure you have a pleasant and carefree stay. Your valuable feedback inspires us to maintain and continually improve the quality of our services.
We look forward to welcoming you back to our hotel in the near future and hope to once again meet your expectations on your next vacation.
Sincerely,
CRM Team
Crystal Hotels CRM",1 review · 6 photos,Ci9DQUlRQUNvZENodHljRjlvT2xoc2RHbHJaRGsyZUZFMmIzWm9aMFEzTVhOU1lrRRAB
Mahir Karabulut,5.0,We visited Anatolian A’la Carte and loved it. We would like to extend our thanks to Mr. Serkan for his attention.,a month ago,2026-07-05,,"Dear Valued Guest,
We sincerely thank you for your 5-star rating of our facility. Your expression of satisfaction in this way is a great source of happiness and motivation for us.
Our top priority is to provide you with a pleasant and trouble-free holiday experience. Your valuable feedback empowers us to maintain and further improve our service quality.
We look forward to welcoming you again soon and hope to provide you with the same satisfaction on your next holiday.
Sincerely,
Crystal Hotels CRM",1 review,Ci9DQUlRQUNvZENodHljRjlvT2xaVmJqWndjbFZHYzNGTlEwOUJTa1JEUTNNM2ExRRAB
Özlem Çakır,5.0,"We had a lovely, peaceful, and delicious meal as a family at Turkish Alakarta. I would like to thank Ms. Tülay, Mr. Serkan, and Mr. Onur for their attention and friendly service. 🩷",a month ago,2026-07-05,,"Dear Valued Guest,
We sincerely thank you for your 5-star rating of our facility. Your expression of satisfaction in this way is a great source of happiness and motivation for us.
Our top priority is to provide you with a pleasant and trouble-free holiday experience. Your valuable feedback empowers us to maintain and further improve our service quality.
We look forward to welcoming you again soon and hope to provide you with the same satisfaction on your next holiday.
Sincerely,
Crystal Hotels CRM",10 reviews · 4 photos,Ci9DQUlRQUNvZENodHljRjlvT2paVVRuRk5TVWhLVDI1TVVFMXdPVUYzZFdaMGFIYxAB
Yunus Akdoğan,5.0,We loved the croissantrie concept; the motivational words served with the coffee were a lovely touch. Many thanks to Cansel for her warm and professional service 😊,a month ago,2026-07-05,,"Dear Valued Guest,
We sincerely thank you for your 5-star rating of our facility. Your expression of satisfaction in this way is a great source of happiness and motivation for us.
Our top priority is to provide you with a pleasant and trouble-free holiday experience. Your valuable feedback empowers us to maintain and further improve our service quality.
We look forward to welcoming you again soon and hope to provide you with the same satisfaction on your next holiday.
Sincerely,
Crystal Hotels CRM",2 reviews · 1 photo,Ci9DQUlRQUNvZENodHljRjlvT2pkZmVtOXlla0prVDJoblVucE1Tblp0TUVWSExVRRAB
Sinan Boss,5.0,"Hello, this is our second time at the Crystal Waterworld Hotel and we are very satisfied with the service and especially the entertainment. The programs are superbly designed, with new and exciting attractions every day.",a month ago,2026-07-05,,"Dear Guest,

Thank you so much for your 5-star rating and positive feedback. We are delighted that you expressed your satisfaction in this way – it is a great motivation for us.

Our top priority is to provide you with a pleasant and carefree stay. Your valuable feedback encourages us to maintain and continuously improve our service quality.

We would be very pleased to welcome you back again in the near future and to offer you the same level of satisfaction during your next stay.

Sincerely,
Crystal Hotels CRM",2 reviews,Ci9DQUlRQUNvZENodHljRjlvT21OcExUTXRlSHBpYWpJelVucG1lbVZCTUUxeWMwRRAB
Gabriela Valdés,5.0,,a month ago,2026-07-05,,"Dear Valued Guest,
We sincerely thank you for your 5-star rating and for taking the time to share your positive feedback. Your satisfaction is a great source of happiness and motivation for us.
Providing you with a pleasant and seamless holiday experience is always our top priority. Your valuable feedback encourages us to maintain and continuously improve the quality of our services.
We would be delighted to welcome you again in the near future and hope to provide you with the same level of satisfaction during your next stay.
Kind regards,
Crystal Hotels CRM.",1 review,Ci9DQUlRQUNvZENodHljRjlvT2xWSFR6Vm5NbXBxUzIxTFRGTklMVmRTZDI5WVZWRRAB
oğuz aksu,5.0,"We would like to thank Ms. Hazal and Ms. Cansel, who work at the Le Croissanterete bar, for their attentiveness and helpfulness during our hotel stay.",a month ago,2026-07-05,,"Dear Valued Guest,
We sincerely thank you for your 5-star rating of our facility. Your expression of satisfaction in this way is a great source of happiness and motivation for us.
Our top priority is to provide you with a pleasant and trouble-free holiday experience. Your valuable feedback empowers us to maintain and further improve our service quality.
We look forward to welcoming you again soon and hope to provide you with the same satisfaction on your next holiday.
Sincerely,
Crystal Hotels CRM",1 review,Ci9DQUlRQUNvZENodHljRjlvT25JNVgxbFZia2xJUlhRd1JXRm9la3d5TWt4Sk4xRRAB
Snan Aladay,5.0,Excellent resort and enjoyable experience,a month ago,2026-07-05,,"Dear Valued Guest,
We sincerely thank you for your 5-star rating and for taking the time to share your positive feedback. Your satisfaction is a great source of happiness and motivation for us.
Providing you with a pleasant and seamless holiday experience is always our top priority. Your valuable feedback encourages us to maintain and continuously improve the quality of our services.
We would be delighted to welcome you again in the near future and hope to provide you with the same level of satisfaction during your next stay.
Kind regards,
Crystal Hotels CRM.",Local Guide · 4 reviews · 62 photos,Ci9DQUlRQUNvZENodHljRjlvT21oelFYazRRVXc1TUZSS04yNUdZWGR2VlMxSlIyYxAB
nebaa alheyat schools eskisehir,5.0,"Excellent translation and excellent service. Suitable for children, adults, and families.",a month ago,2026-07-05,,"Dear Valued Guest,
We sincerely thank you for your 5-star rating and for taking the time to share your positive feedback. Your satisfaction is a great source of happiness and motivation for us.
Providing you with a pleasant and seamless holiday experience is always our top priority. Your valuable feedback encourages us to maintain and continuously improve the quality of our services.
We would be delighted to welcome you again in the near future and hope to provide you with the same level of satisfaction during your next stay.
Kind regards,
Crystal Hotels CRM.",1 review,Ci9DQUlRQUNvZENodHljRjlvT2tWRk1ISldZbWRPYkRWVmEyaGlaMFEwY25WRmEzYxAB
Ilknur Gurlemez,5.0,"My friends recommended us, and I'm very happy with the result.",a month ago,2026-07-05,,"Dear Valued Guest,
We sincerely thank you for your 5-star rating of our facility. Your expression of satisfaction in this way is a great source of happiness and motivation for us.
Our top priority is to provide you with a pleasant and trouble-free holiday experience. Your valuable feedback empowers us to maintain and further improve our service quality.
We look forward to welcoming you again soon and hope to provide you with the same satisfaction on your next holiday.
Sincerely,
Crystal Hotels CRM",1 review,Ci9DQUlRQUNvZENodHljRjlvT2pKTWRFWnhUbEZoYjJnelYxaEtRelEzWW1RMVlVRRAB
Andrzej Stalmasinski,5.0,"I like the night team, Mustafa Mazlum and Naci. Thank you so much for the great drinks and great service.",a month ago,2026-07-05,,"Dear Valued Guest,
We sincerely thank you for your 5-star rating of our facility. Your expression of satisfaction in this way is a great source of happiness and motivation for us.
Our top priority is to provide you with a pleasant and trouble-free holiday experience. Your valuable feedback empowers us to maintain and further improve our service quality.
We look forward to welcoming you again soon and hope to provide you with the same satisfaction on your next holiday.
Sincerely,
Crystal Hotels CRM",1 review · 4 photos,Ci9DQUlRQUNvZENodHljRjlvT21SUk5rcENhbWhHUTBJeWFUTmtVM1oxVVVORGMxRRAB
Turan Tüzüner,5.0,"We were very pleased with our stay. The facility was clean, tidy, and well-maintained. The friendly and attentive staff made our holiday even more enjoyable. The variety and taste of the food were also excellent. We were especially happy that many amenities were offered for families with children. We thank all the staff for making our holiday so wonderful. We plan to come back again at the first opportunity. We also thank the lady who made the gözleme (Turkish flatbread) for her friendly demeanor and attentiveness; thank you for your hard work!",Edited a month ago,2026-07-05,,"Dear Valued Guest,
We sincerely thank you for your 5-star rating of our facility. Your expression of satisfaction in this way is a great source of happiness and motivation for us.
Our top priority is to provide you with a pleasant and trouble-free holiday experience. Your valuable feedback empowers us to maintain and further improve our service quality.
We look forward to welcoming you again soon and hope to provide you with the same satisfaction on your next holiday.
Sincerely,
Crystal Hotels CRM",Local Guide · 85 reviews · 1 photo,Ci9DQUlRQUNvZENodHljRjlvT2paZlRHVmpWMDQwWkVkSlVrUk5Oa1pQYTB3Mk5uYxAB
Şerife Karataş,5.0,The staff at Le Crossanterie in the evening were very friendly and welcoming. We really liked the lucky notes that came with the Turkish coffee. Thank you for your attention.,a month ago,2026-07-05,,"Dear Valued Guest,
We sincerely thank you for your 5-star rating of our facility. Your expression of satisfaction in this way is a great source of happiness and motivation for us.
Our top priority is to provide you with a pleasant and trouble-free holiday experience. Your valuable feedback empowers us to maintain and further improve our service quality.
We look forward to welcoming you again soon and hope to provide you with the same satisfaction on your next holiday.
Sincerely,
Crystal Hotels CRM",1 review · 1 photo,Ci9DQUlRQUNvZENodHljRjlvT2taNVJIZEhWaTEwUzJKdmFuTmZTV1UzVG1sMFNIYxAB
Мария Нестерова,5.0,We really loved the idea of ​​the lucky balls served with coffee at Le Croissant. It was very original and pleasant. The staff was very friendly and attentive. We'd especially like to thank Hazal Khanim and Sherife Khanim for their kindness and care. We'll definitely be back! ☺️,Edited a month ago,2026-07-05,,"Dear Guest,
Thank you for your high rating of our hotel and for awarding us 5 stars. We are delighted that you have expressed your satisfaction in this way – it is a great joy and motivation for us.
Our top priority is always to ensure you have a pleasant and carefree stay. Your valuable feedback inspires us to maintain and continually improve the quality of our services.
We look forward to welcoming you back to our hotel in the near future and hope to once again meet your expectations on your next vacation.
Sincerely,
CRM Team
Crystal Hotels CRM",1 review · 1 photo,ChdDSUhNMG9nS0VJQ0FnSURPdE9XUzdnRRAB
Shex Hedy,5.0,We liked everything about the hotel everything was perfect the staff the food and the view so i reccommend for everyone to enjoy here,a month ago,2026-07-05,,"Dear Valued Guest,
We sincerely thank you for your 5-star rating and for taking the time to share your positive feedback. Your satisfaction is a great source of happiness and motivation for us.
Providing you with a pleasant and seamless holiday experience is always our top priority. Your valuable feedback encourages us to maintain and continuously improve the quality of our services.
We would be delighted to welcome you again in the near future and hope to provide you with the same level of satisfaction during your next stay.
Kind regards,
Crystal Hotels CRM.",2 reviews · 1 photo,Ci9DQUlRQUNvZENodHljRjlvT2tkdVRETTJTbmxQTlZRMmFHUm1aV3RxVlhCTWRYYxAB
Айсулу Аскаркызы,5.0,"Hello, this is my first time at this hotel and I feel like I'm in a wonderland. I'm currently enjoying myself at the Angel Bar. I would like to thank Serkan and Şilan for their friendly service. It's great that you're here! ☆:)))",a month ago,2026-07-05,,"Dear Guest,
Thank you for your high rating of our hotel and for awarding us 5 stars. We are delighted that you have expressed your satisfaction in this way – it is a great joy and motivation for us.
Our top priority is always to ensure you have a pleasant and carefree stay. Your valuable feedback inspires us to maintain and continually improve the quality of our services.
We look forward to welcoming you back to our hotel in the near future and hope to once again meet your expectations on your next vacation.
Sincerely,
CRM Team
Crystal Hotels CRM",1 review,Ci9DQUlRQUNvZENodHljRjlvT214RGJqaGhNRVJOUXpaMU5FSnVkV2h2VWtoMFZWRRAB
Adam Ratajczyk,5.0,Great hotel with good food. June 18-25 and few people. Pleasant atmosphere and friendly staff.,a month ago,2026-07-05,,"Dear Valued Guest,
We sincerely thank you for your 5-star rating and for taking the time to share your positive feedback. Your satisfaction is a great source of happiness and motivation for us.
Providing you with a pleasant and seamless holiday experience is always our top priority. Your valuable feedback encourages us to maintain and continuously improve the quality of our services.
We would be delighted to welcome you again in the near future and hope to provide you with the same level of satisfaction during your next stay.
Kind regards,
Crystal Hotels CRM.",Local Guide · 10 reviews · 55 photos,Ci9DQUlRQUNvZENodHljRjlvT2w5aU4zSlpVRzFTZUZGaVowZHpXRFJEWVRSaGRXYxAB
Dorota,5.0,"The hotel is very large, with plenty of space for sun loungers. The cuisine is diverse, and you can really choose from a wide variety of meals. The Turkish coffee is wonderful. I recommend it.",Edited a month ago,2026-07-05,,"Dear Guest,

Thank you very much for your kind review and recommendation of our hotel.

We are delighted that you appreciated the spaciousness of our facility, the ample availability of sun loungers, and the variety of dishes served. We are especially pleased to hear that you enjoyed the Turkish coffee – it is an important element of our local hospitality.

We hope to have the pleasure of welcoming you back to Crystal Waterworld Resort & Spa and ensuring another enjoyable stay.

Sincerely,
Crystal hotels CRM",Local Guide · 46 reviews · 35 photos,Ci9DQUlRQUNvZENodHljRjlvT2xoZk1EUXpOeTFDVWpCYVJXVjZVbmxHUmxCVGVVRRAB
Helen R,5.0,"The hotel is nice, the rooms are quite fresh. There's plenty of food, enough for everyone, and there were no lines. We stayed in June 2026.",a month ago,2026-07-05,,"Dear Guest,
Thank you for your high rating of our hotel and for awarding us 5 stars. We are delighted that you have expressed your satisfaction in this way – it is a great joy and motivation for us.
Our top priority is always to ensure you have a pleasant and carefree stay. Your valuable feedback inspires us to maintain and continually improve the quality of our services.
We look forward to welcoming you back to our hotel in the near future and hope to once again meet your expectations on your next vacation.
Sincerely,
CRM Team
Crystal Hotels CRM",1 review,Ci9DQUlRQUNvZENodHljRjlvT21obmRucE1VakJZUTA4MmFYWXhkaTF5WWxOT2RVRRAB
Umut Bakır,5.0,"We loved the hotel, everything was wonderful. The rooms were very clean, the staff were very welcoming, the cocktails at the bar were delicious, and the food was tasty.",a month ago,2026-07-05,,"Dear Valued Guest,
We sincerely thank you for your 5-star rating of our facility. Your expression of satisfaction in this way is a great source of happiness and motivation for us.
Our top priority is to provide you with a pleasant and trouble-free holiday experience. Your valuable feedback empowers us to maintain and further improve our service quality.
We look forward to welcoming you again soon and hope to provide you with the same satisfaction on your next holiday.
Sincerely,
Crystal Hotels CRM",1 review,Ci9DQUlRQUNvZENodHljRjlvT2xsQlRVNVBNR1F5WmsxQ1puZEdaelZpUkZKM2EzYxAB
Emine Yilmaz,5.0,The food is extremely good and the pool is very large and beautiful.,a month ago,2026-07-05,,"Dear Guest,

Thank you so much for your 5-star rating and positive feedback. We are delighted that you expressed your satisfaction in this way – it is a great motivation for us.

Our top priority is to provide you with a pleasant and carefree stay. Your valuable feedback encourages us to maintain and continuously improve our service quality.

We would be very pleased to welcome you back again in the near future and to offer you the same level of satisfaction during your next stay.

Sincerely,
Crystal Hotels CRM",1 review,Ci9DQUlRQUNvZENodHljRjlvT2xKRldqVXpaR3RxUjB4R1ZFcHdOVU5UWm00NWEwRRAB
handan sezgin,5.0,My favorite mojito is made by our friend Umut 💜 A drink prepared with love can be this perfect ✌,a month ago,2026-07-05,,"Dear Valued Guest,
We sincerely thank you for your 5-star rating of our facility. Your expression of satisfaction in this way is a great source of happiness and motivation for us.
Our top priority is to provide you with a pleasant and trouble-free holiday experience. Your valuable feedback empowers us to maintain and further improve our service quality.
We look forward to welcoming you again soon and hope to provide you with the same satisfaction on your next holiday.
Sincerely,
Crystal Hotels CRM",4 reviews,Ci9DQUlRQUNvZENodHljRjlvT21SUVFXdEJlRUpQUTBWRlYzZGtZMDlyU3paSVZXYxAB
Ekin Turan,4.0,"At Anatolia Restaurant, Mr. Serkan was very attentive to us, and the food was top-notch. I honestly didn't expect it to be that good. I recommend Anatolia à la carte to everyone.
I congratulate Umut at the Mojito bar; he's a very determined young man. Bellboy Hüseyin was very helpful, and Fırat and Samet from the animation team were very friendly. Mr. Ferhat from guest relations was very helpful with the room change. Overall, the hotel staff were very sweet and attentive.",a month ago,2026-07-05,,"Dear Valued Guest,
We sincerely thank you for your 5-star rating of our facility. Your expression of satisfaction in this way is a great source of happiness and motivation for us.
Our top priority is to provide you with a pleasant and trouble-free holiday experience. Your valuable feedback empowers us to maintain and further improve our service quality.
We look forward to welcoming you again soon and hope to provide you with the same satisfaction on your next holiday.
Sincerely,
Crystal Hotels CRM",6 reviews · 3 photos,Ci9DQUlRQUNvZENodHljRjlvT21KVE9FZGxOMUJqZUhWRU5UQm9VMVp0U0dWNFZrRRAB
Кирилл Бабин,5.0,Barmen Umut is the God of mohito!,a month ago,2026-07-05,,"Dear Guest,

Thank you so much for your 5-star rating and positive feedback. We are delighted that you expressed your satisfaction in this way – it is a great motivation for us.

Our top priority is to provide you with a pleasant and carefree stay. Your valuable feedback encourages us to maintain and continuously improve our service quality.

We would be very pleased to welcome you back again in the near future and to offer you the same level of satisfaction during your next stay.

Sincerely,
Crystal Hotels CRM",Local Guide · 29 reviews · 4 photos,Ci9DQUlRQUNvZENodHljRjlvT25SbWRWWlhSM2cyWDFWWFpHbFFSbVp4UjBkWlpsRRAB
Каору Нагиса,5.0,"Excellent hotel. Everything is clean, cozy, and tastefully decorated. Pleasant design, soft, comfortable beds, and crisp white linens. The staff is polite and friendly. The restaurants offer a delicious variety of food. Special thanks to Elevera for her attentiveness and attention. ❤️ This is our first time here, but we want to come back! 😄",a month ago,2026-07-05,,"Dear Guest,
Thank you for your high rating of our hotel and for awarding us 5 stars. We are delighted that you have expressed your satisfaction in this way – it is a great joy and motivation for us.
Our top priority is always to ensure you have a pleasant and carefree stay. Your valuable feedback inspires us to maintain and continually improve the quality of our services.
We look forward to welcoming you back to our hotel in the near future and hope to once again meet your expectations on your next vacation.
Sincerely,
CRM Team
Crystal Hotels CRM",1 review,Ci9DQUlRQUNvZENodHljRjlvT2pSNWFGVldVamRSU1VVeFkwTktWVzQzVVVWVVQzYxAB
Сергей Кромер,5.0,"This was our first time at this hotel.
The room is small, suitable for two adults and a child. Everything is clean and tidy. The food in the restaurants is absolutely top-notch! The coffee is delicious in the cafe near the main staircase. Special thanks to barista Aleina ;)
We especially liked the entertainment: large pools, short water slides, shows, and discos. Our child absolutely loved the kids' club! We wouldn't go anywhere else. The entire grounds are lush and green – beautiful!",a month ago,2026-07-05,,"Dear Guest,
Thank you for your high rating of our hotel and for awarding us 5 stars. We are delighted that you have expressed your satisfaction in this way – it is a great joy and motivation for us.
Our top priority is always to ensure you have a pleasant and carefree stay. Your valuable feedback inspires us to maintain and continually improve the quality of our services.
We look forward to welcoming you back to our hotel in the near future and hope to once again meet your expectations on your next vacation.
Sincerely,
CRM Team
Crystal Hotels CRM",2 reviews · 1 photo,Ci9DQUlRQUNvZENodHljRjlvT25CM1dEVnJWMG90YWpaV1NrcHBRbFZTUjNSTVdGRRAB
Наталья Арискина,5.0,"We recommend this hotel, the service and facilities are top notch.",a month ago,2026-07-05,,"Dear Guest,
Thank you for your high rating of our hotel and for awarding us 5 stars. We are delighted that you have expressed your satisfaction in this way – it is a great joy and motivation for us.
Our top priority is always to ensure you have a pleasant and carefree stay. Your valuable feedback inspires us to maintain and continually improve the quality of our services.
We look forward to welcoming you back to our hotel in the near future and hope to once again meet your expectations on your next vacation.
Sincerely,
CRM Team
Crystal Hotels CRM",2 reviews,Ci9DQUlRQUNvZENodHljRjlvT21NMFVISmxTMU5LVG1aT1UybEhSVjh6WmpSMFFXYxAB
Мария Ганза,5.0,The hotel is super!🔥🔥🔥,a month ago,2026-07-05,,"Dear Guest,
Thank you for your high rating of our hotel and for awarding us 5 stars. We are delighted that you have expressed your satisfaction in this way – it is a great joy and motivation for us.
Our top priority is always to ensure you have a pleasant and carefree stay. Your valuable feedback inspires us to maintain and continually improve the quality of our services.
We look forward to welcoming you back to our hotel in the near future and hope to once again meet your expectations on your next vacation.
Sincerely,
CRM Team
Crystal Hotels CRM",1 review,Ci9DQUlRQUNvZENodHljRjlvT2s5aFZtMXRjbkJDYjNsWGJtMXlTekpPTVVKNVMxRRAB
Вячеслав Филиппов,5.0,"Our family vacation (we have two children) was amazing! 🥳
The hotel is perfect for parents who want to relax while the kids are busy in the awesome mini-club.
The food is excellent, the sea is nearby, and the grounds are beautiful. Ice cream and juice are readily available for the children. The only thing is, when we read the reviews, we thought the children's slides would be accessible, but they have an age limit of 10, so our little ones aren't in the cards yet. But that's a minor detail compared to the overall level of service. I recommend it to everyone! 👍",a month ago,2026-07-05,,"Dear Guest,
Thank you for your high rating of our hotel and for awarding us 5 stars. We are delighted that you have expressed your satisfaction in this way – it is a great joy and motivation for us.
Our top priority is always to ensure you have a pleasant and carefree stay. Your valuable feedback inspires us to maintain and continually improve the quality of our services.
We look forward to welcoming you back to our hotel in the near future and hope to once again meet your expectations on your next vacation.
Sincerely,
CRM Team
Crystal Hotels CRM",1 review · 1 photo,Ci9DQUlRQUNvZENodHljRjlvT21oVVpqZ3ljbXRUT1ZGWlptVklVR2N6Y3psWFNGRRAB
Sedat Aydin,5.0,"Everything was great, lovely people, lovely service, everyone was smiling, and most importantly, the environment was clean. I recommend it to everyone.",a month ago,2026-07-05,,"Dear Valued Guest,
We sincerely thank you for your 5-star rating of our facility. Your expression of satisfaction in this way is a great source of happiness and motivation for us.
Our top priority is to provide you with a pleasant and trouble-free holiday experience. Your valuable feedback empowers us to maintain and further improve our service quality.
We look forward to welcoming you again soon and hope to provide you with the same satisfaction on your next holiday.
Sincerely,
Crystal Hotels CRM",5 reviews · 7 photos,Ci9DQUlRQUNvZENodHljRjlvT205clJqbFRkMUpRTW1SRldITkxXbU5XZUhneloyYxAB
reza eslamdoust,5.0,"The coffee was delicious, the staff were friendly, everything was wonderful. Thank you Water World. The Sans notes were a great idea, they added energy to our day. Thanks to Ms. Finne and Ms. Ayten for their attention and to the entire bar team.",a month ago,2026-07-05,,"Dear Valued Guest,
We sincerely thank you for your 5-star rating of our facility. Your expression of satisfaction in this way is a great source of happiness and motivation for us.
Our top priority is to provide you with a pleasant and trouble-free holiday experience. Your valuable feedback empowers us to maintain and further improve our service quality.
We look forward to welcoming you again soon and hope to provide you with the same satisfaction on your next holiday.
Sincerely,
Crystal Hotels CRM",1 review,Ci9DQUlRQUNvZENodHljRjlvT2psb05sZDBkR05zTlhwdFRYUkVkVU10YVROeFFXYxAB
Татьяна Сладкова,5.0,,a month ago,2026-07-05,,"Dear Guest,
Thank you for your high rating of our hotel and for awarding us 5 stars. We are delighted that you have expressed your satisfaction in this way – it is a great joy and motivation for us.
Our top priority is always to ensure you have a pleasant and carefree stay. Your valuable feedback inspires us to maintain and continually improve the quality of our services.
We look forward to welcoming you back to our hotel in the near future and hope to once again meet your expectations on your next vacation.
Sincerely,
CRM Team
Crystal Hotels CRM",Local Guide · 20 reviews · 2 photos,Ci9DQUlRQUNvZENodHljRjlvT2s1WllYRjFkVXMyY1c1a2JFZFZRWFo1Tkd4blFsRRAB
marco ali,5.0,,Edited a month ago,2026-07-05,,"Dear Valued Guest,
We sincerely thank you for your 5-star rating of our facility. Your expression of satisfaction in this way is a great source of happiness and motivation for us.
Our top priority is to provide you with a pleasant and trouble-free holiday experience. Your valuable feedback empowers us to maintain and further improve our service quality.
We look forward to welcoming you again soon and hope to provide you with the same satisfaction on your next holiday.
Sincerely,
Crystal Hotels CRM",2 photos,Ci9DQUlRQUNvZENodHljRjlvT25kc1VHbFRRMEpyWWxSM2NtSjBVbkZKWkhGQmRsRRAB
Акнур Бекмурат,5.0,"I would especially like to thank Mazlum. The three different mojitos/cocktails he prepared were truly amazing, some of the most delicious cocktails I've ever had. He's a very friendly, kind, and attentive bar employee. He takes great care of the guests, always helpful and positive. Thanks to his professionalism and sincere approach, we felt very special. Employees like him enhance the quality of the hotel. Thank you so much for your hard work and excellent service. We would definitely like to see you again!",a month ago,2026-07-05,,"Dear Guest,
Thank you for your high rating of our hotel and for awarding us 5 stars. We are delighted that you have expressed your satisfaction in this way – it is a great joy and motivation for us.
Our top priority is always to ensure you have a pleasant and carefree stay. Your valuable feedback inspires us to maintain and continually improve the quality of our services.
We look forward to welcoming you back to our hotel in the near future and hope to once again meet your expectations on your next vacation.
Sincerely,
CRM Team
Crystal Hotels CRM",1 review · 1 photo,Ci9DQUlRQUNvZENodHljRjlvT2xGTGQzSmZhVlJ3WVMxQmRXcExUMDl0YUhveFNtYxAB
Kadir Keleş,4.0,"We would like to thank Mr. Umut, who serves at the buffet next to the large pool. He is a very warm and gentlemanly person, and his presence adds value to the Crystal family.",a month ago,2026-07-05,,"Dear Valued Guest,
We sincerely thank you for your review of our facility. Your expression of satisfaction is a great source of happiness and motivation for us.
Ensuring you have a pleasant and trouble-free holiday experience is our top priority. Your valuable feedback empowers us to maintain and further improve our service quality.
We look forward to welcoming you again soon and hope to provide you with the same satisfaction on your next holiday.
Sincerely,
Crystal Hotels CRM",6 reviews,Ci9DQUlRQUNvZENodHljRjlvT2pGelpqTkJaSGczVjNwS2RrcDJiUzFCY2tSRVVtYxAB
Расул,5.0,"A very cool, beautiful and cool hotel. There are many restaurants and a sea of ​​many different slides and 2 children's ones. I especially liked the soft park, it's big and interesting.",a month ago,2026-07-05,,"Dear Guest,
Thank you for your high rating of our hotel and for awarding us 5 stars. We are delighted that you have expressed your satisfaction in this way – it is a great joy and motivation for us.
Our top priority is always to ensure you have a pleasant and carefree stay. Your valuable feedback inspires us to maintain and continually improve the quality of our services.
We look forward to welcoming you back to our hotel in the near future and hope to once again meet your expectations on your next vacation.
Sincerely,
CRM Team
Crystal Hotels CRM",1 review · 1 photo,Ci9DQUlRQUNvZENodHljRjlvT2tOemNtMW5iRjlKYWxOclZtbE1RMEpyWlc5TlFVRRAB
tülay varlık ayalp,5.0,"The food and presentation at the à la carte seafood restaurant were excellent, and the service was very polite. We especially thank Mr. Hakkı, Chef Aziz, and Chef Burak for their hospitality.",a month ago,2026-07-05,,"Dear Valued Guest,
We sincerely thank you for your 5-star rating of our facility. Your expression of satisfaction in this way is a great source of happiness and motivation for us.
Our top priority is to provide you with a pleasant and trouble-free holiday experience. Your valuable feedback empowers us to maintain and further improve our service quality.
We look forward to welcoming you again soon and hope to provide you with the same satisfaction on your next holiday.
Sincerely,
Crystal Hotels CRM",1 review,Ci9DQUlRQUNvZENodHljRjlvT25oV09XTnlZVlJmTFVGamEwOUpTVkoyZWxOUlRXYxAB
Ahmet Kabaali,5.0,The animation team does their job meticulously and efficiently; the service is top-notch.,a month ago,2026-07-05,,"Dear Valued Guest,
We sincerely thank you for your 5-star rating of our facility. Your expression of satisfaction in this way is a great source of happiness and motivation for us.
Our top priority is to provide you with a pleasant and trouble-free holiday experience. Your valuable feedback empowers us to maintain and further improve our service quality.
We look forward to welcoming you again soon and hope to provide you with the same satisfaction on your next holiday.
Sincerely,
Crystal Hotels CRM",1 review,Ci9DQUlRQUNvZENodHljRjlvT25wNFVVZEJjbVp0Wm5oVmNHOVhTbUpKUlVKelNVRRAB
Mazhar Bilirer,5.0,"The hotel's service and food are terrible; the only thing saving the hotel is the animation team. Without the animation team, there probably wouldn't be any customers left at the hotel.",a month ago,2026-07-05,,"Dear Valued Guest,
We sincerely thank you for your 5-star rating of our facility. Your expression of satisfaction in this way is a great source of happiness and motivation for us.
Our top priority is to provide you with a pleasant and trouble-free holiday experience. Your valuable feedback empowers us to maintain and further improve our service quality.
We look forward to welcoming you again soon and hope to provide you with the same satisfaction on your next holiday.
Sincerely,
Crystal Hotels CRM",1 review,Ci9DQUlRQUNvZENodHljRjlvT25RMGF6VlVVa0ZhVjBoa1pucHJlVmhJWlRCWVUxRRAB
Yetkin GÜRSES,5.0,We had a wonderful time at the fish à la carte restaurant. Many thanks to Mr. Sedat and the à la carte team.,a month ago,2026-07-05,,"Dear Valued Guest,
We sincerely thank you for your 5-star rating of our facility. Your expression of satisfaction in this way is a great source of happiness and motivation for us.
Our top priority is to provide you with a pleasant and trouble-free holiday experience. Your valuable feedback empowers us to maintain and further improve our service quality.
We look forward to welcoming you again soon and hope to provide you with the same satisfaction on your next holiday.
Sincerely,
Crystal Hotels CRM",1 review,Ci9DQUlRQUNvZENodHljRjlvT21KSU5VSmZRMWg0YzNORmFFaGtUVkl3WkVkcGJVRRAB
Abdushukur Alikxanov,5.0,"The work is very good, the service is very good, the beach is very good.",a month ago,2026-07-05,,"Dear Valued Guest,
We sincerely thank you for your 5-star rating of our facility. Your expression of satisfaction in this way is a great source of happiness and motivation for us.
Our top priority is to provide you with a pleasant and trouble-free holiday experience. Your valuable feedback empowers us to maintain and further improve our service quality.
We look forward to welcoming you again soon and hope to provide you with the same satisfaction on your next holiday.
Sincerely,
Crystal Hotels CRM",1 review,Ci9DQUlRQUNvZENodHljRjlvT205dU5WSkdVMlZ6T1Zsb1kydGlSMjQ1ZEZwc1UyYxAB
Elyor Nosirov,5.0,,a month ago,2026-07-05,,"Dear Valued Guest,
We sincerely thank you for your 5-star rating and for taking the time to share your positive feedback. Your satisfaction is a great source of happiness and motivation for us.
Providing you with a pleasant and seamless holiday experience is always our top priority. Your valuable feedback encourages us to maintain and continuously improve the quality of our services.
We would be delighted to welcome you again in the near future and hope to provide you with the same level of satisfaction during your next stay.
Kind regards,
Crystal Hotels CRM.",1 review,Ci9DQUlRQUNvZENodHljRjlvT25oMmJYbGFjMjh0ZERCMmVtcEhVRWt4VEVWc1dYYxAB
Яна Солнышко,5.0,"There is very delicious food and i like the service stuff, very friendly people",a month ago,2026-07-05,,"Dear Valued Guest,
We sincerely thank you for your 5-star rating and for taking the time to share your positive feedback. Your satisfaction is a great source of happiness and motivation for us.
Providing you with a pleasant and seamless holiday experience is always our top priority. Your valuable feedback encourages us to maintain and continuously improve the quality of our services.
We would be delighted to welcome you again in the near future and hope to provide you with the same level of satisfaction during your next stay.
Kind regards,
Crystal Hotels CRM.",1 review,Ci9DQUlRQUNvZENodHljRjlvT2pKWU1HZzFRM0YyZWpCaldFMUdSRXRhVDBGVFZsRRAB
Sare Çuhacıbaşı,5.0,"We are having a very nice and comfortable holiday, the food is delicious, the hotel's location is great, and the activities are enjoyable. I recommend it.",a month ago,2026-07-05,,"Dear Valued Guest,
We sincerely thank you for your 5-star rating of our facility. Your expression of satisfaction in this way is a great source of happiness and motivation for us.
Our top priority is to provide you with a pleasant and trouble-free holiday experience. Your valuable feedback empowers us to maintain and further improve our service quality.
We look forward to welcoming you again soon and hope to provide you with the same satisfaction on your next holiday.
Sincerely,
Crystal Hotels CRM",2 reviews,Ci9DQUlRQUNvZENodHljRjlvT2s1R1QwZzFPR05NVFRKTFVGRjRWbWMyYjE5TFEyYxAB
Zivile Pankrasovaite,5.0,"Everythink perfect, men from cobra pool (Ayaz) bar perfect make mojito cocktails and very friendly",Edited a month ago,2026-07-05,,"Dear Valued Guest,
We sincerely thank you for your 5-star rating and for taking the time to share your positive feedback. Your satisfaction is a great source of happiness and motivation for us.
Providing you with a pleasant and seamless holiday experience is always our top priority. Your valuable feedback encourages us to maintain and continuously improve the quality of our services.
We would be delighted to welcome you again in the near future and hope to provide you with the same level of satisfaction during your next stay.
Kind regards,
Crystal Hotels CRM.",Local Guide · 8 reviews · 20 photos,Ci9DQUlRQUNvZENodHljRjlvT2xnemVVZDNTbWh2Vm5wNlRVRmtiV1p4TVRrMFNuYxAB
neslihan kaya temel,5.0,"The rooms are nice and spacious, and the staff were generally attentive; we never had any problems in that regard.",a month ago,2026-07-05,,"Dear Valued Guest,
We sincerely thank you for your 5-star rating of our facility. Your expression of satisfaction in this way is a great source of happiness and motivation for us.
Our top priority is to provide you with a pleasant and trouble-free holiday experience. Your valuable feedback empowers us to maintain and further improve our service quality.
We look forward to welcoming you again soon and hope to provide you with the same satisfaction on your next holiday.
Sincerely,
Crystal Hotels CRM",3 reviews,Ci9DQUlRQUNvZENodHljRjlvT2pkNFIwTlFPVkF3Y0VoaGEzazNSVUZOYjFKa1VYYxAB
A,5.0,Cool amazing super puper,a month ago,2026-07-05,,"Dear Valued Guest,
We sincerely thank you for your 5-star rating and for taking the time to share your positive feedback. Your satisfaction is a great source of happiness and motivation for us.
Providing you with a pleasant and seamless holiday experience is always our top priority. Your valuable feedback encourages us to maintain and continuously improve the quality of our services.
We would be delighted to welcome you again in the near future and hope to provide you with the same level of satisfaction during your next stay.
Kind regards,
Crystal Hotels CRM.",1 review · 3 photos,Ci9DQUlRQUNvZENodHljRjlvT2pnMmNuaDFUMHhuYUhsalJ6bHJjSEpXY1hWclpWRRAB
Max Apolon,5.0,Good hotel,a month ago,2026-07-05,,"Dear Guest,
Thank you for your high rating of our hotel and for awarding us 5 stars. We are delighted that you have expressed your satisfaction in this way – it is a great joy and motivation for us.
Our top priority is always to ensure you have a pleasant and carefree stay. Your valuable feedback inspires us to maintain and continually improve the quality of our services.
We look forward to welcoming you back to our hotel in the near future and hope to once again meet your expectations on your next vacation.
Sincerely,
CRM Team
Crystal Hotels CRM",1 review,Ci9DQUlRQUNvZENodHljRjlvT2toRFREUnFVa3d3TXpSVE4zVnRaM0pTZVRKcWRsRRAB
Páuliná Bárbu,5.0,"Our holiday at the hotel was truly wonderful, and one of the main reasons was the amazing food. The meals served each day were delicious, varied, and prepared with great care.

We especially want to extend our sincere thanks to Sous Chef Ramazan. He's not just someone who does their job; he's a true professional who puts his heart into it. His talent, experience, hospitality, and positive energy are evident in every detail.

Over the years, we've stayed at many hotels and met numerous wonderful people. However, Ramazan will be one of those we will remember for a long time. Because some people don't just perform their duties; they also create unforgettable memories for guests during their holidays.

We sincerely thank you for your efforts, the attention you show to your guests, and your high standards. The presence of people like you makes a hotel special and makes guests want to return.

Mr. Ramazan, we will remember you and your sincerity with fond memories for many years to come. Thank you so much for everything.",a month ago,2026-07-05,,"Dear Valued Guest,
We sincerely thank you for your 5-star rating of our facility. Your expression of satisfaction in this way is a great source of happiness and motivation for us.
Our top priority is to provide you with a pleasant and trouble-free holiday experience. Your valuable feedback empowers us to maintain and further improve our service quality.
We look forward to welcoming you again soon and hope to provide you with the same satisfaction on your next holiday.
Sincerely,
Crystal Hotels CRM",Local Guide · 54 reviews · 34 photos,Ci9DQUlRQUNvZENodHljRjlvT2xFd1QzVjVRWEpaTVdweWNqQmtUekpuY0hBMlZsRRAB
Sude Akyıldız,5.0,"The food was delicious, the service was excellent, and the staff were very polite.",Edited a month ago,2026-07-05,,"Dear Valued Guest,
We sincerely thank you for your 5-star rating of our facility. Your expression of satisfaction in this way is a great source of happiness and motivation for us.
Our top priority is to provide you with a pleasant and trouble-free holiday experience. Your valuable feedback empowers us to maintain and further improve our service quality.
We look forward to welcoming you again soon and hope to provide you with the same satisfaction on your next holiday.
Sincerely,
Crystal Hotels CRM",1 review,ChdDSUhNMG9nS0VJQ0FnSURyLTVfaHZnRRAB
onur karayağmurlu,5.0,"We chose this hotel for our honeymoon and we are very happy with it. The staff are friendly and very attentive, the food is delicious, the activities and the animation team ensure we have a very enjoyable time, and there are always food and drinks available. It's a hotel that can be chosen for both honeymoons and families.",a month ago,2026-07-05,,"Dear Valued Guest,
We sincerely thank you for your 5-star rating of our facility. Your expression of satisfaction in this way is a great source of happiness and motivation for us.
Our top priority is to provide you with a pleasant and trouble-free holiday experience. Your valuable feedback empowers us to maintain and further improve our service quality.
We look forward to welcoming you again soon and hope to provide you with the same satisfaction on your next holiday.
Sincerely,
Crystal Hotels CRM",3 reviews,Ci9DQUlRQUNvZENodHljRjlvT204eFpWTjFaak5aUzFwU1VVTXlVVUY2WVRkNGNuYxAB
Sâre BULUT,5.0,"We had a wonderful holiday with my family. Everything was great. We would like to thank the animation team, especially Mr. Yusuf, Mr. Serkan at the Anatolia à la carte restaurant, and Mr. Salih at the Caretta bar. They took great care of us and were very friendly.",a month ago,2026-07-05,,"Dear Valued Guest,
We sincerely thank you for your 5-star rating of our facility. Your expression of satisfaction in this way is a great source of happiness and motivation for us.
Our top priority is to provide you with a pleasant and trouble-free holiday experience. Your valuable feedback empowers us to maintain and further improve our service quality.
We look forward to welcoming you again soon and hope to provide you with the same satisfaction on your next holiday.
Sincerely,
Crystal Hotels CRM",1 review,Ci9DQUlRQUNvZENodHljRjlvT25WbVlYVXlUemR3YkZGWFNGWTNlbWxYYzFSNVpsRRAB
Damla Suzan,4.0,"Today is the last day of our 11-day stay at the hotel. First, I'll mention the negative aspects:
- The hotel is called ""WaterWorld,"" but the aqua park hours are very short, only 4 hours in total. You won't find an aqua park open for this short time at any other hotel. My wife complained to the hotel management about this, and they extended it by an hour, but the 2-hour break is still unnecessary and ridiculous. - From what we saw, there are very few cameras in the hotel. If any problem occurs, it's very likely you'll be outside the camera's field of view. - The food variety is sufficient, but almost the same things are served every day. The taste isn't bad. - The fact that the à la carte restaurants are free is a big advantage, but the waiting time after ordering is a bit long. Also, we went to the Italian à la carte restaurant, ordered dessert after our meal, and left after waiting about 20 minutes for it to arrive. - The hotel is too long; walking from one end to the other might be a problem for children and the elderly.

Now, let's talk about the positive aspects:
- The evening activities are nice and fun, but I think they should be increased.

-The staff are incredibly attentive. Especially the lifeguard Kübra, the bartender Ayaz, and the floor attendant on the 2nd floor of block 6 (I don't know her name) – they're among the best at their jobs. We thank them very much for their attentiveness.
-The rooms are spacious, and our room was constantly cleaned; we had no problems with cleanliness. Our minibar was also replenished daily.
-The pools are very large; you can swim comfortably in any pool without being crowded.
-The pool and aqua park at the back of block 1 were completely empty and clean when we arrived. Despite being empty, there were two lifeguards. We thank them for their attentiveness as well.
-There's food to suit every taste.

Overall, it's a great value for money hotel. You get your money's worth. I hope they address their shortcomings. I recommend it.",a month ago,2026-07-05,,"Dear Valued Guest,
We sincerely thank you for your 5-star rating of our facility. Your expression of satisfaction in this way is a great source of happiness and motivation for us.
Our top priority is to provide you with a pleasant and trouble-free holiday experience. Your valuable feedback empowers us to maintain and further improve our service quality.
We look forward to welcoming you again soon and hope to provide you with the same satisfaction on your next holiday.
Sincerely,
Crystal Hotels CRM",2 reviews · 2 photos,Ci9DQUlRQUNvZENodHljRjlvT2tjNU1UUlhhRWt6Tm1KeVZERmxTVE5EWTBwQldFRRAB
Надия,5.0,"I came to the hotel for the first time with my children. I loved the water park for children and teenagers, as well as the mini club for children with entertainers who speak English and Russian. Thank you so much for the kind and responsive care of our children.",a month ago,2026-07-05,,"Dear Guest,
Thank you for your high rating of our hotel and for awarding us 5 stars. We are delighted that you have expressed your satisfaction in this way – it is a great joy and motivation for us.
Our top priority is always to ensure you have a pleasant and carefree stay. Your valuable feedback inspires us to maintain and continually improve the quality of our services.
We look forward to welcoming you back to our hotel in the near future and hope to once again meet your expectations on your next vacation.
Sincerely,
CRM Team
Crystal Hotels CRM",1 review · 1 photo,Ci9DQUlRQUNvZENodHljRjlvT2xkck1VVnBXR3g0Ymw5NFZqWnFXVEJ3U2xrM1NXYxAB
تالين سنان عيسى,5.0,"It was a wonderful experience for the fourth time, the service was excellent, and the staff was outstanding.",a month ago,2026-07-05,,"Dear Guest,

Thank you for sharing your wonderful review and for choosing Crystal Waterworld Aqua Collection for the fourth time.

We are delighted to know that you enjoyed your stay and that the service and hospitality met your expectations. Your kind words about the quality of service and the excellence of our staff are a great source of pride and motivation for all of us.

Your continued trust and repeat visits are the greatest testament to our success in providing an exceptional holiday experience for our valued guests.

We look forward to welcoming you back to Crystal Waterworld Aqua Collection for many more happy times and wonderful memories.

Sincerely, Crystal Hotels CRM",2 reviews,Ci9DQUlRQUNvZENodHljRjlvT2pKNlMzUkNibkZmUTE5ck9GRTNZM2xLTmxkNVlrRRAB
sawana,5.0,"discrimination against other destinations, only Russian speakers appreciated",a month ago,2026-07-05,,"Dear Guest,

Thank you for sharing your feedback.

First and foremost, we would like to thank you for your positive assessment of our hotel, rooms, and the quality of our services. We also regret to hear about your dissatisfaction with the entertainment programs and music selection.

Our hotel welcomes guests from many countries and makes every effort to ensure that every guest is treated with equal respect and has the opportunity to relax comfortably. Entertainment programs are designed with the international character of our facility and the composition of our guests in mind. We strive to offer a diverse range of attractions and musical repertoire to suit different tastes and cultures.

We understand that your experience did not meet your expectations in this regard. We will forward your comments to the appropriate departments so that they can be taken into account when planning future entertainment programs and evening events.

Thank you for your valuable feedback, and we hope to have the opportunity to welcome you again in the future, offering an even more satisfying stay.

Sincerely,
Crystal Hotels CRM",1 review · 2 photos,Ci9DQUlRQUNvZENodHljRjlvT2xkQlVuSjZSbEZIUldONWVXdE5TVEZxYkZoMk5YYxAB
Yusuf Günel,5.0,"You absolutely must try the Crispi Chicken. The à la carte breakfast was fantastic. The resort is a bit crowded. If you like aquaparks, it's hard to find another place at this price. The cuisine is quite extensive. You should definitely enjoy the à la carte options 🙏 Many thanks to Venivividi for the recommendation. They made the right choice.",a month ago,2026-07-05,,"Dear Valued Guest,

Thank you for sharing your kind comments with us.
We are delighted that you enjoyed our Crispy Chicken restaurant, our rich cuisine, and especially your à la carte breakfast experience. Knowing that our aquapark and the services we offer added value to your holiday is our greatest source of motivation.

We would like to point out that our facility operates at high occupancy rates during peak seasons. Despite this, we continue our efforts tirelessly to provide all our guests with an enjoyable and comfortable holiday.

Your satisfaction with our à la carte restaurants and your recommendations to other guests who choose our facility are very valuable to us.

We would be delighted to welcome you and your loved ones again soon.

Sincerely,
Crystal Hotels CRM",2 reviews · 3 photos,Ci9DQUlRQUNvZENodHljRjlvT2xac0xYWm1iRTVrVTFWVWIwRXhUbkE1WTI5dE1uYxAB
Асем Сапарова,5.0,"Everything is great, especially for children. There are several water parks, a children's mini club, a maze, different programs every day, and the entertainment is very good. The food is varied and delicious.",a month ago,2026-07-05,,"Dear Guest,
Thank you for your high rating of our hotel and for awarding us 5 stars. We are delighted that you have expressed your satisfaction in this way – it is a great joy and motivation for us.
Our top priority is always to ensure you have a pleasant and carefree stay. Your valuable feedback inspires us to maintain and continually improve the quality of our services.
We look forward to welcoming you back to our hotel in the near future and hope to once again meet your expectations on your next vacation.
Sincerely,
CRM Team
Crystal Hotels CRM",1 review,Ci9DQUlRQUNvZENodHljRjlvT2xGR1VHTm1jek5NZDNKcGFuZGFPRWROUTNoc1dtYxAB
Гаухар,5.0,"A nice hotel with large, well-maintained grounds. There are lots of slides—it feels like a small water park right on the premises. 😊 It's a great option for kids: a mini-club, mazes, various activities, and evening shows make it hard to drag them back to their rooms. A special plus for the children's restaurant—very convenient for families with children, although the menu can be a bit unhealthy in places. 😄 Overall, the stay was comfortable and fulfilling.",a month ago,2026-07-05,,"Dear Guest,
Thank you for your high rating of our hotel and for awarding us 5 stars. We are delighted that you have expressed your satisfaction in this way – it is a great joy and motivation for us.
Our top priority is always to ensure you have a pleasant and carefree stay. Your valuable feedback inspires us to maintain and continually improve the quality of our services.
We look forward to welcoming you back to our hotel in the near future and hope to once again meet your expectations on your next vacation.
Sincerely,
CRM Team
Crystal Hotels CRM",1 review,Ci9DQUlRQUNvZENodHljRjlvT2xSUll6bFBNMHhQVUUxYVYwbGxjVXMwUkdoaVYwRRAB
Анна Затешилова,5.0,"The hotel is excellent! I especially liked the early check-in at 11:30. It was perfect after an overnight flight. The cuisine is varied, with a huge selection of dishes; no one will go hungry! There are plenty of sun loungers by the pools and on the beach, plenty of space for everyone. The room is nice and clean, and it's cleaned daily. We're vacationing with our children, ages 7 and 16.",Edited a month ago,2026-07-05,,"Dear Guest,
Thank you for your high rating of our hotel and for awarding us 5 stars. We are delighted that you have expressed your satisfaction in this way – it is a great joy and motivation for us.
Our top priority is always to ensure you have a pleasant and carefree stay. Your valuable feedback inspires us to maintain and continually improve the quality of our services.
We look forward to welcoming you back to our hotel in the near future and hope to once again meet your expectations on your next vacation.
Sincerely,
CRM Team
Crystal Hotels CRM",1 review · 1 photo,Ci9DQUlRQUNvZENodHljRjlvT25rMmVHMVBkMXBpWm1oNlRXMDBiSFExUjB4alUzYxAB
Serifee Erdogan,5.0,The staff at Le Crossanteri were very friendly and kind (Hazal Fince Cansel). Thank you so much for the lucky notes included with the Turkish coffee!,a month ago,2026-07-05,,"Dear Valued Guest,
We sincerely thank you for your 5-star rating of our facility. Your expression of satisfaction in this way is a great source of happiness and motivation for us.
Our top priority is to provide you with a pleasant and trouble-free holiday experience. Your valuable feedback empowers us to maintain and further improve our service quality.
We look forward to welcoming you again soon and hope to provide you with the same satisfaction on your next holiday.
Sincerely,
Crystal Hotels CRM",1 review · 1 photo,Ci9DQUlRQUNvZENodHljRjlvT21wVVZHc3dORkEzZVZGcmJqbHZTRmx4UjNKcVFrRRAB
Semih Doganel,4.0,"The staff at Le Crossanteri were very attentive to us (with pleasure, Cansel Fince). Thank you for the lucky notes they included with the Turkish coffee, we really liked them.",a month ago,2026-07-05,,"Dear Valued Guest,
We sincerely thank you for your 5-star rating of our facility. Your expression of satisfaction in this way is a great source of happiness and motivation for us.
Our top priority is to provide you with a pleasant and trouble-free holiday experience. Your valuable feedback empowers us to maintain and further improve our service quality.
We look forward to welcoming you again soon and hope to provide you with the same satisfaction on your next holiday.
Sincerely,
Crystal Hotels CRM",1 review · 1 photo,Ci9DQUlRQUNvZENodHljRjlvT2pkb2REWkpSRWRKWjFCUGIyRk5UV2MzYTJaS1VHYxAB
özcan özkan,5.0,"Many thanks to the staff at Le Crossanterie (Hazal Cansel in Finnish). We really enjoyed the lucky notes given with the Turkish coffee, thank you very much.",Edited a month ago,2026-07-05,,"Dear Valued Guest,
We sincerely thank you for your 5-star rating of our facility. Your expression of satisfaction in this way is a great source of happiness and motivation for us.
Our top priority is to provide you with a pleasant and trouble-free holiday experience. Your valuable feedback empowers us to maintain and further improve our service quality.
We look forward to welcoming you again soon and hope to provide you with the same satisfaction on your next holiday.
Sincerely,
Crystal Hotels CRM",2 reviews · 1 photo,Ci9DQUlRQUNvZENodHljRjlvT2xOVGNGaEdSa0pCZW5CVmR6Y3RRalZFZHpOaE9XYxAB
Levent Classic,5.0,,a month ago,2026-07-05,,"Dear Valued Guest,
We sincerely thank you for your 5-star rating of our facility. Your expression of satisfaction in this way is a great source of happiness and motivation for us.
Our top priority is to provide you with a pleasant and trouble-free holiday experience. Your valuable feedback empowers us to maintain and further improve our service quality.
We look forward to welcoming you again soon and hope to provide you with the same satisfaction on your next holiday.
Sincerely,
Crystal Hotels CRM",7 reviews,Ci9DQUlRQUNvZENodHljRjlvT201clJHTkJaVk5sU1c5c1VsUlNVR2RVTWs1cFdHYxAB
krzys nowak,5.0,,a month ago,2026-07-05,,"Dear Valued Guest,
We sincerely thank you for your 5-star rating and for taking the time to share your positive feedback. Your satisfaction is a great source of happiness and motivation for us.
Providing you with a pleasant and seamless holiday experience is always our top priority. Your valuable feedback encourages us to maintain and continuously improve the quality of our services.
We would be delighted to welcome you again in the near future and hope to provide you with the same level of satisfaction during your next stay.
Kind regards,
Crystal Hotels CRM.",,Ci9DQUlRQUNvZENodHljRjlvT2tSd1dsaHZTblpzVVVOeU5qbE9hWEpTZVdsWWMzYxAB
Erkenaz Kanabekkyzy,5.0,,a month ago,2026-07-05,,"Dear Guest,
Thank you for your high rating of our hotel and for awarding us 5 stars. We are delighted that you have expressed your satisfaction in this way – it is a great joy and motivation for us.
Our top priority is always to ensure you have a pleasant and carefree stay. Your valuable feedback inspires us to maintain and continually improve the quality of our services.
We look forward to welcoming you back to our hotel in the near future and hope to once again meet your expectations on your next vacation.
Sincerely,
CRM Team
Crystal Hotels CRM",1 photo,Ci9DQUlRQUNvZENodHljRjlvT2tOQk4wRmpkSG93VWpCRlpqUkJVREl4TTFFME5rRRAB
Maxim Shuvaev,5.0,First line on the beach - simple for swimming and relax. Great service.,a month ago,2026-07-05,,"Dear Valued Guest,
We sincerely thank you for your 5-star rating and for taking the time to share your positive feedback. Your satisfaction is a great source of happiness and motivation for us.
Providing you with a pleasant and seamless holiday experience is always our top priority. Your valuable feedback encourages us to maintain and continuously improve the quality of our services.
We would be delighted to welcome you again in the near future and hope to provide you with the same level of satisfaction during your next stay.
Kind regards,
Crystal Hotels CRM.",1 review,Ci9DQUlRQUNvZENodHljRjlvT2tKR1EwRXhXbVk1WVRnME1HSnlVa2h3YlV0MFpHYxAB
Коля Плиц,5.0,"I like everything, the best hotel I've been to and I've been to many hotels, the food, the quality, everything is top notch.",a month ago,2026-07-05,,"Dear Guest,
Thank you for your high rating of our hotel and for awarding us 5 stars. We are delighted that you have expressed your satisfaction in this way – it is a great joy and motivation for us.
Our top priority is always to ensure you have a pleasant and carefree stay. Your valuable feedback inspires us to maintain and continually improve the quality of our services.
We look forward to welcoming you back to our hotel in the near future and hope to once again meet your expectations on your next vacation.
Sincerely,
CRM Team
Crystal Hotels CRM",1 review,Ci9DQUlRQUNvZENodHljRjlvT2tOSVVFMHhXVGhYUlRWQ056TklXbUV4TVhCRVgyYxAB
Даурен,5.0,,a month ago,2026-07-05,,"Dear Guest,
Thank you for your high rating of our hotel and for awarding us 5 stars. We are delighted that you have expressed your satisfaction in this way – it is a great joy and motivation for us.
Our top priority is always to ensure you have a pleasant and carefree stay. Your valuable feedback inspires us to maintain and continually improve the quality of our services.
We look forward to welcoming you back to our hotel in the near future and hope to once again meet your expectations on your next vacation.
Sincerely,
CRM Team
Crystal Hotels CRM",,Ci9DQUlRQUNvZENodHljRjlvT2xoUk1IbFNORFUzZWpjeWEySmpORFpUTjNCU1QyYxAB
Алия Алия,5.0,"We're currently staying at this hotel with our children, and we love everything ❤️.
The staff is very friendly, always smiling, always happy, and 😁 welcoming.

There's a children's play area, open from 10:00 AM to 11:00 PM. We visited for the first time today. The children are happy, they give them diplomas, they're well-educated, and they conduct various master classes.

While the children are there, we drink Turkish coffee and tea.
Everything is delicious and beautiful.

The ice cream 🍦 is delicious and open from 11:00 AM to 11:00 PM.
There's entertainment in the evening.
Afterwards, there's live music and 🎤 karaoke.",a month ago,2026-07-05,,"Dear Guest,
Thank you for your high rating of our hotel and for awarding us 5 stars. We are delighted that you have expressed your satisfaction in this way – it is a great joy and motivation for us.
Our top priority is always to ensure you have a pleasant and carefree stay. Your valuable feedback inspires us to maintain and continually improve the quality of our services.
We look forward to welcoming you back to our hotel in the near future and hope to once again meet your expectations on your next vacation.
Sincerely,
CRM Team
Crystal Hotels CRM",2 reviews · 2 photos,Ci9DQUlRQUNvZENodHljRjlvT2pKdlFtMXdYMGN0TVU5WU1sSk9kWEowY0VoSFVWRRAB
juju kuku,4.0,,a month ago,2026-07-05,,"Dear Valued Guest,
We sincerely thank you for your 5-star rating and for taking the time to share your positive feedback. Your satisfaction is a great source of happiness and motivation for us.
Providing you with a pleasant and seamless holiday experience is always our top priority. Your valuable feedback encourages us to maintain and continuously improve the quality of our services.
We would be delighted to welcome you again in the near future and hope to provide you with the same level of satisfaction during your next stay.
Kind regards,
Crystal Hotels CRM.",1 review,Ci9DQUlRQUNvZENodHljRjlvT2preWVUUktSRWxRTVZSeFFrUnJUbWRsUVRjNWQyYxAB
murat akyel,5.0,"This is a great hotel for a family vacation, fantastic food, and amazing animation every day.",a month ago,2026-07-05,,"Dear Valued Guest,
We sincerely thank you for your 5-star rating of our facility. Your expression of satisfaction in this way is a great source of happiness and motivation for us.
Our top priority is to provide you with a pleasant and trouble-free holiday experience. Your valuable feedback empowers us to maintain and further improve our service quality.
We look forward to welcoming you again soon and hope to provide you with the same satisfaction on your next holiday.
Sincerely,
Crystal Hotels CRM",9 reviews,Ci9DQUlRQUNvZENodHljRjlvT2tkMmFrUjJVMjlDVjBWNlRIUklSVGxCTVRkdU1YYxAB
Амир жумагазы,5.0,Good place,a month ago,2026-07-05,,"Dear Valued Guest,
We sincerely thank you for your 5-star rating and for taking the time to share your positive feedback. Your satisfaction is a great source of happiness and motivation for us.
Providing you with a pleasant and seamless holiday experience is always our top priority. Your valuable feedback encourages us to maintain and continuously improve the quality of our services.
We would be delighted to welcome you again in the near future and hope to provide you with the same level of satisfaction during your next stay.
Kind regards,
Crystal Hotels CRM.",1 review,Ci9DQUlRQUNvZENodHljRjlvT2s5emFUaEJTVzk1UlhFM2EyUkhZV0UxU1ZOM1gzYxAB
Cool Katzlol,5.0,,a month ago,2026-07-05,,"Dear Valued Guest,
We sincerely thank you for your 5-star rating and for taking the time to share your positive feedback. Your satisfaction is a great source of happiness and motivation for us.
Providing you with a pleasant and seamless holiday experience is always our top priority. Your valuable feedback encourages us to maintain and continuously improve the quality of our services.
We would be delighted to welcome you again in the near future and hope to provide you with the same level of satisfaction during your next stay.
Kind regards,
Crystal Hotels CRM.",,Ci9DQUlRQUNvZENodHljRjlvT21wYVoybE9OMlJzUjJwbWFWbDRYMFYzVmtSeGFtYxAB
Julia,5.0,,a month ago,2026-07-05,,"Dear Valued Guest,
We sincerely thank you for your 5-star rating and for taking the time to share your positive feedback. Your satisfaction is a great source of happiness and motivation for us.
Providing you with a pleasant and seamless holiday experience is always our top priority. Your valuable feedback encourages us to maintain and continuously improve the quality of our services.
We would be delighted to welcome you again in the near future and hope to provide you with the same level of satisfaction during your next stay.
Kind regards,
Crystal Hotels CRM.",,Ci9DQUlRQUNvZENodHljRjlvT2xOTk5raGtUbEYxUjA5cVVGUlNRVTQ0ZUUxU1JWRRAB
Айгул Сейдишева,5.0,"A nice hotel with large, well-maintained grounds and many different water slides. There's a mini-club, mazes, and shows for children. Special mention goes to the mini-restaurant for children.",a month ago,2026-07-05,,"Dear Guest,
Thank you for your high rating of our hotel and for awarding us 5 stars. We are delighted that you have expressed your satisfaction in this way – it is a great joy and motivation for us.
Our top priority is always to ensure you have a pleasant and carefree stay. Your valuable feedback inspires us to maintain and continually improve the quality of our services.
We look forward to welcoming you back to our hotel in the near future and hope to once again meet your expectations on your next vacation.
Sincerely,
CRM Team
Crystal Hotels CRM",1 review · 3 photos,Ci9DQUlRQUNvZENodHljRjlvT2xkUFZFWkdRWFV6VTFOSVIyNUVXVE41YkRSQ1dVRRAB
BARAN,5.0,We were very pleased with everything; it's a lovely hotel for children.,a month ago,2026-07-05,,"Dear Valued Guest,
We sincerely thank you for your 5-star rating of our facility. Your expression of satisfaction in this way is a great source of happiness and motivation for us.
Our top priority is to provide you with a pleasant and trouble-free holiday experience. Your valuable feedback empowers us to maintain and further improve our service quality.
We look forward to welcoming you again soon and hope to provide you with the same satisfaction on your next holiday.
Sincerely,
Crystal Hotels CRM",2 reviews · 5 photos,Ci9DQUlRQUNvZENodHljRjlvT25BMU5UZGxTV3R5ZW10YVJUaHJXbFJFUTJGUGFuYxAB
Klaudia Herdova,5.0,The perfect place for anyone who wants to enjoy a great vacation alone or with children.,a month ago,2026-07-05,,"Dear Valued Guest,
We sincerely thank you for your 5-star rating and for taking the time to share your positive feedback. Your satisfaction is a great source of happiness and motivation for us.
Providing you with a pleasant and seamless holiday experience is always our top priority. Your valuable feedback encourages us to maintain and continuously improve the quality of our services.
We would be delighted to welcome you again in the near future and hope to provide you with the same level of satisfaction during your next stay.
Kind regards,
Crystal Hotels CRM.",2 reviews,Ci9DQUlRQUNvZENodHljRjlvT25SU2MzWmZVbVY1ZGpKaVEyVlFhM2xQUVVwMllXYxAB
Mariusz Szelag,5.0,"Great hotel, I recommend Adam, great waiter and a very nice man",Edited a month ago,2026-07-05,,"Dear Valued Guest,
We sincerely thank you for your 5-star rating and for taking the time to share your positive feedback. Your satisfaction is a great source of happiness and motivation for us.
Providing you with a pleasant and seamless holiday experience is always our top priority. Your valuable feedback encourages us to maintain and continuously improve the quality of our services.
We would be delighted to welcome you again in the near future and hope to provide you with the same level of satisfaction during your next stay.
Kind regards,
Crystal Hotels CRM.",12 reviews · 3 photos,Ci9DQUlRQUNvZENodHljRjlvT21odVduRkRjakY2UjNFdFprbzBRbTVMVEZWMU0zYxAB
Katarzyna Pakula,5.0,"Very good hotel, clean, good food, lots of entertainment for adults and kids. We back 3rd time here. Very friendly and helpful staff. Especially Melek and Hafize in le croissanterie very polite and nice service.",a month ago,2026-07-05,,"Dear Valued Guest,
We sincerely thank you for your 5-star rating and for taking the time to share your positive feedback. Your satisfaction is a great source of happiness and … More",1 review · 1 photo,Ci9DQUlRQUNvZENodHljRjlvT2toVFNsZFRkR1J2UmxvelF6UXdhVTFWYTJKYWIwRRAB
Наталья Бел,5.0,"We stayed here for the second time, everything was super, food, drinks, water park, service, maintenance. Everything was great!!!",a month ago,2026-07-05,,"Dear Guest,
Thank you for your high rating of our hotel and for awarding us 5 stars. We are delighted that you have expressed your satisfaction in this way – it is a great … More",1 review · 4 photos,Ci9DQUlRQUNvZENodHljRjlvT2xONE1FaHRUMmRqT1VaNFVFNWxjRGs1UlhSaFNWRRAB
László Kovács,5.0,"The hotel was convincing in the end, congratulations, they do an excellent job. I recommend it to everyone.",a month ago,2026-07-05,1,"Dear Guest!

Thank you very much for your trust and kind feedback! … More",Local Guide · 174 reviews · 979 photos,Ci9DQUlRQUNvZENodHljRjlvT2xBeWJrZFFTVjlzZFZGelNDMXhlRE5VWVdaelVuYxAB
atakan balci,5.0,Good servies from mehmet and erol chef thx,a month ago,2026-07-05,,"Dear Guest,

Thank you for sharing your first impressions with us! … More",2 reviews,Ci9DQUlRQUNvZENodHljRjlvT2tadE5YTmlUVTVqUkRGRVZrdHZZbFI0V2tSbGQwRRAB
Nurgulya Otynshieva,5.0,"A very chic place, especially the coffee shop where they will bring you a fortune 🥰 very nice …",a month ago,2026-07-05,,"Dear Guest,
Thank you for your high rating of our hotel and for awarding us 5 stars. We are delighted that you have expressed your satisfaction in this way – it is a great … More",2 reviews · 1 photo,Ci9DQUlRQUNvZENodHljRjlvT2w4NWNURmhUbXBhU2w5dk5uVjZjSFo1VUZZemVYYxAB
Arif Oral,4.0,"I had the opportunity to stay for 4 days, the hotel is really great and worth visiting. All the staff are very friendly and smiling. I would also like to thank Mr. Nurettin at the bar; he was very attentive.",a month ago,2026-07-05,,"Dear Valued Guest,
We sincerely thank you for your 5-star rating of our facility. Your expression of satisfaction in this way is a great source of happiness and motivation for us. … More",3 reviews,Ci9DQUlRQUNvZENodHljRjlvT21KdlJHUjVVVFZyTlVwQlRsbDBiVTAxWkROM1ZVRRAB
Рома Ткаченко,5.0,"We're staying at this hotel now. The entertainment is fantastic, both in the evenings and for kids. We loved the restaurant. The kids had a blast. I recommend this hotel to all families. And there are so many water slides!!!",a month ago,2026-07-05,,"Dear Guest,
Thank you for your high rating of our hotel and for awarding us 5 stars. We are delighted that you have expressed your satisfaction in this way – it is a great … More",1 review · 2 photos,Ci9DQUlRQUNvZENodHljRjlvT2xKSVJuUXdNMnhtUlVkMFlURmxRbkZTYURsMWJGRRAB
ceyhan Bayındır,5.0,"The hotel is beautiful and very large. The sea is terrible. They reduced the variety of food and desserts this year. Overall, the hotel was good. The staff were friendly and hardworking. (Especially Mr. Mazlum, Mr. Ibrahim, and Mr. Mustafa in the lobby bar were very attentive and kind. We were very pleased with them. Thank you very much to them.) We love the hotel, this is our second visit. We will probably come back to this hotel next year.",a month ago,2026-07-05,,"Dear Valued Guest,
We sincerely thank you for your 5-star rating of our facility. Your expression of satisfaction in this way is a great source of happiness and motivation for us.
Our top priority is to provide you with a pleasant and trouble-free holiday experience. Your valuable feedback empowers us to maintain and further improve our service quality.
We look forward to welcoming you again soon and hope to provide you with the same satisfaction on your next holiday.
Sincerely,
Crystal Hotels CRM",Local Guide · 192 reviews · 1 photo,Ci9DQUlRQUNvZENodHljRjlvT2xKRlJtODRVbEJWU1ZwdlYxSjFhRFJQYVVWT01VRRAB
Miranə Əsədova,5.0,It's great. The animations are very good.,a month ago,2026-07-05,,"Dear Valued Guest,
We sincerely thank you for your 5-star rating of our facility. Your expression of satisfaction in this way is a great source of happiness and motivation for us. … More",1 review,Ci9DQUlRQUNvZENodHljRjlvT2xOeFZtUjBYMVZOUkZKRlZVeDBMVTE2ZURsTVZsRRAB
Mehmet turkyilmaz,5.0,We were very pleased with everything. Mr. Caner was very helpful to us. He showed great care and attention during my son's illness. The animation team entertained us a lot. Anyone who wants to have fun should come.,a month ago,2026-07-05,,"Dear Valued Guest,
We sincerely thank you for your 5-star rating of our facility. Your expression of satisfaction in this way is a great source of happiness and motivation for us. … More",1 review,Ci9DQUlRQUNvZENodHljRjlvT2xGWWRWcHVNalJoUzFobGVsaEpXWGxuT1dKUlJsRRAB
Айнура,5.0,"A very cool hotel, the animation is super, the restaurant is also delicious, we really liked everything",a month ago,2026-07-05,,"Dear Guest,
Thank you for your high rating of our hotel and for awarding us 5 stars. We are delighted that you have expressed your satisfaction in this way – it is a great joy and motivation for us.
Our top priority is always to ensure you have a pleasant and carefree stay. Your valuable feedback inspires us to maintain and continually improve the quality of our services.
We look forward to welcoming you back to our hotel in the near future and hope to once again meet your expectations on your next vacation.
Sincerely,
CRM Team
Crystal Hotels CRM",1 review,Ci9DQUlRQUNvZENodHljRjlvT2tad1ozRnFVRmN5V2sweFVFdEhiMHhOVlU5NWIyYxAB
Gökhan Göktürk,5.0,"The food and honey were excellent. We especially loved the fish à la carte. Mr. Sedat and his team helped us have a wonderful evening. We really appreciated the Turkish coffee served at Le Croissanderie Cafe, along with the accompanying lucky notes; thank you to the Finnish lady.",a month ago,2026-07-05,,"Dear Valued Guest,
We sincerely thank you for your 5-star rating of our facility. Your expression of satisfaction in this way is a great source of happiness and motivation for us.
Our top priority is to provide you with a pleasant and trouble-free holiday experience. Your valuable feedback empowers us to maintain and further improve our service quality.
We look forward to welcoming you again soon and hope to provide you with the same satisfaction on your next holiday.
Sincerely,
Crystal Hotels CRM",Local Guide · 114 reviews,Ci9DQUlRQUNvZENodHljRjlvT21sWVF6STBjbEZ0ZFhoalJuRktVSHBRVGt0bk5GRRAB
Ayzirek Кubany4bekovna,5.0,"The service is excellent, we were very pleased with our stay.
The food is delicious, the buffet is varied and very tasty.
The restaurants inside the hotel are also interesting; we liked the Italian and Asian restaurants.
The hotel's attitude towards guests is very attentive, especially the guest manager, Ibrahim, who is very attentive. We are very pleased with the hotel.
We didn't regret our choice of hotel.",a month ago,2026-07-05,,"Dear Guest,
Thank you for your high rating of our hotel and for awarding us 5 stars. We are delighted that you have expressed your satisfaction in this way – it is a great joy and motivation for us.
Our top priority is always to ensure you have a pleasant and carefree stay. Your valuable feedback inspires us to maintain and continually improve the quality of our services.
We look forward to welcoming you back to our hotel in the near future and hope to once again meet your expectations on your next vacation.
Sincerely,
CRM Team
Crystal Hotels CRM",1 review,Ci9DQUlRQUNvZENodHljRjlvT2pGa1QxcFFWM2xKWVdwa1NtbEJZMUZqYjB3M2RtYxAB
elton hazizaj,5.0,"We stay here and are very happy with all.Good food,super servis from staff and very good atmosfere.👍",Edited a month ago,2026-07-05,,"Dear Valued Guest,
We sincerely thank you for your 5-star rating and for taking the time to share your positive feedback. Your satisfaction is a great source of happiness and motivation for us.
Providing you with a pleasant and seamless holiday experience is always our top priority. Your valuable feedback encourages us to maintain and continuously improve the quality of our services.
We would be delighted to welcome you again in the near future and hope to provide you with the same level of satisfaction during your next stay.
Kind regards,
Crystal Hotels CRM.",2 reviews,Ci9DQUlRQUNvZENodHljRjlvT2xFNFEzSXRYM2d5UmtkS1ZVSjRWVm90VTFSZllXYxAB
Гульнур Омарова,5.0,Super hotel👍,a month ago,2026-07-05,,"Dear Guest,
Thank you for your high rating of our hotel and for awarding us 5 stars. We are delighted that you have expressed your satisfaction in this way – it is a great joy and motivation for us.
Our top priority is always to ensure you have a pleasant and carefree stay. Your valuable feedback inspires us to maintain and continually improve the quality of our services.
We look forward to welcoming you back to our hotel in the near future and hope to once again meet your expectations on your next vacation.
Sincerely,
CRM Team
Crystal Hotels CRM",1 review,Ci9DQUlRQUNvZENodHljRjlvT2toZlNXZGZOalpaYnpGUE1tTm1SR1YxU0dkeFFWRRAB
артем цибизов,5.0,"Everything was great, I really liked it, especially the food.",a month ago,2026-07-05,,"Dear Guest,
Thank you for your high rating of our hotel and for awarding us 5 stars. We are delighted that you have expressed your satisfaction in this way – it is a great joy and motivation for us.
Our top priority is always to ensure you have a pleasant and carefree stay. Your valuable feedback inspires us to maintain and continually improve the quality of our services.
We look forward to welcoming you back to our hotel in the near future and hope to once again meet your expectations on your next vacation.
Sincerely,
CRM Team
Crystal Hotels CRM",1 review,Ci9DQUlRQUNvZENodHljRjlvT25SbVVuUkhOMEpWWW1OdE1XVm1iMlozU0c5SVduYxAB
Мпрро ииооолл,5.0,We really enjoyed our stay at this hotel. We especially loved the children's entertainment. They entertain the kids well. We also liked the restaurant. The evening entertainment was great.,a month ago,2026-07-05,,"Dear Guest,
Thank you for your high rating of our hotel and for awarding us 5 stars. We are delighted that you have expressed your satisfaction in this way – it is a great joy and motivation for us.
Our top priority is always to ensure you have a pleasant and carefree stay. Your valuable feedback inspires us to maintain and continually improve the quality of our services.
We look forward to welcoming you back to our hotel in the near future and hope to once again meet your expectations on your next vacation.
Sincerely,
CRM Team
Crystal Hotels CRM",1 review · 3 photos,Ci9DQUlRQUNvZENodHljRjlvT2s1aVFuTmZaWEprZUU5QlJIVkNaV0ZOV25STWFtYxAB
Адилет Молдагалиев,5.0,"A wonderful hotel with a wonderful atmosphere and high-quality service! Everything was top-notch: comfortable rooms, varied food, clean grounds, and a wonderful team of staff. Special thanks to the guest relations department, and especially to Firuza, for her care, attention, and genuine desire to make guests' stay as comfortable as possible. You truly feel welcome here. We'll be happy to return!",a month ago,2026-07-05,,"Dear Guest,
Thank you for your high rating of our hotel and for awarding us 5 stars. We are delighted that you have expressed your satisfaction in this way – it is a great joy and motivation for us.
Our top priority is always to ensure you have a pleasant and carefree stay. Your valuable feedback inspires us to maintain and continually improve the quality of our services.
We look forward to welcoming you back to our hotel in the near future and hope to once again meet your expectations on your next vacation.
Sincerely,
CRM Team
Crystal Hotels CRM",1 review,Ci9DQUlRQUNvZENodHljRjlvT25kR1kwVXlaME5ETVdGb04wUnpVekI1ZW1SNVpXYxAB
Айнур Сакиева,5.0,"We stayed at this hotel and were very pleased! Excellent service, delicious and varied food, clean and cozy rooms. The grounds are beautiful and well-maintained, with plenty of activities for both adults and children. Special thanks to the guest relations department, and especially to Firuza, for her attentive service, friendliness, and help with any questions. Thanks to her, our stay was even more comfortable and enjoyable. We will definitely return again and will happily recommend this hotel to friends and family!",a month ago,2026-07-05,,"Dear Guest,
Thank you for your high rating of our hotel and for awarding us 5 stars. We are delighted that you have expressed your satisfaction in this way – it is a great joy and motivation for us.
Our top priority is always to ensure you have a pleasant and carefree stay. Your valuable feedback inspires us to maintain and continually improve the quality of our services.
We look forward to welcoming you back to our hotel in the near future and hope to once again meet your expectations on your next vacation.
Sincerely,
CRM Team
Crystal Hotels CRM",1 review,Ci9DQUlRQUNvZENodHljRjlvT2poTmFGZDZjRUZWY0hveFZXbEJhVE56Y0dsd1NIYxAB
Judit Vider,5.0,"Cleanliness everywhere, on the beach, by the pools, in the room, in the restaurant, in the shared bathrooms.
We booked a room with a terrace overlooking the sea from the side, the sea was visible from the side and in front. The cleaning staff was already there around 9, we indicated several times that cleaning was not necessary, nevertheless, they always cleaned by the afternoon, changed towels, and fully filled the minibar with soft drinks and mineral water. The air conditioning worked properly, it was quite cool in the room, it blew almost the same cold when set to 24 and 25 degrees, and we tried to set it to a lower strength at night, but it did not respond, so it was somewhat loud. The bed is very comfortable, I have back/neck pain, but I did not have such a problem here. There were plenty of free beds by the pool and on the beach.

Wifi, surprisingly very good, worked not only in the main building, but also in the room, by the pools and even on the beach.
The restaurant always had a wide selection, breakfast can get monotonous after a week, I think there is a wide selection for dinner. There are five themed restaurants, you don't need to book, and you can use any of them as many times as you want. The Italian restaurant was a bit confusing, we asked for soup, main course, dessert, and they said we would get a Caesar salad. After the soup and salad, they brought out all the existing appetizers, we didn't know what to expect. The food wasn't bad, but don't expect Italian flavors. We scanned the menu with a QR code. The Latin American restaurant also had a generous portion, and the taste was okay. Afterwards, we were wondering between Turkish and Chinese, at the Chinese, the menu was laid out, we could hardly study it, one of the waiters immediately asked where we were from, and then invited us. Unfortunately, I made the mistake of not reading the ingredients of the dishes. I indicated to the waiter in English that I had a cancer allergy. It seemed he didn't understand. I showed him in Turkish with a translation program. He said ""no problem"", there is no crab in the sushi. It was Tom Yum soup, and I'm used to eating it with chicken at home. I took a spoonful and at the first sip I realized that there was crab in it... I was wrong, but unfortunately so was the waiter. Allergen information is on every dish in the main restaurant, it's not on the thematic paper menu. If you have a food allergy, you have to pay close attention to the thematic menu and scan the QR code, it was a lesson for me. You can eat near the beach during the day (hamburger, salad, fruit, gözleme, chicken). There is a chicken place by the stage, it's as good as KFC, it's delicious! 😊
There is a bazaar in the area. There is a taxi stand in front of the building.
There are lots of bars in the hotel area, here too you can scan a QR code to see what you can eat in which one, it's not displayed separately. There is a pastry shop, ice cream parlor and café in the main building, and a tea/cafe was built in a few days in the garden. You can also get ice cream at the beach, and there is a bar there. You can ask for peanuts and corn as snacks with your drinks, the latter is like Mexicorn, but very fresh, kept warm. The bars have various soft drinks (mostly from a vending machine), Schweppes is poured from a bottle, Ayran, several types of draft beer in some bars, bottled beer in the Irish pub (Efes and Perge), bottled water in several places in the fridge (self-service).
In the other half of the hotel there is a slide park, for small, large, and those that can be used with a swimming ring (one and two people). They paid attention to the height with the children. The water gets deep quickly at the beach, and there are small and large pebbles at the entrance.

Unfortunately, there were quite a lot of mosquitoes in the garden in the evening, but there were also some in the room. Two days before leaving home, there was a thinning in the morning, after which the situation improved. The paving slabs were changed by the pool in the morning/during the day. There was noise and dust in the morning, after the paving was laid, it was no longer disturbing. We tried to go a little further away.

The staff is very nice. The animators are the same, and they are not intrusive. Evening shows. I read mixed reviews before my vacation. There was a change in the hotel management, and it is noticeable that they do everything for the guests. We returned home with positive experiences.",a month ago,2026-07-05,,"Dear Guest!

Thank you very much for sharing your experience with us in such detail and for taking the time to provide feedback.

We are pleased to read that you were overall satisfied with the cleanliness, the comfort of the rooms, the dining options, the variety of services, and the attitude and helpfulness of the staff. We especially thank you for highlighting the work of the animation team and the overall guest experience.

We regret the unpleasant incident regarding the allergy and we consider it important to emphasize that based on the feedback you described, we are paying special attention to even clearer communication of allergen information, especially in the themed restaurants.

We also thank you for your comments regarding the mosquitoes and the temporary maintenance work; we will continue to take care of these areas with the least possible guest burden.

We appreciate your recognition of our continuous improvements and the management's efforts. We look forward to welcoming you back as our guests in the future and providing you with an even higher level of experience.

Thank you for choosing us!
Crystal Hotels CRM",Local Guide · 39 reviews · 244 photos,Ci9DQUlRQUNvZENodHljRjlvT25kQ2JsZHZkM1ZDV0RSQk9YWmZWbFF4WDJGTk9FRRAB
Бек Сакиев,5.0,"We would love to return to Crystal Waterworld Resort & Spa! Our vacation exceeded all expectations. The beautiful grounds, magnificent water park, clean pools and beach, varied and delicious food, and high-quality service made our vacation truly unforgettable.
We would like to express our special thanks to the Guest Relations department, especially Firuza. Her attentiveness, friendliness, and professionalism made us feel welcome throughout our vacation. Every issue was resolved quickly and with a smile, and her genuine attitude left the warmest impression.
Crystal Waterworld is a place you'll want to return to again and again. We recommend this hotel to anyone who appreciates comfort, high-quality service, and genuine hospitality!",a month ago,2026-07-05,,"Dear Guest,

Thank you for such a warm and inspiring review of your stay at the Crystal Waterworld Aqua Collection.
We are delighted to learn that your vacation exceeded your expectations and that you truly appreciated the hotel grounds, water park, pools, beach, variety of cuisine, and quality of service. For our team, the greatest reward is knowing that our guests' vacations leave only pleasant memories.

We especially thank you for your kind words about the Guest Relations Department and our colleague, Firuze. We will be sure to pass on your thanks. It is very important to us that every guest feels genuine care and attention throughout their stay, and we are delighted that Firuze was able to make your stay even more comfortable and enjoyable.

Thank you for your trust, recommendation, and appreciation of our work. We look forward to welcoming you and your loved ones back to the Crystal Waterworld Resort & Spa and offering you even more unforgettable experiences.

Best regards,
Crystal Hotels CRM",1 review,Ci9DQUlRQUNvZENodHljRjlvT2pNd1NXRjNiMnRQVjFOQ2VEaFlaMVpUWW1aeVVIYxAB
Nurgul Yessimkhanova,5.0,"Excellent hotel, varied food and drinks, interesting animations and shows, I recommend it",a month ago,2026-07-05,,"Dear Guest,
Thank you for your high rating of our hotel and for awarding us 5 stars. We are delighted that you have expressed your satisfaction in this way – it is a great joy and motivation for us.
Our top priority is always to ensure you have a pleasant and carefree stay. Your valuable feedback inspires us to maintain and continually improve the quality of our services.
We look forward to welcoming you back to our hotel in the near future and hope to once again meet your expectations on your next vacation.
Sincerely,
CRM Team
Crystal Hotels CRM",2 reviews,Ci9DQUlRQUNvZENodHljRjlvT2t4Sk1VdDRkRGRwYkdsSFExZG1WVUZNWmxSblNrRRAB
Jolanta Sinickaja,5.0,,a month ago,2026-07-05,,"Dear Valued Guest,
We sincerely thank you for your 5-star rating and for taking the time to share your positive feedback. Your satisfaction is a great source of happiness and motivation for us.
Providing you with a pleasant and seamless holiday experience is always our top priority. Your valuable feedback encourages us to maintain and continuously improve the quality of our services.
We would be delighted to welcome you again in the near future and hope to provide you with the same level of satisfaction during your next stay.
Kind regards,
Crystal Hotels CRM.",,Ci9DQUlRQUNvZENodHljRjlvT21vd1h6aDFVVzFLWkhORlVrYzNjRk5xV0VNM2VGRRAB
Хамза Айым,5.0,"Excellent accommodations, a huge thank you to all the staff who work here and make this place even better! We look forward to returning.",a month ago,2026-07-05,,"Dear Guest,
Thank you for your high rating of our hotel and for awarding us 5 stars. We are delighted that you have expressed your satisfaction in this way – it is a great joy and motivation for us.
Our top priority is always to ensure you have a pleasant and carefree stay. Your valuable feedback inspires us to maintain and continually improve the quality of our services.
We look forward to welcoming you back to our hotel in the near future and hope to once again meet your expectations on your next vacation.
Sincerely,
CRM Team
Crystal Hotels CRM",1 review,Ci9DQUlRQUNvZENodHljRjlvT2pkd01FbGtTbGh3VDBwU1JYZ3dZVFoxTTA5dU1XYxAB
Berna Can,5.0,"Everything was great, the staff were very friendly.",a month ago,2026-07-05,,"Dear Valued Guest,
We sincerely thank you for your 5-star rating of our facility. Your expression of satisfaction in this way is a great source of happiness and motivation for us.
Our top priority is to provide you with a pleasant and trouble-free holiday experience. Your valuable feedback empowers us to maintain and further improve our service quality.
We look forward to welcoming you again soon and hope to provide you with the same satisfaction on your next holiday.
Sincerely,
Crystal Hotels CRM",2 reviews,Ci9DQUlRQUNvZENodHljRjlvT2kxMVZFcHFNR0ZwYmpCUGNVTm9ZVEJUU1c5WVZYYxAB
Жанар,5.0,"We especially liked the rooms, the food, and the staff's attitude. Everyone was very friendly and always ready to help. A special thank you to the entertainment staff; they made our vacation so much more exciting and interesting. They were very pleasant, attentive, and positive. Thanks to them, the hotel had a wonderful atmosphere. We highly recommend this place to anyone looking for a great vacation.",a month ago,2026-07-05,,"Dear Guest,
Thank you for your high rating of our hotel and for awarding us 5 stars. We are delighted that you have expressed your satisfaction in this way – it is a great joy and motivation for us.
Our top priority is always to ensure you have a pleasant and carefree stay. Your valuable feedback inspires us to maintain and continually improve the quality of our services.
We look forward to welcoming you back to our hotel in the near future and hope to once again meet your expectations on your next vacation.
Sincerely,
CRM Team
Crystal Hotels CRM",1 review,Ci9DQUlRQUNvZENodHljRjlvT25WbE1uSjBjRE5JVjNwNllscHNNVzR5VWxGNFkxRRAB
Гулдана Аюбаева,5.0,,a month ago,2026-07-05,,"Dear Guest,
Thank you for your high rating of our hotel and for awarding us 5 stars. We are delighted that you have expressed your satisfaction in this way – it is a great joy and motivation for us.
Our top priority is always to ensure you have a pleasant and carefree stay. Your valuable feedback inspires us to maintain and continually improve the quality of our services.
We look forward to welcoming you back to our hotel in the near future and hope to once again meet your expectations on your next vacation.
Sincerely,
CRM Team
Crystal Hotels CRM",,Ci9DQUlRQUNvZENodHljRjlvT2poc1lURTBWR0UyU0hKUVlUSlBXbXROVHpSclpuYxAB
Zhupar Arhabaeva,5.0,"This was our first time at this hotel. Honestly, we were nervous before the trip, but in the end, it was a great stay. The room was nice, and the staff was polite and always said hello. The entertainers were great. It's a great place for a family vacation.",a month ago,2026-07-05,,"Dear Guest,
Thank you for your high rating of our hotel and for awarding us 5 stars. We are delighted that you have expressed your satisfaction in this way – it is a great joy and motivation for us.
Our top priority is always to ensure you have a pleasant and carefree stay. Your valuable feedback inspires us to maintain and continually improve the quality of our services.
We look forward to welcoming you back to our hotel in the near future and hope to once again meet your expectations on your next vacation.
Sincerely,
CRM Team
Crystal Hotels CRM",1 review,Ci9DQUlRQUNvZENodHljRjlvT25OSFMxZE9hSFJJVmtkUVVsTmtRV3BRTXpkaloyYxAB
Ugur Balkan,5.0,We didn't have any problems with any department. It was a perfect hotel. Anyone considering coming can come with peace of mind. Especially those who want to have fun should come.,a month ago,2026-07-05,,"Dear Valued Guest,
We sincerely thank you for your 5-star rating of our facility. Your expression of satisfaction in this way is a great source of happiness and motivation for us.
Our top priority is to provide you with a pleasant and trouble-free holiday experience. Your valuable feedback empowers us to maintain and further improve our service quality.
We look forward to welcoming you again soon and hope to provide you with the same satisfaction on your next holiday.
Sincerely,
Crystal Hotels CRM",Local Guide · 3 reviews · 25 photos,Ci9DQUlRQUNvZENodHljRjlvT210bWF6WmZURFpXZW5ZeGFYZHNXVXhoVmtRM2JIYxAB
al shojaei,5.0,Everything was great and it was very memorable thanks to the kind staff,a month ago,2026-07-05,,"Dear Valued Guest,
We sincerely thank you for your 5-star rating and for taking the time to share your positive feedback. Your satisfaction is a great source of happiness and motivation for us.
Providing you with a pleasant and seamless holiday experience is always our top priority. Your valuable feedback encourages us to maintain and continuously improve the quality of our services.
We would be delighted to welcome you again in the near future and hope to provide you with the same level of satisfaction during your next stay.
Kind regards,
Crystal Hotels CRM.",8 reviews,Ci9DQUlRQUNvZENodHljRjlvT25CdFRHODVTR1ZQVkRWWk1HVjJValpXUlRodVpsRRAB
Sinan Gergin,5.0,"It was a wonderful experience, we loved your hotel and we highly recommend everyone to come here.",Edited a month ago,2026-07-05,,"Dear Valued Guest,
We sincerely thank you for your 5-star rating of our facility. Your expression of satisfaction in this way is a great source of happiness and motivation for us.
Our top priority is to provide you with a pleasant and trouble-free holiday experience. Your valuable feedback empowers us to maintain and further improve our service quality.
We look forward to welcoming you again soon and hope to provide you with the same satisfaction on your next holiday.
Sincerely,
Crystal Hotels CRM",1 review,Ci9DQUlRQUNvZENodHljRjlvT2xwdE0zbFdiMUJVZUc1TFdqVk5Za3hpYTBkMU0yYxAB
Azfen Azfen,5.0,Im comg with my family and this hotel is reaaly big and so much fun. They are have the parties and thia parties so so much fun thanks for the everything,a month ago,2026-07-05,,"Dear Valued Guest,
We sincerely thank you for your 5-star rating and for taking the time to share your positive feedback. Your satisfaction is a great source of happiness and motivation for us.
Providing you with a pleasant and seamless holiday experience is always our top priority. Your valuable feedback encourages us to maintain and continuously improve the quality of our services.
We would be delighted to welcome you again in the near future and hope to provide you with the same level of satisfaction during your next stay.
Kind regards,
Crystal Hotels CRM.",2 reviews,Ci9DQUlRQUNvZENodHljRjlvT25Kc0xUaHFaVWRmVVdvM01WOTFRVzVEZFVvd1VIYxAB
Fariz Sheva,5.0,that hitel so so good. we really fun in this hotel. thank you so much for the everything,a month ago,2026-07-05,,"Dear Valued Guest,
We sincerely thank you for your 5-star rating and for taking the time to share your positive feedback. Your satisfaction is a great source of happiness and motivation for us.
Providing you with a pleasant and seamless holiday experience is always our top priority. Your valuable feedback encourages us to maintain and continuously improve the quality of our services.
We would be delighted to welcome you again in the near future and hope to provide you with the same level of satisfaction during your next stay.
Kind regards,
Crystal Hotels CRM.",6 reviews · 15 photos,Ci9DQUlRQUNvZENodHljRjlvT2pKeVYyMVFNekJJVFdWQllWOUJhMGhyTmpKUE9FRRAB
Furkan Sancaktar,5.0,We had a wonderful holiday. The staff were friendly and the food was delicious.,a month ago,2026-07-05,,"Dear Valued Guest,
We sincerely thank you for your 5-star rating of our facility. Your expression of satisfaction in this way is a great source of happiness and motivation for us.
Our top priority is to provide you with a pleasant and trouble-free holiday experience. Your valuable feedback empowers us to maintain and further improve our service quality.
We look forward to welcoming you again soon and hope to provide you with the same satisfaction on your next holiday.
Sincerely,
Crystal Hotels CRM",1 review,Ci9DQUlRQUNvZENodHljRjlvT2tJM1p6bFlhbXcwUlRFeFoxODVVVXREU25VNWQzYxAB
Tuğba Demir,5.0,"This hotel offers activities, the aqua parks are great, and there's a wide variety of food. It's the best hotel we've stayed at in 3 years.",a month ago,2026-07-05,,"Dear Valued Guest,
We sincerely thank you for your 5-star rating of our facility. Your expression of satisfaction in this way is a great source of happiness and motivation for us.
Our top priority is to provide you with a pleasant and trouble-free holiday experience. Your valuable feedback empowers us to maintain and further improve our service quality.
We look forward to welcoming you again soon and hope to provide you with the same satisfaction on your next holiday.
Sincerely,
Crystal Hotels CRM",2 reviews,Ci9DQUlRQUNvZENodHljRjlvT2tWTGEyRnlTa1V4UW1sQlFuTkRSRVZ0ZUdKcldFRRAB
Шарипова Лейсан,5.0,,a month ago,2026-07-05,,"Dear Guest,
Thank you for your high rating of our hotel and for awarding us 5 stars. We are delighted that you have expressed your satisfaction in this way – it is a great joy and motivation for us.
Our top priority is always to ensure you have a pleasant and carefree stay. Your valuable feedback inspires us to maintain and continually improve the quality of our services.
We look forward to welcoming you back to our hotel in the near future and hope to once again meet your expectations on your next vacation.
Sincerely,
CRM Team
Crystal Hotels CRM",2 photos,Ci9DQUlRQUNvZENodHljRjlvT2pabFZtdHZSM2RXTVVWSWFFSktiazV1TkRObWNHYxAB
Oyun Gemisi,5.0,,a month ago,2026-07-05,,"Dear Valued Guest,
We sincerely thank you for your 5-star rating of our facility. Your expression of satisfaction in this way is a great source of happiness and motivation for us.
Our top priority is to provide you with a pleasant and trouble-free holiday experience. Your valuable feedback empowers us to maintain and further improve our service quality.
We look forward to welcoming you again soon and hope to provide you with the same satisfaction on your next holiday.
Sincerely,
Crystal Hotels CRM",,Ci9DQUlRQUNvZENodHljRjlvT21ac1JXVk1kM3BJVTJWeWNreFRSWHB0TldjeU9YYxAB
Ahmet Tücer,5.0,"It's a very good hotel, the staff are very good.",a month ago,2026-07-05,,"Dear Valued Guest,
We sincerely thank you for your 5-star rating of our facility. Your expression of satisfaction in this way is a great source of happiness and motivation for us.
Our top priority is to provide you with a pleasant and trouble-free holiday experience. Your valuable feedback empowers us to maintain and further improve our service quality.
We look forward to welcoming you again soon and hope to provide you with the same satisfaction on your next holiday.
Sincerely,
Crystal Hotels CRM",1 review,Ci9DQUlRQUNvZENodHljRjlvT2pVNGRuRmlPWFpQVFhoVFIxa3RZMDluUnpoWlVFRRAB
umut Tan,5.0,We have been happily coming to this hotel for 2 years and we definitely recommend it…,a month ago,2026-07-05,,"Dear Valued Guest,
We sincerely thank you for your 5-star rating of our facility. Your expression of satisfaction in this way is a great source of happiness and motivation for us.
Our top priority is to provide you with a pleasant and trouble-free holiday experience. Your valuable feedback empowers us to maintain and further improve our service quality.
We look forward to welcoming you again soon and hope to provide you with the same satisfaction on your next holiday.
Sincerely,
Crystal Hotels CRM",5 reviews,Ci9DQUlRQUNvZENodHljRjlvT2xkV01XbEdVVEpJVUU5RmVsVlNNVkZwYkU5ZlZGRRAB
Emre YALIN,5.0,"My friend and I stayed at your hotel. We really enjoyed it. The parties at the hotel were great fun. There were so many activities in the mornings, thank you for everything!",a month ago,2026-07-05,,"Dear Valued Guest,
We sincerely thank you for your 5-star rating of our facility. Your expression of satisfaction in this way is a great source of happiness and motivation for us.
Our top priority is to provide you with a pleasant and trouble-free holiday experience. Your valuable feedback empowers us to maintain and further improve our service quality.
We look forward to welcoming you again soon and hope to provide you with the same satisfaction on your next holiday.
Sincerely,
Crystal Hotels CRM",4 reviews,Ci9DQUlRQUNvZENodHljRjlvT25jeVZsTTViMDlmVW5OeFVtRlhTbkJqY1dSTlRVRRAB
Hüseyin Ünlü,5.0,I was very pleased with everything. Thank you so much for everything. We are thinking of coming again. Best regards to everyone.,a month ago,2026-07-05,,"Dear Valued Guest,
We sincerely thank you for your 5-star rating of our facility. Your expression of satisfaction in this way is a great source of happiness and motivation for us. … More",2 reviews,Ci9DQUlRQUNvZENodHljRjlvT2pOeGVXOXdWVEV5Uld4SFVHRlljMVp2TW1wUFZYYxAB
Ecrin Turgut,5.0,,a month ago,2026-07-05,,"Dear Valued Guest,
We sincerely thank you for your 5-star rating of our facility. Your expression of satisfaction in this way is a great source of happiness and motivation for us. … More",,Ci9DQUlRQUNvZENodHljRjlvT20xZlVXdzNObWN0TkRsTmNXMWZhVlJaYVRBdE1FRRAB
SUNSHINE,5.0,,a month ago,2026-07-05,,"Dear Valued Guest,
We sincerely thank you for your 5-star rating and for taking the time to share your positive feedback. Your satisfaction is a great source of happiness and … More",,Ci9DQUlRQUNvZENodHljRjlvT2xoNmJtUm5iM0pEWm14WFRrbEdlVUV4UkcxVFZFRRAB
Arvar Fill,5.0,"I loved everything! The view was gorgeous, the fish was delicious.",a month ago,2026-07-05,,"Dear Guest,
Thank you for your high rating of our hotel and for awarding us 5 stars. We are delighted that you have expressed your satisfaction in this way – it is a great … More",1 review,Ci9DQUlRQUNvZENodHljRjlvT2xWNWEwdDZVbFZMUWpkNldXaFpaRlExWkV0c00wRRAB
Альона Моор-Потапкіна,1.0,"Before the incident, we were delighted with this hotel. The spacious grounds, friendly staff, water park, pools, sea views, and varied food options. We even considered returning.

But everything changed in an instant.

During our vacation, my husband suffered a serious leg injury in the hotel pool. There was a sharp object in the water, which cut his heel deeply. The wound was so severe that he required hospitalization and stitches.

Instead of a vacation, our family spent about seven hours in the hospital. We lost a day of vacation, incurred additional expenses for the insurance deductible, medications, and subsequent medical examinations. Now, instead of relaxing, we have to deal with bandages, antibiotics, and medical paperwork for a safe flight home.

What's especially upsetting is that such an injury occurred on hotel grounds, in a place that should be safe for guests. The hotel markets itself as a family-friendly hotel, but its pool safety oversight raises serious questions.

As a result, not only one day of our vacation was ruined—our entire holiday was ruined. Instead of walks, the sea, and fun, we were left with pain, stress, and constant anxiety about our health.

We have photos, videos, and medical documents confirming what happened.

If family safety is your priority, I recommend thinking carefully before choosing this hotel.",Edited a month ago,2026-07-05,,"Dear Guest,

First of all, thank you for sharing your feedback. We sincerely regret that this incident occurred during your vacation, and we wish your husband a speedy and full recovery.
We are pleased to learn that prior to this incident, you highly rated the hotel grounds, staff service, water park, pools, food, and overall vacation atmosphere. Therefore, we are especially sorry that this incident has marred your experience.
Immediately upon learning of the incident, our staff provided the necessary assistance, organized and supported your medical referral, and closely monitored your situation throughout your treatment. You were provided with a complimentary shuttle from the hotel for all trips to and from the hospital. Our staff also regularly inquired about your husband's health and conveyed their best wishes for a speedy recovery.
After receiving information about the injury, a thorough inspection of the pool and surrounding area was conducted. No sharp or cutting objects were found in the pool. CCTV footage was also reviewed. The investigation revealed that the injury occurred as a result of improper entry and failure to follow the water slide's operating instructions, resulting in contact with the bottom of the pool.

We would like to emphasize that the safety of our guests is our absolute priority. All water slides and pools undergo regular technical inspections and tests in accordance with current safety standards, and our staff constantly monitors the condition of the facilities to ensure the safest possible experience.

We sincerely apologize for the inconvenience you experienced and once again wish your husband a speedy recovery. We hope that over time you will be able to cherish the positive memories of your stay at our hotel.

Sincerely,
Crystal Hotels CRM",Local Guide · 13 reviews · 203 photos,Ci9DQUlRQUNvZENodHljRjlvT2pGWFFsZElYemhTU1ZCaGVXeFRlRVJNVlY5bFJYYxAB
Иван Франц,5.0,"A wonderful place. Fantastic water slides and a rich entertainment program! These water parks are truly top-notch, perfect for both kids and adults! We came here for the first time and were absolutely thrilled! The most important thing for a child is that they have everything they need! Entertainment and crafts every day! The mini-club is running great! They speak all languages!",a month ago,2026-07-05,,"Dear Guest,
Thank you for your high rating of our hotel and for awarding us 5 stars. We are delighted that you have expressed your satisfaction in this way – it is a great joy and motivation for us.
Our top priority is always to ensure you have a pleasant and carefree stay. Your valuable feedback inspires us to maintain and continually improve the quality of our services.
We look forward to welcoming you back to our hotel in the near future and hope to once again meet your expectations on your next vacation.
Sincerely,
CRM Team
Crystal Hotels CRM",1 review,Ci9DQUlRQUNvZENodHljRjlvT25oek5ucElVa0puT0c5elFqUjBOR1JmZW1sMGVYYxAB
OZAN ÖZTÜRK,5.0,The hotel is very nice.,a month ago,2026-07-05,,"Dear Valued Guest,
We sincerely thank you for your 5-star rating of our facility. Your expression of satisfaction in this way is a great source of happiness and motivation for us. … More",3 reviews · 1 photo,Ci9DQUlRQUNvZENodHljRjlvT25KUFZXdDBPVzl6TlhwMGJrdFlWMHhDU25JemJXYxAB
Александр Потапкин,1.0,"I got a cut heel in the pool. The management let it all slide. I ended up spending half my vacation in my room. They at least apologized. I went to ask about crutches, and they said I had to rent them. That's what happened to me. I wouldn't recommend it with children. Have a great vacation, everyone.",Edited a month ago,2026-07-05,,"Dear guest,

First of all, we sincerely regret that this accident occurred during your stay. … More",9 reviews,Ci9DQUlRQUNvZENodHljRjlvT2pOZmVIVnpSME50Y0VoeE1XVndUMGczU2xSWmIzYxAB
Dilnura Fayzullayeva,5.0,The service was good. We had a great time. We really enjoyed it. I hope we'll come again. We're very happy. 👍👍👍👍 …,a month ago,2026-07-05,,"Dear Guest,
Thank you for your high rating of our hotel and for awarding us 5 stars. We are delighted that you have expressed your satisfaction in this way – it is a great … More",2 reviews,Ci9DQUlRQUNvZENodHljRjlvT2tkZlEyWkNYMU56Umt4UmVWYzFURGRxT0RRelVYYxAB
Алина Асеева,5.0,"The best hotel in Turkey. Everything is top-notch: food, service, entertainment.",a month ago,2026-07-05,,"Dear Guest,
Thank you for your high rating of our hotel and for awarding us 5 stars. We are delighted that you have expressed your satisfaction in this way – it is a great … More",3 reviews,Ci9DQUlRQUNvZENodHljRjlvT214Q2IzVnZSa2cxTm5kQ2JURmhOV1ZYVG5rMFFrRRAB
Mehmet efe Balta,5.0,"The hotel was amazing in every way, we were very pleased. The hotel was great fun. The parties were fantastic. The food was varied and delicious. Thanks to Sedat abi (brother Sedat).",a month ago,2026-07-05,,"Dear Valued Guest,
We sincerely thank you for your 5-star rating of our facility. Your expression of satisfaction in this way is a great source of happiness and motivation for us. … More",3 reviews,Ci9DQUlRQUNvZENodHljRjlvT2paR2VHbHhVMDAxYUZOcVEzcHhOM1J6WHpkRGJGRRAB
DNS KOZMETİK,5.0,"The à la carte meals at the hotel where we stayed with our family were excellent, and Mr. Sedat was excellent.",a month ago,2026-07-05,,"Dear Valued Guest,
We sincerely thank you for your 5-star rating of our facility. Your expression of satisfaction in this way is a great source of happiness and motivation for us. … More",1 review,Ci9DQUlRQUNvZENodHljRjlvT2pOSVRGbFBTbU5UWlhwVk1YaEpUR2RRWjJaNFlWRRAB
nuri sezgin,5.0,"This is a great hotel for kids, with an excellent aquapark and a place where you'll never go hungry – one restaurant opens before the other closes. The hotel staff are very good. The à la carte restaurants are superb; thanks to Sedat Bey and Omer Bey.",Edited a month ago,2026-07-05,,"Dear Valued Guest,
We sincerely thank you for your 5-star rating of our facility. Your expression of satisfaction in this way is a great source of happiness and motivation for us. … More",Local Guide · 169 reviews · 2 photos,Ci9DQUlRQUNvZENodHljRjlvT2pOYVdpMWhiVnAxZWt0eGFtSmlYMVJMY1d4Q2JVRRAB
Ольга Алексеевна,5.0,Mr. Sedat was very attentive to us. The food and service were superb.,a month ago,2026-07-05,,"Dear Guest,
Thank you for your high rating of our hotel and for awarding us 5 stars. We are delighted that you have expressed your satisfaction in this way – it is a great … More",1 review,Ci9DQUlRQUNvZENodHljRjlvT2tJeVpGOWpjRVo1WlUxNk4yTndZa2hmY2xsdlIyYxAB
Ada Yucel,5.0,"Thanks to Mr. Sedat and Mr. Ömer, the food was delicious.",a month ago,2026-07-05,,"Dear Valued Guest,
We sincerely thank you for your 5-star rating of our facility. Your expression of satisfaction in this way is a great source of happiness and motivation for us. … More",1 review,Ci9DQUlRQUNvZENodHljRjlvT2pVMmJYcHZhWFZTYVdSRGJHZHBiRWwzUVVJd01IYxAB
Mehmet Emir Yücel,5.0,The à la carte dishes and Mr. Sedat's service were amazing.,a month ago,2026-07-05,,"Dear Valued Guest,
We sincerely thank you for your 5-star rating of our facility. Your expression of satisfaction in this way is a great source of happiness and motivation for us. … More",2 reviews,Ci9DQUlRQUNvZENodHljRjlvT25aSWVtdFZka3BUWWxRMWVGVkVaVGxhZEdSdk5GRRAB
Eliza Askerova,5.0,"“We were very well received during our stay at the hotel. I would especially like to thank the kitchen staff and the head chef. The food was truly delicious, with different and carefully prepared options every day. It appealed to our taste buds and the presentation was beautiful. The head chef's dedication to his work was evident in every detail. Also, all the staff were friendly and helpful. We felt right at home. Thank you for everything, we would love to come back again.”",a month ago,2026-07-05,,"Dear Guest,
Thank you for your high rating of our hotel and for awarding us 5 stars. We are delighted that you have expressed your satisfaction in this way – it is a great joy and motivation for us.
Our top priority is always to ensure you have a pleasant and carefree stay. Your valuable feedback inspires us to maintain and continually improve the quality of our services.
We look forward to welcoming you back to our hotel in the near future and hope to once again meet your expectations on your next vacation.
Sincerely,
CRM Team
Crystal Hotels CRM",2 reviews,Ci9DQUlRQUNvZENodHljRjlvT2t4dlFqRklRa2hEUVRkSmRFSmhaVVZuTkdaM1RGRRAB
Ingrid Flores,3.0,"Its okay! When I first rated it was as a request of one employee and on our first day, and the hotel seemed nice. After my whole stay, its definitely not worth it 5 stars. The hotel is okay, the staff is nice, but the overall service was not good. They never changed our bed lining in a 7 day stay, they only made the bed and changed the trash bag, I had to request toilet paper/ conditioner two times bc they will never leave extra, which is annoying to have to worry about when you are supposed to be relaxing. When we checked in they gave us the list of all restaurants/bar, however, only one theme bar/restaurant was open per night.",Edited a month ago,2026-07-05,,"Dear guest Ingrid Flores,

Thank you very much for your kind comments and valuable feedback.

We were delighted to hear that you enjoyed your stay, found our food delicious, and appreciated the friendly service provided by our team. It is a particular source of satisfaction for us that our entertainment activities also met your expectations.

On behalf of the entire team, we thank you for your kind words and look forward to welcoming you back to our hotel.

Kind regards,
Crystal Hotels CRM","Local Guide · 151 reviews · 1,327 photos",Ci9DQUlRQUNvZENodHljRjlvT21WQlRYcDZjblpxYURkUlVrWjJSbHBtUkhCRGVuYxAB
Mesut,5.0,"Everything is great, we are satisfied.",a month ago,2026-07-05,,"Dear Valued Guest,
We sincerely thank you for your 5-star rating of our facility. Your expression of satisfaction in this way is a great source of happiness and motivation for us. … More",1 review,Ci9DQUlRQUNvZENodHljRjlvT25Ob00xaDFXRVl3YmtWeGVYYzVTamx3YmkxVU5rRRAB
Гайни Галымжанкызы,5.0,"Everything was great, the staff was nice and polite. The best and unforgettable vacation. I really liked the water parks.",a month ago,2026-07-05,,"Dear Guest,
Thank you for your high rating of our hotel and for awarding us 5 stars. We are delighted that you have expressed your satisfaction in this way – it is a great … More",1 review,Ci9DQUlRQUNvZENodHljRjlvT20xeVlVOUtia1Z6ZWpjeGNGRlJabVY0WVhsUmNHYxAB
dalo kalar,5.0,"Very nice hotel, I was very satisfied with everything.",a month ago,2026-07-05,,"Dear Guest,

Thank you so much for your 5-star rating and positive feedback. We are delighted … More",3 reviews,Ci9DQUlRQUNvZENodHljRjlvT2xZd1EyOHdWV2RYUW5GZmRIaGZlVGcyY0VZMmJGRRAB
Krzysiek Nyrek,5.0,"The hotel is a bit old, it shows, but overall it has a great location and very nice water slides for children.",a month ago,2026-07-05,,"Dear Valued Guest,
We sincerely thank you for your 5-star rating and for taking the time to share your positive feedback. Your satisfaction is a great source of happiness and … More",2 reviews · 3 photos,Ci9DQUlRQUNvZENodHljRjlvT2tGaVEzTlJkMEpTVURZMlNWVmpVa2RTTFVKU1ZXYxAB
Alp Cebar,4.0,"The hotel was very luxurious and beautiful, I didn't particularly like the rooms, especially the bathroom, but otherwise it was nice. Except for Ayaz abi at the Cobra bar, almost nobody could make good cocktails. Samet and Fırat abi were really very helpful.",Edited a month ago,2026-07-05,,"Dear Guest,

Thank you for sharing your valuable comments with us. … More",1 review · 1 photo,Ci9DQUlRQUNvZENodHljRjlvT25wNGNqVjFXak16VFc5dmVXNUJSbXQ0VlZaRmRrRRAB
ЗЕЙНЕГУЛ молдагуловаа,5.0,Super,a month ago,2026-07-05,,"Dear Guest,
Thank you for your high rating of our hotel and for awarding us 5 stars. We are delighted that you have expressed your satisfaction in this way – it is a great … More",3 reviews,Ci9DQUlRQUNvZENodHljRjlvT2tkMlZXRk9WV3RhY0Vvd01IUnJibTU1WldJemMyYxAB
tahir tahir,5.0,"I must say, this is a very suitable hotel for children. Both my son and daughter had a lot of fun. Their enjoyment means our enjoyment. They didn't leave the pool.",a month ago,2026-07-05,,"Dear Valued Guest,
We sincerely thank you for your 5-star rating of our facility. Your expression of satisfaction in this way is a great source of happiness and motivation for us. … More",1 review,Ci9DQUlRQUNvZENodHljRjlvT25GTE1rTm5YMjU2TkU5U2FFVTRaR2RRUTNVd1ZYYxAB
Mehmet,5.0,"Staying at Crystal Waterworld during a quiet June was a very enjoyable experience. The overall layout of the hotel, the quality of service, the attentiveness of the staff, and especially the comfort offered during the off-season were very pleasing. However, I think the hotel might struggle to maintain the same level of satisfaction when it's at full capacity. The crowds that can form in restaurants, pool areas, and common areas during peak seasons, due to queues and waiting lines, could negatively impact the guest experience.

Increased waiting times in dining areas and service points, particularly during peak season, are a noteworthy issue that could diminish the guest experience.

The floor mats along the pool paths could be made more comfortable due to their hard texture. Improving these wet areas with softer, higher-quality materials would be beneficial for both safety and walking comfort.

Nevertheless, the à la carte restaurants are one of the hotel's strongest points. The presentation, taste, atmosphere, and attentiveness of the staff are truly top-notch. The friendliness, professionalism, and attention to guest satisfaction of the teams working in these areas are particularly commendable.

The pathways leading to the restaurants also seem to be designed as a separate ""fitness program"" for the hotel. Walking a little on your way to eat helps us maintain our calorie balance. These long walks, which make you think, ""Let's take a short stroll first to make room for dessert,"" make us feel like the hotel is also contributing to our healthy eating plan. 😄

Overall, I think Crystal Waterworld, which offers a very successful experience during quieter periods, could provide an even stronger holiday experience during busy times if it focused more on crowd management and some physical details.",a month ago,2026-07-05,,"Dear Valued Guest,
We sincerely thank you for your 5-star rating of our facility. Your expression of satisfaction in this way is a great source of happiness and motivation for us.
Our top priority is to provide you with a pleasant and trouble-free holiday experience. Your valuable feedback empowers us to maintain and further improve our service quality.
We look forward to welcoming you again soon and hope to provide you with the same satisfaction on your next holiday.
Sincerely,
Crystal Hotels CRM",6 reviews,Ci9DQUlRQUNvZENodHljRjlvT2trMVgyMVljbmh2YVVGcmNuRXlVVEIyYTIxeVRWRRAB
Aras Oksuz,5.0,"There was a wide variety of entertainment, the à la carte food was good, thanks to Mr. Ömer and Mr. Sedat.",a month ago,2026-07-05,,"Dear Valued Guest,
We sincerely thank you for your 5-star rating of our facility. Your expression of satisfaction in this way is a great source of happiness and motivation for us. … More",1 review,Ci9DQUlRQUNvZENodHljRjlvT2pkcmVYSjZNRTFOYTNaeGR6ZGhRVE5zWjBsaVgxRRAB
Ertuğrul Kuaförlük,5.0,I was very pleased with the hotel. We didn't experience any problems. The fact that it's suitable for both adults and children was another advantage. We are thinking of coming back again.,a month ago,2026-07-05,,"Dear Valued Guest,
We sincerely thank you for your 5-star rating of our facility. Your expression of satisfaction in this way is a great source of happiness and motivation for us. … More",1 review,Ci9DQUlRQUNvZENodHljRjlvT2tWaE5WcHBhRVpGYkRodFFrUktTWEl3V21GMFdWRRAB
Александра Ильина,5.0,We are very pleased with the fish restaurant. Delicious! Beautiful!,a month ago,2026-07-05,,"Dear Guest,
Thank you for your high rating of our hotel and for awarding us 5 stars. We are delighted that you have expressed your satisfaction in this way – it is a great … More",2 reviews,Ci9DQUlRQUNvZENodHljRjlvT25sR2VHMUhka0ZJUW00elNESlRVa0pCUlVJd2NrRRAB
Игорь Фролов,5.0,,a month ago,2026-07-05,,"Dear Guest,
Thank you for your high rating of our hotel and for awarding us 5 stars. We are delighted that you have expressed your satisfaction in this way – it is a great … More",,Ci9DQUlRQUNvZENodHljRjlvT2xKbVlYUlliV3hrTlhNeFlrOW1TMHgzVGpsbWFIYxAB
