Kullanıcı Adı,Puan (Yıldız),Yorum Metni,Tarih (Metin),Tarih (Yaklaşık),Beğeni,İşletme Yanıtı,Kullanıcı Yorum Sayısı,Yorum ID
Елизавета,5.0,"A fantastic hotel! We stayed with friends, and everyone was impressed. The food was fantastic, including sushi day, crayfish, and other seafood, including grilled salmon every day. The drinks were fantastic, and I was especially impressed by the menu with a huge selection. There's also a Starbucks right on the hotel premises, and the coffee is delicious (there's also a cafeteria with incredible desserts)! I'd like to give a special thanks to the entertainment team (especially Emmanuel, Mahabat, and Emirkhan). I attended almost all the activities—they were incredible, especially the darts, aqua, and morning gymnastics. The service also deserves special praise; the team always keeps guests full! Overall, I recommend this hotel to everyone; you definitely won't regret it.",11 hours ago,2026-08-04,,"Dear guest,

Thank you for your wonderful review and high rating!

We are delighted that you were satisfied with the variety of cuisine, drinks, desserts, the hotel atmosphere, and the work of our team. We are especially pleased that the entertainment program and daily activities made your stay unforgettable. Your kind words will be passed on to the relevant departments.

Thank you for your recommendation. We look forward to welcoming you back to Megasaray Hotels!

Sincerely,

Irina Özkökdemir
Customer Relations Management
Megasaray Hotels",,Ci9DQUlRQUNvZENodHljRjlvT21WblEzbFpUVkJyT0dsTFNrSkpOV2MxU0MxeFJrRRAB
Serdar Ocak,5.0,"It is one of the best hotels I have been to. The staff is super nice and helpful. Their animation show is good for both children and adults. Emirhan was a super boy, always happy and had good communication with the guests. The rooms were clean and the food was also good. Best of all was that you were close to everything in Antalya.",13 hours ago,2026-08-03,,"Dear Guest,

Thank you for your fantastic review!

We are delighted to hear that you had such an enjoyable stay and that you appreciated our friendly and helpful team, entertaining animation program, clean rooms, delicious food, and our convenient location. Your kind words about our animation team will be shared with the relevant department with great pleasure.

We truly appreciate your recommendation and look forward to welcoming you back to Megasaray Hotels for another memorable holiday.

Kind Regards,

Irina Özkökdemir
Customer Relations Management
Megasaray Hotels",9 reviews,Ci9DQUlRQUNvZENodHljRjlvT21oR09IcERTWGRNYjI1M0xVaHZNbGh0V25OUFJFRRAB
Fevziye Ocak,5.0,We were incredibly pleased with our week-long vacation. The best feature of the hotel is its animation. The evening shows and live music are very enjoyable. The daytime activities and games keep you entertained all day long. The animators' language skills and approach to guests are very professional. I would like to thank Emirhan from the entire animation team. I recommend it to everyone.,13 hours ago,2026-08-03,,"Dear Guest,

Thank you for your kind comment and recommendation.

We are very pleased that you were satisfied with our animation team, daytime activities, evening shows, and live music programs. Your kind words about our team will be gladly shared with our relevant department.

We look forward to welcoming you back to Megasaray Hotels.

Sincerely,

Irina Özkökdemir
Customer Relations Management
Megasaray Hotels",,Ci9DQUlRQUNvZENodHljRjlvT2xNM1EwNVpPSEp0ZDJFMk16WjJhRGRJWjB0bE5rRRAB
Татьяна Сычева,5.0,"Good afternoon! If you're looking for a holiday in Turkey, we highly recommend the Megasaray Hotel in Antalya.
The service here is exceptional. The staff is fantastic! The cuisine caters to every taste: meat, fish, fruit, vegetables, and juices. Fish is even grilled. A huge selection of dishes awaits everyone.
Furthermore, there are several dining options on site: fast food, ice cream, pizza, and even pastries and cakes! Smoking areas are also available. The restaurant and bars offer a wide selection of drinks, both alcoholic and non-alcoholic. The alcohol is of high quality.
The entertainment team is fantastic. Everyone will find something to do: exercise, aerobics, aqua aerobics, darts, and water polo! And every evening there's a program for children, then for adults: various shows, live music, or karaoke.
Special thanks to Elina and Emmanuel! Lively, cheerful, and enthusiastic entertainers! They ask how guests are doing every day and keep guests engaged. Entertainment! Vacations with them are truly unforgettable!
We'd also like to mention Kenan and his partner, Kubelay. They're great guys who work in the bar and restaurant. Before you've even sat down, they're coming over and asking what you'd like to drink. They resolve any issue immediately, without delay! Besides being responsive, they're also very personable!
The hotel speaks three languages: Turkish, Russian, and English! We understand each other! Guests come from all over the world! The atmosphere is welcoming.
The Mediterranean Sea is clean and clear; even in the dark, you can see the bottom. There's no trash, jellyfish, or dirt!
The hotel itself is clean and comfortable, and it's cleaned daily! The in-room bar is regularly restocked! And the wonderful cats—we counted five of them—are a perfect addition to the decor!
If you're planning a vacation, stay at the Megasaray Hotel.",20 hours ago,2026-08-03,,"Dear Guest,

Thank you for such a detailed and wonderful review. We are delighted that you highly praised the level of service, the work of our team, the variety of food and beverages, the entertainment program, and the overall atmosphere of our hotel. We are especially pleased that you noted the attentiveness and care of our staff, as well as the recreational opportunities for guests of all ages and interests.

Sincerely,
Ayla Akbarova
Customer Relations Management
Megasaray Hotels",,Ci9DQUlRQUNvZENodHljRjlvT25GWk5WWllkWGRwV2pnd01qSk1ibWN0VXpkUU0zYxAB
Canan Kılıç,5.0,"We booked this hotel for 2 nights with very low expectations, but ended up staying for 5 and thoroughly enjoyed it. I even thought, ""We shouldn't have chosen this hotel sooner!"" The entire staff was fantastic from check-in to check-out. The rooms are lovely and the view is magnificent. The beach area is also quite enjoyable. The bar and dessert section are excellent. You can't go hungry at the hotel; there's always something to eat, and it's all delicious. My only suggestion is that the meze selection could be slightly improved, and the evening events could be a bit longer. The shows were good, but they felt a little short. The beach service and the distribution of food were also a nice touch. The snack bar was very enjoyable, and the hotel's retro design is quite colorful. It will definitely be among my top choices in the Antalya region. It's also in the center of Konyaaltı, so you can easily reach everywhere.",21 hours ago,2026-08-03,,"Dear Guest,

Thank you for sharing your feedback with us. We are very pleased that you extended your stay and enjoyed your holiday, and that you commented positively on our team's service, our rooms, the view, our beach area, our food & beverage options, and the overall atmosphere.

Your valuable opinions regarding the meze selection and evening activities have also been shared with our relevant teams for consideration.

We would be delighted to welcome you and your family again.

Sincerely,

Ayla Akbarova
Customer Relations Management
Megasaray Hotels",Local Guide · 74 reviews · 10 photos,Ci9DQUlRQUNvZENodHljRjlvT2xaaGNISlhjMmh5WVRaRlRHeHhjR1pHWjJKUk5YYxAB
Tudor Patrascu,5.0,Great food and service!,23 hours ago,2026-08-03,,"Dear Guest,

Thank you for your review. We are delighted that you enjoyed our food and service. Your kind words are greatly appreciated and encourage us to continue providing memorable experiences for our guests.

We would be happy to welcome you again at Megasaray Hotels.

Best regards,
Ayla Akbarova
Customer Relations Management
Megasaray Hotels",6 reviews · 8 photos,Ci9DQUlRQUNvZENodHljRjlvT2xKeE9WUlFXRzVyVlVrdGRIZEZTRmRyZFdacWVIYxAB
prentis,5.0,Hotel is not the newest but the service and people working there are really polite and friendly. Definitely would return...,a day ago,2026-08-03,,"Dear Guest,

Thank you for your review. We are pleased that you appreciated the friendly approach and attentive service provided by our team. Your kind words motivate us to continue offering a comfortable and enjoyable experience for our guests.

We would be happy to welcome you again at Megasaray Hotels.

Best regards,
Ayla Akbarova
Customer Relations Management
Megasaray Hotels",,Ci9DQUlRQUNvZENodHljRjlvT2t0Rk5YTk5NMmd3YkZsdVNWZzBUMXB1VFVvMWExRRAB
VoLKaN GöKErTi,1.0,You cannot close a public beach. We are fed up with these institutions disregarding human rights. Please leave the beaches.,a day ago,2026-08-03,,,Local Guide · 29 reviews · 10 photos,Ci9DQUlRQUNvZENodHljRjlvT2tnM1VHWkZZVUZrWTNwdFdWRnlXVWswYjFaSVNVRRAB
Екатерина Дешковец,5.0,"I left feeling depressed 😞
I rate this hotel 5 stars, and there's a reason for that:

The staff is polite, always responsive to requests and resolves issues quickly. Nice people at reception.

The food is delicious and varied. The buffet, food court, and bar definitely won't leave you hungry 😄
Some of the most delicious desserts.

Clean sea and beach, wonderful pool, beautiful views from the windows.

During my 10-day stay, I didn't feel like going anywhere. Each day has a program designed to keep me busy.

The morning exercises are relaxed, which motivated me to work on my body.

Aqua aerobics is a whole other story 😄
Fun full-body exercises in the pool with music. Afterward, you treat everyone like your best friends, it's so cool 👍

Step aerobics tests your body's endurance; it's tough, but I love it.

The Flexi Bar offers some pretty unusual full-body exercises; I saw it for the first time here at the hotel 😌
You can ride a bike along the promenade, a truly beautiful sight.
Compete in darts 🎯
The trampolines and bikes in the pool were a fantastic experience.

I'd also like to thank the animators, they're cheerful, positive people, always willing to help and offer advice. Over the course of 10 days, they've become like family.
I'll miss them 🥲

I'd love to come back again 😍",a day ago,2026-08-03,,"Dear Guest,

Thank you for your review. We are glad you enjoyed the food, entertainment, varied activity program, and attentive service of our team. We are especially pleased that the atmosphere of our hotel provided you with a memorable experience and made your stay comfortable and memorable.

We look forward to welcoming you back to our hotel.

Sincerely,
Ayla Akbarova
Customer Relations Management
Megasaray Hotels",1 photo,Ci9DQUlRQUNvZENodHljRjlvT2pWRWJrbHVOVk5uWkhwWVJ6bHJUVXhPVm5GRFNVRRAB
Marianna Palmieri,5.0,"The entertainment team truly deserves a five-star review!
They worked tirelessly every single day, from morning activities to evening shows, yet they always had endless energy, big smiles, and made every guest feel welcome.
A special thank you to Emirhan, who really stood out. He is an incredibly skilled dancer, a fantastic communicator, and always so friendly and approachable. His positive attitude and genuine enthusiasm made every activity and performance even more enjoyable. He has such a warm, charismatic presence and is a real credit to the entertainment team.
The whole team created a fun, lively atmosphere without ever being pushy, and it was clear how much passion they put into making everyone's holiday special. Thank you all for your hard work, dedication, and unforgettable performances. You made our stay even more memorable!",a day ago,2026-08-03,,"Dear Guest,

Thank you very much for your wonderful review and for taking the time to share your experience.

We are delighted to hear that our entertainment team made such a positive impact on your holiday. It is especially rewarding to know that their enthusiasm, professionalism, and dedication helped create a fun and welcoming atmosphere throughout your stay. Your kind words will be shared with the relevant department with great pleasure.

We truly appreciate your support and look forward to welcoming you back to Megasaray Hotels for another memorable holiday.

Kind Regards,

Irina Özkökdemir
Customer Relations Management
Megasaray Hotels",6 reviews · 6 photos,Ci9DQUlRQUNvZENodHljRjlvT2tGRlJIaEZWbTlEY1daZlltbGxWMFp5ZERoVFpGRRAB
Эльвира Хайруллина,5.0,"We really liked the hotel. The service was excellent. The staff was attentive, and the food was excellent and varied. The location was very convenient, close to the sea. They tried to find rooms with sea views according to our wishes. Cleaning was thorough. The minibar was restocked daily. I recommend it to everyone. The price and quality are in line ❤️",2 days ago,2026-08-02,,"Dear guest,

Thank you for your wonderful review!

We are delighted that you highly appreciated the quality of service, the variety of food options, the convenient location of the hotel, the cleanliness of the rooms, and the attentive service of our team. It's gratifying to know that we were able to find a room that suited your preferences and made your stay comfortable.

Thank you for your recommendation. We look forward to welcoming you back to Megasaray Hotels!

Sincerely,

Irina Özkökdemir
Customer Relations Management
Megasaray Hotels",3 photos,Ci9DQUlRQUNvZENodHljRjlvT2twU01YWlNSMWsyU1dwWmJ6Rmhla2N0WVVwdFgwRRAB
Munira Razakova,5.0,"The best staff ever, food is very tasty! The hotel is very close to the beach",2 days ago,2026-08-02,,"Dear Guest,

Thank you for your kind review!

We are delighted to hear that you enjoyed our friendly team, the delicious food, and our convenient location close to the beach. Your positive feedback is greatly appreciated.

We look forward to welcoming you back to Megasaray Hotels for another enjoyable stay.

Kind Regards,

Irina Özkökdemir
Customer Relations Management
Megasaray Hotels",1 photo,Ci9DQUlRQUNvZENodHljRjlvT25GUVVuRXdXazVsTUU4d2FHeFJVM2N3YjJSR01FRRAB
onur erdoğan,5.0,,2 days ago,2026-08-02,,"Dear Guest,

Thank you for your feedback.

We are very pleased that you enjoyed your stay. We would be delighted to welcome you back to Megasaray Hotels.

Sincerely,

Irina Özkökdemir
Customer Relations Management
Megasaray Hotels",Local Guide · 31 reviews · 6 photos,Ci9DQUlRQUNvZENodHljRjlvT25WbWJXaG5Na0ZUYldKWGVWcDBiMk5DUmxsdGVtYxAB
Muhammet ali Karakaya,5.0,This is my 5th visit to the hotel. I would especially like to thank Chef Osman for his wonderful cocktails and for his attentiveness. Thank you again.,2 days ago,2026-08-02,,"Dear Guest,

Thank you for choosing our facility again and for sharing your valuable feedback.

It is a great pleasure for us that you have chosen us for the fifth time and that you are satisfied with the quality of our service. Your positive comments about our team will be shared with the relevant department.

We would be delighted to welcome you back to Megasaray Hotels.

Sincerely,

Irina Özkökdemir
Customer Relations Management
Megasaray Hotels",,Ci9DQUlRQUNvZENodHljRjlvT2xoSVJtTklRVXd3UkU5dWRsbE9hV0o1YmpkaFNYYxAB
Ирисбек Артукметов,5.0,"I recommend this hotel to everyone, it's top notch 🔥🔥🔥",2 days ago,2026-08-02,,"Dear guest,

Thank you so much for your wonderful review and recommendation!

We are delighted to know that you highly appreciated the quality of our services. We look forward to welcoming you back to Megasaray Hotels and making your next stay just as enjoyable.

Sincerely,

Irina Özkökdemir
Customer Relations Management
Megasaray Hotels",,Ci9DQUlRQUNvZENodHljRjlvT2pFemNXeDFjMHRVV21Oa1JFVlpkak5ZTlRKWmNGRRAB
Ale,5.0,"We had an amazing time at Megasaray! The hotel is awesome and has all the comfort you need. A big shout out to the entertainment team, especially to Makhabat who made our days so much better with her great energy and contagious smile! We took part of her fun and entertaining aqua gym sessions. She leads every sessions with enthusiasm and professionalism making everyone feel welcome and motivated to join in. She has great languages skills, which make it easy for guests from different Countries to follow and enjoy the classes. We'll come back soon!",2 days ago,2026-08-02,,"Dear Guest,

Thank you for sharing your wonderful feedback with us.

We are delighted to hear that you had an amazing stay and enjoyed the comfort of our hotel. It is especially rewarding to know that our entertainment team contributed to making your holiday even more enjoyable. Your kind words will be shared with the relevant department with great pleasure.

We look forward to welcoming you back to Megasaray Hotels for another memorable stay.

Kind Regards,

Irina Özkökdemir
Customer Relations Management
Megasaray Hotels",Local Guide · 19 reviews · 30 photos,Ci9DQUlRQUNvZENodHljRjlvT2pkMmJHazViMjVJTjBaM1QwOUJSelpSVkdFMFZYYxAB
Oguzmurat Onal,5.0,"There's really no need for many words; the cleanliness, location, quality food, and friendly staff – the smiles start at reception and continue until you leave the hotel. The chefs' attention to detail and meticulousness in the restaurant are immediately noticeable. I also want to specifically mention that I was truly impressed by Batuhan's kindness and diligence. See you again!",2 days ago,2026-08-02,,"Dear Guest,

Thank you for your valuable feedback and kind comments.

We are very pleased that you were satisfied with our cleanliness, location, gastronomic experience, and the friendly service of our team. Your kind words about our restaurant team will be shared with our relevant departments with pleasure.

We would be delighted to welcome you back to Megasaray Hotels.

Sincerely,

Irina Özkökdemir
Customer Relations Management
Megasaray Hotels",4 reviews,Ci9DQUlRQUNvZENodHljRjlvT2pSVk1YUkJUMGhVWlV4VVJYWTJabEkwTUU5VVRYYxAB
Selçuk,5.0,"After our four-day holiday at Megasaray Side, we are now experiencing a four-day Megasaray Westbeach experience.
The difference between the two hotels of the same group is incredible.
Many thanks to the Westbeach family for showing us how to do a job properly from the moment we entered the hotel.
The rooms, food, beach, location, service, and staff deserve five stars.",2 days ago,2026-08-02,,"Dear Guest,

Thank you for your valuable feedback and kind comments.

We are delighted that you were satisfied with our rooms, gastronomic experience, beach, location, and quality of service during your stay at Megasaray Westbeach. Your appreciation of our team's hospitality is also a great source of motivation for us.

We look forward to welcoming you back to Megasaray Hotels.

Sincerely,

Irina Özkökdemir
Customer Relations Management
Megasaray Hotels",10 reviews · 1 photo,Ci9DQUlRQUNvZENodHljRjlvT25abldsbEhOWFF5VTJ0c2VEWjJNR2hETFhwNFNHYxAB
дори,5.0,"I really liked this place. The food was delicious, and the steak and pasta were excellent. Thank you, Erkan and Ali. The waiters were friendly and the service was excellent.",2 days ago,2026-08-02,,"Dear guest,

Thank you for your wonderful review!

We are delighted that you enjoyed the cuisine, the restaurant's atmosphere, the quality of service, and the attentive attitude of our team. Your kind words about our staff will be gladly passed on to the appropriate department.

We look forward to welcoming you back to Megasaray Hotels!

Sincerely,

Irina Özkökdemir
Customer Relations Management
Megasaray Hotels",,Ci9DQUlRQUNvZENodHljRjlvT2xBd1NWOHhYelpGYjBSbWFXRndjMjlmVWs5M2RFRRAB
Krasnov Travels,5.0,"I want to say a big thank you and mention Kamila, she's very nice and helps with everything...",2 days ago,2026-08-02,,"Dear guest,

Thank you for your warm review!

We are delighted to learn that you enjoyed your stay and highly appreciated the attentive service of our team. Your kind words will be shared with our colleagues.

We look forward to welcoming you back to Megasaray Hotels!

Sincerely,

Irina Özkökdemir
Customer Relations Management
Megasaray Hotels",8 reviews · 6 photos,Ci9DQUlRQUNvZENodHljRjlvT25vd2MybE1Xa1owZUdwbWJsaDRiV3RRUkRaWlNHYxAB
Volkan Kıymaz,5.0,"The hotel was fantastic with its central location, views, and cleanliness. The activities, DJ performances, and evening dance shows were wonderful. A big thank you to Elina, Emanuel, and Naza from the animation team; they took great care of us. The animators were very friendly, and we had a lot of fun playing darts. The energy of the animation team was amazing.",2 days ago,2026-08-02,,"Dear Guest,

Thank you for your valuable feedback.

We are very pleased that you were satisfied with our central location, cleanliness, evening activities, and the energy of our animation team. Your positive comments about our animation team will be shared with the relevant department.

We look forward to welcoming you back to Megasaray Hotels.

Sincerely,

Irina Özkökdemir
Customer Relations Management
Megasaray Hotels",,Ci9DQUlRQUNvZENodHljRjlvT2t4Wk1sYzNSbWswY2taMGFWUXdWRXh0VERac1QzYxAB
Светлана Светик,5.0,"This wonderful hotel is located in the center of the famous Konyaalti promenade. It boasts a gorgeous fine-pebble beach across the road with crystal-clear water. 🌊 ⛱️🌴 It's equipped with sun loungers, a minibar, and a comfortable, gradual entry into the water. The rooms are nice, with crisp white linens changed every three days. Rooms are cleaned daily, and an iron can be brought to your room upon request. The food is varied and has almost everything. I really liked the grill, but there's rarely meat at breakfast. Everyone is sure to find something delicious. The staff is very friendly and smiling, always ready to help and advise. In the evenings, there are shows for children and adults. During our stay, there was a Michael Jackson impersonator show—we really enjoyed it, it was like being at his concert! 🔥Free Starbucks is a nice bonus for guests. We really liked the Megasaray Hotel. We want to come back again! This hotel is for those who like to combine a beach and city holiday (not far from the airport). I recommend it!",2 days ago,2026-08-02,,"Dear guest,

Thank you so much for such a warm and detailed review!

We are truly delighted that you enjoyed the hotel's location, beach, food, clean rooms, evening shows, and the attentive service of our staff. We are especially pleased to know that your stay left such a lasting impression and that you truly appreciated the atmosphere of our hotel.

Thank you for your recommendation. We look forward to welcoming you back to Megasaray Hotels!

Sincerely,

Irina Özkökdemir
Customer Relations Management
Megasaray Hotels",1 review,Ci9DQUlRQUNvZENodHljRjlvT2xaemVUSm5TWE5QVm1KTVVXOHdjVVIxU3pRM1JtYxAB
Роман Гончаров,5.0,The animation is fantastic! The entertainers are friendly and always ready to engage in active games!,2 days ago,2026-08-02,,"Dear guest,

Thank you for your wonderful review!

We are delighted that you highly appreciated the work of our entertainment team. We are pleased to know that they made your stay unforgettable.

We look forward to welcoming you back to Megasaray Hotels!

Sincerely,

Irina Özkökdemir
Customer Relations Management
Megasaray Hotels",18 photos,Ci9DQUlRQUNvZENodHljRjlvT25kWWFUSjJTakJMUmtOUWJXaElVVU5MYm5scU5FRRAB
Selen Kaya,5.0,"First of all, it's not my usual habit to review the service I receive, but I think it would be a great injustice to leave this hotel without a review. I want to start from the moment I first entered the hotel. My wife, child, and I had a fulfilling 4-night, 5-day vacation. From the moment we entered the reception, Mr. Ali greeted us, and although I had booked a land-view room, he kindly gave us a sea-view room because it was available. Since my vacation coincided with my wedding anniversary, they immediately sent wine and a fruit platter to our room. The room cleaning was excellent, and the view was fantastic. The food was varied and delicious, catering to everyone's tastes. Even though I'm pregnant, nothing upset my stomach. The waiters in the restaurant were also very friendly and attentive. They do everything they can to ensure your satisfaction. What I liked most about the food and drinks was that you never go hungry; there are food options available in different areas from 7 am to 2 am. Both the pool and the sea were spotlessly clean. They constantly attend to you both by the pool and the sea. The pool sports were also very enjoyable. The evening activities were sufficient. I'll mention one drawback here: unless you go out to the garden early and sit at the front, you unfortunately can't see the shows because you're at the back. Perhaps that's the only negative point of the hotel. A big thank you to Mr. Baran from the pool bar. He's a very attentive and friendly gentleman. He does his job perfectly. Whatever we ordered was on our table within 2 minutes. The animation team is also a team that does its job perfectly. A special thank you to Mr. Emirhan from this team. We participated in many activities together and had a lot of fun. He made sure we had a fulfilling holiday. Finally, if you've read what I've written, you'll understand that this is definitely a hotel I would recommend. I've stayed at many hotels in this area before, but I haven't come across one this good. Normally, I find it pointless to return to the same hotel twice in order to have different experiences, but I will definitely come back here. Honestly, it exceeded my expectations; it's a hotel where you'll feel exclusive. A big thank you to everyone involved from the moment we checked in until we checked out. See you again soon 💫",2 days ago,2026-08-02,,"Dear Guest,

Thank you for choosing our facility and for sharing your detailed feedback about your stay.

We are extremely pleased that you were satisfied with our service quality, your room, our gastronomic experience, our cleanliness standards, and our pool and beach areas during your stay. Providing our guests with an enjoyable and unforgettable holiday experience is our top priority.

Your valuable feedback regarding our animation team and restaurant and bar teams will be gladly shared with our relevant departments. Your suggestion regarding our evening shows will also be considered as part of our efforts to improve the quality of our services.

Your kind recommendation and your intention to choose us again is a great source of happiness for us. We would be delighted to welcome you back to Megasaray Hotels.

Sincerely,

Irina Özkökdemir
Customer Relations Management
Megasaray Hotels",1 review,Ci9DQUlRQUNvZENodHljRjlvT25seU5YVmlSSEpVTjFreVpYUldTV0pqV0hCNmMyYxAB
Кристина Воронина,5.0,"My friend and I chose this hotel in part because of the entertainment, and we were right on track. The entertainment team's program was incredibly comprehensive, with something new every day. There were sports activities (volleyball, water polo), creative workshops, and evening shows. We especially enjoyed the theme nights—they created a truly festive atmosphere.

We loved how the entertainment team knew how to engage even those who were initially shy. My friend and I ended up participating in almost all the activities, and it made our vacation so much more fun. Thanks to the entertainment team for a great atmosphere and amazing experiences!",3 days ago,2026-08-01,,"Dear Guest,

Thank you for your wonderful review. We are glad you enjoyed our entertainment program and that our animation team made your stay more enjoyable.

We look forward to welcoming you back to our hotel.

Sincerely,
Ayla Akbarova
Customer Relations Management
Megasaray Hotels",1 review,Ci9DQUlRQUNvZENodHljRjlvT25SRVJtOUZNSGQzUWpkWFVFSkpjVGhTVFRWclRsRRAB
Екатерина Кутепова,5.0,"Good afternoon!
I definitely recommend the Megasaray West Beach Hotel. Everything is top-notch: service, food and drinks, entertainment, and evening entertainment.
The staff is very friendly. You feel great here.
The beach is well-equipped.
Everything is so good that there's nothing more to say.",3 days ago,2026-08-01,,"Dear Guest,

Thank you for your high rating and wonderful review. We are very glad you enjoyed the service, food, drinks, entertainment, and beach, as well as the attentiveness of our team.

We look forward to welcoming you back to our hotel.

Sincerely,
Ayla Akbarova
Customer Relations Management
Megasaray Hotels",Local Guide · 15 reviews,Ci9DQUlRQUNvZENodHljRjlvT20wM2VEbG5WemhrYTNRdFFuVnVXalJsTUU4MmJVRRAB
Адель Абдурахманова,5.0,"A wonderful hotel, and most importantly, the staff is amazing! Everyone is friendly, smiling, and understanding. Special thanks to Salar for creating a wonderful atmosphere every day. He's attentive, kind, and caring. A true professional. The service is top-notch. Thanks also to the entertainment staff – Mahabat and Emanuel.
Unfortunately, the only thing that was lacking was the room cleaning. However, after comments were made, they responded quickly and made improvements. The team is superb. Thank you.",3 days ago,2026-08-01,,"Dear Guest,

Thank you for your review. We are glad you enjoyed the service, atmosphere, and attention of our team. Your comments have been taken into account and help us continually improve our service.

We look forward to welcoming you back to our hotel.

Sincerely,
Ayla Akbarova
Customer Relations Management
Megasaray Hotels",,Ci9DQUlRQUNvZENodHljRjlvT201RlJYVkpXV05uUVhKU2FtY3hZMjFDYzFwNFZIYxAB
Ibragim Askhabov,5.0,"The animation team here are true stars! Morning exercises and aqua aerobics set a positive tone for the entire day. Throughout the day, there are sports tournaments, cooking master classes, and even yoga classes. The animation team is friendly and always ready to engage in active games.",3 days ago,2026-08-01,,,,Ci9DQUlRQUNvZENodHljRjlvT2tzMWFraHdZVzluWm5GVWEyNUpiVGxHZVZSU2FuYxAB
Hasan Eser,5.0,"Unforgettable 2-Week Stay – The Entertainment Team is Simply the Best!
​We just returned from an incredible two-week holiday at Megasaray Westbeach, and we cannot say enough good things about the resort's amazing entertainment team! From early morning until it was time to go to bed, they brought non-stop energy, fun, and warm smiles to every single day.
​What makes this team truly special is how active they keep you while maintaining the utmost politeness and professionalism. They seamlessly speak multiple languages, making guests from all over the world feel right at home.
​Our days were filled with fantastic activities—from energetic water polo matches and fun dart challenges in the pool area to soothing morning stretching and yoga sessions to keep us feeling refreshed. There was never a dull moment, yet they never felt pushy—just genuinely fun and inviting.
​A massive special shoutout to Emirhan, Naz, Makhabat, and Emanuel! You are such lovely, genuine people. Your hard work, positive energy, and professional manners made our 14 days so entertaining and unforgettable. You truly made our holiday!
​If you are visiting Megasaray Westbeach, you are in for a treat with this team. We will miss you all and can’t wait to come back!",4 days ago,2026-07-31,,,5 reviews,Ci9DQUlRQUNvZENodHljRjlvT21wbE9GcHBhVk5ZV1V3dFUxbHJVelpXV1Y5dmJGRRAB
Ирина Сагитова,5.0,"July 2026. We would like to express our deepest gratitude to the staff and service personnel at the Megasaray Hotel for their warm welcome and friendly attitude.
To the receptionists: Aydin, Victoria, and Leona. They are attentive, kind, always ready to listen and help. To the entertainment staff: Ayup, Emanuel, and Emirhan. They are simply amazing, with such a positive energy and desire to bring joy to everyone. Excellent activities and shows for both adults and children; we had a lot of fun and positive emotions.
To the restaurant staff: Salar, Yildiz, and Aruzhan. They are simply amazing. A special thank you to the chefs for the variety of dishes; everything is always fresh and delicious.
We would like to commend our maid, Münire, for the cleanliness of the room, her tactful behavior, and her attentiveness.
Our family has been vacationing in Turkey for over 10 years. And for the last three years, we have been coming to your hotel because you are the best. We love everything about your place: the location, the food, the rooms, the beach, the entertainment. And most importantly, the people who work there.
Guests from Kaliningrad (family): Dmitry, Nadezhda, and Fyodor (room 8032), Irina and Tatyana (room 8009).",Edited 4 days ago,2026-07-31,,"Dear Guest,

Thank you for your valuable comments and feedback. We are delighted that you enjoyed our entertainment activities, evening shows, musical programs, and our team's attentive service.
Sincerely,
Ayla Akbarova
Customer Relations Management
Megasaray Hotels",1 review,ChdDSUhNMG9nS0VNZUN5LWlLMmFXTWxnRRAB
WhiteRose,4.0,"I had a wonderful stay overall. The resort is beautiful and most of the staff are professional and very helpful.

My only concern was during one of the summer activities and workshops. The staff member was not very helpful and I felt ignored while waiting. I hope management can review guest service during busy events to make sure all guests are treated equally.

Other than that, all other services and activities were excellent.",4 days ago,2026-07-31,,"Dear Guest,

Thank you for sharing your feedback with us. We are pleased to know that you had a wonderful stay overall and appreciated our resort, services, and activities.

We take your comments regarding the summer activities and workshops into consideration. Our aim is to ensure that every guest receives the same level of attention and respectful service in accordance with our service standards, and your feedback will be shared with the relevant departments for review.

We would be happy to welcome you again at our hotel.

Best regards,
Ayla Akbarova
Customer Relations Management
Megasaray Hotels",1 review · 4 photos,Ci9DQUlRQUNvZENodHljRjlvT21wdVMzZHlaVVpETnpNNFZGcEVWa2cwVW1kelZHYxAB
Murat Erkurtulgu,5.0,"We were very pleased with the hotel, its location, and the food and drinks they offered. We would definitely stay there again. The beach area is excellent. The only feedback I would give is that the bartenders in the lobby bar didn't seem to enjoy their work; their facial expressions towards customers weren't very enthusiastic. Other than that, all the staff were friendly and cheerful, from the waiters to the bellboys.",4 days ago,2026-07-31,,"Dear Guest,

Thank you for your valuable feedback and high rating. We are very pleased that you were satisfied with our hotel's location, our food and beverage services, our beach area, and the overall service of our team. Your feedback regarding our Lobby Bar team will be evaluated by our relevant department as part of our efforts to improve the quality of our service.

We would be delighted to welcome you and your family again.

Sincerely,
Ayla Akbarova
Customer Relations Management
Megasaray Hotels",8 reviews,Ci9DQUlRQUNvZENodHljRjlvT2tWU2FpMXpVRFZZUzJsNWJHSlNMWEJNVVdka2NsRRAB
Света Сафина,5.0,"My stay at this hotel left only the most pleasant impressions! The food is excellent: a wide selection of dishes every day, always including meat, fish, fresh vegetables, fruit, and delicious desserts. No one will go hungry.
I'd especially like to mention the stunning views – the beautiful grounds, the sea, and the promenade are superb. Walking around is a pleasure.
The entertainment staff is simply superb! Very friendly, energetic, and always created a great atmosphere. They ran various activities during the day, and in the evening, there were interesting shows and entertainment programs. Thanks to their hard work, our stay was fun and memorable.
Thanks to all the staff for a wonderful vacation! I recommend them to everyone!!!",4 days ago,2026-07-31,,"Dear Guest,

Thank you for your high rating and warm review. We are delighted that you were pleased with the variety and quality of our food, the beautiful grounds, the atmosphere of our hotel, and the entertainment program. We are pleased to know that our team's hard work and activities made your stay unforgettable.

We look forward to welcoming you back to our hotel.

Sincerely,
Ayla Akbarova
Customer Relations Management
Megasaray Hotels",,Ci9DQUlRQUNvZENodHljRjlvT21oRVVFVndOR3ROTmt4WE5VbE9ka0ozU0hCRVlVRRAB
4chan,5.0,"I've been to this hotel twice and it's truly a fantastic place. It has a pool, the sea is very close, and there are lots of food options; you can cook your own food, and even if you get hungry at midnight, you can go to the dining hall and eat.",Edited 4 days ago,2026-07-31,,"Dear Guest,

Thank you for your valuable comment and kind feedback. We are pleased that you were satisfied with the gastronomic options we offer, our advantageous location, and our services.

We would be delighted to welcome you and your family again.
Sincerely,
Ayla Akbarova
Customer Relations Management
Megasaray Hotels",2 photos,Ci9DQUlRQUNvZENodHljRjlvT25wc2FEQm1hRVJzU0dweE16TTFObXBNVld4TE9VRRAB
Татьяна,5.0,"We vacationed with a group of three girls. The hotel is truly perfect for combining a beach and city getaway. The all-inclusive package offered a pleasant variety: a new menu every day, plenty of fish, grilled meat, vegetables, and fruit. The staff was very polite and responsive. I'd especially like to thank the animation team: they're energetic and organize fun activities like aqua aerobics, games, and evening shows with live music. They held a mini-disco for the children, and they loved it. I'd especially like to mention Emanuel, the entertainer. He's a very positive, kind, and unobtrusive young man. Overall, the atmosphere is relaxed, and there's plenty to do besides the sea. I definitely recommend this hotel to both couples and families.",4 days ago,2026-07-31,,"Dear Guest,

Thank you for your high rating and such a detailed review. We are delighted that you appreciated the diversity of our Ultra All Inclusive concept, the quality of our food, the attentive service of our team, and the rich entertainment program. We are pleased to know that our activities for both adults and children made your stay more comfortable and enjoyable.

We look forward to welcoming you back to our hotel.

Sincerely,
Ayla Akbarova
Customer Relations Management
Megasaray Hotels",,Ci9DQUlRQUNvZENodHljRjlvT214WVZURmxZV1ZFWWxoQ1drMUxNRm95V1RZelptYxAB
Şükrü Can Atagün,5.0,"I'm currently staying at this hotel and it's truly wonderful. The food is delicious and varied. It has an indoor parking garage. It's practically on the beach with its own private beach. The staff quality and cleanliness are excellent. I'll definitely come back next year, God willing. I also liked that the prayer room was clean and adequate.",4 days ago,2026-07-31,,"Dear Guest,

Thank you for your valuable feedback and high rating. We are very pleased that you were satisfied with our hotel's delicious and varied cuisine, location, private beach, parking facilities, cleanliness standards, and the quality of service provided by our team. We also thank you for your positive review regarding our prayer area, and we would be delighted to welcome you again.

We look forward to welcoming you and your family again.

Sincerely,
Ayla Akbarova
Customer Relations Management
Megasaray Hotels",4 reviews,Ci9DQUlRQUNvZENodHljRjlvT2t0d04wVjNaMjFUWlV0U2MyMXNVbGxzUTNObmVtYxAB
Ozan,5.0,"The staff, especially Ms. Makhabat and the animation team, were wonderful. They offer sports activities from morning till evening, and every evening they organize very fun dance shows, live music, and karaoke. They were very helpful and friendly, and the hotel staff were also very kind and helpful. Breakfast, lunch, and dinner were varied and delicious. The hotel's location is beautiful, and the beach is lively and enjoyable, perfect for long walks in the evenings.",4 days ago,2026-07-31,,"Dear Guest,

Thank you for your kind review and high rating.

We are delighted that you enjoyed the energy of our animation team, the sports activities organized throughout the day, and our evening entertainment programs during your stay. We are very proud that our team's friendly and helpful service, the variety and deliciousness of our meals, and the hotel's location contributed to your enjoyable holiday experience.

We will gladly share your kind feedback with our relevant teams. We look forward to welcoming you back to Megasaray Hotels.

Sincerely,

Irina Özkökdemir
Customer Relations Management
Megasaray Hotels",,Ci9DQUlRQUNvZENodHljRjlvT2kxcldFcFNZakZ5VWtKZlNETm5jekpyWDNVeVVGRRAB
Ebeu Yetiştiren,5.0,"I enjoyed it very much, it was a relaxing hotel.
The beach was small and there weren't enough sun loungers, but the staff tried to manage it somehow, I would like to thank them as well. The food was very delicious, there was a lot of variety, there were products to suit every taste. The staff were friendly, we didn't have any problems, I would definitely come again.",4 days ago,2026-07-31,,"Dear Guest,

Thank you for your kind review and high rating.

We are very happy that you had a relaxing and enjoyable holiday during your stay. Your appreciation for the variety and deliciousness of our meals and the friendly service of our team is a great source of motivation for us. Thank you again for your valuable feedback, and we would be happy to share your kind words with our relevant teams.

We look forward to welcoming you back to Megasaray Hotels.

Sincerely,

Irina Özkökdemir
Customer Relations Management
Megasaray Hotels",5 reviews · 3 photos,Ci9DQUlRQUNvZENodHljRjlvT2xweGJqZGliMmh4VGprMlZqWnlXRzUyUjNWSWNuYxAB
Cihan Kutlu,5.0,"Whenever I visit Antalya, I always prefer to stay at a Megasaray hotel. We were extremely satisfied with our last stay. The staff were friendly, knowledgeable, and solution-oriented.",4 days ago,2026-07-31,,"Dear Guest,

Thank you for your kind review and for continuing to choose Megasaray Hotels.

We are very pleased that you chose us for your visits to Antalya and that you were satisfied with your last stay. Your appreciation of our team's friendly, professional, and solution-oriented approach is also a great source of motivation for us.

We will always be delighted to welcome you back to Megasaray Hotels.

Sincerely,

Irina Özkökdemir
Customer Relations Management
Megasaray Hotels",1 review,Ci9DQUlRQUNvZENodHljRjlvT2xkQlFtcHFTMWRtYURoTloxWm9kbE50UlMxRVMxRRAB
Mahmoud Raji,5.0,,5 days ago,2026-07-30,,"Dear Guest,

Thank you for your valuable feedback.

We are delighted to hear that you enjoyed your stay with us. Your kind words are greatly appreciated and motivate us to continue providing the highest level of service.

We look forward to welcoming you back to Megasaray Hotels.

Kind Regards,

Irina Özkökdemir
Customer Relations Management
Megasaray Hotels",4 reviews · 3 photos,Ci9DQUlRQUNvZENodHljRjlvT2pOWGJVeENjMVZxTm1WeVJraDNaVGd6UTJWQlRVRRAB
Ozan Şahin,5.0,"The hotel is centrally located, with easy access to everywhere. The rooms are spacious and clean, and the hygiene is top-notch. The sea is very clean with no seaweed. The food is delicious and high-quality, and the staff provides excellent service. The drinks are also high-quality. The rooms have a unique view. We would like to extend our sincere thanks to the cleaning staff, bar waiters, restaurant waiters, and reception staff for their attention and care. Respectfully...",5 days ago,2026-07-30,,"Dear Guest,

Thank you for your kind review and for choosing us.

We are very pleased that you were satisfied with our location, the cleanliness and comfort of our rooms, our sea, our food, our drinks, and the service we provide. Your kind words about our team are a great source of motivation for us. We will gladly share your valuable feedback with our relevant teams.

We look forward to welcoming you back to Megasaray Hotels soon.

Sincerely,

Irina Özkökdemir
Customer Relations Management
Megasaray Hotels",1 review · 9 photos,Ci9DQUlRQUNvZENodHljRjlvT21aaE9VRjZaVzg0YTA0MFQwaExTVmRJUkdreVlXYxAB
Moka,5.0,"I had a truly wonderful experience at this hotel from the moment I walked through the door.

The first impression was excellent. From the security and bellmen to the reception team and hostesses, everyone was welcoming, professional, and friendly. The reception staff were especially helpful, and the check-in process was extremely smooth and fast. They explained everything clearly and gave me all the information I needed about the hotel and its facilities.

The hotel itself has an amazing atmosphere and beautiful vibes. I really loved the design, the colours, and how everything works together so well. You can feel that attention has been given to the overall look and atmosphere of the property.

The room was beautiful, comfortable, and very well maintained. Housekeeping did a great job, and cleanliness throughout the hotel was excellent.

The food was also very good, with plenty of options throughout the day. There are restaurants, bars, snacks, desserts, and drinks available in different areas, so you always have something to enjoy.

What impressed me the most was the staff. Everywhere I went, I found people who were respectful, helpful, and genuinely willing to assist. Communication was never a problem as the staff spoke very good English, and I always felt welcomed and well looked after.

I have visited Antalya before, so this was not my first experience here, but I can confidently say that this is one of the best hotels I have stayed at in Antalya.

I had an amazing holiday and really enjoyed every part of my stay. I would definitely recommend this hotel to anyone visiting Antalya, and if I return to Antalya, I would absolutely choose to stay here again.

Thank you to the entire team for making my stay such a great experience.",5 days ago,2026-07-30,,"Dear Guest,

Thank you so much for your wonderful review and for taking the time to share such detailed feedback about your stay.

We are truly delighted to hear that your experience was exceptional from the moment you arrived. It is especially rewarding to know that you felt warmly welcomed by our team and that your check-in process was smooth and efficient. Your kind words about the atmosphere of the hotel, the comfort of your room, the cleanliness, the variety of our dining options, and the quality of our services mean a great deal to us.

Most of all, we are thrilled that our team's friendliness, professionalism, and hospitality made such a positive impression on you. Providing every guest with a memorable and comfortable stay is our greatest priority, and your feedback is a wonderful motivation for all of us.

It is an honor to hear that you consider us one of the best hotels you have stayed at in Antalya. Thank you for your recommendation and for choosing Megasaray Hotels. We look forward to welcoming you back for another unforgettable holiday in the future.

Kind regards,

Irina Özkökdemir
Customer Relations Management
Megasaray Hotels",Local Guide · 18 reviews · 4 photos,Ci9DQUlRQUNvZENodHljRjlvT2s5WWRsVTJORFZhVGtWU2VFczBRWEJFY0VjM1dGRRAB
Gökhan,5.0,,5 days ago,2026-07-30,,"Dear Guest,

Thank you for your feedback.

We are very pleased that you enjoyed your stay. We would be delighted to welcome you back to Megasaray Hotels.

Sincerely,

Irina Özkökdemir
Customer Relations Management
Megasaray Hotels",Local Guide · 50 reviews · 56 photos,Ci9DQUlRQUNvZENodHljRjlvT21KbGVsbElkWFZRUXpkNFNVSTVNM0IyZFdaeVJFRRAB
Yuliya Bogdanova,5.0,"A very good hotel!
Excellent service, friendly staff. A varied menu, a wide selection of drinks at the bar. The beach is small, but clean and well-maintained, with plenty of sun loungers for everyone. The hotel offers a variety of entertainment, including daytime activities and evening shows, and the entertainment staff keeps guests entertained.
Furthermore, the hotel is conveniently located within the city limits, with all amenities within walking distance.",5 days ago,2026-07-30,,"Dear guest,

Thank you for your wonderful review!

We are truly delighted that you enjoyed your stay and highly appreciated our service, varied food, clean beach, attentive staff, and vibrant entertainment program. We are especially pleased to learn that the hotel's convenient location allowed you to comfortably combine your vacation with city breaks.

Thank you for your kind words and recommendation. We look forward to welcoming you back to Megasaray Hotels!

Sincerely,

Irina Özkökdemir
Customer Relations Management
Megasaray Hotels",1 review,Ci9DQUlRQUNvZENodHljRjlvT2xKd1RsWTNjRkZQWlZWVVZXVTRaWFJIZVhnNVkxRRAB
Hak Kay,5.0,"⭐⭐⭐⭐⭐

We spent 10 nights at the Megasaray WestBeach Antalya and had a thoroughly enjoyable stay. The entire hotel was clean and well-maintained, the rooms were cleaned thoroughly every day, and the staff were always friendly, attentive, and helpful.

The food was varied and fresh, so everyone found something to their liking. We especially loved the beautiful location right on the beach with its long promenade, perfect for an evening stroll. Shops and restaurants are also within easy walking distance.

The pool area and the beach were clean and well-maintained. The atmosphere at the hotel was pleasant, quiet, and family-friendly, so we felt very comfortable throughout our 10-night stay.

A big thank you to the entire team for the excellent service and hospitality. We wholeheartedly recommend the Megasaray WestBeach Antalya and would gladly return anytime.",5 days ago,2026-07-30,,"Dear Guest,

Thank you so much for your wonderful review and for sharing your positive impressions with us.

We are delighted to hear that you thoroughly enjoyed your 10-day stay. Your kind words about the cleanliness of our hotel, the comfort of the rooms, the variety of our food, the beautiful location, and the friendliness and helpfulness of our team mean a great deal to us.

It is especially gratifying to know that you felt comfortable throughout your entire vacation and that our hospitality contributed to a successful stay.

Thank you for your recommendation. We look forward to welcoming you back to Megasaray Hotels soon.

Sincerely,

Irina Özkökdemir
Customer Relations Management
Megasaray Hotels",2 reviews,Ci9DQUlRQUNvZENodHljRjlvT2twRVNHTm9jRGhNV1RGU01HazBTVkpaZWxSWlpFRRAB
Евгения Абзгильдина,5.0,"I really liked the hotel. Great location. The food was excellent, and the drinks were high-quality. There were two swimming pools, and the sea was 100 meters away, across the street from the hotel. There was an evening program for children, and a different program for adults afterward. It was different every day.
The entertainment team was very good. I'd especially like to mention Elina, the entertainment staff. She was friendly, attentive, and polite.
We loved everything; our vacation was fantastic!",5 days ago,2026-07-30,,"Dear guest,

Thank you for your wonderful review!

We are delighted to learn that you enjoyed the hotel's location, food, beverages, swimming pools, proximity to the sea, and our entertainment program for adults and children. We are especially pleased that our animation team made your stay even more memorable. We will be happy to pass on your kind words to our colleague.

Thank you for your excellent rating. We look forward to welcoming you back to Megasaray Hotels!

Sincerely,

Irina Özkökdemir
Customer Relations Management
Megasaray Hotels",1 review,Ci9DQUlRQUNvZENodHljRjlvT21veFJUQjNSVGh5VjE5QmVFaGZRazVzY1hSdlpWRRAB
melis özata,2.0,"The bar staff and waiters were friendly and very helpful. However, I can't say the same for the quality of the food. We spent a day and a half of our three-day holiday sick. We had to eat boiled potatoes in an all-inclusive hotel. I would advise future guests to be selective about their food choices.",6 days ago,2026-07-29,,"Dear Guest,

Thank you for sharing your feedback with us.

We are pleased that you were satisfied with the friendly and helpful service of our team. We have carefully noted your comments regarding the food. Food safety and hygiene practices at our hotel are meticulously implemented in accordance with international standards, and all food and beverages served undergo regular quality control checks.

Our guests' opinions are of great importance to us in order to continuously improve the quality of our services. Thank you for your valuable feedback, and we hope to have the opportunity to welcome you again in the future.

Sincerely,

Irina Özkökdemir
Customer Relations Management
Megasaray Hotels",7 reviews,Ci9DQUlRQUNvZENodHljRjlvT2kxVFUxQm1RV2szYWtwd1VreEZRVFJJZG1ZeWFsRRAB
Ömer TAŞKIN,5.0,,6 days ago,2026-07-29,,"Dear Guest,

Thank you for your feedback.

We are very pleased that you enjoyed your stay. We would be delighted to welcome you back to Megasaray Hotels.

Sincerely,

Irina Özkökdemir
Customer Relations Management
Megasaray Hotels",Local Guide · 17 reviews · 1 photo,Ci9DQUlRQUNvZENodHljRjlvT2pneVdIWjFVRGxTZFdONlJFcEJSVXhVZEZsUVJVRRAB
Hajimunye munye,5.0,"We had a fantastic stay at Megasaray WestBeach and were especially impressed by the entertainment and hospitality throughout our holiday.

The entertainment team worked incredibly hard every day and made a real effort to involve everyone. There was always something going on, from daily activities and games to karaoke, live music and excellent evening shows. The mini disco was a highlight for the children, and the mini club staff were friendly, welcoming and great at keeping them entertained.

The evening entertainment was varied and enjoyable, with something different to look forward to each night. The live music created a great atmosphere, and the shows were well organised and entertaining for both adults and children.

The hospitality across the hotel was also excellent. Staff were polite, helpful and made us feel welcome throughout our stay. A special thank you to the entertainment team for their energy, enthusiasm and for helping make our holiday so memorable.

We would happily recommend Megasaray WestBeach to families looking for a lively, welcoming hotel with plenty of activities and entertainment.",6 days ago,2026-07-29,,"Dear Guest,

Thank you for your wonderful review and for sharing your experience with us.

We are delighted to hear that you had such a fantastic stay and that our entertainment program and hospitality made your holiday even more enjoyable. It is wonderful to know that both the daily activities and evening shows, as well as the warm and attentive service from our team, contributed to creating memorable moments for you and your family.

Your kind recommendation means a great deal to us. We look forward to welcoming you back for another unforgettable stay.

Kind regards,

Irina Özkökdemir
Customer Relations Management
Megasaray Hotels",2 reviews,Ci9DQUlRQUNvZENodHljRjlvT2xwbmFWWnBibVZPVEd0VGFERlFXVEJ3TVZsTlFYYxAB
Jay Uylenbroeck,5.0,The entertainment team was for us the highlight of our stay. Many thanks to Emirhan and Emmanuel for taking care of us. Our second time here and again an amazing experience! Definitely coming back and highly recommended!,6 days ago,2026-07-29,,"Dear Guest,

Thank you for your valuable feedback and excellent rating. We are delighted to hear that you enjoyed your stay and that our entertainment team contributed to making your holiday special. Your kind words about our family-friendly atmosphere and services made us very happy.

We would be happy to welcome you again at Megasaray Hotels.

Best regards,
Ayla Akbarova
Customer Relations Management
Megasaray Hotels",1 review,Ci9DQUlRQUNvZENodHljRjlvT2twSmRYTlZiMDlyT1VoNFN6TklNelZPY0RGVk1FRRAB
Людмила сергеева,5.0,"1. Check-in was 5+: We arrived early in the morning, around 5:00 a.m. We were immediately given bracelets and beach towel cards (they're available from 8:00 a.m. to 6:00 p.m.). We didn't have to wait until 2:00 p.m. We received a WhatsApp message when our room was ready. WiFi reception is excellent throughout the entire property and on the beach.
2. Food: It's difficult to rate. The selection is huge, but for me, some dishes are often oversalted: eggplant, sliced ​​red fish, and the salt was too much.
However, you can always choose steamed food. It's definitely not oversalted. Lots of fruit and desserts. You definitely won't go hungry. You might gain a few extra pounds.
3. Beach 5: Close, across the road. It's almost impossible to find a free sunbed by 11:00 a.m. If you arrive before 9:00 or 10:00 a.m., there's always a free spot.
4. Bar: Excellent.
5. Room 5: Has everything you need. The mattress and pillow are comfortable.
6. Staff 5: Everyone is helpful and pleasant.
7. Overall, I like the hotel! There are a few minor issues.",6 days ago,2026-07-29,,"Dear Guest,

Thank you for your high rating and such a detailed review. We are delighted that you highlighted the ease of check-in, quality of service, teamwork, rooms, beach, bars, and food variety.

We look forward to welcoming you back to our hotel!

Sincerely,
Ayla Akbarova
Customer Relations Management
Megasaray Hotels",1 review,Ci9DQUlRQUNvZENodHljRjlvT25WaldsZDNXa0Y0ZVU5TGVXOXdlbTVzVjA5WVFWRRAB
Tiago Rodrigues,4.0,"Good hotel, restaurant with exceptional quality local produce, nice beach with a wide variety of drinks and food.",6 days ago,2026-07-29,,"Dear Guest,

Thank you for your valuable feedback and for your excellent rating. We are delighted to hear that you enjoyed our restaurant, the wide selection of local specialties, our beach, and the variety of food and beverages available throughout your stay. Your kind words made us very happy.

We would be happy to welcome you again at Megasaray Hotels.

Best regards,
Ayla Akbarova
Customer Relations Management
Megasaray Hotels",Local Guide · 40 reviews,Ci9DQUlRQUNvZENodHljRjlvT25GVWJtUjFOVEpZVFRCMVRrZHhhbXhUWmt0aU5uYxAB
Hamed Farjami,5.0,"We had a wonderful stay at this hotel. The staff were very friendly, helpful, and always attentive. There were plenty of entertainment options, so we were never bored. The food was excellent and offered a wide variety to suit all tastes. The bar was also very good and had a great atmosphere. The beach was clean, beautiful, and ideal for relaxing. The hotel is new, modern, and spotlessly clean throughout. We would definitely recommend this hotel and would love to come back!",6 days ago,2026-07-29,,"Dear Guest,

Thank you for your valuable review and high rating. We are delighted that you enjoyed your stay, our friendly service, the entertainment options, the culinary variety, the atmosphere of our bars, as well as our clean beach and modern facilities. We were very pleased to hear your positive feedback about your overall experience.

We would be delighted to welcome you and your family back to Megasaray Hotels.

Sincerely,

Ayla Akbarova
Customer Relations Management
Megasaray Hotels


Sincerely,

Ayla Akbarova
Customer Relations Management

Megasaray Hotels",2 reviews,Ci9DQUlRQUNvZENodHljRjlvT2pOUU9ERnNkM1I2YjBacFoydHdhMUZOVFVsTlNGRRAB
Ilia Aleksandrov,5.0,"Excellent entertainers and entertainment. Live music, choreographers, kids' mini-club—everything was great.",a week ago,2026-07-28,,"Dear Guest,

Thank you for your excellent rating and for sharing your experience. We are glad you enjoyed our entertainment programs, live music, kids' mini-club, and the work of our animation team.

We look forward to welcoming you back to our hotel!

Sincerely,
Ayla Akbarova
Customer Relations Management
Megasaray Hotels",4 reviews,Ci9DQUlRQUNvZENodHljRjlvT2sxZmQwUk9aMkZoWkhaTU1UaDRNa053VVhCTGJYYxAB
Simo Tripsin,4.0,"It's a typical Fiat Performance Hotel; the food is good, the alcohol level is poor, but the atmosphere isn't bad.",a week ago,2026-07-28,,"Dear Guest,

Thank you for choosing Megasaray Hotels and sharing your feedback with us. We are delighted to hear your positive comments regarding our food and overall atmosphere, and we have carefully noted your feedback about your beverage experience and will share it with our relevant teams.

We would be delighted to welcome you and your family again.

Sincerely,

Ayla Akbarova
Customer Relations Management
Megasaray Hotels",Local Guide · 91 reviews · 12 photos,Ci9DQUlRQUNvZENodHljRjlvT25weE1IZFRNRXgzVWxOQ2JqZ3RNRmQwVmxWRVVsRRAB
Hadi Memarnia,5.0,"I had a wonderful stay at this hotel. Everything was clean, comfortable, and well organized. The staff were incredibly kind, friendly, and professional.
A special thank you to Ms. Sadaf, Mr. Saeed, and Ms. İlayda for their exceptional hospitality and kindness. They made me feel welcome from the moment I arrived and were always ready to help with a smile.
I truly appreciate their excellent service and highly recommend this hotel to anyone. Thank you for making my stay so enjoyable!",a week ago,2026-07-28,,"Dear Guest,

Thank you for your wonderful review and for choosing to stay with us.

We are delighted to hear that you enjoyed your stay and appreciated the cleanliness, comfort, and organization of our hotel. It is especially rewarding to know that our team's kindness and professionalism made you feel welcome throughout your visit.

Your kind words are a great source of motivation for us. We will be pleased to share your compliments with our Guest Relations team.

Thank you for your recommendation. We look forward to welcoming you back to Megasaray Hotels for another enjoyable stay.

Kind regards,

Irina Özkökdemir
Customer Relations Management
Megasaray Hotels",1 review · 1 photo,Ci9DQUlRQUNvZENodHljRjlvT205VFgxWmliMFZLZDNseFRtVTJjSHBaUW10cFdFRRAB
Samsonov Artem,5.0,I want to say a huge thank you to Osman! He made our stay at the Megasaray Hotel unforgettable! His signature cocktails are impeccable! Such hospitable staff makes me want to return to this hotel!,a week ago,2026-07-28,,"Dear Guest,

Thank you for choosing Megasaray Hotels and for sharing your kind review. We are delighted to know that you had a memorable stay and enjoyed the hospitality and service provided by our team. Your positive feedback about our beverage experience made us very happy.

We would be happy to welcome you again at Megasaray Hotels.

Best regards,

Ayla Akbarova
Customer Relations Management
Megasaray Hotels",1 review · 1 photo,Ci9DQUlRQUNvZENodHljRjlvT2xwdFEzWlhYMWRWV201dlVsVlNORzFaV2xCeFlVRRAB
reza solaymaani,5.0,"We are currently staying at Megasaray Westbeach Antalya, and I must say it has far exceeded our expectations. Everyone on the staff is fantastic—a special thanks to İlayda, Sedaf, and Saeid for their wonderful service! The food is incredible and high-quality, and the cleanliness is top-notch. Snacks, treats, and alcoholic beverages are all excellent. Having stayed at many 5-star Ultra All-Inclusive hotels before, this one is clearly a cut above the rest. I highly recommend it👍👍",a week ago,2026-07-28,,"Dear Guest,

Thank you for choosing Megasaray Hotels and for sharing your wonderful feedback. We are delighted to know that you are enjoying your stay at Megasaray WestBeach Antalya and that you appreciated our food quality, cleanliness, service standards, and Ultra All-Inclusive concept. Your kind words about our team’s hospitality made us very happy.

We would be happy to welcome you again at Megasaray Hotels.

Best regards,

Ayla Akbarova
Customer Relations Management
Megasaray Hotels",3 reviews,Ci9DQUlRQUNvZENodHljRjlvT2taR1VXSk1iWG93U3pkNWJXeHBTWFZsVDAxWE1HYxAB
Амелия Валеева,5.0,"The hotel was excellent, the stay was wonderful, the location is great, the views are incredible, the food is delicious and varied, and the staff is very responsive and friendly. I'd especially like to mention the animation team; they're lively and energetic, offering a variety of sports activities from morning until evening. We often attended aqua aerobics, which was fun and interesting, as well as step and trampoline classes in the pool. In the evenings, there were various shows, dance routines, karaoke, and live music. We had a blast, thank you so much for the wonderful memories!",a week ago,2026-07-28,,"Dear Guest,

Thank you for choosing Megasaray Hotels and for such a wonderful review. We are delighted that you highly appreciated our hotel's location, delicious and varied cuisine, the attentive service of our team, and our vibrant entertainment program. We are delighted that the sporting events and evening shows provided you with such vibrant and unforgettable experiences.

We look forward to welcoming you back to our hotel.

Sincerely,

Ayla Akbarova
Customer Relations Management
Megasaray Hotels",1 review,Ci9DQUlRQUNvZENodHljRjlvT25FelNsOHpkekJVWkRGSVQwYzBjSGgzYkRseGIyYxAB
George Broumana,5.0,"I would like to thank the reception team they were extremely helpful specially Sadaf and Leonie always willing to assist with anything needed.
The housekeeping staff(Toubia)did an excellent job and the room was always clean.
Unfortunately my experience with the restaurant and Starbucks lady was very disappointed she even don’t reply on your questions and all the cutleries have bad smell. And there is one waitress with blonde hair in the main restaurant so rude their attitude did not reflect the level of hospitality expected from a hotel of this standard.",a week ago,2026-07-28,,"Dear Guest,

Thank you for choosing Megasaray Hotels and for taking the time to share your detailed feedback. We are pleased to know that you appreciated the helpful service, the cleanliness of your room, and the efforts of our team. At the same time, we appreciate you bringing your observations regarding the restaurant experience, service attitude, and cutlery to our attention. Your comments will be carefully reviewed with the relevant departments as part of our continuous efforts to improve.

We would be happy to welcome you again at Megasaray Hotels.

Best regards,

Ayla Akbarova
Customer Relations Management
Megasaray Hotels",5 reviews,Ci9DQUlRQUNvZENodHljRjlvT2xOblYwVmpVVmh5ZERGSFpGaHBiRzVKWVdRemNIYxAB
Елена Чиликова,5.0,"The hotel's entertainment is simply amazing!
The team is very professional and friendly, always able to inspire positivity and create a great atmosphere. We'll be back again. Special thanks to Elina, she's wonderful!",a week ago,2026-07-28,,"Dear guest,

Thank you for your wonderful review!

We are delighted that you highly appreciated our entertainment team. We are honored to know that their professionalism, friendliness, and positive attitude helped make your stay so vibrant and memorable.

Thank you for your kind words. We look forward to welcoming you back to Megasaray Hotels!

Sincerely,

Irina Özkökdemir
Customer Relations Management
Megasaray Hotels",1 review,Ci9DQUlRQUNvZENodHljRjlvT25vd1lXTkthemhVTFVrM2VEbFhOazUxY1ZjMFZWRRAB
M Erbay,3.0,,a week ago,2026-07-28,,"Dear Guest,
We were unable to find any accommodation details for a guest named *M Erbay* at our facility. To clarify this matter and better assist you, please contact us directly at crm@megasarayhotels.com for a more detailed assessment.
We would be happy to assist you.
Sincerely,
Ayla Akbarova
Customer Relations Management
Megasaray Hotels","Local Guide · 13 reviews · 1,269 photos",Ci9DQUlRQUNvZENodHljRjlvT2tveFYydFFjbkpsV0d4VE4yMDFXRW8yYTBVMlJYYxAB
Юлия Гардашевская,5.0,"The hotel's location is perfect, with a beautiful promenade for strolling, delicious and varied food in the restaurant, and the staff are friendly and helpful. I'd especially like to mention the animation team, who are energetic and fun. Thanks to them, the hotel is never boring. From morning until evening, there are various activities, including exercise, aqua aerobics, step aerobics, darts, jumping, and cycling in the pool. In the evenings, there are various shows, dance programs, karaoke, and live music. Great job, thanks for the great vacation!",a week ago,2026-07-28,,"Dear guest,

Thank you for your wonderful review and for sharing your impressions!

We are delighted that you enjoyed the hotel's location, beautiful promenade, varied cuisine, and the hospitality of our team. We are especially pleased to learn that the entertainment program made your stay vibrant and eventful, and that the daytime activities and evening shows brought you so many positive emotions.

We look forward to welcoming you back and offering you even more unforgettable experiences!

Sincerely,

Irina Özkökdemir
Customer Relations Management
Megasaray Hotels",1 review,Ci9DQUlRQUNvZENodHljRjlvT2s1VllreElSRXRSYTJ4aWJYVnBSMFJ6ZVdKUE5rRRAB
Sarah Bzd,5.0,"We really enjoyed in this hotel, nice views and the good beach .Thankfull to all the staff and animation special thanx to  Mahkabat  for aquagym ✨ great hotel !!!",a week ago,2026-07-28,,"Dear Guest,

Thank you for sharing your wonderful review with us.

We are delighted to hear that you enjoyed your stay, appreciated the beautiful views, and had a great time at the beach. It is also wonderful to know that our entertainment activities added to your holiday experience.

We look forward to welcoming you back for another memorable stay.

Kind regards,

Irina Özkökdemir
Customer Relations Management
Megasaray Hotels",Local Guide · 18 reviews,Ci9DQUlRQUNvZENodHljRjlvT2xkcVltOW9WVU16Wkc5blFtVlJVR0l0WW1sdUxWRRAB
Muhammed Ali,5.0,"We stayed for one week and had an amazing vacation.

The food selection was excellent, you can find almost anything you want. There are plenty of bars and drink stations throughout the resort, so it’s always easy to grab a beverage. The beach is just a short walk away and even has its own bar. The sea was clean and pleasant. Although there were many guests, it was never difficult to find a place to relax.

The entertainment was very enjoyable. There was live music every evening, and the hotel has three swimming pools: two outdoor pools and one indoor pool, along with a spa and a gym.

The staff were genuinely friendly, welcoming, and always willing to help. They created a warm and comfortable atmosphere that made us feel at home.

Our room was clean and well-maintained, and it also included a minibar. While the hotel is not brand new, it is well looked after, tidy, and offers great value for a relaxing holiday.

Overall, we had a wonderful experience and would happily recommend this hotel to anyone looking for a comfortable and enjoyable stay.",a week ago,2026-07-28,,"Dear Guest,

Thank you for sharing your positive experience and for your kind recommendation of Megasaray Hotels. We are delighted to hear that you enjoyed the variety of our culinary offerings, entertainment programs, facilities, and the welcoming atmosphere created by our team.

We would be happy to welcome you again at Megasaray Hotels.

Best regards,
Ayla Akbarova
Customer Relations Management
Megasaray Hotels",3 reviews,Ci9DQUlRQUNvZENodHljRjlvT2w5YVJVTlRWbXRJWjNGd1YzZEpZVFoxYlRaRWEyYxAB
Count Robo,5.0,,a week ago,2026-07-28,,"Dear Guest,
Your satisfaction is the greatest reward for us. We look forward to welcoming you again soon.

Warm regards,
Ayla Akbarova
Customer Relations Management
Megasaray Hotels",Local Guide · 14 reviews,Ci9DQUlRQUNvZENodHljRjlvT21Zd1YxSkRkVmt0T0VwTFJuSktaVlZQTm1ZM1JHYxAB
Sam Trk,5.0,,a week ago,2026-07-28,,"Dear Guest,
Your satisfaction is the greatest reward for us. We look forward to welcoming you again soon.

Warm regards,
Ayla Akbarova
Customer Relations Management
Megasaray Hotels",Local Guide · 22 reviews,Ci9DQUlRQUNvZENodHljRjlvT2kxaE5uaEtRVlJLUWxCbmIzSmZXR1JhUVZOcmEwRRAB
Ильдар Абзгильдин,5.0,"Excellent hotel. We enjoyed our stay. The entertainment staff was fantastic, keeping us busy. We played water polo, table tennis, and other games every day. The kids were also supervised by the entertainment staff.",a week ago,2026-07-28,,"Dear Guest,

Thank you for your wonderful review and high rating. We are delighted that your stay was such a pleasant one, and that the extensive entertainment program and activities for both adults and children made your stay even more memorable.

We look forward to welcoming you back to our hotel!

Sincerely,
Ayla Akbarova
Customer Relations Management
Megasaray Hotels",1 review,Ci9DQUlRQUNvZENodHljRjlvT25Sd2RUTmpUakpOU0hOQ1FucEVaVFpDUW5wTGRGRRAB
Александр Старш,5.0,"The hotel is fantastic! I'd especially like to mention the entertainment team – they're professional, very friendly, and always try to entertain the guests. The kids were absolutely delighted; there was always someone to play with and have fun. I highly recommend this hotel.",a week ago,2026-07-28,,"Dear Guest,

Thank you for your wonderful review and high rating. We are delighted to hear that you were pleased with the work of our animation team and that both adults and children had such a wonderful time during your stay. Thank you for your recommendation!

We look forward to welcoming you back to our hotel!

Sincerely,
Ayla Akbarova
Customer Relations Management
Megasaray Hotels",1 review,Ci9DQUlRQUNvZENodHljRjlvT21kME1ucHdXREJWUzI5MFkxSm5Oa2hPTFVkNFpFRRAB
Hakan çetin,5.0,"The hotel was fantastic in every way; the room views were superb, the staff were very friendly, and we loved the animation team – they were so cheerful and energetic. We participated in morning exercises, aqua gym, darts, and step activities. The daily music schedule was great, and the evening live music, dance shows, and karaoke were all incredibly fun. We especially want to thank Naza from the animation team for taking care of us. We loved the food; it was all wonderful.",a week ago,2026-07-28,,"Dear Guest,

Thank you for choosing Megasaray Hotels and sharing your valuable feedback with us.

We are very pleased that you enjoyed our hotel's view, our team's friendly service, our animation programs, and our delicious food. Your enjoyment of our daytime activities and evening entertainment, and your appreciation of our team's hospitality, is a great source of motivation for us.

We look forward to welcoming you again.

Sincerely,

Irina Özkökdemir
Customer Relations Management
Megasaray Hotels",Local Guide · 11 reviews · 426 photos,Ci9DQUlRQUNvZENodHljRjlvT2xaaVpsUkZWbHB3YUdjMU0yWXhNMmxWWVU1MWFuYxAB
Büşra Demirbağ,5.0,"The hotel has a great central location, wonderful room views, superb food, and we were very pleased with the animation team. The activities were fantastic: step aerobics, aqua aerobics, darts, live music, and evening dance shows were a lot of fun. The animators were very friendly and their approach to guests was wonderful. We really liked the daily music schedule.",a week ago,2026-07-28,,"Dear Guest,

Thank you for choosing Megasaray Hotels and sharing your valuable feedback with us.

We are very pleased that you enjoyed our central location, the view from your room, our delicious food, and the activities prepared by our animation team. Your enjoyment of step aerobics, aqua aerobics, darts, live music, and evening shows, and your appreciation for our team's hospitality, is a great source of motivation for us.

We look forward to welcoming you again.

Sincerely,

Irina Özkökdemir
Customer Relations Management
Megasaray Hotels",3 reviews · 1 photo,Ci9DQUlRQUNvZENodHljRjlvT2s1V2IwSXlTblZ0V1ZGalFVdDVZbGhUZEVoNU9YYxAB
Mehmet D,1.0,"The hotel management that advertised this as ""ultra all-inclusive"" either has never seen an ultra all-inclusive hotel or doesn't know what it means. The room was extremely poorly made. A room with a bathtub and carpeted bathroom? Seriously? Either you gave my wife and son the worst room, or if all the rooms are like this, it's very sad. The fly bars were extremely passive and limited. Also, charging extra for a Magnum ice cream is completely unacceptable for an establishment advertising ""ultra all-inclusive."" Would we ever come back, and would we recommend it? Absolutely not. I also recommend that you visit some ultra all-inclusive hotels in the Belek area and learn from them. Respectfully.",a week ago,2026-07-28,,"Dear Guest,

Thank you for sharing your feedback with us.

We have carefully noted your comments regarding room features, services offered within our concept, and paid products during your stay. Our guests' opinions are an important guide for us in improving our services.

All feedback you shared in your review has been shared with our relevant departments for evaluation. We hope to provide you with an even better accommodation experience in the future.

Sincerely,

Irina Özkökdemir
Customer Relations Management
Megasaray Hotels",Local Guide · 48 reviews,Ci9DQUlRQUNvZENodHljRjlvT21Fd0xXVm1NRVphV25SVU5HVnhhRnBRTkRGTWVrRRAB
Ирина Сидалиева,5.0,The hotel is superb! I'd especially like to mention the evening shows. Every night there was a new program. The entertainers are truly talented and know how to create a great atmosphere.,a week ago,2026-07-28,,"Dear Guest,

Thank you for choosing Megasaray Hotels and for your wonderful review!

We are delighted that you enjoyed your stay. We are especially pleased to learn that the evening shows and varied entertainment program left such a positive impression on you. We will be sure to pass on your kind words to our team.

We look forward to welcoming you back to Megasaray Hotels!

Sincerely,

Irina Özkökdemir
Customer Relations Management
Megasaray Hotels",1 review,Ci9DQUlRQUNvZENodHljRjlvT2pObVowcDVRMUl6Y0Vwc1pXYzBibmxUYzB3M2QyYxAB
Расул Сидалиев,5.0,"The entertainment was fantastic! From the very morning, the entertainment team actively engaged guests with a variety of activities. The Mega Barn was top-notch! We had a wonderful time and will definitely be back.",a week ago,2026-07-28,,"Dear Guest,

Thank you for choosing Megasaray Hotels and for sharing your experience.

We are delighted to hear that you enjoyed your stay and that you particularly appreciated our entertainment program. We are honored to know that our daily activities, evening shows, and the hard work of our team made your vacation vibrant, engaging, and memorable.

Thank you for your recommendation. We look forward to welcoming you back to Megasaray Hotels!

Sincerely,

Irina Özkökdemir
Customer Relations Management
Megasaray Hotels",3 reviews,Ci9DQUlRQUNvZENodHljRjlvT2tKcFUyRnlMVkE0UVdWRFFuaG5hRkkyU1VabmJsRRAB
مآڀسـّٿړۈ/ мαєѕтяу,5.0,It was great one week. I enjoyed everything in the hotel. Especially the animation was great. Daily activities evening shows in live music we're always entertaining. Entertainers approaching to the guest was so professional we loved it so much. I recommend everyone,a week ago,2026-07-28,,"Dear Guest,

Thank you for choosing Megasaray Hotels and for sharing your wonderful review.

We are delighted to hear that you had a fantastic one-week stay and enjoyed every aspect of your holiday. It is especially rewarding to know that our animation team, daily activities, evening shows, and live music made your experience so enjoyable. Your kind words about the professionalism and friendliness of our entertainment team are greatly appreciated and will be shared with them.

Thank you for your recommendation. We look forward to welcoming you back to Megasaray Hotels for another unforgettable holiday.

Kind regards,

Irina Özkökdemir
Customer Relations Management
Megasaray Hotels",Local Guide · 115 reviews · 1 photo,Ci9DQUlRQUNvZENodHljRjlvT2tsUVJrVnRiRXhFVVZBd1l6bG1ibWRSZWxaVlIzYxAB
Ivis Thompson,5.0,"Great hotel right by the sea! 🌊 We really enjoyed our stay. We really liked the cafe where you can have free coffee and something sweet. The room has a beautiful view of the sea. The rooms are clean and cozy, the food is very tasty and varied, and the beach is beautiful and well-kept. There is a lot of entertainment and activities for adults and children. The staff is very nice, helpful and speaks many languages. They are always happy to help you in case of problems. We were very satisfied with everything and we will definitely come back here again! ❤️",a week ago,2026-07-28,,"Dear Guest,

Thank you for choosing Megasaray Hotels and for sharing your wonderful feedback.

We are delighted to hear that you had such an enjoyable stay with us. It is a pleasure to know that you appreciated our seaside location, comfortable rooms, delicious and varied cuisine, beautiful beach, complimentary café, and the wide range of activities for both adults and children. Your kind words about our multilingual team and their attentive service mean a great deal to us.

Thank you for your recommendation. We look forward to welcoming you back to Megasaray Hotels for another memorable holiday.

Kind regards,

Irina Özkökdemir
Customer Relations Management
Megasaray Hotels",1 review,Ci9DQUlRQUNvZENodHljRjlvT214UGJHeDJVbXAwZFc4eU5EZE1PRFp5VVdVNU1YYxAB
Ahmet Altunay,5.0,,a week ago,2026-07-28,,"Dear Guest,

Your satisfaction is our greatest reward. We look forward to welcoming you again.

Sincerely,
Ayla Akbarova
Customer Relations Management
Megasaray Hotels",Local Guide · 23 reviews · 6 photos,Ci9DQUlRQUNvZENodHljRjlvT2tWMmFGaGhhRkJvUzFWU1NHUk5WVXBPVlZSUmNsRRAB
Jolykay C,4.0,"Sadaf is a true ray of sunshine. Her kindness, professionalism, empathy, and listening skills are simply remarkable. She takes the time to understand people, reassure them, and offer solutions with great calm and compassion.

Thanks to her dedication and humanity, she made my stay so much better. People like Sadaf are rare: always smiling, attentive, and deeply committed to her work. Her devotion and authenticity deserve to be highlighted.

Thank you so much, Sadaf, for your patience, support, and kindness. You made all the difference.",a week ago,2026-07-28,,"Dear Guest,

Thank you for your valuable feedback and kind words. We are delighted to hear that the attention and support provided during your stay contributed to making your experience more enjoyable. Your appreciation will be shared with the relevant team.

We would be happy to welcome you again at Megasaray Hotels.

Best regards,
Ayla Akbarova
Customer Relations Management
Megasaray Hotels",Local Guide · 28 reviews · 21 photos,Ci9DQUlRQUNvZENodHljRjlvT2xGb1ZGUlFhMDlhUkMxYVQyZ3dTMGxEWDNsa1VuYxAB
Hamza DRARENI,5.0,"Five years now that we've been coming to this hotel, and we'll keep coming back! It's a property that keeps improving, and this year we especially loved that the beach is now right in front of the hotel, which is a real plus. The rooms are spacious, incredibly clean, and very comfortable, and the whole staff is so friendly and helpful. The ultra all-inclusive package offers really high-quality food that we never get tired of. A huge thank you to the whole animation team, and especially to Naz and Yulia from animation team  for their kindness and dedication to the children",a week ago,2026-07-28,,"Dear Guest,

Thank you for choosing Megasaray Hotels and for your wonderful review!

We are truly honored that you have chosen to spend your holidays with us for five years in a row. It is especially rewarding to know that you appreciate the continuous improvements we make, as well as the comfort of our rooms, the quality and variety of our Ultra All Inclusive concept, and the warm hospitality of our team.

We are also delighted that you enjoyed our entertainment program, mini disco, live music, and dance shows, making your family holiday even more memorable.

We sincerely look forward to welcoming you back for many more wonderful holidays at Megasaray Hotels.

Kind regards,

Irina Özkökdemir
Customer Relations Management
Megasaray Hotels",8 reviews · 2 photos,Ci9DQUlRQUNvZENodHljRjlvT2pKVllVSmthVWs0WXpJM1RqaFFUVTFpVFZObFJuYxAB
Islam Bisengaliev,5.0,"A huge thank you to the hotel staff, who are always helpful with any questions. The service is excellent. The food is delicious and varied. The rooms are clean and spacious. The sea is two minutes away. We really enjoyed the evening shows. It was interesting. We celebrated a birthday and received a compliment from the hotel. It was a great pleasure. Thank you all for your hospitality. We came from Aktobe, Kazakhstan, and we recommend it to you too; you'll have a wonderful vacation.",a week ago,2026-07-28,,"Dear Guest,

Thank you for choosing Megasaray Hotels and for such a warm review!

We are delighted that you highly appreciated our team's work, the quality of our service, the variety of food options, the comfort of our rooms, and the evening shows. We are especially pleased that the birthday compliment made your stay even more memorable.

Thank you for your kind words and recommendation. We look forward to welcoming you back to Megasaray Hotels!

Sincerely,

Irina Özkökdemir
Customer Relations Management
Megasaray Hotels",2 reviews,Ci9DQUlRQUNvZENodHljRjlvT2s5eU9TMXdablI2Wm1sT1lXOVJVMmxOYlUxMVEzYxAB
Надежда Парченко,5.0,"The hotel is absolutely fantastic.
Food is truly a priority, as the tour operator told us. The staff is very friendly, everyone is smiling. There's a fairly large selection of alcoholic drinks, including cocktails and imported spirits—there are plenty of cocktails, as well as non-alcoholic options for children.
It's crowded, but there are plenty of places to eat, and seats by the pool and on the beach.
The hotel is absolutely top-notch ❤️

By the way, I also wanted to highlight the hotel's commitment to children.

They gave us a separate room access card for our children, a towel card, and special cereal for the little ones, high chairs, and separate entertainment for children.

Overall, I'm glad they treat children this way 🌺",a week ago,2026-07-28,,"Dear Guest,

Thank you for choosing Megasaray Hotels and for such a warm review!

We are delighted that you highly appreciated the variety and quality of our food, the wide selection of drinks, the hospitality of our team, and the comfortable atmosphere at the hotel. We are especially pleased to learn that you were pleased with the facilities created for families with children. It is very important to us that both adults and children feel comfortable throughout their stay.

Thank you for your recommendation. We look forward to welcoming you and your family back to Megasaray Hotels!

Sincerely,

Irina Özkökdemir
Customer Relations Management
Megasaray Hotels",1 review · 1 photo,Ci9DQUlRQUNvZENodHljRjlvT2xWU2FuTXpZMTk0VWxKRE1YQmtTVmxvT1dKMVpGRRAB
Александр Наголов,5.0,"Our family vacationed from July 13th to 23rd, 2026. The hotel is wonderful, comfortable, and has everything we needed. Daily cleaning and complimentary minibar refills are available. Entertainment for children and adults is available every evening. The program is varied. The Ultra All-Inclusive meal plan offers a wide selection, so there's always something to choose from! I definitely recommend it!",a week ago,2026-07-28,,"Dear Guest,

Thank you for choosing Megasaray Hotels and for sharing your experience.

We are delighted to learn that your family vacation was comfortable and positive. We are pleased that you highly appreciated the quality of cleaning, the Ultra All-Inclusive concept, the variety of food options, the entertainment programs, and the overall level of service.

Thank you for your recommendation. We look forward to welcoming you back to Megasaray Hotels!

Sincerely,

Irina Özkökdemir
Customer Relations Management
Megasaray Hotels",1 review,Ci9DQUlRQUNvZENodHljRjlvT2sxMVgySm5kSG90YUc1RmN6SllhSFJGZEZKR00xRRAB
1907 ZacFB,4.0,"The hotel was excellent. The food and drinks were very high quality and delicious. The animation team was very good; you were constantly involved in some activity. Elina from the animation team was very sweet and attentive; she was always helpful and attentive. Overall, we had a great holiday experience, and I would definitely choose this place again...",a week ago,2026-07-28,,"Dear Guest,

Thank you for choosing Megasaray Hotels and sharing your valuable feedback with us.

We are very pleased that you were satisfied with the quality of our food and beverages, our animation programs, and the attentiveness of our staff. Your enjoyable stay and your consideration of choosing our hotel again is our greatest motivation.

We look forward to welcoming you back to Megasaray Hotels.

Sincerely,

Irina Özkökdemir
Customer Relations Management
Megasaray Hotels",6 reviews · 3 photos,Ci9DQUlRQUNvZENodHljRjlvT21aWE1sb3pkVVJ5Y1hwaVZHODFlVEJKYTFSTVQwRRAB
TimBur100,4.0,"We had a great family vacation here from July 10 to July 21. Overall, the facilities, food, and drinks are pretty good, and it offers solid value for money compared to other resorts in the area. However, I’m giving it 4 out of 5 stars …",a week ago,2026-07-28,,,,ChdDSUhNMG9nS0VKYkstWnZjM2RQcWhBRRAB
14shwetar,5.0,"We’ve just returned from an all-inclusive stay at the Megasaray Hotel in Antalya, and I genuinely can’t recommend it highly enough. From the moment we arrived until the day we left, everything exceeded our expectations.|Located just 30 …",a week ago,2026-07-28,,,,ChZDSUhNMG9nS0VQdWl0N08xeUotekJnEAE
متعب الزهراني,5.0,"We had a wonderful stay at Megasaray WestBeach Antalya, and everything exceeded our expectations.

The hotel is clean, comfortable, and well-organized. The facilities are excellent, and the atmosphere is relaxing, making it a perfect place for a holiday.

A special thank you to the Customer Service and Guest Relations Team. They were exceptional throughout our stay—always friendly, professional, responsive, and genuinely willing to help. Their quick communication, especially through WhatsApp, made everything easy and convenient, and they always handled our requests with great care.

We would also like to thank the restaurant staff for their outstanding service. Breakfast offered a great variety of delicious food, and the afternoon snacks were fresh, tasty, and well presented. The restaurant team was always welcoming, attentive, and hardworking.

We truly enjoyed every moment of our stay. Thank you to the entire team for your warm hospitality and excellent service. Megasaray WestBeach will definitely be our first choice whenever we visit Antalya again. Highly recommended!",a week ago,2026-07-28,,"Dear Guest,

Thank you for your wonderful review and for choosing Megasaray Hotels.

We are delighted to hear that your stay at Megasaray WestBeach Antalya exceeded your expectations. It is a pleasure to know that you enjoyed our facilities, comfortable atmosphere, cleanliness, and the quality of our food and service.

Your kind words about our Guest Relations, Customer Service, and Restaurant teams mean a great deal to us. We will be delighted to share your compliments with our colleagues, who work hard to ensure every guest enjoys a memorable stay.

Thank you for your recommendation. We look forward to welcoming you back on your next visit to Antalya.

Kind regards,

Irina Özkökdemir
Customer Relations Management
Megasaray Hotels",1 review · 2 photos,Ci9DQUlRQUNvZENodHljRjlvT21SNldGZG9iVlF3V0VabFNFdHVXVU5tVEd0NGRHYxAB
Angelika kots,5.0,"We spent a long time choosing a place to stay, and finally chose this hotel. Our vacation exceeded all expectations!
I'd like to highlight several key aspects that made our stay truly comfortable and memorable.
First, the entertainment is a whole other story. The entertainment team is simply superb: all the programs were varied, engaging, and vibrant. We thoroughly enjoyed participating in the evening shows and sports competitions. The entertainment team is very friendly and energetic, and always strived to engage all guests, creating a festive and joyful atmosphere.
I'd also like to commend the food. The buffet was very diverse: a variety of dishes to suit every taste – from fresh vegetables and fruits to exquisite meat and fish delicacies. We were particularly impressed by the quality of the food and the deliciousness of the homemade desserts. The restaurant staff was always attentive, quickly responding to our requests, and the atmosphere in the dining room contributed to a pleasant and carefree stay.
It's also important to commend the overall work of the hotel staff. All of them were polite, welcoming, and professional. The reception staff was always helpful with any questions we had and did everything they could to make our stay as comfortable as possible. It's clear the hotel has a caring spirit, which is especially appreciated.
Overall, we were very pleased with our stay and would highly recommend this hotel to anyone looking for an unforgettable stay in excellent conditions. Thank you to the entire team for their excellent work!",a week ago,2026-07-28,,"Dear Guest,

Thank you for choosing Megasaray Hotels and for such a detailed and wonderful review. We are delighted that you highly appreciated our team's work, the variety of entertainment programs, the quality of our food, and the attentive service of our staff. We are delighted that the atmosphere of our hotel made your stay comfortable, vibrant, and memorable.

We look forward to welcoming you back to our hotel.

Sincerely,

Ayla Akbarova
Customer Relations Management
Megasaray Hotels",1 review · 5 photos,Ci9DQUlRQUNvZENodHljRjlvT21WSlVrZG5iVk42V0Y5a1VXdHRkWHBzYzFoSk1uYxAB
Ika !,5.0,"This is my first vacation in Antalya, so I spent a long time choosing a hotel. I was really worried it wouldn't live up to my expectations. But the hotel turned out to be beautiful, well-maintained, and cozy. Of course, compared to other places, there are some things that could be improved, but for me, the most important thing is that we weren't disappointed and my mother was comfortable.

The hotel has a private pebble beach with free sun loungers, delicious (and not overly salty!) food, and plenty of entertainment.

The staff is very friendly, pleasant, and vibrant. I'd especially like to thank the animators: Mahabat, Naz, Emirhan, and the heart of the hotel, Enmanuel. I think he's simply unmatched. A true charismatic energizer: always active and positive. They made our vacation—a huge thank you to them!",a week ago,2026-07-28,,"Dear guest,

Thank you for your wonderful review and for choosing Megasaray Hotels for your first vacation in Antalya!

We are delighted that your expectations were met and that you and your mother had a comfortable vacation. We are pleased to hear that you appreciated the hotel's atmosphere, the beach, the food, the entertainment, and the hospitality of our team. Your kind words about the animation team will be sure to be shared with your colleagues – they will be delighted with such high praise.

We look forward to welcoming you back to Megasaray Hotels!

Sincerely,

Irina Özkökdemir
Customer Relations Management
Megasaray Hotels",1 review · 11 photos,Ci9DQUlRQUNvZENodHljRjlvT2tGbVRYTkZWbkIzU1c5VFZHUXlSR3h1WWtWWVVIYxAB
478umarz,1.0,"I stayed at the Megasaray West Beach Hotel in Antalya for four nights, and unfortunately, I left feeling extremely disappointed. Based on the reviews and photos online, I expected a much better experience.||The problems started at check-in. …",a week ago,2026-07-28,,,,ChdDSUhNMG9nS0VPVFFtb3FOdnVUZXBRRRAB
H2551GN_,5.0,"A good hotel for a comfortable family vacation. The cuisine was impressive in quality and variety: fresh snacks and appetizers are always available, and individual restaurants offer excellent menus. The bar menu includes over 40 cocktails, …",a week ago,2026-07-28,,,,ChZDSUhNMG9nS0VPbjdqb21yOGF6c0h3EAE
14artemg,5.0,"A worthy hotel, highly recommended. The food is varied and balanced, with the a la carte restaurants particularly noteworthy. A wide selection of alcoholic beverages and an impressive cocktail menu (over 40 items) are available. A variety …",a week ago,2026-07-28,,,,ChZDSUhNMG9nS0VKbkd0czNRby11a1FBEAE
anriwo,3.0,Unfortunately I cannot recommend this hotel.,a week ago,2026-07-28,,,,ChZDSUhNMG9nS0VLNlNsT082bTdQcURBEAE
Mazlum Altundal,5.0,"We had an unforgettable family vacation.

The animation team added joy to the entire hotel with their energy. The program was incredibly rich, from morning pool exercises to the professional shows in the evening. They invited everyone to the activities with a very friendly and sweet insistence, without forcing anyone. The evening live music and stage shows were also of very high quality. Thank you to the entire team! The resort offers a wonderful experience, especially for families with children. The Mini Club team was amazing; their interaction with the children was so warm and friendly that our daughter/son eagerly wanted to go to the club every morning. The daytime arts and crafts, face painting, games, and the evening mini disco activities were fantastic. As parents, we had no worries at all.",a week ago,2026-07-28,,"Dear Guest,

Thank you for your valuable comments and feedback. We are very happy that you and your family enjoyed an unforgettable holiday experience and were pleased with our animation programs, mini-club activities, and the friendly service provided by our staff. Providing a pleasant and safe holiday environment for families with children is of great importance to us.

We would be delighted to welcome you and your family again.

Sincerely,
Ayla Akbarova
Customer Relations Management
Megasaray Hotels",1 review,Ci9DQUlRQUNvZENodHljRjlvT20xTGEwNXBjV2xMZGxkb1YxaFhSMUJDYTIxR2RsRRAB
Abeer Ali,5.0,"The hotel is beautiful and offers great services and entertainment for both adults and children. I loved the variety of food, especially the outdoor restaurants, the fresh juice cart, and the delicious breakfast. The daily entertainment activities were excellent, and having a Starbucks inside the hotel with one free drink voucher every day during our stay was a wonderful bonus. Overall, it was a fantastic experience, and I highly recommend this hotel.",a week ago,2026-07-28,,"Dear Guest,

Thank you for your valuable feedback and kind comments. We are delighted to hear that you enjoyed our hotel, services, entertainment activities, food variety, outdoor restaurants, fresh juice options, and the special experiences we offer such as Starbucks privileges. Your kind recommendation means a lot to us, and we are pleased to know that you had a fantastic holiday experience.

We would be happy to welcome you again at Megasaray Hotels.

Best regards,
Ayla Akbarova
Customer Relations Management
Megasaray Hotels",Local Guide · 35 reviews · 14 photos,Ci9DQUlRQUNvZENodHljRjlvT2xWSWNEQnNjM1Z6T0VOdmRrTlVTVjk2VWw5T00xRRAB
Антон,5.0,"On the downside, there are a lot of Russians this year. For some reason, they don't go to the resorts in the Krasnodar region, but they do come here. Along with the Russians, naturally, there are empty sun loungers occupied by towels from 7 a.m. and draft beer in cups. We're looking forward to seeing belyashi and pyanse in the beach area.

Pros: As always, the hotel has no complaints; a solid 5-star rating. Excellent staff, convenient location, plenty of activities. The beach is now within walking distance, although there are fewer sun loungers.",a week ago,2026-07-28,,"Dear Guest,

Thank you for your valuable review and feedback. We are pleased that you once again highly appreciated our hotel, the team's professionalism, convenient location, and variety of activities. Your comments regarding the beach area and leisure activities will be taken into account by the relevant teams.

We look forward to welcoming you back to our hotel.

Sincerely,
Ayla Akbarova
Customer Relations Management
Megasaray Hotels","Local Guide · 9 reviews · 1,920 photos",Ci9DQUlRQUNvZENodHljRjlvT2t0RU4yWTVka3h5WDAxcFYwMXZTbFJNY0daSmMyYxAB
Fatemeh Kalantarifard,5.0,"I and my family had a great experience staying in the hotel. Super nice people working. The view to the sea is excellent. The beach and the sea is amazing, the pools and activities they have during the days are great. The evening shows are very entertaining too.
Mrs. Sadaf in guest relation is very social, nice and helpful.
Mr. Saeid in minibar is so nice and Mr. Mohammad who is a waiter is very helpful.",a week ago,2026-07-28,,"Dear Guest,

Thank you for your valuable feedback and kind comments. We are delighted to hear that you and your family had a wonderful stay and enjoyed our beautiful sea view, beach, pools, daily activities, and evening entertainment. It is also a pleasure to know that the friendly and helpful service provided by our team contributed to making your holiday even more enjoyable.

We would be happy to welcome you again at Megasaray Hotels.

Best regards,
Ayla Akbarova
Customer Relations Management
Megasaray Hotels",2 reviews,Ci9DQUlRQUNvZENodHljRjlvT2tKclowUkpSVmRGVjNCSVZGaERUMkpXWjJVd09XYxAB
Maryam,5.0,"We had a great day in hotel and the staffs are all great especially Mr. Saeid in minibar service and Ms. Sadaf in guest relations who were really helpful, kind, energetic and sociable. They had wonderful meals and different activities which were so entertaining. In the restaurant, the waiter, Mr. Muhammed, was so kind and helpful. Unfortunately the AC didn’t work well in the corridors and some parts of lobby.
I would be back again for sure.",a week ago,2026-07-28,,"Dear Guest,

Thank you for your valuable feedback and kind comments. We are delighted to hear that you enjoyed your stay and appreciated our team's friendly and helpful service, the delicious meals, and the variety of entertainment activities. We also appreciate you sharing your feedback regarding the air conditioning in the corridors and parts of the lobby, and your comments will be reviewed by the relevant team.

We would be happy to welcome you again at Megasaray Hotels.

Best regards,
Ayla Akbarova
Customer Relations Management
Megasaray Hotels",4 reviews,Ci9DQUlRQUNvZENodHljRjlvT20xNGMxOXRVM05LYVVOR2NXRlpTMnBJVjJOaWExRRAB
Umar Umar,1.0,"I stayed at the Megasaray West Beach Hotel in Antalya for four nights and left feeling very disappointed. Based on the reviews and photos, I expected a much better experience.

The problems started at check-in. The receptionist was cold and unfriendly, which I initially put down to it being late. However, things only got worse.

I was allocated an accessible room on the first floor, despite never requesting one. It was old, dated and had two separate single beds instead of a double bed. As a solo traveller paying the same price as everyone else, I expected a modern room with a standard double bed. When I visited my friends’ room, who had booked the exact same room type, theirs was on a higher floor and was far more modern and clearly of a much higher standard.

After speaking to the manager, I was moved the following day to a room on the fifth floor, which matched the standard my friends had received from the start. This meant I spent two of my four nights in an inferior room and only received the room I had paid for after complaining.

The staff were very inconsistent. Some were friendly and helpful, while others were rude. One incident involved a manager shouting at my friend for taking food to the beach, despite another member of staff having specifically told us this was allowed. Instead of apologising for the mixed messages, he spoke to us disrespectfully before eventually saying we could take it “this time”.

The buffet food was repetitive and largely catered towards Russian guests, with some Turkish dishes. As a British guest, I found the options limited. The entertainment also appeared to be aimed almost entirely at Russian-speaking guests, making it difficult to feel included.

I appreciate that hotels cater to different nationalities, but I wish this had been made clearer before booking, as I expected a more international atmosphere.

Overall, my biggest disappointment was having to complain simply to receive the room I had paid for. Guests booking the same room category should receive rooms of an equal standard from the outset, and all guests should be treated with the same level of courtesy and respect.

Unfortunately, I would not stay here again or recommend it based on my experience. I booked through TUI Holidays who had really recommended this place.",a week ago,2026-07-28,,"Dear Guest,

We have carefully considered the points raised in your feedback. We are pleased that the replacement room met your expectations and that you also experienced friendly and helpful service from several members of our team.

Rooms within the same category may vary in terms of floor, layout, furnishings and architectural details. Following your feedback, a room change was arranged to enhance your comfort, while the original room remained within the category confirmed in your reservation.

We expect every interaction with our guests to be courteous and professional. Regarding the outdoor restaurant incident, food from hotel outlets is generally not taken outside the property due to operational and food-safety considerations. We understand that the differing information you received caused confusion, and your comments regarding the communication have been shared with the responsible management team.

Megasaray Westbeach welcomes guests from many different countries. Our buffet combines Turkish and international cuisine, while our entertainment programme is designed for a diverse and international guest profile. We would therefore like to reassure you that our room allocation and service standards are applied equally to all guests, regardless of nationality or whether they are travelling alone or as part of a group.

Your observations regarding reception, staff communication, food variety and entertainment have been shared with the relevant departments. We hope to have the opportunity to provide you with an experience that more fully reflects the quality and hospitality standards of Megasaray Hotels.

Kind regards,

Merve Gülseven
Customer Relations Management
Megasaray Hotels",Local Guide · 23 reviews · 6 photos,Ci9DQUlRQUNvZENodHljRjlvT2tOTGNqbG9iMnBTU2xOSVRUVmxjMlJUY0hseE5FRRAB
Artem Guskov,5.0,"A worthy hotel, highly recommended. The food is varied and balanced, with the a la carte restaurants particularly noteworthy. A wide selection of alcoholic beverages and an impressive cocktail menu (over 40 items) are available. A variety of snacks are available throughout the day. The beach area is equipped with modern sun loungers, and the sea is clean and warm. I would like to commend the professionalism of the entire staff. We were completely satisfied with our stay.",a week ago,2026-07-28,,"Dear Guest,

Thank you for your valuable feedback and kind words. We are delighted that you enjoyed the variety of food, a la carte restaurants, beverage selection, beach area, and the professional approach of our team. We are delighted to know that your stay at Megasaray was comfortable and left a positive impression.

We look forward to welcoming you back to our hotel.

Sincerely,
Ayla Akbarova
Customer Relations Management
Megasaray Hotels",2 reviews,Ci9DQUlRQUNvZENodHljRjlvT25rd01HcHRXRGhVWmxSNVlscDVSbHAwVDFGM1kwRRAB
Наталья Давиденко,5.0,"A good hotel for a comfortable family vacation. The cuisine was impressive in quality and variety: fresh snacks and appetizers are always available, and individual restaurants offer excellent menus. The bar menu includes over 40 cocktails, all made with high-quality ingredients. The beach is comfortable, with new furniture, the entry into the sea is gentle, and the water is warm and clear. The staff is polite and attentive, and it seems as if each employee genuinely cares about the comfort of guests. The experience was exceptionally positive.",a week ago,2026-07-28,,"Dear Guest,

Thank you for your valuable feedback and kind words. We are delighted that you were pleased with the quality and variety of cuisine, drinks, beach, and the attentive service of our team. We are honored to know that your stay was exceptionally positive.

We look forward to welcoming you back to our hotel.

Sincerely,
Ayla Akbarova
Customer Relations Management
Megasaray Hotels",2 reviews · 9 photos,Ci9DQUlRQUNvZENodHljRjlvT2tkUldreDJkbE5OZUVnMVQyOVpPSEU1YTNFMFoyYxAB
كرار علاء,5.0,"The place is very nice, the service is excellent, the food is delicious, the staff are wonderful, and the guests were very well treated, especially Mr. Ali Ayad, who was fantastic in his dealings.",a week ago,2026-07-28,,"Dear Guest,

Thank you for your valuable feedback and kind comments. We are delighted to hear that you enjoyed our hotel, service quality, delicious food, and the friendly approach of our team. Your appreciation of our Guest Relations service and the overall experience means a lot to us.

We would be happy to welcome you again at Megasaray Hotels.

Best regards,
Ayla Akbarova
Customer Relations Management
Megasaray Hotels",2 reviews,Ci9DQUlRQUNvZENodHljRjlvT21JM1NGOWZaekJUWDNGcGFVZG9jbTl2WWxoWVRFRRAB
Mustafa B,5.0,"The hotel is excellent, the rooms are great, the service and staff are friendly, only the food variety is a little lacking, the pide (Turkish flatbread) section is excellent.",Edited a week ago,2026-07-28,,"Dear Guest,

Thank you for your kind review and high rating.

We are very pleased that you were satisfied with our hotel, the quality of our service, and the friendly demeanor of our staff. Your feedback regarding the variety of food will be shared with the relevant department. We are also especially pleased that you particularly enjoyed our pide (Turkish flatbread) section.

We would be delighted to welcome you again.

Sincerely,

Irina Özkökdemir
Customer Relations Management
Megasaray Hotels",Local Guide · 7 reviews · 5 photos,Ci9DQUlRQUNvZENodHljRjlvT2tsM2FsTndaR0ZMZDBwTmEzcHZhVVpKYUcxdVZYYxAB
천재,5.0,"I had such a happy and wonderful time with the entertainment team at Megasaray Antalya. They were incredibly friendly, energetic, and welcoming, and made my stay truly memorable. Thank you for the amazing memories!",2 weeks ago,2026-07-21,,"Dear Guest,

Thank you for your valuable feedback and kind comments. We are delighted to hear that you had a wonderful time with our entertainment team and that their friendly, energetic, and welcoming approach contributed to making your stay memorable. Your appreciation means a lot to our team.

We would be happy to welcome you again at Megasaray Hotels.

Best regards,
Ayla Akbarova
Customer Relations Management
Megasaray Hotels",3 reviews · 2 photos,Ci9DQUlRQUNvZENodHljRjlvT2pobVEyRXRjSEpZTlRCc1FsQkhTVzFNYTFCRFkyYxAB
곽지예,5.0,"We had an amazing stay! The staff were incredibly kind, friendly, and always made us feel welcome. The entertainment team made our stay even more enjoyable—they were so friendly, fun, and full of positive energy! There was a great variety of delicious food, and the beautiful beach right in front of the hotel was absolutely stunning. We had such a happy and memorable vacation. We would definitely love to come back. Highly recommended!",2 weeks ago,2026-07-21,,"Dear Guest,

Thank you for your valuable feedback and kind comments. We are delighted to hear that you had a memorable stay and enjoyed our friendly team, entertainment activities, delicious food options, and beautiful beach. Your kind words and recommendation mean a lot to us, and we are pleased to know that you would like to visit us again.

We would be happy to welcome you again at Megasaray Hotels.

Best regards,
Ayla Akbarova
Customer Relations Management
Megasaray Hotels",1 review,Ci9DQUlRQUNvZENodHljRjlvT2tNMFNHeEdSblJhVGxSR1VHeGZVMm81WlhwMFNGRRAB
eng_metab,5.0,"We had an excellent stay at Megasaray WestBeach Antalya and highly recommend this hotel.||From the moment we arrived, the staff made us feel welcome. The hotel is very clean, comfortable, and well-maintained. The rooms were spotless, the …",2 weeks ago,2026-07-21,,,,ChZDSUhNMG9nS0VPRFYxNmlwc3RhNGZREAE
Дмитрий Буланов,5.0,"Everything was great! The room was wonderful!
The service was top-notch!
The entertainment was fantastic!",2 weeks ago,2026-07-21,,"Dear guest,

Thank you for your wonderful review and high rating!

We are very glad that you enjoyed your room, the quality of service, and the work of our entertainment team. Your kind words are the best reward for our entire team.

We look forward to welcoming you back to Megasaray Hotels!

Sincerely,

Irina Özkökdemir
Customer Relations Management
Megasaray Hotels",1 review,Ci9DQUlRQUNvZENodHljRjlvT2xGRE1tMUNZakozUzNOaFNETlBPV2wzYjBkT1VuYxAB
Muhammed Yasin Pakır,5.0,"Our holiday at Megasaray was simply perfect! The overall atmosphere of the resort, its setting surrounded by greenery, the cleanliness of the rooms, and the delicious food captivated us from the very first day. The staff's friendly smiles and hospitality made us feel very special. However, what truly made our holiday unforgettable was definitely the animation and entertainment team! From the poolside activities in the mornings to the evening shows, they filled every moment of the day with incredible energy. The team's sincerity, cheerfulness, and professionalism were fantastic. The evening shows and live performances were of professional stage show quality; we weren't bored for a single moment. Their way of engaging everyone, from children to adults, was truly commendable.",2 weeks ago,2026-07-21,,"Dear Guest,

Thank you for your kind review and high rating.

We are very pleased that you enjoyed the atmosphere of our resort, our rooms, our meals, and the hospitality of our staff during your stay. Your valuable comments, especially regarding our animation and entertainment team, are a source of great pride for us. We will gladly share your kind feedback with them.

We look forward to welcoming you again.

Sincerely,

Irina Özkökdemir
Customer Relations Management
Megasaray Hotels",Local Guide · 32 reviews · 26 photos,Ci9DQUlRQUNvZENodHljRjlvT25KeE1FVm5XbU5KY0dwaWNrRkdia0p4VkdSSFFrRRAB
Muhammet Mustafa KAYACI,5.0,"Room service was excellent. The food was satisfactory. The evening shows and live music were enjoyable.
The activities and games were great.
We met the guy at the darts later, Emirhan, he clearly enjoys his job and is having fun. We would come again.",2 weeks ago,2026-07-21,,"Dear Guest,

Thank you for your kind review and high rating.

We are delighted that you enjoyed our room service, meals, evening shows, live music performances, and activities. We will gladly share your kind words about our staff with them.

We look forward to welcoming you again.

Sincerely,

Irina Özkökdemir
Customer Relations Management
Megasaray Hotels",Local Guide · 27 reviews · 1 photo,Ci9DQUlRQUNvZENodHljRjlvT2xveFRVUnhkSEJJUmxoemJHMVJabXhrUTBSRVptYxAB
Nurzada,5.0,"My stay at Megasaray was a truly unforgettable experience! ❤️

The food was simply superb—a huge selection of dishes to suit every taste, everything delicious, fresh, and beautifully presented. Every day was a new experience, and the desserts were a special treat.

The entertainment was top-notch! The team was very active, friendly, and knew how to create a great atmosphere. There were always interesting activities during the day, and vibrant shows in the evening. Every evening was special: beautiful productions, live music, and dance performances—there was definitely no dull moment.

Thank you to all the staff for the wonderful atmosphere and an unforgettable stay. I want to return to this hotel again!",2 weeks ago,2026-07-21,,"Dear guest,

Thank you for your wonderful review and high rating!

We are delighted to hear that you were satisfied with the variety and quality of our food, as well as the work of our entertainment team. We are especially pleased to hear that the evening shows and overall atmosphere made your stay unforgettable.

Thank you for your kind words. We look forward to welcoming you back to Megasaray Hotels!

Sincerely,

Irina Özkökdemir
Customer Relations Management
Megasaray Hotels",1 review,Ci9DQUlRQUNvZENodHljRjlvT2xGMVQzRXhSblJHVFZSb1FsWlVjMGxWYmtOaU0xRRAB
Ирина Черникова,4.0,"We stayed at this hotel in July 2026. We (the adults) really enjoyed the entertainment team. The wonderful evening shows, polo games, and aqua aerobics were a lot of fun.",2 weeks ago,2026-07-21,,"Dear guest,

Thank you for your wonderful review and high rating!

We are delighted to learn that your stay in July 2026 left such a warm impression. We are delighted that you enjoyed our animation team, evening shows, water polo, and aqua aerobics. Your kind words will be shared with our colleagues.

We look forward to welcoming you back to Megasaray Hotels!

Sincerely,

Irina Özkökdemir
Customer Relations Management
Megasaray Hotels",1 review,Ci9DQUlRQUNvZENodHljRjlvT2pReFEyVlVSWGhKWnkxS1VWbEhTMlZqUTFSUmJFRRAB
Irina V,5.0,"Excellent hotel, food and drinks for every taste. Excellent and very friendly staff, and the service is top-notch! Wishing the hotel prosperity, and we'll be back!",2 weeks ago,2026-07-21,,"Dear Guest,

Thank you for your valuable review and feedback. We are delighted that you were pleased with our variety of food and drinks, as well as the friendliness of our team and the high level of service.

We look forward to welcoming you back to our hotel.

Sincerely,
Ayla Akbarova
Customer Relations Management
Megasaray Hotels",1 review · 2 photos,Ci9DQUlRQUNvZENodHljRjlvT2pSYVRqRjZkMk0wVlU1U1ZXRmtSRWRKVXpSYWRFRRAB
Alperen Kolbaşı,5.0,"We stayed at the hotel for 4 days, all the staff were very friendly, the food was delicious and varied. I would also like to thank the animation team, everyone on the team speaks Turkish, Russian and English fluently. The hotel organizes various activities every day and at every hour. The evening shows and the summer festival were very fun :)",2 weeks ago,2026-07-21,,"Dear Guest,

Thank you for your valuable comments and feedback. We are very pleased that you enjoyed our staff's friendly approach, our delicious and varied treats, our animation activities, and our entertainment programs.

We would be delighted to welcome you and your family again.

Sincerely,
Ayla Akbarova
Customer Relations Management
Megasaray Hotels",4 reviews,Ci9DQUlRQUNvZENodHljRjlvT2pneFpVMW1SRkZzY0Vab2QwdEdRVU5PWkV4U1UzYxAB
Murat Aslan,5.0,"We've been staying here for 7 days. The animation team is working tirelessly, they're everywhere, from the poolside to archery, from PlayStation to live music in the evenings. Mr. Harun, who helps us with archery in the mornings, continues as the leader of the folk dance in the evenings. I especially recommend it for families, but there are plenty of activities for singles as well.",2 weeks ago,2026-07-21,,"Dear Guest,

Thank you for your valuable comments and feedback. We are very pleased that you enjoyed our animation activities, sports and entertainment programs, and especially the facilities we offer for families.

We would be happy to welcome you and your family again.

Sincerely,
Ayla Akbarova
Customer Relations Management
Megasaray Hotels",2 reviews,Ci9DQUlRQUNvZENodHljRjlvT2xacFJFWlVhMlZOVTBWblFWcDRTek5zWld4RmVtYxAB
hussain Ali,5.0,"I like staying here... the rome was huge and they are providing new drinks everyday to the rome .. free acesscs to private beach and there is a bar there that you can take  drinks all the time ... 2 pools and spa underground ... very good place... the food was good there a lot of options ..
some options are normal like they are not very tasty and some are really good .. there is snacks between dinner and launch ..
free towels by giving them a card ... and free drink from strabucks everyday ..
enjoy",2 weeks ago,2026-07-21,,"Dear Guest,

Thank you for sharing your valuable feedback with us. We are delighted to hear that you enjoyed our spacious rooms, minibar service, private beach, pool areas, spa, diverse food options, snack services and special amenities such as the towel service and Starbucks offering.

We would be happy to welcome you again at Megasaray Hotels.

Best regards,
Ayla Akbarova
Customer Relations Management
Megasaray Hotels",1 review,Ci9DQUlRQUNvZENodHljRjlvT2tsMVZ6QkthbWhUVDJOSFV6QXlWRGhaY0U1WE9FRRAB
Nilgün duygu Çetin,5.0,"The hotel is very pleasant, the animation team is super, very fun people, the food is very good, and they take care of everything.",2 weeks ago,2026-07-21,,"Dear Guest,

Thank you for your kind review and high rating.

We are very pleased that you were satisfied with the energy of our animation team, our food, and the attention of our staff. Thank you for your valuable feedback, and we would be delighted to welcome you again.

Sincerely,

Irina Özkökdemir
Customer Relations Management
Megasaray Hotels",Local Guide · 5 reviews,Ci9DQUlRQUNvZENodHljRjlvT2tOYVVIaHBPREJzZFhKdFRETXdhWFZKVG5kUGEyYxAB
Varvara Kostina,5.0,"The hotel is pleasant, the food is excellent, the location is very good, and there's a new equipped beach across the street with new sun loungers. 🫰
I'd like to mention Ali at reception; he's a wonderful person. He helped us get a room with a gorgeous sea view. A special thank you to him for his help. 🤗🫶",2 weeks ago,2026-07-21,,"Dear guest!

Thank you for your wonderful review and high rating.

We are delighted that you enjoyed the hotel's location, food, newly equipped beach, and the comfort of your stay. We are especially pleased to learn that our receptionist was able to assist you with a room with a beautiful sea view. We will be sure to pass on your kind words.

We look forward to welcoming you back to Megasaray Hotels!

Sincerely,

Irina Özkökdemir
Customer Relations Management
Megasaray Hotels",3 reviews · 1 photo,Ci9DQUlRQUNvZENodHljRjlvT2pCRVZUbFJTalJ0ZURCSVUySnRVRzFmZUdSb05WRRAB
Гаджи Залимханов,5.0,We had a great time. Every day there were different activities by the pool. The friendly and sociable animators constantly engaged us in the activities. I'd especially like to mention Mahabat and Emirkhan. They were fantastic!,2 weeks ago,2026-07-21,,"Dear guest,

Thank you for your wonderful review and high rating.

We are delighted that you had a wonderful stay and enjoyed our daily pool activities. We are especially pleased to hear that our entertainment team was able to provide you with such a positive experience. We will be happy to pass on your kind words to our staff.

We look forward to welcoming you back to Megasaray Hotels!

Sincerely,

Irina Özkökdemir
Customer Relations Management
Megasaray Hotels",2 reviews,Ci9DQUlRQUNvZENodHljRjlvT2paU1dUWkZhbGRaY1RobWFrNTFVemRyWjFONU5GRRAB
Elesger hacıyev,5.0,"I've been coming to the hotel for 3 years and they treat me very well. I would like to express my endless gratitude to the staff for their excellent service. I especially liked the animation team; they treat the children very well. I particularly loved Makhabat; he dances with the children and takes special care of them. Emunel also gives off very positive energy to people. Therefore, I extend my endless thanks to the Megasaray team and staff. This is the hotel I enjoyed the most and found the most peace and tranquility in 3 years. Regards and love.",2 weeks ago,2026-07-21,,"Dear Guest,

Thank you for your comments and feedback. We are very happy that you have chosen our hotel for the third time and that you shared your kind thoughts about our animation team, our children's activities, and the hospitality of our staff.

We would be delighted to welcome you and your family again.

Sincerely,
Ayla Akbarova
Customer Relations Management
Megasaray Hotels",1 review,Ci9DQUlRQUNvZENodHljRjlvT20weFRHVlRNR0pXWWt0UVFUQjVjbDlaUTE5Mk9WRRAB
Sefa Yılmaz,5.0,,2 weeks ago,2026-07-21,,"Dear Guest,

Thank you for your feedback.

We are very pleased that you enjoyed your stay. We would be delighted to welcome you back to Megasaray Hotels.

Sincerely,

Irina Özkökdemir
Customer Relations Management
Megasaray Hotels",1 review,Ci9DQUlRQUNvZENodHljRjlvT2pWSVZVSm1YMHRSWjFkeVZWbGFRVEJFVW5oeU1WRRAB
mashas488,5.0,"I love this hotel! This is our second time here, and we're even more thrilled this year. The service is wonderful, and the staff are friendly and easy to talk to, so you can find out everything you need. There are no questions about a hotel …",2 weeks ago,2026-07-21,,,,ChdDSUhNMG9nS0VNT3FyOTdEbi1ELWtnRRAB
Masha Semka,5.0,"I love this hotel! This is our second time staying here, and this year we're even more thrilled. The service is wonderful, the staff are friendly and easy to talk to and find out everything you need. There are no issues with a hotel of this caliber; they always exceed your expectations.

The beach is a 40-second walk from the hotel, and the bar offers high-quality alcohol and delicious cocktails. The restaurant and lobby bar have very convenient opening hours, so you'll always find something to eat and drink.

There's a Starbucks on site! The desserts are like the best coffee shops, to be honest. And most importantly, they offer several types of lactose-free and alternative milk.

The rooms are very spacious and clean, cleaned daily, and the minibar is refilled daily, so there's no problem.

There's a movie theater; during our stay in 2026, we watched the World Cup. The atmosphere was fantastic.

The restaurant is a whole other story, with a very varied menu! Convenient opening hours, excellent food quality. A wide selection of groceries and dishes, desserts, vegetables, and fruits.

Themed events, shows, and live music every evening.

I'd also like to highlight the hotel's location. I really enjoy strolling through this beautiful neighborhood in the evening and looking at the mountains.

Overall, the hotel is incredibly cool. We'll be back again and again. It leaves a lasting impression.",2 weeks ago,2026-07-21,,"Dear Guest,

Thank you for your detailed review and high rating. We are delighted that you chose our hotel again and were pleased with the service, the attentiveness of our team, the comfort of the rooms, the variety of food options, the beach area, the entertainment, and all the amenities we offer our guests. We are delighted that your stay left such a positive impression.

We look forward to welcoming you back to our hotel!

Sincerely,
Ayla Akbarova
Customer Relations Management
Megasaray Hotels",2 reviews · 8 photos,Ci9DQUlRQUNvZENodHljRjlvT21JNGFVOXVXRUpGUVRCNWVXeDZUSGxhUms5WmJtYxAB
Зухра Салимгареева,5.0,"Great hotel, delicious and varied food, you definitely won't go hungry. There are shows every evening. The rooms are clean, the beach is right next door, and there's a beautiful promenade for strolling. The staff is very polite. We had a great vacation 👍",2 weeks ago,2026-07-21,,"Dear Guest,

Thank you for your wonderful review and high rating. We are delighted that you enjoyed the varied food, evening entertainment, clean rooms, proximity to the beach, and the friendly service of our team.

We look forward to welcoming you back to our hotel!

Sincerely,
Ayla Akbarova
Customer Relations Management
Megasaray Hotels",Local Guide · 50 reviews · 20 photos,Ci9DQUlRQUNvZENodHljRjlvT2xFdFJqZHZWVEF3VkZKWGNUVlNNRzh6WXkxQlpsRRAB
Yavuz Ünal,5.0,,2 weeks ago,2026-07-21,,"Dear Guest,

Thank you for giving our hotel a perfect score. Your satisfaction is extremely important to us. We would be delighted to welcome you back to our hotel.

Sincerely,

Merve Gülseven
Customer Relations Management
Megasaray Hotels",10 reviews · 2 photos,Ci9DQUlRQUNvZENodHljRjlvT2pkTVVuTlFaRW8xTUd0WVZEaFJkSEp3UTE5Vk5sRRAB
Mücahit Enes EKER,5.0,,2 weeks ago,2026-07-21,,"Dear Guest,

Thank you for giving our hotel a perfect score. Your satisfaction is extremely important to us. We would be delighted to welcome you back to our hotel.

Sincerely,

Merve Gülseven
Customer Relations Management
Megasaray Hotels",3 reviews · 2 photos,Ci9DQUlRQUNvZENodHljRjlvT2psMVl6SkZVMFpUY2todFJYWkpjRXh2TURKNVVYYxAB
Mehmet Furkan Arabacı,5.0,We were incredibly pleased with our four-night stay. The hotel's best feature was its entertainment. The evening shows and live music were very enjoyable. The number of morning activities and sports options was excellent and all were very fun. The animators' language skills and approach to guests were very professional; we were very pleased with all of them. I would recommend it to anyone wanting to visit Antalya.,2 weeks ago,2026-07-21,,"Dear Guest,

Thank you for your valuable comments and feedback. We are pleased that you enjoyed our entertainment programs, evening shows, live music events, sports activities, and the professional approach of our team.

We would be delighted to welcome you and your family again.

Sincerely,
Ayla Akbarova
Customer Relations Management
Megasaray Hotels",1 review,Ci9DQUlRQUNvZENodHljRjlvT2taMWQwVkxVVUZOTmpKa2FFaFJjVEpzYm10TmRIYxAB
Emin Arzık,5.0,"We were very pleased with the hotel's entertainment services. The activities organized throughout the day were both enjoyable and quite varied; programs were designed for guests of all ages. In particular, the animation team made our holiday even better with their energy, smiles, and friendly approach. Their close attention to guests, their encouragement of participation in activities, and their constant creation of a positive atmosphere were truly commendable. We wholeheartedly recommend this hotel to anyone looking for a fun and unforgettable holiday.",2 weeks ago,2026-07-21,,"Dear Guest,

Thank you for your valuable comments and feedback. We are pleased that you were satisfied with our entertainment services, our all-day activities, and the energetic approach of our team.

We would be delighted to welcome you and your family again.

Sincerely,
Ayla Akbarova
Customer Relations Management
Megasaray Hotels",3 reviews,Ci9DQUlRQUNvZENodHljRjlvT21JMGFFZElkalEyVlZJMVduTjNWbkZHZVRWTU5rRRAB
vanya tahir,5.0,"Best hotels ever that i visted, great staff, good room, service, food , allllllllll things, i recommend for you guys to booking for your vacation.",2 weeks ago,2026-07-21,,"Dear Guest,

Thank you for your valuable review and feedback. We are delighted to hear that you enjoyed our rooms, service, food quality, and the overall experience provided by our team.

We would be happy to welcome you again at Megasaray Hotels.

Best regards,
Ayla Akbarova
Customer Relations Management
Megasaray Hotels",2 reviews · 1 photo,Ci9DQUlRQUNvZENodHljRjlvT2xJeWJEZFpUM1ZYZVhCV2VHVnRMV0YzTWxaUlZFRRAB
Suat Selçuk,5.0,"Dear Megasaray Westbeach Antalya family,
Please do not misunderstand my previous comment.

My complaint was about the stress I experienced when my family and I couldn't find a place to stay at your hotel, where we always enjoy our stays, due to the high occupancy of the season. However, you continue to do great things by implementing your Plan B. I'm so glad you exist. I extend my endless thanks to our General Manager, Mr. Sertan Selametoğlu, and his team. Looking forward to seeing you again.
07.2026
I was incredibly pleased with my recent stay at the Megasaray Westbeach hotel. There's a great atmosphere with animation activities, games, and sports activities. The evening shows and live music are superb. The animators' approach to guests is very professional. I especially thank Emirhan and the entire animation team.",Edited 2 weeks ago,2026-07-21,,"Dear Mr. Suat,
Thank you for sharing your kind feedback. We are pleased that you understood the situation you experienced at our hotel and appreciated our Plan B. We would be happy to welcome you and your family again.

Sincerely,
Ayla Akbarova
Customer Relations Management
Megasaray Hotels",5 reviews · 10 photos,Ci9DQUlRQUNvZENodHljRjlvT2s1MGVXbEpTVXh1U25aS1VqYzVWM2xoTVZoTFRYYxAB
773helenf,5.0,"Absolutely gorgeous hotel with great customer service. Staff are amazingly helpful and always smiling. Rooms could do with a revamp but okay to be fair. Carpets could do with a good clean but it’s only your feet that’s on it. Toiletries, …",2 weeks ago,2026-07-21,,,,ChZDSUhNMG9nS0VOaUlsWURXdF9MSUN3EAE
Voyager515666,5.0,"The animation team was fantastic in every way; we loved the evening dance shows, step aerobics, darts, and morning gym. We had a great time with the live music in the evening. The animation team was very friendly, their communication and approach to guests were very warm and welcoming. The daily music schedule was wonderful.",2 weeks ago,2026-07-21,,,,ChZDSUhNMG9nS0VNZjZtcy04dWRDaldnEAE
Elif Turkozu,5.0,,2 weeks ago,2026-07-21,,"Dear Guest,

Thank you for giving our hotel a perfect score. Your satisfaction is extremely important to us. We would be delighted to welcome you back to our hotel.

Sincerely,

Merve Gülseven
Customer Relations Management
Megasaray Hotels",Local Guide · 14 reviews · 6 photos,Ci9DQUlRQUNvZENodHljRjlvT2tsU2FsRkxiMTlWUlZwQ1NFWjBaMmgzUmkxNU1VRRAB
Шарон Стоун,5.0,"Excellent hotel, excellent service! The beach is across the road, which is very convenient. The sea is clear, with a pebble beach. The food is varied and delicious. The rooms are clean and have everything you need. The minibar is restocked daily. Bartenders in the lobby bar, on the beach, and by the pool will make cold cocktails and pour high-quality alcohol. The sea view from the room is simply stunning! I want to especially mention the entertainment girl, Mahabbat. She's such a sweetheart, she helped us have a great time every evening. There are sports activities from morning until night, and in the evenings there are dance shows, karaoke, and live music. I recommend this hotel to everyone.",2 weeks ago,2026-07-21,,"Dear guest,

Thank you for your wonderful review and high rating.

We are delighted that you were satisfied with the service, hotel location, room cleanliness, variety of cuisine, quality of drinks, and magnificent sea views. We are especially pleased to learn that the entertainment program, sports activities, and evening shows made your stay even more vibrant and memorable.

Thank you for your recommendation. We look forward to welcoming you back to Megasaray Hotels!

Sincerely,

Irina Özkökdemir
Customer Relations Management
Megasaray Hotels",1 review,Ci9DQUlRQUNvZENodHljRjlvT2pFMlkwZGlUMjV5U2s1eVYyODBia0YyVFdSek1GRRAB
Гульдарья Рауанова,5.0,"I loved everything. It's very beautiful and cozy. It's a nice hotel, everything is clean, and the food is delicious and varied. The location is in the best area of ​​Konyaalti. The staff is very friendly and helped with all our questions. The rooms are cozy and spacious. Cleaning is daily. The minibar in the rooms is refilled daily and free of charge. I really enjoyed the entertainment and evening show – well done guys. I recommend this hotel to everyone. You'll have a wonderful vacation.",2 weeks ago,2026-07-21,,"Dear guest,

Thank you for your wonderful review and high rating.

We are delighted that you enjoyed our hotel's atmosphere, cleanliness, varied cuisine, convenient location, comfortable rooms, daily cleaning and minibar refills, as well as the entertainment program and evening shows. It's especially gratifying to know that our team was able to promptly assist you and make your stay as comfortable as possible.

Thank you for your recommendation. We look forward to welcoming you back to Megasaray Hotels!

Sincerely,

Irina Özkökdemir
Customer Relations Management
Megasaray Hotels",1 review,Ci9DQUlRQUNvZENodHljRjlvT25wSE0wZHFZM1JCU1ZKeWRuSkNZM0JVUmpSWVptYxAB
Арсений Юрин,5.0,"Everything is absolutely perfect. Close to the sea, basketball courts, very friendly and cheerful service. Everything is awesome.",2 weeks ago,2026-07-21,,"Dear Guest,

Thank you for your wonderful review and high rating.

We are delighted that you were pleased with our hotel's location, facilities, and friendly service. Your kind words are the best reward for our entire team.

We look forward to welcoming you back to Megasaray Hotels!

Sincerely,

Irina Özkökdemir
Customer Relations Management
Megasaray Hotels",1 review · 2 photos,Ci9DQUlRQUNvZENodHljRjlvT2pBeFVtMXhVVlpFTnkwdFYweGlZUzF4WTFGVE1IYxAB
Злата Юрина,5.0,"A wonderful hotel with a very beautiful design and interior. The rooms are always clean and the cleaning is always done well. Everything is very close, including the beach. The food is delicious and varied. The entertainers are also very kind and helpful, as is the entire staff.",2 weeks ago,2026-07-21,,"Dear guest,

Thank you for your wonderful review and high rating.

We are delighted that you enjoyed our hotel's design and atmosphere, the cleanliness of our rooms, the variety of dishes, our convenient location near the beach, and the friendliness of our entertainment team and all staff.

We look forward to welcoming you back to Megasaray Hotels and offering you another unforgettable vacation.

Sincerely,

Irina Özkökdemir
Customer Relations Management
Megasaray Hotels",1 review,Ci9DQUlRQUNvZENodHljRjlvT21GWlFYbGFjRE5LTVRaR1dHOUthMUJaV2xkek0wRRAB
Михаил Пушкарев,5.0,"The entertainment was fantastic! I'd especially like to mention the wonderful entertainers Makawat, Enimuil, Elina, and Naz! Great entertainment: water polo, aqua aerobics, live music, and karaoke in the evenings! The food was delicious and there was a wide selection! The bar had all the world's cocktails! Everyone was so welcoming and kind! It was so close to the sea, you literally had to cross the road! There was also a bar on the beach! We really enjoyed the hammam and sauna! A well-deserved 5 stars.",2 weeks ago,2026-07-21,,"Dear Guest,

Thank you for your wonderful review and high rating.

We are truly delighted that you enjoyed our entertainment program, the variety of activities, our cuisine, our wide selection of drinks, and our welcoming atmosphere. We are especially pleased to learn that you highly appreciated our hammam, sauna, and convenient location near the beach.

Your kind words will be a great encouragement to our entire team. We look forward to welcoming you back to Megasaray Hotels!

Sincerely,

Irina Özkökdemir
Customer Relations Management
Megasaray Hotels",1 review · 1 photo,Ci9DQUlRQUNvZENodHljRjlvT2paM2NteHZZVzVrWm1OeGRXVkZkUzFYVDNGS1FXYxAB
Aria Milk,5.0,"Recently stayed here with my sister and had a wonderful experience. The rooms are clean and very comfortable with top tier room service and house keeping. There is a wide range of food available throughout the whole day with a nice balance of traditional Turkish food and the western cuisine that we are used to. Also there are many options available for vegans, vegetarians and meat eaters. The hotel has a variety of activities that go on throughout the day with clear and coherent schedules. Every night at 9:30 they have a different shows, dance performances, live music and dancing, karaoke e.c.t. So even if you don’t have any plans for your night they have it sorted for you. What really made our stay so fantastic was the amazing entertainment staff. The manager Emmanuel was very welcoming and made our trip extra special. Shout out to Emirhan for a very fun darts game and other entertainment, Ilayda and Mert for amazing, speedy service. I would definitely stay here again and would 100% recommend you stay here if you visit the beautiful Antalya.",2 weeks ago,2026-07-21,,"Dear Guest,

Thank you for your valuable review and feedback. We are delighted to hear that you enjoyed the comfort of your room, the variety of our dining options, the daily activities, evening entertainment, and the overall service provided throughout your stay.

We would be happy to welcome you again at Megasaray Hotels.

Best regards,
Ayla Akbarova
Customer Relations Management
Megasaray Hotels",2 reviews,Ci9DQUlRQUNvZENodHljRjlvT25abGFEZFZaa3RSVHpWYVIwWTVVWHBOYkhFelpYYxAB
Gianne LK,5.0,"I recently stayed at Megasaray Westbeach with my sister and we had a brilliant, relaxing holiday. The hotel is in a fantastic location right on Konyaaltı Beach, and our room was consistently clean, comfortable, and very well-maintained throughout our stay.

We were really pleased with the food as well, there is a great selection and plenty of variety at every meal, so we always found something fresh and delicious to enjoy.

However, the real standout of this resort is definitely the staff. Everyone we encountered was incredibly attentive and went out of their way to ensure we were well looked after. Ilayda and Mert were amazing and attentive. The entertainment team in particular did a fantastic job of keeping the atmosphere lively and fun without ever being pushy. They have a great way of approaching you around the pool to invite you to join in the daily activities, making you feel completely welcome and included. A big shout out to Emmanuel, who was so welcoming and made sure we had a great time, and Emirhan for the brilliant darts games and conversation.

The evening entertainment was also excellent, featuring high-quality professional dance shows and brilliant live music that made the nights feel really special. It was a lovely, stress-free escape and I would highly recommend it to anyone looking to visit Antalya.",2 weeks ago,2026-07-21,,"Dear Guest,

Thank you for your valuable review and feedback. We are delighted to hear that you enjoyed our beachfront location, the comfort and cleanliness of your room, the variety of our cuisine, and the vibrant atmosphere created by our daily activities and evening entertainment.

We would be happy to welcome you again at Megasaray Hotels.

Best regards,
Ayla Akbarova
Customer Relations Management
Megasaray Hotels",2 reviews,Ci9DQUlRQUNvZENodHljRjlvT2pacVYzQkxiVUZhU0dwU1YzVmxUV1l4VkVwZk4yYxAB
Franky,4.0,"It's a lovely hotel, no complaints there. With many Russian guests, we were practically the only French people.

The hotel has all the necessary amenities: air conditioning, a small gym, an indoor pool, a hammam, a sauna, two outdoor pools, and the sea is right across the street—it's ideal.

The rooms are standard, the bathroom is average with a shower-bathtub combination that's not very practical or clean.

The food is good, and the hotel's location is good, just 20 minutes from Antalya by taxi (approximately 450 lt).
I'd give it an 8/10.",2 weeks ago,2026-07-21,,"Dear Guest,

Thank you for your valuable review and feedback. We are pleased to hear that you appreciated our hotel's location, facilities, pools, beach access, and the quality of our cuisine. Your comments regarding the room and bathroom areas will be taken into consideration for further improvements.

We would be happy to welcome you again at Megasaray Hotels.

Best regards,
Ayla Akbarova
Customer Relations Management
Megasaray Hotels",4 reviews,Ci9DQUlRQUNvZENodHljRjlvT2tSWVRtTjFkMmgxUkhneVYzWkdTa0ZwTW1GM1gxRRAB
Irem Guler,5.0,"The animation team was fantastic in every way; we loved the evening dance shows, step aerobics, darts, and morning gym. We had a great time with the live music in the evening. The animation team was very friendly, their communication and approach to guests were very warm and welcoming. The daily music schedule was wonderful.",2 weeks ago,2026-07-21,,"Dear Guest,

Thank you for your valuable comments and feedback. We are delighted that you enjoyed our animation team, our daytime activities, our evening shows, and the energetic atmosphere of our hotel.

We would be happy to welcome you and your family again.

Sincerely,
Ayla Akbarova
Customer Relations Management
Megasaray Hotels",7 reviews,Ci9DQUlRQUNvZENodHljRjlvT2kxNVFrMWhWSGx3TTE4eldGazRTSFpKZW10WmFrRRAB
Tourist20815011623,5.0,"A five-star hotel, honestly, the experience was absolutely wonderful and deserves the high rating. The food and drinks were well-prepared, tasteful, varied, and clean, meaning the whole family was comfortable and didn't feel like they were …",2 weeks ago,2026-07-21,,,,ChdDSUhNMG9nS0VJaU96UGpWOXFtdF9nRRAB
annakN6099EG,5.0,"Ohhhhh lovely i'm on turkey with my beautiful boy friends i enjoyed do much with my love on konyialti on Antalya there's do beautiful vieww i live the sea views on the morning, actually i want to Sai that on this hotel the food is really …",2 weeks ago,2026-07-21,,,,ChdDSUhNMG9nS0VPUHo3dkM4cjhENnd3RRAB
ali hassoun,5.0,"We stayed at the hotel for a week with my family and had a great time throughout our stay. The staff were fantastic, and a special thank you to Ali at Guest Relations who was always incredibly helpful. He took the time to help us with everything, big and small, and always followed up afterwards to make sure everything was fine.

The food was very good with a wide variety, and the entertainment team, especially Emanuel, arranged fun activities that made the stay even better. The cleaning was also of a high standard - the rooms were always clean and fresh.

We are very happy with our stay and can highly recommend the hotel. We will be back!",2 weeks ago,2026-07-21,,"Dear Guest,

Thank you for your valuable review and feedback. We are delighted to hear that you enjoyed your stay, appreciated the service quality, cleanliness, food variety, and entertainment activities offered at our hotel.

We would be happy to welcome you again at Megasaray Hotels.

Best regards,
Ayla Akbarova
Customer Relations Management
Megasaray Hotels",1 review · 1 photo,Ci9DQUlRQUNvZENodHljRjlvT2w5QlZXOVNkVlJrT0c1NGNIRXdTM3BGZEVsWmQwRRAB
Lily's Salads & Bowls,5.0,"It was a wonderful stay. The food was delicious, the hotel is family-friendly, and the location is excellent and close to shopping. Thank you to Ali from Guest Relations for his kindness and cooperation. God willing, we will return again.",2 weeks ago,2026-07-21,,"Dear Guest,

Thank you for your valuable review and feedback. We are delighted to hear that you enjoyed the delicious cuisine, family-friendly atmosphere, convenient location, and the service quality provided during your stay.

We would be happy to welcome you again at Megasaray Hotels.

Best regards,
Ayla Akbarova
Customer Relations Management
Megasaray Hotels",1 review · 3 photos,Ci9DQUlRQUNvZENodHljRjlvT210UVIwcHdiVE5FWVdWVVRrVkNaRWRZUlVab2NHYxAB
zaenab hamza,5.0,"We spent six nights at this hotel; there were 17 of us, adults and children, and we were all very satisfied.

We thank the entertainment team, the guest relations team, and the reception staff for their excellent service and constant assistance. Honestly, they made our trip a 10/10.

We definitely recommend this hotel.",2 weeks ago,2026-07-21,,"Dear Guest,

Thank you for your valuable review and feedback. We are delighted to hear that you and your family group enjoyed your stay, appreciated the service quality, and had a wonderful holiday experience.

We would be happy to welcome you again at Megasaray Hotels.

Best regards,
Ayla Akbarova
Customer Relations Management
Megasaray Hotels",7 reviews · 2 photos,Ci9DQUlRQUNvZENodHljRjlvT2tKTlRHd3pZbXBSYzJWcVluYzFWVEZvYUU5dE1rRRAB
Гульнара Байдамшина,5.0,We arrived from Kazan. They helped us with early check-in and greeted us with a smile and warmth. It was a pleasure staying at this hotel. There was no language barrier; the staff spoke both Russian and English. The rooms were very clean. The food was delicious and varied. The entertainment team was cheerful and active. The minibar was restocked daily. We really enjoyed our stay and highly recommend the MEGASARAY hotel!,2 weeks ago,2026-07-21,,"Dear Guest,

Thank you for your valuable review and feedback. We are glad you were satisfied with the comfort of your stay, the cleanliness of the rooms, the variety of dishes, as well as the atmosphere and service of our hotel.

We look forward to welcoming you back to our hotel!

Sincerely,
Ayla Akbarova
Customer Relations Management
Megasaray Hotels",1 review,Ci9DQUlRQUNvZENodHljRjlvT25oalpUSlVaV3BmY1ZoVlNWVnNiakZXY1hoMk1FRRAB
G S,5.0,"Honestly, this is one of the best hotels we've stayed in. Everything was neat and clean, and the service was outstanding. The food was varied and delicious, with new dishes added every day. The hotel is very suitable for families, and the atmosphere is calm and relaxing. A big thank you to Ali from the guest relations department; he was very helpful and didn't hesitate to assist with any of our requests. We will definitely return.",2 weeks ago,2026-07-21,,"Dear Guest,

Thank you for your valuable review and feedback. We are delighted to hear that you enjoyed the cleanliness, service quality, diverse cuisine, and family-friendly atmosphere of our hotel.

We would be happy to welcome you again at Megasaray Hotels.

Best regards,
Ayla Akbarova
Customer Relations Management
Megasaray Hotels",3 reviews · 2 photos,Ci9DQUlRQUNvZENodHljRjlvT2tRdGVqQm1aMkpZWnpWNGQxWkNlVFV0TVhaV1VVRRAB
hayley davenport,5.0,Great activities during day activity staff are all lovely and take alot of time to talk to you and make you feel very welcome... bar staff and restaurant staff also very good and friendly...no negative comments from a very happy customer.. definitely would come back again...😁,2 weeks ago,2026-07-21,,"Dear Guest,

Thank you for your valuable review and feedback. We are delighted to hear that you enjoyed our daily activities and appreciated the attention and service provided by our teams.

We would be happy to welcome you again at Megasaray Hotels.

Best regards,
Ayla Akbarova
Customer Relations Management
Megasaray Hotels",3 reviews · 1 photo,Ci9DQUlRQUNvZENodHljRjlvT25oQk1tOTVUakEyYkhGdVVtd3dlRmRUWkRGZmNFRRAB
Nikita,5.0,"My friends and I were looking for a great place to spend time, with a gym, delicious food, and excellent service. We chose this hotel, and we absolutely loved it!
5* Service
5* Rooms
Close to the airport, old town, and port, with the sea just a minute's walk away.
The service exceeded all expectations; we definitely recommend it!",2 weeks ago,2026-07-21,,"Dear Guest,

Thank you for your valuable review and feedback. We are delighted that you were satisfied with the level of service, the comfort of our rooms, the variety of food options, the gym, and the convenient location of our hotel. We are especially pleased to know that your stay exceeded all expectations and that you recommend our hotel to other guests.

We look forward to welcoming you back to Megasaray Hotels.

Sincerely,
Ayla Akbarova
Customer Relations Management
Megasaray Hotels",1 review,Ci9DQUlRQUNvZENodHljRjlvT2xoTk5YaEtNRXBJYW1aU1VGQnpkMkp0TlRoWFFsRRAB
Дневник Костоса,5.0,"An excellent hotel with excellent staff! The hotel's infrastructure is well-designed, offering all the amenities you need at every location!",2 weeks ago,2026-07-21,,"Dear Guest,

Thank you for your valuable review and feedback. We are delighted that you were satisfied with our hotel's infrastructure, service level, and the work of our team. Your kind words are a great encouragement to us.

We look forward to welcoming you back to Megasaray Hotels.

Sincerely,
Ayla Akbarova
Customer Relations Management
Megasaray Hotels",2 reviews,Ci9DQUlRQUNvZENodHljRjlvT25OVk1rNVFkRGhNV1VOVWNqVlZWak5MU25GSFNrRRAB
Anna Kołton,5.0,"Ohhhhh lovely i'm on turkey with my beautiful boy friends i enjoyed do much with my love on konyialti on Antalya there's do beautiful vieww i live the sea views on the morning, actually i want to Sai that on this hotel the food is really good, snecks and hamburgers, the grill chicken wonderfull, the entertaiment shows and sport was good amazing, sport activities aqua aerobics, daily activities  was good, and minidisco u Luke to ser how the kids they enjoyed thank u for megasaray and their people are do happy i wody u the best",2 weeks ago,2026-07-21,,"Dear Guest,

Thank you for your valuable review and feedback. We are delighted to hear that you enjoyed our food options, snacks, hamburgers, grilled dishes, entertainment shows, sports activities, aqua aerobics, and mini disco experiences. Your kind words about our team and the enjoyable atmosphere we provide for our guests are greatly appreciated.

We would be happy to welcome you and your family again at Megasaray Hotels.

Best regards,
Ayla Akbarova
Customer Relations Management
Megasaray Hotels",2 reviews,Ci9DQUlRQUNvZENodHljRjlvT2pWMmRGWmxla1pKUW5Sck5GVXRTVU5vUW1aS2VVRRAB
Руслан Ганиев,5.0,"Ok Megasaray Westbeach the water at the sea is very clean and I meet enmanuel Tarzan from entertainment team thank u for make our holidays wonderful and happy, shows, live music, hospitality from entertainment team good, karaoke had been funny l, mini disco and kids club amazing, thank you guys, restaurant was very good and food corner good , Tahreh a Ilaida and Semsen thank u from the bar services in the lobby and pool they was so attentive, thank guest relations for you services and reception personal was friendly this hotel have so good location and is perfect for me security thank u so much for care about us….",2 weeks ago,2026-07-21,,"Dear Guest,

Thank you very much for taking the time to share your wonderful feedback.

We are delighted to learn that you enjoyed your stay at Megasaray Westbeach Antalya and appreciated the cleanliness of the sea, our central location, the quality of our restaurants and food corners, as well as the entertainment program, live music, karaoke and activities for both adults and children. It is also very rewarding to know that the attentive service provided by our bar team, Guest Relations, Reception and Security teams contributed to making your holiday comfortable and memorable.

Your kind words are a great source of motivation for our entire team. We sincerely appreciate your recommendation and look forward to welcoming you back to Megasaray Hotels for another enjoyable stay.

Kind regards,

Irina Özkökdemir
Customer Relations Management
Megasaray Hotels",1 review,Ci9DQUlRQUNvZENodHljRjlvT2s5U1JFTjNha2RKTFVNMGREWllPVWxmYW00NVNtYxAB
onuryQ7402JG,5.0,"The animation team had amazing energy, we loved the sports activities: step aerobics, darts, aqua gym, and morning gym were superb. The evening dance shows and live music were fantastic. We really appreciated the sports animators' language skills and their warm approach to the guests.",3 weeks ago,2026-07-14,,,,ChdDSUhNMG9nS0VQdWN6NWl0MjdTZ3B3RRAB
Elmas Çetin,5.0,Everything was wonderful. It's one of the great hotels you can come to with your family. There was unlimited food and drink service. Room cleaning was flawless. We were very satisfied. We recommend it.,3 weeks ago,2026-07-14,,"Dear Guest,

Thank you for your kind comment and recommendation.

We are very happy that you enjoyed your holiday with your family and that you were satisfied with our food and beverage services, room cleaning, and overall service quality. Your satisfaction is always our greatest source of motivation.

We would be delighted to welcome you back to Megasaray Hotels.

Sincerely,

Irina Özkökdemir
Customer Relations Management
Megasaray Hotels",2 reviews,Ci9DQUlRQUNvZENodHljRjlvT2xwdE1UTXdaVWhuVVZaak1sWlpjV1p4Tm5WU2JIYxAB
Rhea Sinno,5.0,Very nice hotel . The entertainment team made the nights so much more fun and alive . The entertainment team really look like they enjoy their job and include everyone. Very kid friendly . I would recommend!!!,3 weeks ago,2026-07-14,,"Dear Guest,

Thank you very much for your wonderful review and recommendation.

We are delighted to hear that you had such an enjoyable stay with us. It is especially rewarding to know that our entertainment team made your evenings so much fun and created a lively atmosphere while making every guest feel included. We are also pleased that you found our hotel to be family-friendly.

We look forward to welcoming you back to Megasaray Hotels for another unforgettable holiday.

Kind regards,

Irina Özkökdemir
Customer Relations Management
Megasaray Hotels",4 reviews,Ci9DQUlRQUNvZENodHljRjlvT205Vk9XMURVRTVJU1daNVNIbDFURlp6VFhkSmVsRRAB
Khayrul Ambia,5.0,"The hotel was fantastic in every way. Its central location was superb. The animation team was very friendly, and the activities were wonderful. Step aerobics, darts, and morning gym were very enjoyable. We loved the evening dance shows and live music.",3 weeks ago,2026-07-14,,"Dear Guest,

Thank you for your kind review.

We are delighted that you enjoyed our central location, the energy of our animation team, and the activities organized throughout the day. We are very happy that our step aerobics, darts, morning gym activities, evening dance shows, and live music performances added color to your holiday.

We look forward to welcoming you back to Megasaray Hotels.

Sincerely,

Irina Özkökdemir
Customer Relations Management
Megasaray Hotels",6 reviews,Ci9DQUlRQUNvZENodHljRjlvT21oTVduazRPVkJPYldKU1RVRnhVWEpsZDBWZmRXYxAB
Reina Sinno,5.0,"The people here are great, very peaceful hotel and the entertainment is amazing great music and show selection",3 weeks ago,2026-07-14,,"Dear Guest,

Thank you very much for your wonderful review.

We are delighted to hear that you enjoyed the peaceful atmosphere of our hotel, the friendliness of our team, and our entertainment program. It is especially rewarding to know that the music and evening shows made your stay even more enjoyable.

We truly appreciate your kind words and look forward to welcoming you back to Megasaray Hotels for another memorable holiday.

Kind regards,

Irina Özkökdemir
Customer Relations Management
Megasaray Hotels",10 reviews · 1 photo,Ci9DQUlRQUNvZENodHljRjlvT21wT1ozTXdZV3RaYzNOQ1ZVdzRZVXBzTWt3eVdVRRAB
Onur Yalcin,5.0,"The animation team had amazing energy, we loved the sports activities: step aerobics, darts, aqua gym, and morning gym were superb. The evening dance shows and live music were fantastic. We really appreciated the sports animators' language skills and their warm approach to the guests.",3 weeks ago,2026-07-14,,"Dear Guest,

Thank you for your kind review.

We are delighted that you enjoyed the energy of our animation team, our sports activities, evening shows, and live music performances. Your appreciation of our team's warm approach and professional service is a great source of motivation for us.

We look forward to welcoming you back to Megasaray Hotels.

Sincerely,

Irina Özkökdemir
Customer Relations Management
Megasaray Hotels",1 review,Ci9DQUlRQUNvZENodHljRjlvT2xwZlVEVnZRV3BmV2pBeE4wdDBhVUZrUzFBeVZuYxAB
Эмма Семенова,5.0,"Our stay at Megasaray WestBeach Antalya in July 2026 exceeded all expectations! The beautifully maintained grounds and clear, warm sea created the perfect atmosphere for relaxation. Special thanks to the entertainment team for the exciting daytime activities and unforgettable evening shows. Bartender Ali is a true professional and the life of the party; his cocktails and signature smile lifted our spirits every day. The hotel staff is incredibly welcoming, and the location right on the Konyaaltı promenade allows you to enjoy the sea views at any time. We will definitely be back!",3 weeks ago,2026-07-14,,"Dear guest,

Thank you so much for your wonderful review.

We are delighted to learn that your stay exceeded all expectations. We are delighted that you appreciated the well-maintained grounds, the warm sea, the convenient location of the hotel, and the high level of service. We are especially pleased that our entertainment team provided you with such a memorable experience, and the bar staff made your stay even more enjoyable.

Your kind words are a great inspiration to our entire team. We look forward to welcoming you again at Megasaray Hotels!

Sincerely,

Irina Özkökdemir
Customer Relations Management
Megasaray Hotels",5 reviews · 26 photos,Ci9DQUlRQUNvZENodHljRjlvT2xSb2J6SXhOa2xPUTNsb2FWODRhR2c1U1dwblpYYxAB
Esenss,5.0,"A perfect July vacation! A hotel I'd recommend to everyone!

We stayed at the Megasaray WestBeach Antalya from July 5th to 13th, and it was one of our best vacations! The hotel left an exceptionally positive impression.

Hotel and Service
The hotel itself is simply wonderful – cozy, clean, and perfectly located right by the sea. We were greeted by incredibly polite and helpful staff, ready to help with any situation. We were especially pleased that the rooms were thoughtfully designed for comfort, with comfortable orthopedic mattresses and pillows.

Beach and Sea
The beach is the hotel's crowning glory. It's literally just a few steps away, across the road. The sea in July was simply magical – warm, gentle, and perfectly clean. We enjoyed every day spent on the shore, and comfortable sun loungers were always available on the beach.

Restaurants and Food
The food at the hotel is beyond praise! It's a true culinary feast. The main restaurant offers dishes from around the world: from Mexican and Italian cuisine to Turkish delicacies and secrets of the Far East. Every day, there was a huge variety of meat, fish, and seafood. In addition to the main restaurant, there were numerous additional food, coffee, and dessert stations, as well as snack bars on the beach and a food court, so it was impossible to leave hungry.

Drinks
When it comes to drinks, everything was perfect. The lobby bar has a wide selection of imported spirits, and the bartenders are true professionals, making excellent cocktails. You could always refresh yourself with a delicious drink by the pool or on the beach.

Animation
The hotel's entertainment deserves a special mention. The entertainment staff are fantastic, energizing you and keeping you in a good mood all day long. The program is very busy: morning and water gymnastics, darts, aqua jumping, and fun games in the pool. In the evening, there are great live performances and professional shows that keep you entertained.

We're already missing this paradise and will definitely be back! I definitely recommend it to anyone looking for the perfect Antalya vacation!",3 weeks ago,2026-07-14,,"Dear guest,

Thank you so much for your warm, detailed, and inspiring review.

We are truly delighted to learn that your stay left such a wonderful impression. We are especially pleased that you highly praised the hotel's location, the comfort of the rooms, the cleanliness, the food, the variety of restaurants and drinks, and the atmosphere created by our team. We are also delighted that the entertainment program made your vacation even more vibrant and gave you so many positive emotions.

Your kind words are the best reward for our entire team and a great motivation to continue creating unforgettable experiences for our guests.

We look forward to welcoming you again at Megasaray Hotels!

Sincerely,

Irina Özkökdemir
Customer Relations Management
Megasaray Hotels",2 reviews · 7 photos,Ci9DQUlRQUNvZENodHljRjlvT2pOc1JIUlJSMHMwU2xCNlpuQkxibFJOZWpsNVRIYxAB
Sameh Baklouti,5.0,"A truly excellent hotel! Everything was perfect from beginning to end. The staff is very welcoming, friendly, and always available. The restaurant offers delicious and varied dishes of excellent quality. There are plenty of fun and engaging activities suitable for all ages, making the stay even more enjoyable. The room was spacious, very clean, comfortable, and well-equipped. The entire hotel is beautiful and impeccably maintained. We had an extraordinary stay and leave with wonderful memories. A huge thank you to the whole team for their professionalism and kindness. We will definitely be back! 😍🌟",3 weeks ago,2026-07-14,,"Dear Guest,

Thank you very much for your wonderful and detailed review.

We are delighted to know that every aspect of your stay met your expectations. It is a pleasure to hear that you enjoyed our welcoming team, the variety and quality of our cuisine, the entertainment program, as well as the comfort and cleanliness of your room. Your kind words about our hotel and our dedicated staff mean a great deal to us.

Thank you for choosing Megasaray Hotels. We look forward to welcoming you back for another unforgettable holiday.

Kind regards,

Irina Özkökdemir
Customer Relations Management
Megasaray Hotels",Local Guide · 1 review · 2 photos,Ci9DQUlRQUNvZENodHljRjlvT2s1WUxXRkRjRWRxVlZReFdXWkVhVkJPZW14UWRuYxAB
Õzlem Alp,5.0,"We really liked the hotel, everything was great, the food was excellent, and I'd also like to thank the animation team; their energy was fantastic, with sports activities from morning till evening – morning gymnastics, water gymnastics, darts. The evening shows were amazing, dance performances, karaoke, live music, the team speaks every language, and they are friendly, welcoming, and hospitable. I congratulate them. Their customer-focused approach is wonderful.",3 weeks ago,2026-07-14,,"Dear Guest,

Thank you for your valuable feedback and high rating. We are very pleased that you were satisfied with our hotel, our cuisine, and the activities we offer.

We would be delighted to welcome you and your family again.

Sincerely,
Ayla Akbarova
Customer Relations Management
Megasaray Hotels",2 reviews,Ci9DQUlRQUNvZENodHljRjlvT2tObWVFRnROM1JvUW1FeVpubFJUemh1VUU4MVdsRRAB
Ali Yayla,5.0,"I would like to express my sincere thanks to Ms. Anahita, who helped me with the reservation process. She was very helpful and answered all my questions honestly.",3 weeks ago,2026-07-14,,"Dear Guest,

Thank you for your kind review.

We were delighted that our team assisted you throughout the booking process and sincerely answered all your questions to ensure your satisfaction. Your kind feedback is a great source of motivation for our team.

We look forward to welcoming you to Megasaray Hotels soon.

Sincerely,

Irina Özkökdemir
Customer Relations Management
Megasaray Hotels",Local Guide · 16 reviews · 8 photos,Ci9DQUlRQUNvZENodHljRjlvT2t0NVJ6ZFlaMHhvWDFsTU9VSnNlbnA0YkdaUGVFRRAB
Aysel Selcan,3.0,,3 weeks ago,2026-07-14,,"Dear Guest,

Thank you for your valuable comments and feedback. Your decision to choose our hotel again is very important to us. Your comments regarding our beach area and service experience will be forwarded to the relevant teams, and necessary assessments will be made to ensure our guests have a comfortable holiday.

We would be delighted to welcome you and your family again.

Sincerely,
Ayla Akbarova
Customer Relations Management
Megasaray Hotels",Local Guide · 12 reviews · 18 photos,Ci9DQUlRQUNvZENodHljRjlvT2twRmQwVTFTbEpKZW5Wd1VUUmZPV0pwTTJ0NGFWRRAB
Noe Sager,4.0,"Great vacation!

The show team puts in a lot of effort during their performances, and they also approach guests about daytime activities. Their English is decent, and they also speak Russian well.

The food is really good, and there's a wide selection during the day. At night, you can get drinks at the bar 24/7.

However, the hotel is more of a family hotel, unless you're a teenager looking for a more relaxed, party-oriented experience.",3 weeks ago,2026-07-14,,"Dear Guest,

Thank you for your review and valuable feedback. We are delighted that you enjoyed our shows, daily activities, the variety of our food, and our service. We greatly appreciate your feedback regarding our family-friendly atmosphere.

We would be pleased to welcome you and your family back to Megasaray Hotels.

Sincerely,

Ayla Akbarova
Customer Relations Management
Megasaray Hotels",1 review,Ci9DQUlRQUNvZENodHljRjlvT2xFemFFWmhhMFI1UWpkTWJUZEhUblpIUjBwQ2JtYxAB
Дамир Арифуллин,5.0,"The hotel was in a great location, with a promenade you can stroll along. The food is delicious and varied everywhere, the bar is excellent, and the staff is polite and friendly. I'd especially like to mention the animation team – they give it their all, 10 out of 10. From morning until night, there are various sports activities, both on and off the water. I participated in the flexi bar, which was great for core strength training. And in the evenings, there's a varied show program, live music, and karaoke. Respect and good luck to the guys!",3 weeks ago,2026-07-14,,"Dear Guest,

Thank you for your high rating and pleasant review. We are glad you enjoyed the hotel's location, food variety, service quality, and entertainment programs. We are especially pleased that you praised our animation team and the wide range of daytime and evening activities.

We look forward to welcoming you back to Megasaray Hotels.

Sincerely,
Ayla Akbarova
Customer Relations Management
Megasaray Hotels",2 reviews · 1 photo,Ci9DQUlRQUNvZENodHljRjlvT2tOTGIzWnFaVGMwT0V4TE16ZEZkMmRvZDFwemJHYxAB
Agnieszka,5.0,"It’s not our first time here and we really like this hotel, good place , great views , especially liked entertainment team they are energetic and have many sports activities whole a day like morning gym, water gym , step aerobics, and after in the evening different programs like dance shows, live musics , karaoke , thanks for everybody in this team , they are doing well!!!",3 weeks ago,2026-07-14,,"Dear Guest,

Thank you for your kind review and for choosing our hotel once again. We are delighted to know that you enjoyed our location, beautiful views, and the variety of activities and entertainment programs offered by our team. Your appreciation of our entertainment team is greatly valued and encourages us to continue creating memorable experiences for our guests.

We would be delighted to welcome you and your family back to Megasaray Hotels.

Best regards,

Ayla Akbarova
Customer Relations Management
Megasaray Hotels",1 review,Ci9DQUlRQUNvZENodHljRjlvT2tWaE0yNDBjR05VVjA1UVRWZHpTM0owU0hkdlVHYxAB
Evgenii Solovev,5.0,"We stayed at the Megasaray West Beach Hotel and absolutely loved it! Special thanks to our entertainer, Emmanuel—he's a true professional and the life of the party!

From morning until evening, Emmanuel filled everyone with positivity: he led aqua aerobics, organized fun games, and sports competitions—with him, even a simple workout turned into a celebration. It's clear he genuinely loves his job and strives to engage all guests—both children and adults—in activities.

We especially enjoyed the evening programs hosted by Emmanuel: the shows were vibrant, dynamic, and very atmospheric. He easily connected with the guests, cracked jokes, and encouraged everyone who dared to take the stage—thanks to him, everyone felt like part of one big group.

Emmanuel is very attentive and responsive: he's always asking how everyone's feeling, telling you what's coming up next, and helping you navigate the schedule. He also speaks fluent Russian, which is very convenient and creates an extra level of comfort. Thanks to Emmanuel, our vacation was incredibly vibrant and memorable. If we return to this hotel, we'll be specifically looking for his activities! I definitely recommend checking out his programs—they make your vacation truly fun! 😊",3 weeks ago,2026-07-14,,"Dear Guest,

Thank you for your high rating and such a detailed review. We are glad that your stay was a memorable one, and you were pleased with the entertainment programs and atmosphere created by our team.

We look forward to welcoming you back to Megasaray Hotels.

Sincerely,
Ayla Akbarova
Customer Relations Management
Megasaray Hotels",1 review,Ci9DQUlRQUNvZENodHljRjlvT2tkcmJHSkJXVk5uWDI1QlEzTmxWVlZFUVVwbVVsRRAB
wijdan abdaljawad,3.0,"The food wasn't tasty and the service in the kitchen wasn't pleasant.

There was also discrimination in how Arabs and foreigners were treated. Everything else was good.",3 weeks ago,2026-07-14,,"Dear Guest,
We have read your feedback carefully and are pleased that the other aspects of your stay met your expectations.
While culinary preferences may vary, friendly and professional service remains an essential part of our standards. Your comments regarding the food and the service provided by our Food & Beverage team have been shared with the relevant management for review.
Regarding your impression of unequal treatment, we would like to clearly emphasize that Megasaray Hotels welcomes and serves all guests according to the same standards, regardless of nationality or language. Any form of discrimination is entirely contrary to our principles and service culture.
We hope to welcome you again and provide an experience that better reflects the service standards of Megasaray Hotels.
Kind regards,
Merve Gülseven
Customer Relations Management
Megasaray Hotels",1 review,Ci9DQUlRQUNvZENodHljRjlvT2s1aVgwRjNRWGxmZDB0Q01Ga3lUMVowZEVObVRrRRAB
Sabrina Zaheby,5.0,,3 weeks ago,2026-07-14,,"Dear Guest,

Thank you for your valuable feedback.

We are delighted to hear that you enjoyed your stay with us. Your kind words are greatly appreciated and motivate us to continue providing the highest level of service.

We look forward to welcoming you back to Megasaray Hotels.

Kind Regards,

Irina Özkökdemir
Customer Relations Management
Megasaray Hotels",,Ci9DQUlRQUNvZENodHljRjlvT25ORGJVUm1VM2xHV0dZeWRHOVZVMlkyVms5dVVIYxAB
Malebtmn,3.0,,3 weeks ago,2026-07-14,,"Dear Guest,

After reviewing our records, we were unable to find any reservation associated with the username Malebtmn.

To clarify the matter and assist you more effectively, we kindly ask you to contact us directly at crm@megasarayhotels.com so that we can review your case in detail.

We will be pleased to assist you.

Kind regards,

Irina Özkökdemir
Customer Relations Management
Megasaray Hotels",3 reviews · 1 photo,Ci9DQUlRQUNvZENodHljRjlvT25kalpVSjRhMEpNVEdSRWFYQkZSVVZIWm1wRlYyYxAB
yaşar turgut,4.0,,3 weeks ago,2026-07-14,,"Dear Guest,

Thank you for your feedback.

We are very pleased that you enjoyed your stay. We would be delighted to welcome you back to Megasaray Hotels.

Sincerely,

Irina Özkökdemir
Customer Relations Management
Megasaray Hotels",Local Guide · 423 reviews · 731 photos,Ci9DQUlRQUNvZENodHljRjlvT2xkeVNrRkZhMjQyUWtseU0yNWhVV1pLU0hZeVNFRRAB
Alexander Chernykh,5.0,"The hotel was perfectly located and never boring. There was always something fun to do: animation, aerobics, yoga, etc.
Breakfast was the same, but lunch and dinner were different. By the end of the vacation, the food was getting boring.
The room was a bit tired, but they cleaned it every day and refilled the minibar every day.
The staff was friendly and spoke both Russian and English.
Overall, we were satisfied with our vacation at this hotel; we loved everything.",3 weeks ago,2026-07-14,,"Dear Guest,

Thank you for sharing your impressions.

We are pleased to hear that you enjoyed your stay and appreciated our hotel's convenient location, the variety of entertainment programs, daily room service, and the friendliness of our team. We are also pleased that overall your vacation was a positive experience.

Thank you for your comments. We value every opinion from our guests, as it is through your feedback that we continue to improve the quality of our services.

We look forward to welcoming you back to Megasaray Hotels!

Sincerely,

Irina Özkökdemir
Customer Relations Management
Megasaray Hotels",2 reviews · 4 photos,Ci9DQUlRQUNvZENodHljRjlvT2xVMlREbDRWWEpoUzNremNGaEpWelpGT0ZSNFUyYxAB
Loyiso Ranuga,5.0,"Ohhh amazing holidays in antalya so nice city I like it and thank u God  the urination of this hotel near the city  is amazing, little everything  arenas me that let me have more time for mid self, I want to say thanks to the entertainment  team they are making good holidays for me with darts games and their hospitality make me feel with good energy, live music, shows, and activities with so good energy  and I can understand  English so clearly,  actually  in Part game the guy talk Russian,  English  and turkey that so good we play from different  countries and understand  all, the minidisco with so good energy and fun give to the adults good energy too no only to the children 😀,  actually I want to tell that the food in the restaurant is amazing too thanks to the chef and I'm  happy that I can eat all day in this hotel their snacks are so test l, security  are so friendly  they are nice I saw how they fixed  a problem  with good talking and caring about everything  in the hotel thank u megasaray west beach thank u  Zeinep and Tarik from bar they are friendly and with good attention...",3 weeks ago,2026-07-14,,"Dear Guest,

Thank you very much for your wonderful and detailed review.

We are delighted to hear that you had such an enjoyable holiday with us and that you appreciated our location, culinary offerings, entertainment program, and the warm hospitality of our team. It is especially rewarding to know that our multilingual entertainment activities, live music, shows, and daily games added so much fun and positive energy to your stay.

Your kind words about our chefs, security team, and colleagues will be shared with them with great pleasure. They will be very happy to know they helped make your holiday even more memorable.

We look forward to welcoming you back to Megasaray Hotels for another unforgettable vacation.

Kind regards,

Irina Özkökdemir
Customer Relations Management
Megasaray Hotels",4 reviews · 5 photos,Ci9DQUlRQUNvZENodHljRjlvT2tJM05YWXhRMW94TlhSRU1qQnVNbUpmWVVzelZGRRAB
Ali Yalçınkaya,5.0,I'm writing this review based on my phone conversation with Mr. Barış. I'd like to thank him very much; he's truly a very helpful and attentive person.,3 weeks ago,2026-07-14,,"Dear Guest,

Thank you for your valuable comment and kind feedback. We are pleased that you were satisfied with the attention and support provided during the communication process.

We would be delighted to welcome you and your family again.

Sincerely,
Ayla Akbarova
Customer Relations Management
Megasaray Hotels",13 reviews,Ci9DQUlRQUNvZENodHljRjlvT2pCNlN6QlFTVmxITVhoRGNFdFRjRWhvTUU5S1UyYxAB
Madina Batpenova,5.0,"A fantastic hotel with a relaxing atmosphere, delicious food, and great entertainment! I'd especially like to mention the animation team; they're always smiling and speak multiple languages ​​at a high level. There are various sports activities from morning until evening, and in the evenings, there's live music, dance shows, and karaoke. It was a blast, and I really appreciate them. I loved everything!",3 weeks ago,2026-07-14,,"Dear Guest,

Thank you for your high rating and warm review. We are glad you enjoyed our hotel's atmosphere, food, and entertainment program. We are especially pleased to know that our entertainment team provided you with a memorable experience and made your stay even more enjoyable.

We look forward to seeing you again at Megasaray Hotels.

Sincerely,
Ayla Akbarova
Customer Relations Management
Megasaray Hotels",3 reviews,Ci9DQUlRQUNvZENodHljRjlvT2tOMFVtRlFWRjlWYm05RGJYSXpWMTlwV0hkRFVGRRAB
Мирослава Мигович,5.0,"Rest in this hotel left an extremely pleasant impression! There is really everything for a comfortable and interesting pastime for both adults and children👶🏽
I would especially like to note the wonderful animation - the team of animators creates a good mood from morning to evening. During the day, various entertainments, aqua aerobics, sports activities and competitions are held, and in the evenings you can enjoy live music and atmospheric shows🪩🕺💃🏻
For families with children, excellent conditions are also created: there is a children's zone where the little ones can have fun and spend time safely🥳
A special thank you to the hotel staff. The employees are very friendly, attentive, always ready to help and make the rest as comfortable as possible. It is nice that many people speak Russian well, so communication does not cause difficulties🙃
The only small wish for the future - it would be great if there were more employees among the staff who understand or speak Ukrainian well. There are more and more Ukrainian tourists, so such attention to guests would make the service even more comfortable and pleasant😉

In general, the hotel left only positive emotions. There is a wonderful atmosphere, a high level of service and many opportunities for a good rest. We would be happy to come back here again!",3 weeks ago,2026-07-14,,"Dear Guest,
Thank you very much for your wonderful review and the highest rating.
We are extremely pleased to know that you had a wonderful vacation and were satisfied with our animation program, conditions for families with children and the friendliness of our team. It is a great honor for us that it was thanks to the atmosphere and service that your vacation became so pleasant.
We also thank you for your wish to expand the possibilities of service in Ukrainian. We appreciate your opinion and will definitely take it into account in our future plans to improve our service for guests.
We will be sincerely glad to welcome you again to Megasaray Hotels and give you even more unforgettable impressions.
Best wishes,
Irina Özkökdemir
Customer Relations Management
Megasaray Hotels",3 reviews,Ci9DQUlRQUNvZENodHljRjlvT25SelZVaGxlWGRsYmpOaFFqbHNPV05MVjNCNFUzYxAB
Денис,5.0,"We flew to Turkey for our first vacation in several years, and we chose the right hotel. The food was plentiful and VERY delicious! The staff was wonderful! They understand your needs and help you with any issues. There are plenty of activities inside the hotel (aqua aerobics, yoga, various fitness classes). The sea is just a two-minute walk away. The evening programs are interesting and vibrant! We didn't have children, but parents with them will also have a wonderful and relaxing stay.",3 weeks ago,2026-07-14,,"Dear Guest,

Thank you for your high rating and warm review. We are glad you enjoyed our delicious and varied meals, attentive service, activities, evening programs, and proximity to the sea.

We look forward to welcoming you back to Megasaray Hotels.

Sincerely,
Ayla Akbarova
Customer Relations Management
Megasaray Hotels",1 review,Ci9DQUlRQUNvZENodHljRjlvT2xwc05rWmFaMVZpWTBZMldWRnNTSE5UVlhKSU0zYxAB
Sporto Man,5.0,"A superb Italian a la carte restaurant. Yerkan, the staff member, is the most courteous, friendly, and helpful restaurant employee. Everything was delicious, and the presentation was beautiful. Thank you, Megasaray!!!!",3 weeks ago,2026-07-14,,"Dear Guest,

Thank you for your high rating and warm review. We are glad you were satisfied with the à la carte restaurant, the quality of the food, and the level of service. Your kind words are valuable feedback to us.

We look forward to welcoming you back to Megasaray Hotels.

Sincerely,
Ayla Akbarova
Customer Relations Management
Megasaray Hotels",3 reviews,Ci9DQUlRQUNvZENodHljRjlvT2pSU1dtVkdZemRRVXpkUVowaHJabFZJZUhSVmVrRRAB
Елизавета Струкова,5.0,"July 2026.

The room is comfortable and has everything you need (air conditioning, minibar). It's always clean, and the room is cleaned daily. The hotel offers a variety of activities, from sports games and fitness to discos and live music. A market, shopping pavilions, and parks are within walking distance. The food is always delicious, with a wide variety to suit every taste.",3 weeks ago,2026-07-14,,"Dear Guest,

Thank you for your high rating and warm review. We are glad you were satisfied with the comfort of your room, cleanliness, variety of food options, and opportunities for active recreation and entertainment at our hotel.

We look forward to welcoming you back to Megasaray Hotels.

Sincerely,
Ayla Akbarova
Customer Relations Management
Megasaray Hotels",1 review,Ci9DQUlRQUNvZENodHljRjlvT2xCcFZWaHlUamx1VFdGTWRpMXNiamRmWkdobmEzYxAB
Елена Хвостенко,5.0,"We stayed in July 2026. Gorgeous green grounds, excellent food selection (meat, fish, desserts), and friendly staff. Beachfront location. The room is cleaned daily, and the minibar is replenished free of charge every day. Staying at Megasarai is a pleasure. We'll definitely be back. The hotel has Starbucks.",3 weeks ago,2026-07-14,,"Dear Guest,

Thank you for your high rating and warm review. We are glad you enjoyed our hotel's greenery, the variety of dishes, the cleanliness and comfort of the room, and the quality of services provided.

We look forward to welcoming you back to Megasaray Hotels.

Sincerely,
Ayla Akbarova
Customer Relations Management
Megasaray Hotels",1 review,Ci9DQUlRQUNvZENodHljRjlvT2t0YU5EZDFjV3RZWkhZMFRXTkZOR2hPVGpCR2FYYxAB
Nese,5.0,"It was a wonderful hotel. I loved the food. The rooms were cleaned daily. I never had any problems with sun loungers or towels. The pool was clean. The staff were very friendly. I would like to especially thank Mr. Kenan at the A la Carte restaurant, Mr. Ali İlgen and Ms. Victoria at the reception for their attention. They were very helpful in every way. I will definitely come again. I recommend it. The only negative point is that the sea gets dirty in the afternoon.",3 weeks ago,2026-07-14,,"Dear Guest,

Thank you for your valuable comment and kind feedback. We are pleased that you were satisfied with our hotel, our gastronomic experience, our cleanliness standards, and the services we offer. Your valuable feedback regarding our sea will be shared with our relevant departments.

We would be delighted to welcome you and your family again.

Sincerely,
Ayla Akbarova
Customer Relations Management
Megasaray Hotels",2 reviews · 3 photos,Ci9DQUlRQUNvZENodHljRjlvT2t4bVpWOVJZV3M0YVhkS1VUVlhaSHAyVDJSTmRuYxAB
Александр Пушкин,5.0,"Excellent hotel, great entertainment, Amirhan the best entertainer. If you want to play darts, even if you don't know how, go for it, the staff is 100%. The food is delicious, no complaints whatsoever. Love Antalia.",3 weeks ago,2026-07-14,,"Dear Guest,

Thank you for your review. We are glad you enjoyed the entertainment program, delicious cuisine, and atmosphere of our hotel. We are especially pleased to learn that participating in the darts game made your stay even more vibrant and memorable.

We look forward to welcoming you back to our hotel!

Sincerely,
Ayla Akbarova
Customer Relations Management
Megasaray Hotels",1 review,Ci9DQUlRQUNvZENodHljRjlvT2xoQk9EbEROVGR6VlRWdmFHWkRiSFJYVWpkNWNGRRAB
Татьяна Антонова,5.0,"Excellent hotel, excellent animation, superb live music. I really enjoyed playing darts. Thanks to Emirkhan and Megasaray for a wonderful vacation!",3 weeks ago,2026-07-14,,"Dear Guest,

Thank you for your review. We are glad you enjoyed the entertainment program, live music, and atmosphere of our hotel. It's wonderful to know that your stay left such a positive impression.

We look forward to welcoming you back to our hotel!

Sincerely,
Ayla Akbarova
Customer Relations Management
Megasaray Hotels",1 review,Ci9DQUlRQUNvZENodHljRjlvT2sxR00zcEpOa0Y0WlZnelZFaHFVMjh0Y21FM1lsRRAB
Selin Kocabaş,4.0,"This was our second visit to the hotel, and we chose it for its location and food, but this year we weren't as satisfied as last year in terms of food variety, hygiene, and staff attentiveness. There's been a decline in quality and service. However, we met Ms. Railka in the restaurant on our last day, our last evening. She's a wonderful, friendly, and kind lady who does her job very well. We thank her very much.",3 weeks ago,2026-07-14,,"Dear Guest,

Thank you for your kind review and high rating.

We are delighted that you have chosen our hotel again. We are sorry to learn that we were unable to fully meet your expectations regarding some of our services during your stay. Your valuable feedback will be shared with our relevant departments as part of our continuous efforts to improve the quality of our services.

Thank you also for your kind comments about our team. Your feedback will be shared with our colleagues with pleasure.

We look forward to welcoming you back to Megasaray Hotels.

Sincerely,

Irina Özkökdemir
Customer Relations Management
Megasaray Hotels",9 reviews,Ci9DQUlRQUNvZENodHljRjlvT2pscWRXUXhhRXRQU2psdE9HdzVkelE0V20wNFVXYxAB
Nikola Kurek,5.0,"I highly recommend it! The service was exceptionally friendly and the food was delicious. It was a wonderful time and I'll cherish the memories for a lifetime. The activities were truly encouraging, the team was fantastic, and the people were truly wonderful. Thank you to all the staff who made this vacation everything I dreamed of. I would definitely recommend it to everyone with all my heart!",3 weeks ago,2026-07-14,,"Dear Guest,

Thank you for your wonderful review and excellent rating.

We are delighted to hear that you enjoyed our friendly service, delicious food, and entertaining animation program. Knowing that your holiday created unforgettable memories and exceeded your expectations is the greatest reward for our team. Your kind recommendation means a lot to us and motivates us to continue delivering exceptional experiences.

We look forward to welcoming you back to Megasaray Hotels for another memorable stay.

Kind regards,

Irina Özkökdemir
Customer Relations Management
Megasaray Hotels",1 review,Ci9DQUlRQUNvZENodHljRjlvT25Kak5qaHBhVjlKVldzd2VtMHdjME5qT0hwR2EyYxAB
Ekin Bağaç,5.0,"The hotel is in an absolutely fantastic location, the on-site activities are excellent, and I especially want to thank the animation team. Their approach to guests is wonderful, the evening shows are great, the food is delicious, and the snacks include burgers, baked potatoes, and dessert. The hotel is always lively, with active sports activities, and I definitely recommend it. Wishing everyone a great holiday! 🙏👍👍",3 weeks ago,2026-07-14,,"Dear Guest,

Thank you for your kind review and high rating.

We are very pleased that you were satisfied with our location, animation team, activities, and gastronomic experience. We will gladly share your kind words about our animation team with our colleagues.

Thank you for your valuable recommendation, and we would be delighted to welcome you back to Megasaray Hotels.

Sincerely,

Irina Özkökdemir
Customer Relations Management
Megasaray Hotels",Local Guide · 11 reviews · 6 photos,Ci9DQUlRQUNvZENodHljRjlvT2xrdFQydzRabnBaWXpkVGRIcFRTbE01VWt4SWJWRRAB
Elena Nass,5.0,"Thank you very much for a wonderful holiday, the only thing that upset us was that we had never holidayed here before. Everything was top notch, thanks to everyone who made our holiday unforgettable ❤️❤️❤️❤️❤️",3 weeks ago,2026-07-14,,"Dear Guest,

Thank you for your high rating and such kind words!

We are truly delighted that your stay left such a wonderful impression. We are especially pleased to learn that your only regret was not having experienced our hotel sooner. This is the greatest reward for our team and motivation to continue creating unforgettable experiences for our guests.

We look forward to welcoming you back to Megasaray Hotels!

Sincerely,

Irina Özkökdemir
Customer Relations Management
Megasaray Hotels",6 reviews,Ci9DQUlRQUNvZENodHljRjlvT21ZemJ6UXpaa2hFV0ZaVk9YTXlOek5UU2sweWNFRRAB
Fatih Koc,5.0,"The hotel is easily accessible to all areas, the service is excellent, the quality of ingredients in the food is very good (except for the desserts), it's the right choice for a relaxing holiday, and the animation team and activities are fun.",3 weeks ago,2026-07-14,,"Dear Guest,

Thank you for your kind review and high rating.

We are very pleased that you were satisfied with the service we provided during your stay, the accessibility of our facilities, and the quality of our food. We have also noted your feedback regarding our desserts and will share it with our relevant team.

We look forward to welcoming you back to Megasaray Hotels.

Sincerely,

Irina Özkökdemir
Customer Relations Management
Megasaray Hotels",Local Guide · 113 reviews,Ci9DQUlRQUNvZENodHljRjlvT2xJME5GTjZkVTVMTjNoWk1sQnBaRVpqVDNSbVJXYxAB
_L9128JS,5.0,"Excellent hotel. Great food, plenty of food stations, coffee, and desserts. Excellent staff, entertainers, bartenders, and everyone else! They took all my requests into account and fulfilled them. The hotel is bright and stylish. I'd be happy to come back. Special thanks to Fidan, Taryk, Ismail, German, and Mahabat ❤️",3 weeks ago,2026-07-14,,,,ChdDSUhNMG9nS0VJeUNvOGZrbDg2RDhnRRAB
Y7305HZsonyab,5.0,"An amazing hotel with super friendly staff members, delicious food and great rooms! Would definitely recommend for a family vacation",3 weeks ago,2026-07-14,,,,ChdDSUhNMG9nS0VNT2JpZHVhbEx1SDBRRRAB
Şükrü Pullukçu,5.0,"We had a wonderful family vacation at Megasaray Westbeach Antalya. From the moment we arrived at the hotel in our car, the valet team greeted us, and everything was very professional. Our room was ready, so we checked in immediately.

The food exceeded our expectations. There were meat, chicken, and fish options available daily. They even had specialties like quail, which you wouldn't easily find at every hotel. We were also very satisfied with the drinks. The premium brands offered made us feel the quality.

One of the aspects we liked most about the hotel was the staff. All the staff were extremely friendly, attentive, and constantly asked, ""Do you need anything?"" showing genuine care and attention to our guests. We truly felt valued.

We had no problems with the pool or beach either. We could easily find sunbeds no matter what time of day we went. Also, since the hotel is almost right on the beach, access to the beach was extremely easy.

The only negative point I can mention was a female employee at the Starbucks inside the hotel. He didn't respond much to the polite expressions we're used to in daily life, such as ""have a good day,"" ""good morning,"" and ""thank you."" Perhaps he was feeling down that week or going through a busy period; I see this as a kind of bad luck charm. Apart from that, all the hotel staff we encountered were genuinely friendly and helpful.

As a small suggestion, one or two water slides could be added to a section of the pool. Such an addition would make the pool more fun for children and adults, especially during the daytime.

Overall, we had a holiday that exceeded our expectations in terms of cleanliness, service quality, food, and staff. It's a hotel I can wholeheartedly recommend. We left very satisfied and would consider choosing it again.",3 weeks ago,2026-07-14,,"Dear Guest,

Thank you for choosing Megasaray WestBeach Antalya and for providing such detailed feedback after your stay.

We are extremely pleased that you were satisfied with our valet service, our gastronomic experience, our premium beverage options, and the hospitable approach of our team during your stay. Knowing that you felt valued at our facility is the greatest source of motivation for our entire team.

We would also like to thank you for your experience at Starbucks and your suggestion regarding the addition of a water slide to our pool. Your feedback will be evaluated by our relevant departments as part of our efforts to improve the quality of our services.

Thank you again for your kind advice and valuable comments, and we would be delighted to welcome you back to Megasaray Hotels.

Sincerely,

Irina Özkökdemir
Customer Relations Management
Megasaray Hotels",Local Guide · 13 reviews · 13 photos,Ci9DQUlRQUNvZENodHljRjlvT2tWRVJtMVlVVmxmVjI1b1ZuWTBlbXBJTFZaMWMwRRAB
Jamila Bichieva,5.0,"Good afternoon! I'd like to leave a review of the Megasarai Hotel. It's a wonderful, delightful place, the staff is incredibly friendly and welcoming, and everyone is ready to help with any request. There's an atmosphere of comfort and universal support, no matter where you are—in the restaurant, on the beach, or during entertainment. The cuisine is very rich, catering to every taste—the dishes are delicious, especially the grilled dishes. The huge selection of desserts is another plus! The hotel interior looks expensive, but unique—the charming pink color scheme creates a festive feel. We were also very pleased with the evening events—many exciting acrobatic shows, wonderful discos with very warm entertainers. A special plus is the short walk to the sea—it makes part of the holiday much easier. Overall, we'll definitely be back! Wishing the hotel prosperity 🌹🌹",3 weeks ago,2026-07-14,,"Dear Guest,

Thank you very much for your wonderful review and high rating!

We are delighted to learn that you appreciated our team's hospitality, cozy atmosphere, varied cuisine, hotel design, and vibrant evening program. We are especially pleased that your stay left such a lasting impression, and that the proximity to the sea made your vacation even more enjoyable.

Thank you for your kind wishes. We look forward to welcoming you back to Megasaray Hotels!

Sincerely,

Irina Özkökdemir
Customer Relations Management
Megasaray Hotels",1 review,Ci9DQUlRQUNvZENodHljRjlvT200dFZIWTRia2RpVTE5SFoxUjVVVU5ZWlU5alRWRRAB
Sonya B,5.0,"An amazing hotel with friendly staff, entertainment team, delicious food and great rooms. would definitely recommend for a family vacation. special thanks to the entertainment team for making every evening special. the members of the entertainment team are extremely friendly and fun.",3 weeks ago,2026-07-14,,"Dear Guest,

Thank you for your wonderful review and recommendation.

We are delighted to hear that you enjoyed our friendly team, delicious food, comfortable rooms, and the entertainment program. It is especially rewarding to know that our entertainment team made your evenings so memorable. Your kind words will be shared with our team with great pleasure.

We look forward to welcoming you again to Megasaray Hotels for another enjoyable family holiday.

Kind Regards,

Irina Özkökdemir
Customer Relations Management
Megasaray Hotels",1 review,Ci9DQUlRQUNvZENodHljRjlvT25rdGIzUTNUVFo1YVhad1NVbG1ZVmhmUjBsc2NrRRAB
Ирина Батлук,5.0,"A wonderful hotel with a breathtaking view of the sea and mountains from the room. Everything is within walking distance, and the hotel has everything you need for a great vacation. The evening entertainment is engaging, and you can dance and have fun. My 5-year-old had a blast at the mini-disco and kids' club.
The sea water is usually clear and calm in the morning, but a little later, small debris and seaweed appear.",3 weeks ago,2026-07-14,,"Dear Guest,

Thank you for your wonderful review and high rating!

We are truly delighted that you enjoyed the magnificent view from your room, the ambiance of our hotel, the evening programs, and the children's entertainment. We are especially pleased to know that your child enjoyed the mini club and mini disco, and that your stay left such a warm impression.

We look forward to welcoming you back to Megasaray Hotels!

Sincerely,

Irina Özkökdemir
Customer Relations Management
Megasaray Hotels",1 review · 2 photos,Ci9DQUlRQUNvZENodHljRjlvT2tFMVFtbHJXamhzY1RGcmMxUldWV3BzUzI1aVJuYxAB
innabL4838TU,5.0,"We stayed at Megasaray as a couple and absolutely loved it! Let's start with the room – we booked a sea view, and it was the best decision. Waking up to the endless expanse of water outside the window was pure bliss. Special thanks for the …",4 weeks ago,2026-07-07,,,,ChdDSUhNMG9nS0VQR0ZnSS1hb3YzXzBRRRAB
O8008IM_,5.0,"A super hotel. Ultra all-inclusive, the food and drinks are plentiful and delicious, you can't eat enough. Two pools, the sea is just across the street, you can't get any closer. The rooms are clean, and the bed linens and towels are …",4 weeks ago,2026-07-07,,,,ChdDSUhNMG9nS0VKdTB1N0RrNnY2LXZRRRAB
S7278RN_,5.0,"The food is good and delicious. The sea is close, the rooms are clean and cleaned daily. There's Starbucks coffee, and it's delicious. The staff is friendly, smiling, and helpful. The location is in the best area of ​​Konyaalti.",4 weeks ago,2026-07-07,,,,ChdDSUhNMG9nS0VKaVJpWnVZM2RYdHZRRRAB
Deniz,2.0,,4 weeks ago,2026-07-07,,"Dear Guest,
We were unable to access your accommodation information during our checks. To clarify the matter and better assist you, please contact us directly at crm@megasarayhotels.com for a more detailed assessment.
We would be happy to assist you.
Sincerely,
Ayla Akbarova
Customer Relations Management
Megasaray Hotels",Local Guide · 30 reviews,Ci9DQUlRQUNvZENodHljRjlvT2tOS09YVnpWWEpaTjFsU1JtbHJia05JTkdGdlRGRRAB
stepan zhadan,5.0,"I stayed at a wonderful hotel with my family. The food in the restaurant was varied and delicious, the staff was polite and helpful. I especially want to mention the animation team – they are energetic, their language skills are top-notch, and they are fun people. There are sports activities from morning until evening, and in the evenings there are various programs such as dance shows, karaoke, and live music. Simply great!!!",4 weeks ago,2026-07-07,,"Dear Guest,

Thank you for your review. We are delighted that you enjoyed your family vacation and highly appreciated the food, the service of our staff, and the entertainment and sports programs offered by our animation team.

We look forward to welcoming you and your family again.

Sincerely,
Ayla Akbarova
Customer Relations Management
Megasaray Hotels",1 review,Ci9DQUlRQUNvZENodHljRjlvT21WMVJFUTVUa0Y2YjBKdFMwWnZlbWhHTmw5M09YYxAB
Ириша,5.0,"Hotel is very nice, i enjoyed my holiday here, all staff are nice and friendly, especially zemzem our smiley face waiter, always there to assist us and improve our mood constantly. Thank you very much",4 weeks ago,2026-07-07,,"Dear Guest,

Thank you for your review. We are very pleased to hear that you enjoyed your holiday and that you were satisfied with the friendliness and helpfulness of our team and the service provided during your stay.

We would be pleased to welcome you and your family again at our hotel.

Best regards,
Ayla Akbarova
Customer Relations Management
Megasaray Hotels",2 reviews,Ci9DQUlRQUNvZENodHljRjlvT2tWMFVVaFZSVFF6ZVVjMVZtc3lRalV5UVdKSWExRRAB
Cansu Yılmz,5.0,I was incredibly pleased with my week-long vacation. The morning activities and evening shows were very enjoyable. The entertainment team's approach to guests was very professional. A special thank you to Emirhan from the animation team.,4 weeks ago,2026-07-07,,"Dear Guest,

Thank you for your review. We are delighted that you enjoyed your stay at our hotel and that you shared valuable feedback, especially regarding our morning activities, evening shows, and entertainment team.

We would be happy to welcome you and your family again.

Sincerely,
Ayla Akbarova
Customer Relations Management
Megasaray Hotels",2 reviews,Ci9DQUlRQUNvZENodHljRjlvT21OeWIwZ3hlVWM1Um5aNGVqaExkRGxFWlV0b1JrRRAB
Çağrı Çetin,5.0,The food is fantastic. The daytime activities and evening entertainment are great fun. The staff are very attentive. Thank you for everything.,4 weeks ago,2026-07-07,,"Dear Guest,

Thank you for your review. We are delighted that you enjoyed your stay at our hotel and that you shared valuable feedback, especially regarding our food, activities, animation programs, and staff.

We would be happy to welcome you and your family again.

Sincerely,
Ayla Akbarova
Customer Relations Management
Megasaray Hotels",2 reviews,Ci9DQUlRQUNvZENodHljRjlvT25kdVoyMVhWMjUyWlVwWldsSjVMVzFSWVZVemQwRRAB
Елизавета Иванова,5.0,"Good afternoon! Today is the penultimate day of our holiday at the wonderful Megasaray Westbeach Antalya hotel (we arrived on June 27, 2026), and I'd like to share my impressions. A special thank you to the entire hotel staff, and each and every one of them, for their exceptional service and professionalism. They are always friendly, attentive, courteous, and happy to help with any questions or situations. The food here caters to every taste, and the variety is truly mind-boggling. You'll want to try everything, especially the themed menu, which features seafood, Mexican cuisine, or pasta days. The grill is always full of fish and meat, and the desserts are especially worth a try (lunch and dinner). The bars (lobby bar, bar in the restaurant area, pool bar, and beach bar) offer a wide variety of drinks and cocktails, and the staff is always friendly. The waiters will take your order and bring your drink. A special thank you to the hotel management for this year's beach bar being located right in front of the hotel. Just cross the road and you'll be greeted by a promenade and a private, well-equipped, clean beach where drinks, ice cream, and fruit are served. The sea itself is pristine, and pleasant music plays at the bar. The rooms are spacious and clean; we booked a room with a city view for peace and quiet. Cleaning is done daily, and the bar is always restocked. There's a full schedule of activities throughout the day: from morning exercises and water activities in the pools to evening shows for children and adults, as well as professional live music performances and dance shows with guest artists, everyone will find something to suit their tastes. Only positive emotions and wonderful impressions from your stay at this hotel! I recommend it to everyone. Even though it's located in the city, it's perfect for a vacation, and its location allows easy access to anywhere in the city (buses run, you can order a Yandex Go taxi to any point, and shops are within walking distance). We'll definitely be back!",4 weeks ago,2026-07-07,,"Dear Guest,

Thank you for your review. We are delighted that you enjoyed your stay at Megasaray Westbeach Antalya and highly praised our service, food, beach, rooms, entertainment programs, and convenient location.

We look forward to welcoming you and your family again.

Sincerely,
Ayla Akbarova
Customer Relations Management
Megasaray Hotels",1 review,Ci9DQUlRQUNvZENodHljRjlvT25KUlgyRkNXbUpIVkVzMlJVMHdkMnRyZUZwcFVIYxAB
Евгений Белов,5.0,"Hi everyone! We went on vacation here as a couple. We arrived early, at 8 a.m. We were immediately given bracelets and told we could use all the hotel amenities until check-in. We checked in early, around 10:30-11 a.m. We booked a room with a city view. Everything is quiet and peaceful, and you can't hear the evening entertainment if you want to get some rest early. Cleaning is daily, the bar is refilled free of charge, and the rooms are spacious. There is individual air conditioning. The staff is very friendly and welcoming. They are always ready to help and offer advice. The cuisine is excellent and varied, with a different theme for dinner every day during the week. There is a huge selection of fresh, delicious food. It's impossible to go hungry. Food is practically available 24/7. The entertainers are very cheerful, holding various activities all morning and hosting discos in the evening after the show. There is an evening performance every day starting at 9:30 p.m., always different. It's awesome. The hotel has two pools and its own beach. This year we rented one across the street from the hotel. The beach is nice, there are plenty of seats, and there's a bar on the beach. Any drinks are available. The bar serves good imported alcohol; I didn't see a single local drink during my entire vacation. The hotel isn't very large, but everything is conveniently located. In the evening, you can stroll along the embankment or head into town. The location is excellent, with everything you need nearby. Overall, the hotel experience was extremely positive. We weren't disappointed at all. We'll definitely be back. I recommend it for a relaxing holiday, and I wish everyone who decides to stay here a wonderful vacation!",4 weeks ago,2026-07-07,,"Dear Guest,

Thank you for your review. We are delighted that you enjoyed your stay at our hotel and highly praised the comfort of our rooms, food, service, location, beach, and entertainment programs.

We look forward to welcoming you and your family again.

Sincerely,
Ayla Akbarova
Customer Relations Management
Megasaray Hotels",1 review,Ci9DQUlRQUNvZENodHljRjlvT21KbE9FaDRlVEo0ZUhrMFppMUVTSE5CU2tsNFJIYxAB
Лоза Дикай,5.0,"The food is good and delicious. The sea is close, the rooms are clean and cleaned daily. There's Starbucks coffee, and it's delicious. The staff is friendly, smiling, and helpful. The location is in the best area of ​​Konyaalti.",4 weeks ago,2026-07-07,,"Dear Guest,

Thank you for your wonderful review!

We are delighted that you enjoyed our varied menu, clean rooms, daily housekeeping, proximity to the sea, and convenient location. We are especially pleased to learn that you highly appreciated our team's friendliness and welcoming atmosphere.

We look forward to welcoming you back to Megasaray Hotels!

Sincerely,

Irina Özkökdemir
Customer Relations Management
Megasaray Hotels",1 review,Ci9DQUlRQUNvZENodHljRjlvT2tsRmFIWm1hRWw1T1hGdlJISm9WR1kwVG05TGNuYxAB
Марина Олейник,5.0,"Excellent hotel with friendly staff. Delicious food and drinks: several dining options and bars throughout the hotel.
We were very pleased with our stay and will definitely be back!",4 weeks ago,2026-07-07,,"Dear Guest,

Thank you for your wonderful review.

We are delighted that you enjoyed our team's hospitality, the variety of food and beverages, and the overall ambiance of our hotel. We are honored to know that your stay left such a pleasant impression.

We look forward to welcoming you back to Megasaray Hotels!

Sincerely,

Irina Özkökdemir
Customer Relations Management
Megasaray Hotels",1 review,Ci9DQUlRQUNvZENodHljRjlvT2xkb0xWbEZaelY0TFVsSk5XaHdhVlpWTkY5RFlsRRAB
atef graya,5.0,"Excellent evening entertainment with shows for adults and children.

The rooms are clean and recently renovated. A wide selection of food is available.",4 weeks ago,2026-07-07,,"Dear Guest,

Thank you for your wonderful review.

We are delighted to hear that you enjoyed our evening entertainment, concerts, comfortable rooms, and the wide variety of food we offer. Your kind feedback is truly appreciated and motivates our team to continue providing memorable holiday experiences.

We look forward to welcoming you back to Megasaray Hotels.

Kind Regards,

Irina Özkökdemir
Customer Relations Management
Megasaray Hotels",2 reviews,Ci9DQUlRQUNvZENodHljRjlvT2tsU2R6VmxXVTFpYkZsa2JFUldOVUpsWTBaS2IxRRAB
Леонид Затерчук,5.0,"A big thank you to the hotel staff for their attentive, friendly attitude, and service. The restaurant food is very varied and delicious, with everything from fruit to ice cream. The minibar is refilled daily and free of charge. The bar offers a wide selection of drinks. Special thanks to Zemra, the maid, for her excellent room cleaning and hospitality. We will recommend your hotel to our friends. Everything is superb.
Leonid and Olga, St. Petersburg.",4 weeks ago,2026-07-07,,"Dear Guest,

Thank you for your wonderful review.

We are delighted that you were pleased with our team's attentive service, the variety of dishes, the quality of drinks, and the daily restocking of the minibar. We are especially pleased to know that the cleanliness of your room and the dedication of our team made your stay even more comfortable. Your kind words will be shared with our colleagues.

Thank you for your recommendation. We look forward to welcoming you back to Megasaray Hotels!

Sincerely,

Irina Özkökdemir
Customer Relations Management
Megasaray Hotels",1 review · 3 photos,Ci9DQUlRQUNvZENodHljRjlvT2xab2JVWlJhM1ZSUW5WTlQwdG1lbXh4T1hGRUxVRRAB
Widad007,5.0,What an incredible stay at The Megasaray WestBeach. ||- Staff very friendly and helpful |- Food selection at the buffets are super fresh and vast variety for all. Buffet menu different every day. Also not the standard glassware and plates …,4 weeks ago,2026-07-07,,,,ChdDSUhNMG9nS0VPWGtuS1RKbGRTdzBBRRAB
aytenmerveb,5.0,"The hotel is fantastic in every way, its central location is amazing, right in the city. We've been staying at this hotel for 3 years. The animation team was very friendly. We participated in activities like water polo, step aerobics, and …",4 weeks ago,2026-07-07,,,,ChZDSUhNMG9nS0VKNnIyTEhubnB2Y1ZnEAE
Yqylas Nadyrbek,5.0,"We stayed at this wonderful hotel with our family and we really enjoyed it. The food in the restaurant was delicious and varied, the staff was friendly and helpful, they do their job perfectly, I especially want to mention the animation team, the guys are great from morning until evening, there are various sports activities, and in the evenings there is a mini disco and after dance shows, karaoke, live music, in general, we were not allowed to get bored, we recommend it to everyone!!!",4 weeks ago,2026-07-07,,"Dear Guest,

Thank you for your review. We are glad you enjoyed your family vacation and highly appreciated our cuisine, service quality, and the active work of our entertainment team with a variety of daytime and evening activities.

We look forward to seeing you again.

Sincerely,
Ayla Akbarova
Customer Relations Management
Megasaray Hotels",1 review,Ci9DQUlRQUNvZENodHljRjlvT25sWWRETmpabFIyWjNjMWNFNXlaVjloZUhWbkxXYxAB
Коркин Роман,5.0,,4 weeks ago,2026-07-07,,"Dear Guest,
Thank you for your review! We look forward to welcoming you back to our hotel!

Sincerely,
Ayla Akbarova
Customer Relations Management
Megasaray Hotels",Local Guide · 36 reviews · 135 photos,Ci9DQUlRQUNvZENodHljRjlvT21sbmMyNU9XVkF5UW5wWE4wWnhibTVuTTI0emEzYxAB
ayten merve baba,5.0,"The hotel is fantastic in every way, its central location is amazing, right in the city. We've been staying at this hotel for 3 years. The animation team was very friendly. We participated in activities like water polo, step aerobics, and aqua trampoline. The live music and dance shows were wonderful, and the daily music schedule was very enjoyable. We were very pleased with the animators' attention and communication, especially Ms. Naz, the sports animator, for her interest, attention, and energy. We would also like to thank Mr. Ali İlgen from the reception; he took great care of us and put up with our needs for 3 years.",4 weeks ago,2026-07-07,,"Dear Guest,

Thank you for your review. We are delighted that you enjoyed your stay at our hotel and that you shared such positive feedback, especially regarding our animation team, sports activities, live music, and dance shows.

We would be happy to welcome you and your family again.

Sincerely,
Ayla Akbarova
Customer Relations Management
Megasaray Hotels",1 review,Ci9DQUlRQUNvZENodHljRjlvT2taVmJHdEViV1p1UTJSalNYazVNa3hEU0dRMGFWRRAB
Artunc Sarı,5.0,"The food, pool, and beach are wonderful. There are two outdoor pools, and they're not overly crowded, so you can always find a spot. The evening activities are varied, the animation team is fun, you definitely won't get bored. A special thank you to Elina. The beach is stony, but that's typical of this entire coastline. Even on weekdays during the summer, the coastline is bustling. The rooms are clean and nice.",4 weeks ago,2026-07-07,,"Dear Guest,

Thank you for your review. We are delighted that you enjoyed your stay at our hotel and that you shared such positive feedback, particularly regarding our food, pools, beach, evening activities, and animation team.

We would be delighted to welcome you and your family again.

Sincerely,
Ayla Akbarova
Customer Relations Management
Megasaray Hotels",6 reviews,Ci9DQUlRQUNvZENodHljRjlvT2tkV09XdzVSRVJwVEcxSFV6UjBSMEpGTm1NMVRsRRAB
Sergen Halim Ayhan,5.0,We were very pleased. The staff were very attentive and friendly. They quickly helped us with all our requests. We especially thank Elina for the water aerobics.,4 weeks ago,2026-07-07,,"Dear Guest,

Thank you for your review. We are pleased that you enjoyed your stay at our hotel and that our team provided attentive and friendly service, promptly assisting with your requests. We also thank you for your kind feedback regarding our water aerobics activity.

We would be delighted to welcome you and your family again.

Sincerely,
Ayla Akbarova
Customer Relations Management
Megasaray Hotels",1 review,Ci9DQUlRQUNvZENodHljRjlvT25wM01tZElkbm96VlZoWGVXOVhRMnRyVHpoamFXYxAB
Fatih Gülakar,5.0,"Excellent location, perfect staff. Good food. There are lots of activities like pool gymnastics during the day. Animators are very attentive and friendly. I also enjoyed live music at the night. Highly recommended.",4 weeks ago,2026-07-07,,"Dear Guest,

Thank you very much for your wonderful review and for your recommendation.

We are delighted to hear that you enjoyed our location, food, entertainment program, and the variety of daily activities. It is especially rewarding to know that our animation team helped make your holiday even more enjoyable with their friendly and attentive approach. We are also pleased that you had a great time at our live music performances.

We look forward to welcoming you back to Megasaray Hotels for another memorable stay.

Kind Regards,
Irina Özkökdemir
Customer Relations Management
Megasaray Hotels",6 reviews,Ci9DQUlRQUNvZENodHljRjlvT21GYVgwTjBiRkI2YUdKNWFDMVpSRXRKY0VFMWNrRRAB
54ufukb,5.0,"The hotel has a fantastic location, the room view is amazing, the animation team has great energy, the daily activities like water polo, darts, and step aerobics were wonderful, and we loved the evening dance shows and live music. The animators were very attentive, thank you so much for everything!",a month ago,2026-07-05,,,,ChZDSUhNMG9nS0VJTHJ6SUtQNHR2OUlREAE
UFUK BABA,5.0,"The hotel has a fantastic location, the room view is amazing, the animation team has great energy, the daily activities like water polo, darts, and step aerobics were wonderful, and we loved the evening dance shows and live music. The animators were very attentive, thank you so much for everything!",a month ago,2026-07-05,,"Dear Guest,

Thank you for your kind review and high rating.

We are very pleased that you enjoyed our hotel's location, your room view, and especially the energy of our animation team. Your enjoyment of the daily activities, evening shows, and live music programs is the best indication that we were able to offer you an unforgettable holiday experience.

Thank you for your kind words, and we would be delighted to welcome you back to Megasaray Hotels.

Sincerely,
Irina Özkökdemir
Customer Relations Management
Megasaray Hotels",1 review,Ci9DQUlRQUNvZENodHljRjlvT21OQ1NYcDZORTE0YUVaVmJ6ZElUREpYWms5MloxRRAB
alyamezh,5.0,"We were looking for a comfortable place to stay in Antalya. We were pleasantly surprised by the high level of service. The rooms are excellent, the design is modern, and both the rooms and the hotel grounds are clean and tidy. There's a …",a month ago,2026-07-05,,,,ChZDSUhNMG9nS0VJUGR3LTc0N0lEdGRREAE
Petya Apollon,5.0,"We were looking for a comfortable place to stay in Antalya. We were pleasantly surprised by the high level of service. The rooms were excellent, the design was modern, and the hotel grounds were clean and tidy. A varied menu was available daily, and the entertainment was fantastic.
The beach was equipped for a comfortable stay, and the pools were clean and shaded for leisure at any time of day. We were pleased to have access to a long promenade for evening strolls around the city.
The night bar offers not only strong drinks but also tea and coffee.
The underground parking for those arriving by car was a real plus! The hotel staff will park and return your car for you, so you don't have to worry about it.
The hotel offers a tour desk with excellent offers for leisure activities throughout the country.
The hotel staff speaks many languages, making it easy for guests from any country to get advice.
The hotel's location is excellent! The Liman district is easily accessible for a quiet getaway, and the square is within walking distance. I'd also like to highlight the excellent Starbucks coffee area available to hotel guests.
I can confidently recommend this hotel to my friends for their Antalya vacation. I'll likely return for a second stay.",a month ago,2026-07-05,,"Dear Guest,

Thank you for your detailed and warm review. We are glad you were satisfied with the level of service, room quality, cleanliness, variety of food, and entertainment program. We are also pleased to hear that you highly appreciated the beach area, swimming pools, convenient parking, and hotel location.

We look forward to welcoming you back to our hotel!

Sincerely,
Ayla Akbarova
Customer Relations Management
Megasaray Hotels",2 reviews · 1 photo,Ci9DQUlRQUNvZENodHljRjlvT21ocGFuSTJkMFp0WmxaT1JYZHFZVU5uZFZvemEyYxAB
حسن ابوقباله,5.0,"Truçekten çok güzel ve harika bir otel. Dürüst olmak gerekirse, Antalya'da başka bir yere gitmeme gerek kalmadı. Her türlü iğlence imkanı varı ve sundukları partilerden, yüzmeden ve aktivitelerden son derece enjoyif aldım. Özellikle ekman Manuel Entertainment ekibiyle harika bir dostluk kurdum; ananılmaz derecede nazik, neşeli ve enerjiklerdi.

A truly beautiful and wonderful hotel. Honestly, I didn't need to leave it for the rest of Antalya. It had all kinds of entertainment, and I thoroughly enjoyed the parties, swimming, and activities they offered. I especially formed a wonderful friendship with the Manuel Entertainment team; they were incredibly kind, cheerful, and energetic.

A truly beautiful and wonderful hotel. Honestly, I didn't need to leave to go anywhere else in Antalya. It had all kinds of entertainment, and I thoroughly enjoyed the parties, swimming, and activities they offered. I especially made a great friendship with the Manuel Entertainment team; They were incredibly kind, cheerful, and energetic.",a month ago,2026-07-05,,"Dear Guest,

Thank you so much for your kind review and for choosing us. We are extremely pleased that your holiday at our hotel met your expectations and that you consider us your favorite hotel in Antalya.

We are delighted that you enjoyed our entertainment programs, parties, pools, and activities. Providing our guests with a pleasant and unforgettable holiday experience is our top priority.

We look forward to welcoming you again soon and hoping to provide you with the same wonderful experience on your next holiday.

Sincerely,

Merve Gülseven
Customer Relations Management
Megasaray Hotels",10 reviews · 2 photos,Ci9DQUlRQUNvZENodHljRjlvT21kalJFVlNVMlZqVUdkNmJqbG5YMVoxV2tNNWFHYxAB
khalid a.bagi,5.0,"I like entertainment in the hotel
We enjoyed with entertainment team as they were friendly and speak our language",a month ago,2026-07-05,,"Dear Guest,

Thank you for your kind review. We are delighted to hear that you enjoyed the entertainment activities and had such a great time with our entertainment team. It is wonderful to know that their friendliness and ability to communicate in your language made your stay even more enjoyable.

We truly appreciate your feedback and look forward to welcoming you back for another memorable holiday.

Kind regards,

Merve Gülseven
Customer Relations Management
Megasaray Hotels",4 reviews,Ci9DQUlRQUNvZENodHljRjlvT2xoemJVMXZORE5rUWsxVFNIbHpiVXd4TUY5Rk9HYxAB
Merkul Dzhan2,5.0,"The coffee house has excellent, tasty coffee and a confectionery shop. Buze and Saikal are great!",a month ago,2026-07-05,,"Dear Guest,

Thank you for your review. We are glad you enjoyed the coffee and pastries at our coffee house. Your positive impressions are very important to us.

We look forward to welcoming you back to our hotel!

Sincerely,
Ayla Akbarova
Customer Relations Management
Megasaray Hotels",1 review,Ci9DQUlRQUNvZENodHljRjlvT2pKWFYwTkVTMUZFWkhaVVRqZENSVTU0YWpOSFEwRRAB
Beratztbk,5.0,You can definitely choose this place for your vacation; their service and quality are truly excellent. Kudos to everyone involved!,a month ago,2026-07-05,,"Dear Guest,

Thank you for your kind review and high rating.

We are extremely pleased that you appreciate our service quality and the importance we place on guest satisfaction. Your valuable advice and kind words are a great source of motivation for our entire team.

We would be delighted to welcome you back to Megasaray Hotels.

Sincerely,
Irina Özkökdemir
Customer Relations Management
Megasaray Hotels",Local Guide · 351 reviews · 720 photos,Ci9DQUlRQUNvZENodHljRjlvT2pZMlgyTm5SMUEwUzJzM1pHVmFabko2VGt3d2RtYxAB
Senol Deniz Dourak,5.0,"⭐⭐⭐⭐⭐

Elina is one of the best animators I know! She's always smiling, energetic, and very friendly. Her fun activities and positive energy made our holiday much more enjoyable. She communicates beautifully with people of all ages and manages to entertain everyone. It's clear she truly loves her job. Thank you so much for your efforts, Elina. I hope we see each other again. I definitely recommend her!

Besides that, the hotel was truly wonderful. The location was perfect, close to the sea, and easy to get everywhere. The food was delicious and offered a wide variety of options every day. The cleanliness, service, and overall atmosphere were also excellent. We had an unforgettable holiday, thank you to everyone involved!",a month ago,2026-07-05,,"Dear Guest,

Thank you for your kind review and high rating.

We are very pleased that you enjoyed the energy and activities of our animation team during your stay, and that you were satisfied with our hotel's location, delicious food, cleanliness standards, and quality of service. Your kind words will be gladly shared with our relevant teams.

It is our greatest pleasure to have provided you with an unforgettable holiday experience. We hope to welcome you back to Megasaray Hotels soon.

Sincerely,
Irina Özkökdemir
Customer Relations Management
Megasaray Hotels",4 reviews,Ci9DQUlRQUNvZENodHljRjlvT2pOamJGRndTVWRsUlVWT1JTMUJhR2h6TlVGUFRWRRAB
Mark Konoplia,1.0,"A huge disappointment. An outdated hotel with serious hygiene and service issues, not living up to its 5-star billing.
Rating: 1 out of 5 stars
Our stay at this self-proclaimed 5-star hotel was a huge disappointment. Our previous experience at a 4-star hotel was much better, and we expected a 5-star hotel to offer a higher level of comfort, especially considering the significant price difference (40% more expensive). Unfortunately, our expectations were completely unmet.
Let's start with the room and its technical condition. It looks like it hasn't been renovated since the early 2000s. The furniture and decor look old and worn. The room lacked basic amenities like toothbrushes, toothpaste, and robes, which is standard for lower-class hotels, let alone 5-star ones. The ""balcony"" was simply a narrow ledge suitable only for standing. Additionally, the air conditioning system was extremely inconsistent: it constantly switched off on its own both during the day and at night, making the room stuffy and uncomfortable.
But the biggest problem was the cleaning and hygiene. The bed linens (pillowcases and blankets) were stained. The bathroom was in critical condition. Photos 1000104784.jpg and 1000104783.jpg clearly show black mold in the grout between the tiles and on the shower frame. The condition of the shower itself (files 1000104782.jpg and 1000104781.jpg) also raises serious hygiene concerns; it appears neglected and worn. This is completely unacceptable for a five-star hotel.
The food also left much to be desired. Although the selection seemed extensive, it focused exclusively on Turkish cuisine and was poorly prepared. The amount of uneaten food left on the tables by guests spoke volumes about its quality. Many guests complained that the food was tasteless. It would have been far more appropriate to offer half the selection but still make the dishes high-quality. The presence of four types of the cheapest, unappetizing sausage, which no one wanted, clearly illustrates the skimping on food. Was it really impossible to buy just one type, but high-quality and tasty?
Grounds and beach. The hotel is very large, which led to constant lines in the dining room and a daily quest to find a free table for lunch. The beach was desperately short of space; finding a free sun lounger was practically impossible; there simply weren't enough for all the guests.
Pros. To be fair, the hotel had a beautiful view of the sea. The evening shows were interesting, and the staff was friendly.
Conclusion. This hotel doesn't live up to its 5-star status. It's a 3-star hotel at best. Considering the high price, dated renovations, air conditioning issues, mold in the bathroom, and unappetizing food, we feel cheated. We don't recommend this hotel and won't be returning.",a month ago,2026-07-05,,"Dear Guest,

Thank you for taking the time to share your detailed feedback.

We have carefully reviewed each of your comments. Our guests' opinions are of great importance to us, as they help us evaluate the quality of our services and identify areas for further improvement.

We would also like to point out that our hotel regularly undergoes maintenance and infrastructure upgrades, rooms are cleaned daily in accordance with current standards, and all public areas are constantly monitored by our dedicated services. Our dining concept offers a wide selection of international and Turkish cuisine, ensuring that every guest can find something to suit their taste.

We are truly delighted that you highlighted the hotel's beautiful location, evening shows, and the friendliness of our team. Your comments regarding your room, space, beach, and dining options have already been forwarded to the relevant department managers for detailed review.

Thank you for your feedback, and we wish you only pleasant travels in the future.

Sincerely,
Irina Özkökdemir
Customer Relations Management
Megasaray Hotels",Local Guide · 223 reviews · 120 photos,Ci9DQUlRQUNvZENodHljRjlvT2tsWFpFSlhhemh5TW5KTmIwSkJSRlpWYVU1TlVYYxAB
Raminta Kniuraite,5.0,"Herman is such a great person, he is so committed to what he does! Emanuel is an absolute legend. Emirhan is the man of darts and has great dance moves! Vibes were good!",a month ago,2026-07-05,,"Dear Guest,

Thank you for your kind feedback. We are delighted to hear that you enjoyed the relaxing atmosphere, positive energy, and entertainment during your stay. It is wonderful to know that our activities contributed to making your holiday even more enjoyable.

We would be pleased to welcome you again at our hotel.

Best regards,
Ayla Akbarova
Customer Relations Management
Megasaray Hotels",6 reviews · 2 photos,Ci9DQUlRQUNvZENodHljRjlvT25GVVRVeHlSV3B4UVhOeWJsazNVV1JxYjJ0cVdWRRAB
Ricardas Kniura,5.0,Herman you will do it. Emanuel you got a vibe. Get your face painted! Emirhan got moves. Relaxing and good vibes.,a month ago,2026-07-05,,"Dear Guest,

Thank you for your kind feedback. We are delighted to hear that you enjoyed the relaxing atmosphere, positive energy, and entertainment during your stay. It is wonderful to know that our activities contributed to making your holiday even more enjoyable.

We would be pleased to welcome you again at our hotel.

Best regards,
Ayla Akbarova
Customer Relations Management
Megasaray Hotels",2 reviews,Ci9DQUlRQUNvZENodHljRjlvT210ZlZsOUJZbkEwUmpKNk5HUkdaRVJ6TFhCUE1YYxAB
Inna Koroleva,5.0,"Incredible meal at Lagos restaurant and stellar service from Ali!

We had a fantastic dinner here tonight. The food was outstanding from start to finish. We started with the appetizer set—the salad with avocado and caramelized walnuts was a perfect mix of creamy and sweet, and the salted spinach was a deliciously savory side.

For the main course, the fish was cooked to perfection; fresh, flaky, and full of flavor. What really made the experience special, however, was our waiter, Ali. He was incredibly attentive, knowledgeable, and guided us through the menu with great recommendations. He really went above and beyond to make sure we had everything we needed. If you visit, definitely ask for Ali’s section—you won’t be disappointed! We will definitely be coming back.",a month ago,2026-07-05,,"Dear Guest,

Thank you for your wonderful feedback. We are delighted to hear that you had such an enjoyable dining experience at our Lagos Restaurant and that you were pleased with the quality of our dishes and the attentive service you received. Knowing that every detail of your dinner met your expectations is truly rewarding for our team.

We would be pleased to welcome you again at our hotel.

Best regards,
Ayla Akbarova
Customer Relations Management
Megasaray Hotels",Local Guide · 12 reviews,Ci9DQUlRQUNvZENodHljRjlvT2tNM1IwRnpRVVZ3UTI1TGJ6RlBUblV6Um1OTFNGRRAB
Aleksei Mordovskii,5.0,"We had a wonderful week here. The hotel team makes your stay amazing 24/7, a big thank you to them for that.",a month ago,2026-07-05,,"Dear Guest,

Thank you for your review. We are delighted that you had a wonderful week at our hotel and highly appreciated our team's work. We are honored to know that our attentive service made your stay such a pleasant experience.

We look forward to welcoming you back to our hotel!

Sincerely,
Ayla Akbarova
Customer Relations Management
Megasaray Hotels",Local Guide · 29 reviews · 75 photos,Ci9DQUlRQUNvZENodHljRjlvT25ZNVMyOTNZMmN5VDBsUGFISmZkREJHZVhJMVIzYxAB
Viajes Florida Caribe,5.0,"Very nice hotel, the only thing is the language barrier: lots of Russian, English and German.",a month ago,2026-07-05,,"Dear Guest,

Thank you very much for your kind review and for rating us 5 stars.

We are delighted to hear that you had an enjoyable stay at our hotel. We also appreciate your comment regarding the variety of languages spoken. As we welcome guests from many different countries, our team strives to provide the best possible service in an international environment.

We hope to have the pleasure of welcoming you back to Megasaray Hotels in the future.

Kind Regards
Irina Özkökdemir
Customer Relations Management
Megasaray Hotels",Local Guide · 311 reviews · 66 photos,Ci9DQUlRQUNvZENodHljRjlvT25OeVJIUkVNbmRMVW1wdWNXUlZWa016WjI5cVgyYxAB
Alina Erkanbikovna,5.0,"Here's a detailed and honest review of a Megasaray hotel (using their flagship and most popular family complex, Megasaray Westbeach, as an example), with a special focus on the hotel itself and, of course, the legendary animation team.
🎉 Animation: The Heart and Soul of Megasaray
The animation team here isn't just employees; they're professional artists, athletes, and simply incredibly charismatic. It's the animation that keeps people coming back year after year. From morning until night, there are various sports activities, and in the evenings, there are wonderful programs like live music, dance shows, and karaoke. I recommend this hotel to everyone!!!",a month ago,2026-07-05,,"Dear Guest,

Thank you for such a wonderful and inspiring review!

We are especially pleased that you praised our hotel's atmosphere and the work of our entertainment team. We are honored to hear that our entertainment program, sports activities, and evening shows make our guests' stay truly memorable and inspire them to return again. Your kind words are the best reward and a great motivation for our entire team.

Thank you for your recommendation. We look forward to welcoming you back to Megasaray Hotels!

Sincerely,

Irina Özkökdemir
Customer Relations Management
Megasaray Hotels",2 reviews · 6 photos,Ci9DQUlRQUNvZENodHljRjlvT21aQlVEVXRXRzVxVldwTmNqSXplbkJDTUZGUVkzYxAB
Oğuzhan,5.0,"The hotel is generally nice, but the beach is a bit far away, so you need to use the shuttle. The pool is also nice, but a little small. The drinks and food are good. Apart from that, the entertainment was somewhat lacking in terms of expectations.",a month ago,2026-07-05,,"Dear Guest,

Thank you for your valuable feedback and high rating.

We are delighted that you enjoyed our food, drinks, and overall hotel experience. Your feedback regarding beach access, pool area, and entertainment programs will be shared with the relevant departments as part of our efforts to improve service quality.

We look forward to welcoming you back to Megasaray Hotels.

Sincerely,
Irina Özkökdemir
Customer Relations Management
Megasaray Hotels",Local Guide · 14 reviews · 17 photos,Ci9DQUlRQUNvZENodHljRjlvT2taalVIcDVUVkoyV2pWM2NGODRRME4zVGpKaFIwRRAB
Dizayn Elektrik,5.0,,a month ago,2026-07-05,,"Dear Guest,

Your satisfaction is our greatest reward. We look forward to welcoming you again.

Sincerely,
Ayla Akbarova
Customer Relations Management
Megasaray Hotels","Local Guide · 12 reviews · 1,247 photos",Ci9DQUlRQUNvZENodHljRjlvT2xOVVpWRktjM05rWkhkUWVtd3pRalJpY2pCNFMzYxAB
F4938JS_,5.0,"A luxury hotel, if you're looking for a place to relax and have fun, this is it. | The food is fantastic, you won't find such a variety anywhere else. | The entertainers don't leave anyone out, each guest gets an individual approach. | And you'll never hear so many compliments in your entire life. | I highly recommend the girls.",a month ago,2026-07-05,,,,ChZDSUhNMG9nS0VLbllnTXo3M2ZTUWZ3EAE
Büşra Türkmen,4.0,We stayed for one night in April. The hotel was generally adequate. The food was varied and delicious. The indoor swimming pool was quite small. The sea view was a nice touch.,Edited a month ago,2026-07-05,,"Dear Guest,

Thank you for sharing your valuable feedback. We are pleased that you were satisfied with the variety and taste of our meals. Your comments regarding the indoor swimming pool will be taken into consideration in our process of improving the quality of our services.

We would be happy to welcome you again.

Sincerely,
Ayla Akbarova
Customer Relations Management
Megasaray Hotels","Local Guide · 478 reviews · 1,885 photos",Ci9DQUlRQUNvZENodHljRjlvT2tGUWMyWmlMVkZuYlZCR2MxZ3hRalZMVjFVMFZWRRAB
Mihriban Akın,5.0,"Everything was wonderful, the animation team, the bar staff, the kitchen staff, the room attendants – in short, we felt at home from the moment we walked through the door. The staff were all smiling and wonderful. Keep it up! Makhabat, Emanuel, Emirhan, and the other staff were all superb at the events and evening shows. The waiters were very friendly and provided excellent service. You're all fantastic as a team! And a big thank you to Eyüp Bey as well.",a month ago,2026-07-05,,"Dear Guest,

Thank you for sharing your valuable feedback. We are delighted that you felt at home in our hotel and were pleased with the friendly and sincere service of all our departments, especially our animation team.

We would be happy to welcome you again.

Sincerely,
Ayla Akbarova
Customer Relations Management
Megasaray Hotels",4 reviews,Ci9DQUlRQUNvZENodHljRjlvT2xwSmRGcHpVbEl0WkdveWJqWndaekZJUzFCaFlWRRAB
Öykü Alp,5.0,"Our usual choice. Many thanks to the animation, bar, kitchen, and housekeeping teams for their friendliness and attentiveness. Special thanks to Makhabat, Emirhan, Emanuel from the animation team, and to the animation manager, Mr. Eyüp, for the ongoing events, dance performances, and live music.",a month ago,2026-07-05,,"Dear Guest,

Thank you for sharing your valuable feedback. We are delighted that you were satisfied with our animation, bar, kitchen, and housekeeping teams, and especially that you enjoyed our events, shows, and live music programs.

We would be happy to welcome you again.

Sincerely,
Ayla Akbarova
Customer Relations Management
Megasaray Hotels",4 reviews,Ci9DQUlRQUNvZENodHljRjlvT21GcmRrOUZVRjlqYWxkTWQwOHhORmhqY1VFemJWRRAB
Kağan,5.0,"This is our third visit here, and it's a very friendly and pleasant place. The animation team is very attentive and friendly, and the events and evening shows are enjoyable and great.",a month ago,2026-07-05,,"Dear Guest,

Thank you for sharing your valuable feedback. We are delighted that you have chosen our hotel for the third time and that you were pleased with the attention and friendliness of our animation team.

We would be happy to welcome you again.

Sincerely,
Ayla Akbarova
Customer Relations Management
Megasaray Hotels",3 reviews,Ci9DQUlRQUNvZENodHljRjlvT21aV1IzbFdkM1V6VUhwSVZGVlRaWHBaVmw5dlRuYxAB
Анжелика,5.0,"My daughter and I stayed at the hotel from June 17th to June 26th. It's a very nice hotel, and we have only the most positive and pleasant memories of our vacation. We loved everything about the hotel: the wonderful food, the excellent imported alcoholic and non-alcoholic drinks, and the friendly attitude of all the staff. The hotel is cozy and family-friendly. I'd especially like to mention the hotel's animation team. A big thank you to Emanuel, Emirkhan, and the girls. Emanuel is always in a great mood and fun. He never let the kids get bored, and the adults could always get active. Thanks to Emirkhan for the fun darts; the way he ran the game is second to none. The girls were great during the active activities in and out of the water. They were always talkative and friendly. The evening shows were simply wow. Every day there was something new and interesting. The discos after the show were always unforgettable. Thanks to the DJ for the wonderful selection of tracks and his responsiveness in terms of never refusing to play a track if asked. And of course, thanks to the animation team manager. Would I return to this hotel? Absolutely. I recommend it to everyone.",a month ago,2026-07-05,,"Dear Guest,

Thank you for your review. We are delighted that your stay was a pleasant and positive experience, and that you were pleased with the quality of our food, drinks, and friendly atmosphere at our hotel. We especially appreciate your appreciation of our animation team and evening shows.

We look forward to welcoming you back to our hotel!

Sincerely,
Ayla Akbarova
Customer Relations Management
Megasaray Hotels",1 review · 1 photo,Ci9DQUlRQUNvZENodHljRjlvT2pNMkxWOHdWVU13VVhsVGNsZGZUbEk1Y0RWSlowRRAB
MURAT GÖKŞİN,5.0,"We were very happy that Ayça Hanım, under her leadership and guidance, was constantly by our side like a member of the family during the organization of my daughter's Henna Night event. She personally took on tasks, facilitated things, and even stayed with us until the end of the wedding, showing great care and attention to us and all the friends and relatives who came to visit and stay overnight. The hotel's quality, location, and the attentiveness and sensitivity of the staff were excellent...
Thank you for everything, Ayça and MEGASARAY 🌹",a month ago,2026-07-05,,"Dear Guest,

Thank you for sharing your valuable feedback. We are very pleased that your henna night celebration went smoothly and satisfactorily, and that you were satisfied with the quality of our hotel, its location, and the attention of our staff.

We would be delighted to welcome you again.

Sincerely,
Ayla Akbarova
Customer Relations Management
Megasaray Hotels",1 review,Ci9DQUlRQUNvZENodHljRjlvT2s5TVpWcDJVSGROTUdVekxVMXNVSFZSWmxvNGRGRRAB
dilek gökşin,5.0,"We were so pleased, my family and I. Ms. Ayça was very attentive and her team was incredibly helpful. We had our wedding and stayed at the hotel. Our guests were also very happy. I definitely recommend it. The food, the staff, everything was wonderful. The rooms were clean too. We will definitely come again 🙏",a month ago,2026-07-05,,"Dear Guest,

Thank you for sharing your valuable feedback. We are very pleased that you and your family were satisfied with both your stay and your wedding organization, and that you shared positive thoughts about our food, service quality, and the cleanliness of our rooms.

We would be delighted to welcome you again.

Sincerely,
Ayla Akbarova
Customer Relations Management
Megasaray Hotels",3 reviews,Ci9DQUlRQUNvZENodHljRjlvT2t0MWVuazFlREpXUWtGTGRTMVJNRWxRUm5GdWFHYxAB
boris b,5.0,,a month ago,2026-07-05,,"Dear Guest,
Your satisfaction is the greatest reward for us. We look forward to welcoming you again soon.

Warm regards,
Ayla Akbarova
Customer Relations Management
Megasaray Hotels",,Ci9DQUlRQUNvZENodHljRjlvT2tnMmJHNXRNbGREVTFaVlRVcFhXVFpGU25WTE4xRRAB
Scott Brown,5.0,"Just stayed 5 nights great hotel with great food and staff, very friendly,big shout out to Amir from the entertainment team great guy we had a lovely chat every day and he made me feel very welcome, many thanks Amir and all the best for the future. Should also mention Mr Ali in the main restaurant he looked after me very well and lovely guy.",a month ago,2026-07-05,,"Dear Guest,

Thank you very much for your wonderful review.

We are delighted to hear that you enjoyed your 5-night stay with us and that you were satisfied with our food, facilities, and especially the friendliness of our team. It is a great pleasure to know that our entertainment team contributed positively to your holiday experience and made you feel so welcome, as well as that you felt well taken care of in our main restaurant.

Your kind words are truly appreciated and will be shared with our team.

We look forward to welcoming you back to Megasaray Hotels for another memorable stay.

Kind Regards
Irina Özkökdemir
Customer Relations Management
Megasaray Hotels",Local Guide · 16 reviews · 52 photos,Ci9DQUlRQUNvZENodHljRjlvT2xWU1dqVkRjazFSU0UxME5ESm5OSEpFTFRGVVJXYxAB
Наталья Белышева,5.0,"My friend and I stayed at the Megasaray Vesti Hotel and we absolutely loved it. The food in the restaurant was excellent and varied, the drinks at the bar were high-quality, and the staff was friendly and helpful. I'd especially like to mention the animation team—they were so energetic and fun. They had a variety of sports activities from morning until night, and in the evenings, they had a varied program, including dance shows, karaoke, children's shows, and live music. Overall, they kept us entertained. They were all great. I highly recommend this hotel!",a month ago,2026-07-05,,"Dear Guest,

Thank you for your wonderful review.

We are delighted that your stay at Megasaray was exceptional and that you were delighted with the variety of food, the quality of drinks, and the friendliness of our staff. It's especially gratifying to hear such warm words about our animation team—their energy and programs truly create a special holiday atmosphere.

Thank you for your recommendation. We look forward to welcoming you back to Megasaray Hotels!

Sincerely,
Irina Özkökdemir
Customer Relations Management
Megasaray Hotels",1 review,Ci9DQUlRQUNvZENodHljRjlvT2paMWFWTkxiM0JQYURKTmVtdHhlVUpyYlY5SFFXYxAB
Salam Salam,5.0,"We stayed at Megasaray WestBeach with our team and were very pleased. The location, cleanliness, and quality of service were truly excellent. The guest relations team, in particular, was extremely attentive, friendly, and helpful in every way. We felt very valued throughout our stay. We thank the entire team for their efforts. We would wholeheartedly consider returning. We highly recommend it.",a month ago,2026-07-05,,"Thank you for your valuable feedback.

We are extremely pleased that you were satisfied with your stay at Megasaray WestBeach. Your kind words about our location, cleanliness standards, service quality, and especially our Guest Relations team are a great source of motivation for us.

We would be delighted to welcome you back to Megasaray Hotels.

Sincerely,
Irina Özkökdemir
Customer Relations Management
Megasaray Hotels",1 review,Ci9DQUlRQUNvZENodHljRjlvT21ocVVERTFjSFJ3VFdsV09Ua3hRMFpEVFU4dFgxRRAB
Hacı Duman,5.0,"Everything was wonderful, the food was legendary, everything was great, the animation team's attention and entertainment were excellent, Manuel and Emirhan are both great at their jobs, I had a great time, I had some of the best days of my life, thank you, it was wonderful, the food was amazing.",a month ago,2026-07-05,,"Dear Guest,

Thank you for your kind review.

We are very happy that you were satisfied with our meals, our animation programs, and the attention of our staff. Knowing that your holiday was filled with unforgettable memories is our greatest source of motivation.

We would be delighted to welcome you back to Megasaray Hotels.

Sincerely,
Irina Özkökdemir
Customer Relations Management
Megasaray Hotels",1 review,Ci9DQUlRQUNvZENodHljRjlvT2pKb01WTjZUSFJTY0Y5UFZ6TjVablpRUzBSSldtYxAB
Ismail Bağcı,5.0,"Pool xxxxx
Beach xxxxx
No food or breakfast chaos, everything is very good, rooms and sea view are magnificent, I recommend it.",a month ago,2026-07-05,,"Dear Guest,

Thank you for your kind review.

We are very pleased that you were satisfied with our meals, breakfast arrangements, rooms, and sea view. Your recommendations and valuable feedback are of great importance to us.

We would be delighted to welcome you back to Megasaray Hotels.

Sincerely,
Irina Özkökdemir
Customer Relations Management
Megasaray Hotels",Local Guide · 78 reviews · 2 photos,Ci9DQUlRQUNvZENodHljRjlvT2xCTmQxTkRXRTQwYVVWVmFuUjBNeTB0V0Mwd2FVRRAB
Александра Деткова,5.0,,a month ago,2026-07-05,,"Dear Guest,

Thank you for your review of our hotel.

We appreciate your trust and look forward to welcoming you back to Megasaray Hotels to make your next stay even more comfortable and enjoyable.

Sincerely,
Irina Özkökdemir
Customer Relations Management
Megasaray Hotels",,Ci9DQUlRQUNvZENodHljRjlvT2tKR2NHaGpiREJpVm1WdmEyVmphekphY3poSlFVRRAB
Ayaz ayaz,5.0,There's not much to say about quality.,a month ago,2026-07-05,,"Dear Guest,

Thank you for your kind review.

It is a great pleasure and motivation for us that you expressed your satisfaction in a single word: ""quality"". We would be delighted to welcome you back to Megasaray Hotels.

Sincerely,
Irina Özkökdemir
Customer Relations Management
Megasaray Hotels",Local Guide · 244 reviews · 53 photos,Ci9DQUlRQUNvZENodHljRjlvT2xkYWJubDFXVWc1UnpWaGVsWlJTVTVhYTFWaExYYxAB
Ma Ka,5.0,"I really liked the hotel, especially the animators. Elina interacts brilliantly with guests, quickly finding common ground, and this lifts their spirits. The animators speak many languages ​​and are very good dancers. They organize daytime activities well; I really enjoyed the water aerobics, yoga, and water polo.",a month ago,2026-07-05,,"Dear Guest,

Thank you for your wonderful review!

We are delighted that you enjoyed your stay at our hotel and that our animation team left such a lasting impression. We are especially pleased to hear that you enjoyed participating in daytime activities such as aqua aerobics, yoga, and water polo. Your kind words will be shared with our team.

We look forward to welcoming you back to Megasaray Hotels!

Sincerely,
Irina Özkökdemir
Customer Relations Management
Megasaray Hotels",6 reviews,Ci9DQUlRQUNvZENodHljRjlvT21JdFYyZFBTa0ppZFhSSVVXeHpPRjlWTjFsR1FuYxAB
595fehmiy,5.0,"The hotel was fantastic in every way; it's in a central location, the animators have great energy, and the activities are amazing: step aerobics, darts, morning gym – they're great. The evening shows were fantastic, and we loved the live music.",a month ago,2026-07-05,,,,ChZDSUhNMG9nS0VLS2FqSmJQcE15RUdnEAE
_W7379AM,5.0,"We visited the wonderful Megasaray, where the animators were the best, very friendly and pleasant to talk to. Thank you very much, animation team, special thanks to Emanuel, who made our vacation unforgettable. He was very pleasant and …",a month ago,2026-07-05,,,,ChZDSUhNMG9nS0VOcUV1b0R4X003T0ZnEAE
173hemna,5.0,One of the best place and we enjoyed a lot,a month ago,2026-07-05,,,,ChZDSUhNMG9nS0VNN2kzY3lHdzlTYkpREAE
Gülay Torun,5.0,"Megasaray Westbeach was the best holiday experience I've ever had. Especially in terms of entertainment, they managed to keep us constantly entertained with activities, various games, evening shows, and live music. Many thanks to the entire animation team, especially Emirhan.",a month ago,2026-07-05,,"Dear Guest,

Thank you for sharing your valuable feedback. We are very pleased that you enjoyed your holiday experience at Megasaray Westbeach, and especially the entertainment activities, evening shows, and live music performances.

We would be delighted to welcome you and your family again.

Sincerely,
Ayla Akbarova
Customer Relations Management
Megasaray Hotels",1 review,Ci9DQUlRQUNvZENodHljRjlvT21GYWFGRnJjRkpaY1RkRGFESnViV0pqVURaaGNuYxAB
servet kaya,5.0,"I was incredibly pleased with my week-long vacation. The daytime activities and games were great. The animators' approach to guests and their language skills were amazing. Special thanks to Emirhan, Emmanuel, and Naza from the animators.",Edited a month ago,2026-07-05,,"Dear Guest,

Thank you very much for taking the time to share your kind review. We are very pleased that you were satisfied with our beverages, our rooms, and the kind approach of our staff. We especially thank you for your kind attention to Ms. Sadaf. Your review will be forwarded to her.

We would be delighted to welcome you back to our hotel.

Sincerely,
Ayla Akbarova
Customer Relations Management
Megasaray Hotels",Local Guide · 9 reviews,Ci9DQUlRQUNvZENodHljRjlvT2tkRFJsRkVibXQxUkhRMVIzRlBSRmh4WW5GYWJsRRAB
danil artemenko,5.0,"Cool hotel, the animation team is just awesome. Emanuel is a cool dude, energetic, speaks different languages👍🏻👍🏻👍🏻",a month ago,2026-07-05,,"Dear Guest,

Thank you for your feedback. We are delighted that you were pleased with our animation team and their energetic work, as well as their multilingual communication skills.

We look forward to welcoming you back to Megasaray Hotels.

Sincerely,
Ayla Akbarova
Customer Relations Management
Megasaray Hotels",1 review,Ci9DQUlRQUNvZENodHljRjlvT2kxMGRYQjFTelJ5ZFhOUE1HdHhaRzR3UTJjeVJHYxAB
Dilek Kaya,5.0,"The food at La Prima was incredibly delicious. Mr. Erkan's sambuca service after the meal was very impressive. It was surprisingly good. Overall, we really liked the hotel.",a month ago,2026-07-05,,"Dear Guest,

Thank you for sharing your valuable feedback. We are very pleased that you enjoyed the delicious food served at our La Prima Restaurant and your stay at our hotel. We would be delighted to welcome you and your family again.

Sincerely,
Ayla Akbarova
Customer Relations Management
Megasaray Hotels",1 review,Ci9DQUlRQUNvZENodHljRjlvT21FMGN6UlFXRWhRVlU5RWIydG5lbnBhUnpCd1UxRRAB
Abid Ahmed,4.0,"We recently stayed at this hotel and unfortunately left with mixed feelings about our experience.

Firstly, I want to recognise the staff, particularly the guest relations team, who were exceptional throughout our stay. They were friendly, professional, highly capable, and resolved any issues we raised promptly and with genuine care. The front desk staff also deserve praise for being available at all hours and helping us order essential items to our room during the early hours of the morning, which was greatly appreciated.

However, despite the excellent service from the employees, our overall experience was significantly affected by the atmosphere created by some of the other guests. My wife wears a hijab, and as a mixed-race Muslim couple, we unfortunately received frequent stares throughout our stay. This was especially noticeable during dinner and while trying to enjoy the evening entertainment, where it often felt as though my wife’s hijab attracted unwanted attention from other patrons. It made us feel uncomfortable and, regrettably, unwelcome. People would turn and stare as my wife walked past and not smile or break their stare, as we ate people would stare and on one occasion someone muttered something while staring at her and moved their head side to side so as to imply we are from a certain background (they were wrong).

Because of this, we found ourselves spending as much time as possible away from the hotel each day and only returning when necessary, rather than enjoying the facilities we had paid for. I want to stress that the hotel staff themselves were welcoming, respectful, and kind, and they do not reflect the attitudes we experienced from some fellow guests. Equally, I understand that management cannot control the behaviour or prejudices of individual patrons. Nevertheless, the impact on our holiday was very real.

Another disappointment was a tour that we booked through the hotel. Unfortunately, the experience was poor, and we were left to make our own way back, resulting in an additional £40 Uber fare. To the hotel’s credit, the staff apologised sincerely and refunded the cost, which we appreciated, but the incident still dampened what should have been an enjoyable part of our trip.

In summary, the service provided by the hotel’s employees was excellent, particularly guest relations and reception, and they did everything within their power to assist us. Sadly, our comfort and enjoyment were overshadowed by the reactions and behaviour of other guests, which made us feel that we did not truly belong. We hope future visitors from all backgrounds and faiths can experience the same warmth from fellow patrons that the staff themselves so clearly demonstrated.

As it stands I cannot with a clean heart recommend this to any sisters who wear hijab and of colour.",Edited a month ago,2026-07-05,,"Dear Guest,
 
Thank you for taking the time to share review of your recent stay with us. We are pleased to know that you appreciated the professionalism and dedication of our Guest Relations and Reception teams.
 
At Megasaray Hotels, we welcome guests from all nationalities, cultures, ethnic backgrounds, and religions with equal respect. We firmly believe that every guest deserves to feel safe, comfortable, valued, and respected throughout their stay. Diversity and inclusion are among the core values of our hospitality, and we have the utmost respect for every individual's beliefs, traditions, and personal choices, including the wearing of religious attire such as the hijab.
It deeply saddens us to learn that you and your wife felt uncomfortable during your holiday. Although we cannot control the personal attitudes or behaviour of individual guests, please know that this experience does not reflect the values or principles of our hotel.
 
Thank you for recognizing the efforts of our team. We truly hope you will consider giving us another opportunity in the future so that we may provide you with the welcoming and comfortable experience that every guest deserves.
 
Kind regards,
 
Ayla Akbarova
Customer Relations Management
Megasaray Hotels",Local Guide · 33 reviews · 35 photos,Ci9DQUlRQUNvZENodHljRjlvT2t0SFdHdEZUV0pTWkdFelVtTTNYMkp6UjE5SVNXYxAB
diler sadik,5.0,"We are extremely satisfied with the hotel and hope that many more people get to experience it. From management to on-site staff, everyone truly cares about the customer experience.",a month ago,2026-07-05,,"Dear Guest,

Thank you  for your wonderful feedback. We are delighted to hear that you were extremely satisfied with your stay and that our team's dedication, from management to every member of our staff, made a positive impression on your experience.

We would be pleased to welcome you again at our hotel.

Best regards,
Ayla Akbarova
Customer Relations Management
Megasaray Hotels",Local Guide · 21 reviews · 6 photos,Ci9DQUlRQUNvZENodHljRjlvT2tod1pYaHNZVll4Y2pRNVRWaEdaWEJXYjFSak0zYxAB
Leïla,5.0,"This is my second stay at the Megasaray West Beach. In my last review, I mentioned that I would return, and here I am! (June 14th to 21st)
We had another fantastic week.

Nothing to complain about! A warm welcome upon arrival, from the moment we got out of the taxi to the reception.
Regarding the room: very spacious, incredible sea view, king-size bed to our great delight, a fully stocked minibar with a selection of drinks (sparkling water, Sprite, Fuze Tea, Coke, chocolate bars, pretzels, etc.), and quality toiletries in the bathroom.
The restaurant offers a wide variety of dishes every day, including a huge selection of Turkish dishes, which I particularly love. The quality is truly excellent, and the Turkish pastries are to die for. Breakfast includes a wide selection of dried fruit, biscuits, the best scrambled eggs I've ever had, and spinach and cheese rolls that I never tire of, as well as hummus. I also appreciated the option of having chia, flax, or nigella seeds, which really gives that homey feeling. A big BRAVO to the entire kitchen and dining room staff, and especially to Abderahmane, who is always smiling, energetic, and very attentive to everyone's well-being.
The pastry shop offers a breakfast alternative for late risers with excellent sandwiches and delicious cookies.
The afternoon snack bar features truly excellent burgers, pasta, a wide selection of fruit, and of course, stuffed potatoes.
The pool is a pleasure to swim in and always find a spot, no matter the time.

But a special mention goes to the private beach I was delighted to find opposite the hotel, complete with luxurious furnishings and a bar.
All of this is impeccably clean, with attentive staff from the bar to the housekeeping team. Not forgetting the spa staff: Malika, Liya, Medina, and Souleymane, who made our experience exceptional (especially Malika, who gave me great advice!).
And finally, the entertainment team, Emirhan and Emmanuel, who were always there to make sure everything was alright. I've already planned my return.",Edited a month ago,2026-07-05,,"Dear Guest,
We sincerely thank you for taking the time to share this wonderful feedback following your second stay with us.

It is a real pleasure to read that you once again had an excellent stay and that you appreciated the warm welcome, the comfort of your room, the quality and variety of our cuisine, as well as our various relaxation areas such as the pool, the beach, and the spa.
Your satisfaction with all of our services and your loyalty are particularly meaningful to us and represent the greatest reward for our teams.
We would be delighted to welcome you back for another equally enjoyable stay.

Sincerely,
Merve Gülseven
Customer Relations Management
Megasaray Hotels",3 reviews · 5 photos,Ci9DQUlRQUNvZENodHljRjlvT2xORFUySnJTbmh4TXpCcVkwUXhlVlJTYWpGRVZtYxAB
leilaa2808,5.0,"This is my second stay at the Megasaray West Beach. In my last review, I mentioned that I would return, and here I am! (June 14th to 21st) | We had another fantastic week. | Absolutely nothing to complain about! A warm welcome upon arrival, …",a month ago,2026-07-05,,,,ChZDSUhNMG9nS0VOVGdrZFhlb29taGV3EAE
leill2022,5.0,"The rooms are very clean. The staff is so friendly, the food is delicious. The beach is wonderful. The activities are varied and offered daily, and the shows are beautiful. We would love to come back. We've never had such a wonderful vacation. Everything is sensational. Thank you so much!",a month ago,2026-07-05,,,,ChdDSUhNMG9nS0VNeXZvZFdjcmVhOWlBRRAB
Sillybilly,5.0,"Entertainment was excellent,  staff friendly and polite.  Would definitely recommend to family and friends",a month ago,2026-07-05,,"Dear Guest,
Thank you very much for sharing your kind feedback.
We are delighted to hear that you enjoyed our entertainment and found our staff friendly and polite. Providing a welcoming atmosphere and enjoyable experiences for our guests is always our top priority.
We truly appreciate your recommendation to family and friends, and we hope to have the pleasure of welcoming you again in the future.
Kind regards,
Merve Gülseven
Customer Relations Management
Megasaray Hotels",Local Guide · 10 reviews · 3 photos,Ci9DQUlRQUNvZENodHljRjlvT2tOVWRtRnNibVl5YVRGSE0xaG5ZbTh4UVVwek0wRRAB
Илья Крысько,5.0,"The location is great, easy to get to from the airport, and the area offers a promenade. There are various shops and numerous restaurants within walking distance, though we didn't bother trying them, as the food at the hotel is varied and delicious. Everything we tried was excellent, and our child didn't leave hungry. The entertainment staff is considerate, friendly, and engaging. The beach is new and high-quality, with a bar. Service is uneven, only due to the restaurant's heavy workload during peak hours. Waiters can't keep up with everyone. When it's not busy, everything is excellent and the staff is always attentive. The room cleaning is excellent, everything is top-notch, as is the reception staff, who are always ready to answer any questions. The only downside is the welcome drink. They didn't offer us anything upon arrival. They were extremely unresponsive.",a month ago,2026-07-05,,"Dear Guest,

Thank you for your detailed and valuable review. We are delighted that you were pleased with the hotel's convenient location, the variety and quality of food, the entertainment team, the cleanliness of the rooms, and the level of service at reception. We are also pleased to hear that your child enjoyed their stay and the food.

Your comments regarding the restaurant's busy schedule during peak hours and the speed of service have been noted and will be forwarded to the relevant departments for improvement. We also appreciate your feedback regarding the welcome drink upon arrival—this issue will be further addressed.

We value your comments, as they help us improve. We look forward to welcoming you back to our hotel.

Sincerely,
Ayla Akbarova
Customer Relations Management
Megasaray Hotels",1 review,Ci9DQUlRQUNvZENodHljRjlvT201dU1UaENiRE5CWW10UU9GWnJOSGRxV2tSRVZVRRAB
Kerem Dinke,5.0,"Amazing hotel, the holiday went perfectly, the food and the location of the hotel were perfect. The entertainment team in particular was very spontaneous and fun. From morning till evening there are all kinds of activities you can participate in, such as mini disco, fun mini sports, dance shows, karaoke, etc. We were never bored for a single moment during these 11 days. Every day was a new experience. Many thanks to all the staff, except for the entertainment group. I recommend this hotel to everyone!",a month ago,2026-07-05,,"Dear Guest,

Thank you very much for your wonderful review and the kind words about your stay.
It is lovely to hear that you had an ideal holiday and that you were so satisfied with our food, the hotel's location, and the many activities we offer. We are particularly pleased that our entertainment team contributed to an unforgettable holiday with their enthusiasm and energy. It is wonderful to read that you were never bored for a moment during your 11-day stay and that every day was a new experience.

Your recommendation means a lot to us, and we will gladly pass on your compliments to our entire team, especially the entertainment team.

We look forward to welcoming you again in the future.

Kind regards,

Merve Gülseven
Customer Relations Management
Megasaray Hotels",1 review,Ci9DQUlRQUNvZENodHljRjlvT2pGa1VISkdTbkF3VUVoMVNIVm9lbTEwV21rMWFFRRAB
leil Ll (Amaretto),5.0,"The rooms are very clean. The staff is so friendly, the food is delicious. The beach is wonderful. The activities are varied and offered daily, and the shows are beautiful. We would love to come back. We've never had such a wonderful vacation. Everything is sensational. Thank you so much!",a month ago,2026-07-05,,"Dear Guest,

Thank you so much for your wonderful review and kind words about our hotel.

We are delighted to hear that you were completely satisfied with the cleanliness of the rooms, the friendliness of our team, our culinary offerings, and our beach area. It is especially gratifying for us to learn that you enjoyed our daily activities and evening shows so much and that you considered this your best holiday yet.

Your positive feedback is a great motivation for our entire team. Thank you for taking the time to share your experience with us.

We look forward to welcoming you back to the Megasaray Westbeach soon.

Sincerely,

Merve Gülseven
Customer Relations Management
Megasaray Hotels",Local Guide · 39 reviews · 25 photos,Ci9DQUlRQUNvZENodHljRjlvT2s1Nk5WRXpaRVJVUkdVMGNWQmtiV00yZDBZME9YYxAB
Евгений Евгеньев,5.0,"Everything was wonderful. I especially liked Guest Relations, who helped with all my questions. The animators were very cheerful and energetic. The food was top-notch, delicious and varied. The staff was pleasant and helpful. We visited the A la Cart restaurant and really enjoyed the service, the excellent cuisine, the beautiful view, and the cozy atmosphere for an evening dinner with friends. The rooms were cleaned promptly, and everything needed was replaced. The hotel is located in the Konyaalti district. The beach opposite the hotel is beautiful, clean, and has excellent service. It's safe to say it's one of the best on the coast. Thank you all for a wonderful stay; we'll be back. 🙂🥰",a month ago,2026-07-05,,"Dear Guest,

Thank you for your wonderful review and high rating.

We are delighted to learn that you enjoyed the quality of our food, the work of our Guest Relations team, the entertainment programs, the service in the à la carte restaurant, the cleanliness of our rooms, and the atmosphere of our hotel. We are especially pleased that you praised the professionalism and responsiveness of our staff, as well as the comfort and quality of our services.

Thank you for choosing Megasaray Hotels for your vacation. We look forward to welcoming you again and offering you even more wonderful experiences.

Sincerely,

Irina Özkökdemir
Customer Relations Management
Megasaray Hotels",1 review,Ci9DQUlRQUNvZENodHljRjlvT21aWWVtODRjM1pLYnpSb1NtaFplV1E1Y1VaelNrRRAB
Kürşat Semiz,5.0,,a month ago,2026-07-05,,"Dear Guest,

Thank you for your high rating and valuable review of our hotel.
Your satisfaction is our greatest source of motivation. We would be delighted to welcome you back to Megasaray Hotels.

Sincerely,
Irina Özkökdemir
Customer Relations Management
Megasaray Hotels",Local Guide · 10 reviews · 2 photos,Ci9DQUlRQUNvZENodHljRjlvT2tsT1EycEtiRlJaUlU5aE1qVlhNbmxxTnpobGFtYxAB
Dillon Baz,5.0,The service at this place is exceptional the comfort and quality of stay there only five stars otherwise I would give more,a month ago,2026-07-05,,"Dear Guest,

Thank you for your wonderful review and perfect rating.

We are delighted to hear that you found our service exceptional and enjoyed the comfort and quality of your stay. Your kind words are truly appreciated and serve as a great motivation for our team.

We look forward to welcoming you back to Megasaray Hotels for another outstanding holiday experience.

Kind Regards,

Irina Özkökdemir
Customer Relations Management
Megasaray Hotels",4 reviews · 1 photo,Ci9DQUlRQUNvZENodHljRjlvT25oaVNYSkVkemxyUWxOdWRFSlRjRVU0ZUVRelQxRRAB
sanaz hussein,5.0,good,a month ago,2026-07-05,,"Dear Guest,

Thank you for your high rating and valuable evaluation of our hotel.

Your satisfaction is our greatest motivation. We look forward to welcoming you again at Megasaray Hotels.

Kind Regards,

Irina Özkökdemir
Customer Relations Management
Megasaray Hotels",1 review,Ci9DQUlRQUNvZENodHljRjlvT205WGQyVjVXbHBXZHpWRGMxWlhTVzFXVFc4NVUzYxAB
Ava Hass,5.0,"Best hotel ever. If you are ever in Antalya , you have to stay in this hotel. The staff is amazing. The rooms are clean and the food variety is great.",a month ago,2026-07-05,,"Dear Guest,

Thank you for your wonderful review and for your kind recommendation.

We are delighted to hear that you enjoyed our hospitality, clean rooms, and the variety of food offered during your stay. Your positive feedback is a great motivation for our entire team.

We look forward to welcoming you back to Megasaray Hotels for another memorable holiday.

Kind Regards,

Irina Özkökdemir
Customer Relations Management
Megasaray Hotels",9 reviews · 1 photo,Ci9DQUlRQUNvZENodHljRjlvT25kYVdIVjRjRnBIZHpSeGFWZGFZV1pDVWpKeVMyYxAB
Robert-Stefan Dumitru,5.0,"We stayed at this hotel and everything was beyond expectations. The room was spotless, clean and spacious, the location excellent, and the service impeccable. The food was varied and delicious.

The daily activities were a big plus: morning yoga sessions, dance classes and evening shows prepared by the entertainment team. Live music always created a pleasant atmosphere, and the entertainment team constantly took care of the well-being of the guests.

During our stay, the entertainment team always had something prepared, so there was no moment of boredom. Regardless of age, each guest found an activity to their liking, all in a relaxed and friendly atmosphere.

The entertainment team encouraged us to participate in physical activities and managed to create a welcoming atmosphere for everyone. I highly recommend this hotel to anyone looking for a successful vacation!",a month ago,2026-07-05,,"Dear Guest,

Thank you for your wonderful review and for sharing such detailed feedback about your stay.
We are delighted to hear that your experience exceeded your expectations and that you enjoyed the comfort of your room, our location, services, and the variety of food offered throughout your stay.
It is especially rewarding to know that the daily activities, evening shows, live music, and entertainment program added so much enjoyment to your holiday. Creating a welcoming atmosphere with engaging activities for guests of all ages is one of our main goals, and we are pleased that this contributed to a memorable experience for you.
Thank you for your recommendation. We look forward to welcoming you back to Megasaray Hotels for another successful and enjoyable holiday.

Kind Regards,

Irina Özkökdemir
Customer Relations Management
Megasaray Hotels",4 reviews,Ci9DQUlRQUNvZENodHljRjlvT2pJd2VubHVOa0Z3U1hkSWNscHhRMmRQWlZwS1pVRRAB
Murat Sanli,2.0,"Title: Location and View are Great, But Hygiene and Service are a Big Disappointment
My wife and I chose the Megasaray Westbeach hotel on recommendation and because we were curious about the Konyaaltı area. However, as guests who have previously stayed at high-standard facilities such as Akra Hotel and Mirage Park Resort in Antalya, we were unfortunately very disappointed with this hotel.
Positive Aspects:
The hotel's location and the view from our room were really beautiful. I can say that was the only positive aspect of the facility.
Negative Aspects and Problems We Experienced:
Serious Hygiene Problem: The glasses, plates, and serving dishes in the restaurant were extremely stained and dirty. The hygiene standard is unacceptable for a hotel in this segment.
Restaurant Cleanliness: The artificial flowers right next to the dining tables have become a veritable dust den. It's difficult to guess when they were last cleaned; seeing this while eating is truly nauseating. Insufficient Sun Loungers and Capacity: The number of sun loungers on the beach was far too low for the hotel's capacity. Because the hotel was full, it was impossible to find a spot on the beach until the afternoon. We had to wait in line for sun loungers on a holiday we came to relax. In short, the beauty of the location is not enough to compensate for these major shortcomings in management and service quality. It was a holiday we came to with high hopes but left with regret. Unfortunately, I cannot recommend it to guests looking for a certain standard of service and cleanliness.",a month ago,2026-07-05,,"Dear Mr. Murat,
First of all, thank you for sharing your experience with us after your stay.
We are pleased that you were satisfied with our location and the view from your room. However, we are sorry that your holiday did not fully meet your expectations.
We have carefully reviewed your comments regarding hygiene. In our facility, service equipment and restaurant areas are regularly checked and cleaned in accordance with the established hygiene standards. However, we do not disregard the possibility of momentary disruptions, especially during peak periods, and we consider such feedback important for improving our service quality.
Your opinions regarding the decorative elements in the restaurant area and beach use have also been shared with our relevant departments. Especially during the summer season, due to high occupancy rates, there may be congestion in the beach area at certain times. Our team is meticulously maintaining the necessary arrangements so that all our guests can use these areas in the most comfortable way.
Each guest's experience and expectations may differ. We, however, continue our work tirelessly to provide the same care and service standard to all our guests. Your opinions are also valuable feedback for us in this process.
Thank you for your valuable feedback, and we hope to have the opportunity to welcome you again in the future. Sincerely,
Merve Gülseven
Customer Relations Management
Megasaray Hotels",Local Guide · 46 reviews · 27 photos,Ci9DQUlRQUNvZENodHljRjlvT2tOcFJUaEtOMGMzUldVM1MzcHZOR000TjJwMlpIYxAB
Rik Deboer,5.0,Great staff here and a super fun animation team!!,a month ago,2026-07-05,,"Dear Guest,

Thank you for your wonderful review and for giving us a perfect rating.

We are delighted to hear that you enjoyed our service and had a great time with our entertainment team. Your kind words are a great motivation for all of us.

We look forward to welcoming you back to Megasaray Hotels for another memorable holiday.

Kind Regards,

Irina Özkökdemir
Customer Relations Management
Megasaray Hotels",1 review,Ci9DQUlRQUNvZENodHljRjlvT2pOeFgzRjFkVWhqYkZsR1YxazViRmRrTW00NE9XYxAB
Yasemine Yilmaz,5.0,"The hotel was beautiful, the staff were very attentive, and the service was excellent.

We especially thank Sevil for her friendly demeanor, professionalism, and attentiveness. She made our holiday even more wonderful.",a month ago,2026-07-05,,"Dear Guest,

Thank you for your valuable feedback and high rating.

We are very pleased that you were satisfied with our hotel, the quality of our services, and the hospitality of our team. Providing our guests with an unforgettable holiday experience is our top priority.

We would be delighted to welcome you back to Megasaray Hotels.

Sincerely,
Irina Özkökdemir
Customer Relations Management
Megasaray Hotels",2 reviews,Ci9DQUlRQUNvZENodHljRjlvT2tveGNFbHphR0UzTm5wTlIxcFJURUpZVjFFd1VIYxAB
Алексей Носков,5.0,"Great atmosphere, they try to keep track of everything. The drinks and food are good, they tried to order different things at all times, and the drinks in the room were replenished daily.
Every day there's something going on.
Animation, shows, discos, games.
Entertainment team 👍",a month ago,2026-07-05,,"Dear guest,

Thank you for your review and high rating of our hotel.

We are glad you enjoyed the atmosphere, the quality of the food and drinks, and the variety of entertainment options. We are especially pleased to know that the animation program, shows, and evening activities made your stay even more interesting and fulfilling.

We look forward to welcoming you back to Megasaray Hotels.

Sincerely,

Irina Özkökdemir
Customer Relations Management
Megasaray Hotels",4 reviews,Ci9DQUlRQUNvZENodHljRjlvT21aaFRtbzRkVEJPYzAxTFdVaHBhMVZmTFhVNVMwRRAB
Евгений Маркевич,5.0,"Thank you for a wonderful stay and for your warm hospitality. We loved everything! Special thanks to our maid, Aysha, for her excellent and conscientious work. The room always had fresh sheets and towels, and she even brought robes at our request! She was always welcoming and attentive! THANK YOU for all her hard work! Evgeniy and Svetlana, St. Petersburg, Russia!",a month ago,2026-07-05,,"Dear Guest,

Thank you for your feedback. We are delighted that you had such a pleasant stay and that you were satisfied with the level of service and the work of our team.

We look forward to welcoming you back to our hotel!

Sincerely,
Ayla Akbarova
Customer Relations Management
Megasaray Hotels",1 review,Ci9DQUlRQUNvZENodHljRjlvT25JeE5tWXpSQzFtWkRGVFJEQjFTSGcyYVU1d1MzYxAB
dany ghawi ICS BR4,5.0,So i arrived with my family to megasaray and we anjoy with the entertainment withe mini disco and the activities and they are so kind they speack lle the language,a month ago,2026-07-05,,"Dear Guest,

Thank you for your review. We are delighted to hear that you and your family enjoyed your stay, especially the entertainment activities and mini disco. It is wonderful to know that our team’s kindness and multilingual service contributed to your positive holiday experience.

We would be pleased to welcome you again at our hotel.

Best regards,
Ayla Akbarova
Customer Relations Management
Megasaray Hotels",1 review,Ci9DQUlRQUNvZENodHljRjlvT2s1Q2IyMHdhRmcyVVdscWNXRjVMVU5GUjJwbGVFRRAB
Фархад Ахмедов,5.0,"We really enjoyed our stay at the Megasaray Hotel. The staff was very polite and knowledgeable, everyone was welcoming and helpful. I'd like to express my special thanks to Kamila for her help, assistance in challenging situations, and for her high level of professionalism!",a month ago,2026-07-05,,"Dear Guest,

Thank you for your feedback. We are delighted that you had a positive experience and that you highly appreciated the courtesy, responsiveness, and professionalism of our team.

We look forward to welcoming you back to our hotel!

Sincerely,
Ayla Akbarova
Customer Relations Management
Megasaray Hotels",1 review · 11 photos,Ci9DQUlRQUNvZENodHljRjlvT2pKdVlrZzVaVlV6VjBzeWNtNTNSMGx4Tld0M1RsRRAB
Metri x,5.0,"What a great hotel!
We'd like to express our deepest gratitude to the Megasaray Hotel's animation team! Especially to our entertainer, Mahabat!! ❤️❤️❤️ She made our vacation truly vibrant and memorable! She energized us from the very morning and throughout the day! We especially enjoyed the water aerobics and many other sports activities. A huge thank you to her! ❤️❤️❤️
I'd also like to highlight the evening show. Every evening we enjoyed a varied program, including exciting dance shows, karaoke, and live music.
We'd like to express our sincere gratitude to each of the entertainers for their hard work, energy, and smiles.",a month ago,2026-07-05,,"Dear Guest,

Thank you for your feedback. We are glad you enjoyed our animation team, sports activities, and evening entertainment. It's great to know you had a wonderful and positive experience.

We look forward to welcoming you back to our hotel!

Sincerely,
Ayla Akbarova
Customer Relations Management
Megasaray Hotels",1 review · 1 photo,Ci9DQUlRQUNvZENodHljRjlvT2tWck1IUXlNV2xyU0hCQ2FVMTZZalp1ZDJoNmNGRRAB
Rebecca Ozaniec,5.0,"We had the best holiday here!! (It was the second time visiting for some of us and third for others). There’s the best energy and vibe here, and this is very much down to the amazing staff :) :) <3

Whether it’s Uzay bringing you cocktails by the pool (without you even needing to ask - on roller skates!) Makhabat getting you dancing in the pool with some hilariously fun water aerobics and getting you moving on the dance floor; Immanuel lighting up your day with his warmth, energy and Latino dancing all evening; Naz the sweetheart chatting to you on the sun lounger, enabling a soft start to your day with morning yoga, or working you hard in steps aerobics; or Muhammed’s amazing energy, enthusiasm, inspiring stories and awesome dance moves! These guys are the reason you’ll have the best holiday ever!

Not forgetting, Baeddyy, the most upbeat, witty barman ever, who works day and night (on roller skates) but is never too tired to make you smile and bring you a round of fresh drinks! The wonderful barman Baran, who works tirelessly and is so friendly and kind, always brightening your day; Kirrill, the hardworking, solo barman who still remembers your favourite drinks every time; Yusuf, the fabulous Lifeguard who is always keeping your kids safe and happy to help out; and many more!

The food is gorgeous, there’s so much choice (thank you, incredible catering staff and waiters/ waitresses!) There’s some excellent entertainment and music each night (thanks Mehmet and Eyup) and staff will always get everyone up dancing. It’s so fun!!

The beach is also gorgeous, the pools, the hotel itself, the rooms. The reception staff, Guest Relations, photographer, masseuse, cleaning staff, “Bell boys.” Everyone was so welcoming, helpful and accommodating.

The children were so happy and entertained throughout - eating lunch whenever they pleased, ice cream, churros, jacket potatoes, fruit, jumping in the pool, splashing in the waves at the beach, playing in the Fun Zone, dancing at the Mini Disco. It was the most wonderful holiday for us all.

Cannot recommend it enough! Thank you Megasaray!

Love Rebecca, Rabia, Jan, Maisy and Lara, Mira and Bella xxx",a month ago,2026-07-05,,"Dear Guest,

Thank you for your wonderful and detailed feedback. We are delighted to learn that your stay was filled with memorable moments and that you enjoyed our food and beverage offerings, entertainment program, beach and pool areas, as well as the family-friendly atmosphere throughout the resort. It is especially rewarding to know that our team's dedication and hospitality contributed positively to your holiday experience and helped create lasting memories for both adults and children.

We would be pleased to welcome you again at our hotel.

Best regards,
Ayla Akbarova
Customer Relations Management
Megasaray Hotels",1 review,Ci9DQUlRQUNvZENodHljRjlvT21WbVZWVTRaREJEVDFkU1luSk5hWEJVVWtaTGNIYxAB
metas,5.0,,a month ago,2026-07-05,,"Dear Guest,
Your satisfaction is the greatest reward for us. We look forward to welcoming you again soon.

Warm regards,
Ayla Akbarova
Customer Relations Management
Megasaray Hotels",Local Guide · 627 reviews · 264 photos,Ci9DQUlRQUNvZENodHljRjlvT2xCVFlqRTJTbkprZFdGa2RqWm5Xa2gzTkVGSlRWRRAB
Manuela Deboer,5.0,"We are super, really happy. Everything is well organized and neat. Super sweet people from the hotel and the entertainment team. Truly 5 stars.",a month ago,2026-07-05,,"Dear Guest,

Thank you for your kind and detailed feedback. We are delighted to learn that you enjoyed a peaceful and comfortable family holiday and appreciated the atmosphere, organization, and hospitality offered throughout your stay. It is especially rewarding to know that the cleanliness of your room and the attentive service you received contributed positively to your overall experience.

We would be pleased to welcome you again at our hotel.

Best regards,
Ayla Akbarova
Customer Relations Management
Megasaray Hotels",1 review,Ci9DQUlRQUNvZENodHljRjlvT25abFpFWmFUR2hWT1haSFkyeDJNVlZGTVhGU2VtYxAB
RASHID,5.0,"We would like to express our sincere gratitude to MegaSaray for a wonderful, peaceful, and comfortable family vacation. The hotel has a very pleasant atmosphere, everything is well organized, and guests from different nationalities are treated with respect and kindness.

We would especially like to thank a young lady named Tuba, who took care of our room 3004. She is very polite, kind, neat, and pleasant. Our room was always cleaned beautifully — with great attention, care, and responsibility. Whenever we asked her for anything, she responded calmly, kindly, and helped us right away.

She speaks with such warmth and respect, and it is clear that she does her job sincerely and conscientiously. Employees like Tuba make the stay even more enjoyable and leave guests with very good memories.

Many thanks to MegaSaray, and a special thank you to Tuba for her hard work, cleanliness, care, and wonderful attitude toward guests.",a month ago,2026-07-05,,"Dear Guest,

Thank you for your kind and detailed feedback. We are delighted to learn that you enjoyed a peaceful and comfortable family holiday and appreciated the atmosphere, organization, and hospitality offered throughout your stay. It is especially rewarding to know that the cleanliness of your room and the attentive service you received contributed positively to your overall experience.

We would be pleased to welcome you again at our hotel.

Best regards,
Ayla Akbarova
Customer Relations Management
Megasaray Hotels",4 reviews · 12 photos,Ci9DQUlRQUNvZENodHljRjlvT2tkM1kwTlBlRjlQTWxJM2EwZEdia0ZaVFdsMGIzYxAB
Nadin Sineok,5.0,"This is our third time staying at the Megasaray Hotel – our last one was in June 2026! We are very happy! We feel like we're at home! The staff is the hotel's greatest asset! They provide unparalleled service!
The entertainment team is incredibly energetic – I'm doing aqua aerobics during the day, and my husband is doing flex training! I'd especially like to mention Emmanuel, Elina, Mahabat, Naz, and Emirkhan! They always ask how things are going and how we're feeling! Yulia is a wonderful entertainer at the kids' club; my daughter didn't want to leave her.
The kids' disco is fantastic, and the staff is generally very kind and attentive to the children!
This year, the evening shows are a real joy: talented bands, dancers, and performers! The kids love the clowns!
The children's entertainer and sports animators speak excellent Russian. It doesn't matter to us, but our daughter is extremely comfortable!
The food in the restaurant is, as always, excellent! A wide variety: fish, seafood, fruit, appetizers, fresh herbs and vegetables! Special mention to the waiters: Sivil, Abdurakhman, and Zemzem – attentive, smiling, and sincere! They recognized us from last year and set the table with roses and flower-shaped napkins! The bar makes absolutely wow cocktails! Special mention to bartenders Baran, Ali, Semin, and Gul!",a month ago,2026-07-05,,"Dear Guest,

Thank you for such a detailed and warm review, and for choosing us again for your vacation.

We are honored to know that you feel at home with us. We are especially pleased to hear that you highly appreciated the work of our team, the variety of animation programs, evening shows, kids' club, and the quality of our food.

We are truly delighted that our active adult programs, attention to children, and friendly atmosphere made your stay even more comfortable and memorable. Your kind words about the animation team, restaurant, and bar staff are a wonderful inspiration to all our colleagues. We will be sure to pass on your gratitude to the relevant departments.

Thank you for your trust, loyalty, and wonderful recommendations. We look forward to seeing you again and offering you another unforgettable vacation.

Sincerely,
Irina Özkökdemir
Customer Relations Management
Megasaray Hotels",1 review,Ci9DQUlRQUNvZENodHljRjlvT2xOQk9VSjNjVTlGWWxodmFqZFVPV2d6VmxkM2FFRRAB
ABO AA,5.0,"06/2026
The hotel is very well located with its new private beach right across the street.

A big plus for the sea view room; it's magnificent. We never tire of it.

High-quality sun loungers and parasols are plentiful, and Ali at the bar is always smiling.

The entertainment is top-notch.
Sports activities and evening entertainment are of very high quality.
Thank you to Emirhan for his smile and zest for life.

The room and bedding are of high quality.

Thank you to the chambermaid for her kindness and always smiling service.

Thank you to the tireless Abdurahman for his excellent service and constant energy in the restaurant.

A big congratulations to the entire restaurant team. It's beautiful and delicious. Full of color and flavor.

Thank you to Malika Liya Médina and Souleyman, thanks to whom we had an excellent time at the spa.

Just like during our first stay in September 2025, we had a wonderful time and hope to return again.

09/2025
I'm revising my less enthusiastic review, which I wrote a bit too hastily.

The hotel is excellent; everything fully met our expectations, regardless of the service: room service, restaurant, pools, beach, and spa.

A special mention for Derya in the restaurant for her excellent service, always with a smile and perfect English. We regret not being able to thank her in person! As for the food, you'll find everything in terms of taste, color, quantity, and quality!

Another special mention for Abdurahman at the beach, who was always attentive to our well-being. All-inclusive at the beach... AMAZING! The beach is just a 10-minute walk or shuttle ride away. Both options are very convenient!

A quick mention to the gentleman in charge of the parasols and beach cleanliness. Very discreet yet doing a remarkable job.

The spa massage and facial were also excellent; thank you to the ladies and the gentleman who assisted us at the information desk.

And let's not forget Ali in customer service, who did everything he could to get my phone back after I'd left it in a taxi! Thank you again!

A big THANK YOU to everyone!

Overall, the entire team made our stay very enjoyable.

We've only been back for a few days and we're already planning our return trip. I highly recommend this hotel for your holidays in Antalya!",Edited a month ago,2026-07-05,,"Dear Guest,

Thank you very much for your wonderful review and for choosing Megasaray Westbeach Antalya once again.

We are delighted to hear that you enjoyed another memorable stay with us and that you appreciated our seafront location, private beach, comfortable rooms, entertainment program, SPA services, and culinary offerings. It is especially rewarding to know that our team members contributed positively to your holiday experience with their attentive and friendly service.

Your kind words are a great motivation for all of us, and we truly appreciate your continued trust since your first visit in 2025.

We look forward to welcoming you back for another exceptional stay in the future.

Kind Regards
Irina Özkökdemir
Customer Relations Management
Megasaray Hotels",Local Guide · 81 reviews · 412 photos,Ci9DQUlRQUNvZENodHljRjlvT2tOblNURkdYM00wWDJGMVJtcHZkV3RETldSWGNXYxAB
Игорь Нечаев,5.0,"Overall, I liked everything. The room was cozy and clean. The staff was friendly and helpful. I'd especially like to mention the waiters, Ismail and Elizaveta. The hookah man is a real gem and knows his stuff. On our last day, we were invited to a Gala dinner at a Mediterranean restaurant. They're true professionals. The food was excellent, and Ali, the waiter, was truly captivating. I almost forgot about the spa salon; the massages were excellent, and the staff was pleasant.",a month ago,2026-07-05,,"Dear Guest,

Thank you for your wonderful review and high rating.

We are delighted to learn that you were satisfied with your stay, the comfort of your room, the quality of service, and the hospitality of our team. We are especially pleased that you praised the restaurant staff and enjoyed your visit to our spa and gala dinner.

Your kind words are the best motivation for our entire team, and we will certainly share them with our colleagues.

We look forward to welcoming you back to Megasaray Hotels and offering you even more wonderful experiences.

Sincerely,
Irina Özkökdemir
Customer Relations Management
Megasaray Hotels",1 review · 1 photo,Ci9DQUlRQUNvZENodHljRjlvT25sR1ZWWmlhREIwTldzdGFreGFhakp3VTJSYU0xRRAB
Jack Mccoy,5.0,"I have been on Holiday here for 5 days and I had so much fun, the activities were really good, the restaurants were really good and we were able to drink all day and eat all day. The lobby bar is really good.

The entertainment team including emmanuel and Emir were really good and the entertainment team were very good at speaking english and also the entertainment show in the evenings was really fun. The entertainment team was really good.

The hotel is also really close to Antalya which is fun.",a month ago,2026-07-05,,"Dear Guest,

Thank you very much for your wonderful review and perfect rating.

We are delighted to hear that you had such an enjoyable holiday and that you were pleased with our restaurants, bars, entertainment program, and all-inclusive services. It is especially rewarding to know that our entertainment team contributed to making your stay even more memorable.

We are also glad that you enjoyed our convenient location and had the opportunity to explore Antalya during your stay.

Thank you for choosing Megasaray Hotels. We look forward to welcoming you back for another fantastic holiday in the future.

Kind Regards
Irina Özkökdemir
Customer Relations Management
Megasaray Hotels",1 review,Ci9DQUlRQUNvZENodHljRjlvT25obFNuWnNaRUZhYUZoNVgxbGhaRUZ5U21NdFRuYxAB
eda ozturk,5.0,"The best thing about the hotel for us is that the children can find activities to keep themselves occupied every minute and every hour, allowing us adults to enjoy our vacation 🥰 The mini club staff have a great time with the children. The food and variety are fantastic, the animation team was very friendly and attentive, the activities were great, we participated in darts, thank you to Naza from the animation team for her energy.
The daytime pool entertainment is amazing.
The staff is always smiling and respectful. We were very satisfied, thank you for everything.",a month ago,2026-07-05,,"Dear Guest,

Thank you for your valuable feedback and kind thoughts.

We are extremely pleased that both your children had a wonderful time during your stay and that you were able to enjoy your holiday. We are very grateful that you appreciated the attention our Mini Club team showed to the children, our animation programs, and our daytime activities.

Thank you for your kind words about our variety of food, our friendly service, and our entertainment programs. We will also gladly share the positive feedback you provided about our team member with them.

We would be delighted to welcome you back to Megasaray Hotels.

Sincerely,
Irina Özkökdemir
Customer Relations Management
Megasaray Hotels",3 reviews,Ci9DQUlRQUNvZENodHljRjlvT25Kc1JsZEVXRFJITlRoemFrNU9XWFZGY25oRllVRRAB
Blue River,5.0,"This is our third visit. We would like to thank everyone from the reception staff upon arrival, to the guest relations and all other staff who looked after us throughout our stay. The drinks are of good quality. The food buffet is quite extensive and the food is delicious. The hotel has its own private beach and beach bar right opposite Konyaaltı beach. We will definitely come again.",Edited a month ago,2026-07-05,,"Dear Guest,

Thank you for your valuable feedback and for choosing us again.

It is a great pleasure for us that you were satisfied with your stay on your third visit. We would also like to thank you for your kind words to our reception team, our guest relations department, and all our colleagues.

We are pleased that you enjoyed the quality of our food and beverages, our rich buffet options, and our beach services. Providing our guests with the same high standards of service on every visit is our top priority.

We look forward to welcoming you again and thank you for your valuable feedback.

Sincerely,
Irina Özkökdemir
Customer Relations Management
Megasaray Hotels",Local Guide · 16 reviews · 1 photo,ChdDSUhNMG9nS0VJQ0FnSURPLWU3VHpBRRAB
Defne Dogan,5.0,"We went there for our friend's wedding and stayed for 4 days. We were very pleased, both with the staff and the food. It's more like a holiday resort than a city hotel. Thank you to everyone who took care of us. I think it deserves more than 5 stars. We would also like to thank Ms. Ayça. It's a place we would definitely come back to.",a month ago,2026-07-05,,"Dear Guest,

Thank you for sharing your review. We are pleased that you were satisfied with our staff and food services during your stay.

We would be delighted to welcome you and your family again.

Sincerely,
Ayla Akbarova
Customer Relations Management
Megasaray Hotels",1 review · 5 photos,Ci9DQUlRQUNvZENodHljRjlvT2pCTWRHSTNjRVZCYW1KSVYwdE9hRkZKU1VwUFpIYxAB
Sinan Uyar,5.0,"I thoroughly enjoyed my two-night vacation. The animation, morning activities, evening shows, and interaction with guests were particularly excellent.",a month ago,2026-07-05,,"Dear Guest,

Thank you for sharing your review. We are delighted by your positive feedback regarding our animation team's activities, evening shows, and guest communication.

We would be happy to welcome you and your family again.

Sincerely,
Ayla Akbarova
Customer Relations Management
Megasaray Hotels",4 reviews,Ci9DQUlRQUNvZENodHljRjlvT2toRllVOVFha1ZsV1U5bVlWRnROREJyTjNCaVRIYxAB
Derviş Önemli,5.0,The morning activities and the evening live music were wonderful. The animators and waiters were attentive to everyone individually. Emirhan and Emanuel especially did their best to ensure everyone had a good time. Thank you so much! The food was amazing. I will recommend it to everyone.,a month ago,2026-07-05,,"Dear Guest,

Thank you for sharing your review. We are pleased that you were satisfied with our animation team, service team, food, and entertainment programs.

We would be delighted to welcome you and your family again.

Sincerely,
Ayla Akbarova
Customer Relations Management
Megasaray Hotels",2 reviews,Ci9DQUlRQUNvZENodHljRjlvT2xsVlpITnhPRlJZWDBOMU9VVkpRMjVyTXpSUWJHYxAB
ahmet bastug,5.0,"The hotel was fantastic in every way, especially the animators who were very friendly. The activities were very enjoyable; darts and water polo were great, the food was amazing, and the live music and dance shows were a real treat.",a month ago,2026-07-05,,"Dear Guest,

Thank you for sharing your review. We are pleased that you were satisfied with our animation team, activities, food, and entertainment programs.

We would be delighted to welcome you and your family again.

Sincerely,
Ayla Akbarova
Customer Relations Management
Megasaray Hotels",1 review,Ci9DQUlRQUNvZENodHljRjlvT25Wa1pXVndWWGRuTUZvNVIzUklaR296ZDNKdWMyYxAB
Валерия Котанова,5.0,"A wonderful hotel, very convenient location, pharmacy, shops, and a market are all nearby. The food in the restaurant is delicious, though it's a shame you can't fit everything in your stomach. The staff is very helpful and smiling. I'd also like to mention the entertainment team; they're great, with various activities from morning until evening. In the evening, there's a special program with a dance show, karaoke, and live music. They're energetic and fun, and they connect with both children and adults, and their language skills are top-notch.",a month ago,2026-07-05,,"Dear Guest,

Thank you for your review.
We are glad you were satisfied with the hotel's location, food, and the work of our entertainment team.

We look forward to welcoming you back to Megasaray Hotels.

Sincerely,
Ayla Akbarova
Customer Relations Management
Megasaray Hotels",1 review,Ci9DQUlRQUNvZENodHljRjlvT2pSV1pYWnhjakJRTlhSa2JHczBSSFZ4Y1hCaE5GRRAB
Зауреш Рухолла,5.0,"Super!
Awesome!
We had a family vacation with our children and grandchildren.
We loved everything: the hotel itself, the location, the rooms, the restaurants, the spa, the entertainment team with their varied evening programs, and the staff were simply amazing, so customer-focused!
Our grandchildren invited us to the evening mini-disco every day, hosted by the entertainers Emanuel and Mahabbat!
Wishing the kids prosperity!
Wishing the Megasaray Westbeach Hotel prosperity!",a month ago,2026-07-05,,"Dear Guest,

Thank you for your feedback.
We are glad you enjoyed your stay, including the animation team, evening programs, and the overall atmosphere of the hotel.

We look forward to welcoming you back to our hotel.

Sincerely,
Ayla Akbarova
Customer Relations Management
Megasaray Hotels",1 review,Ci9DQUlRQUNvZENodHljRjlvT21sNU9VSkpOekJuVkhoWE5UZ3dkak5uUkdnNWFYYxAB
Ирина Перепелица,5.0,"Wonderful hotel, great entertainment. Everything was perfect!",a month ago,2026-07-05,,"Dear Guest,

Thank you for your review.
We are glad you were satisfied with the hotel and the entertainment team.

We look forward to seeing you again at Megasaray Hotels.

Sincerely,
Ayla Akbarova
Customer Relations Management
Megasaray Hotels",2 reviews,Ci9DQUlRQUNvZENodHljRjlvT2pOaFVrSkhjRlpGVlVwTU1rSTVTbEJmUnpCdGVYYxAB
Jonny Escobar,5.0,"This hotel was just Perfect, you have every kind of Food you want. Also the Service was friendly and happy everytime also respectfull.

Entertainment is just on Point you just can enjoy it. They can speak more Languages also so every one understands. I like about Entertainment that they are giving good attetion for me and hospitality, i enjoy Their  Performance, Show and Mini Disco, Little Kids Club but Sweet and active than u guys for Entertainment…

The guys who working at the Bar very friendly an helpfull and very antentive There‘s  a Girl Tall Girl in the Bar she was so help Full and friendly. Ohhh and I remember that about Snack  Restaurant when the Main Restaurant is Vlies u can get  good good for every one a be for Kids too I like it
..",a month ago,2026-07-05,,"Dear Guest,

Thank you for your feedback. We are pleased that you enjoyed the food, service, entertainment, mini club and bar team during your stay.

We would be pleased to welcome you again at our hotel.

Best regards,
Ayla Akbarova
Customer Relations Management
Megasaray Hotels",3 reviews,Ci9DQUlRQUNvZENodHljRjlvT25GeFJXTTNTWEJ3TUZwdWNHSlFNRE5ETkhKTmNtYxAB
Bartłomiej Kuc,5.0,"Love this hotel! Food is amazing, and staff is really nice! We did a perfect bike tour with Makhabat :-) spent here a week with my familly, everything was perfect and I’d definitely recommend this hotel!",a month ago,2026-07-05,,"Dear Guest,

Thank you for your feedback. We are pleased that you enjoyed your stay, especially the food and the service provided by our team.

We would be pleased to welcome you again at our hotel.

Best regards,
Ayla Akbarova
Customer Relations Management
Megasaray Hotels",Local Guide · 23 reviews · 3 photos,Ci9DQUlRQUNvZENodHljRjlvT25CdGF6WTVWV2wxTVhoM1ZFRm5jbFo2VmtsalkzYxAB
Ольга Аникина,5.0,"I stayed at the hotel from June 10th to June 21st, 2026. I liked the location, the beach is now right across the street, the food is excellent, the entertainment is unobtrusive, with darts, yoga, and aqua aerobics during the day. In the evening, they entertain children first, then there are a variety of shows, live music, karaoke, and much more. The entire staff is available from morning until evening. The rooms are cleaned excellently, daily. I accidentally left my bag with an open lock and money in plain sight. The cleaner in my room, 5007, didn't touch it, which speaks volumes about her professionalism. By the way, she speaks Russian and answered any questions and offered advice. The hotel clearly cares about its guests, but there are some downsides: we arrived very early after flying all night, but weren't checked in until 12:00. They offered to pay extra, but they didn't take it. We waited for our room and went to rest. Overall, I recommend this hotel.",a month ago,2026-07-05,,"Dear Guest,

Thank you for your review.
We are glad you were satisfied with the hotel's location, food, entertainment, staff, and room cleaning.

We look forward to welcoming you back to Megasaray Hotels.

Sincerely,
Ayla Akbarova
Customer Relations Management
Megasaray Hotels",1 review,Ci9DQUlRQUNvZENodHljRjlvT25GNlZXVkhUM2xqYlRKUlpIZG9lRkZxTUhSeFYxRRAB
GULMIRAS Касымова,5.0,"Not bad at all for a city hotel, the service is very good.
The entertainment staff are great, charming without being pushy, and there's something new every day.
The food is good, the rooms are cleaned daily.
And the sea—it's magnificent 🤩",a month ago,2026-07-05,,"Dear Guest,

Thank you for your review.
We are glad you were satisfied with the service, food, entertainment team, room cleaning, and the sea.

We look forward to seeing you again at Megasaray Hotels.

Sincerely,
Ayla Akbarova
Customer Relations Management
Megasaray Hotels",1 review,Ci9DQUlRQUNvZENodHljRjlvT25welVGbDJTalJxTTNWbFEzVTBZak5aTm05dFNrRRAB
Galina Tsebrova,5.0,"The hotel is wonderful, the views are stunning, the location is perfect, the food in the restaurant is excellent and varied. I especially want to highlight the animation team, Emanuel and Mahabat. They are energetic and attentive, they had a blast with both children and adults. When they held a mini disco, you could tell how much the children loved them. In the evening, they danced with us and brought the party to life. Overall, the whole team was great, with various activities from morning until night, and then in the evening there were dance shows, karaoke, and live music. I am delighted with the team; I would give them a bonus for this; I've fallen in love with them!",a month ago,2026-07-05,,"Dear Guest,

Thank you for your review.
We are glad you were satisfied with the hotel's location, food quality, views, and the entertainment team.

We look forward to welcoming you back to Megasaray Hotels.

Sincerely,
Ayla Akbarova
Customer Relations Management
Megasaray Hotels",1 review,Ci9DQUlRQUNvZENodHljRjlvT21sWE0xQTFPSEprUWtzd2FIRXpSRXQzU0VGT1UxRRAB
doniyor gayratov,5.0,"Ohhhh so incredibkes holidays here in megasaray west beach with my brother i had so much fun with the entertaiment team,  they give to us so incredible energy for stopr activities and fun, entertaiment team meke to us so hapoy with the shows, and when they dance minidisco they luck so good it’s like a show we love so much, entertaiment tea tyey cab speak many languages and miniclub is so sweet and little but chids of tge people are so happy thank u so much for that experience yiu are the best, the food in rastoran was warn and good the people in the kitchen thank u you do so good job and to reception thqnk u for be so friendly so that do i can say my holidays wqs good ☺️☺️☺️😍😍",a month ago,2026-07-05,,"Dear Guest,

Thank you for your feedback. We are pleased that you were satisfied with the entertainment, mini club, food and service during your stay.

We would be pleased to welcome you again at our hotel.

Best regards,
Ayla Akbarova
Customer Relations Management
Megasaray Hotels",1 review · 1 photo,Ci9DQUlRQUNvZENodHljRjlvT2xaSVYxUkJVMnBVYzFKVVUxWndiV05ET1V0Rk9WRRAB
Кристина Ахременкова,5.0,"I stayed here in early June 2026. This was our second time. The hotel is located near the airport, about 40 minutes by shared transfer. Megasaray is the best on the coast. Charming and friendly reception staff greeted me. I asked for a lower floor, and they offered it without any problem. Thank you, it was a pleasure. The restaurant offers a variety of food, most importantly, delicious food, and even vegetarian options. They've taken care of all my tastes and whims. The restaurant managers are pleasant and smiling. When you greet me, they wish me bon appétit and ask how I'm doing. Since my first trip in September 2025, I've loved Pinky's coffee shop. Pelin, the charming and wonderful barista, greets me there. Thank you for the delicious coffee, the friendly welcome, and the cozy atmosphere in the café. The rooms are also well-equipped, with everything I need. If I need anything, I can always ask the maids in the morning. They clean every day, making it pleasant and comfortable to return to my room. Be sure to come to the hotel! You'll feel right at home here. Security is top-notch, allowing you to relax and enjoy your stay with the high level of service.",Edited a month ago,2026-07-05,,"Dear Guest,

Thank you for your detailed and warm review. We are delighted that you chose Megasaray for the second time and were pleased with the hotel's location, reception service, the variety and flavor of the restaurant's dishes, and the attentive service of our team.

We are especially pleased that you praised the atmosphere at Pinky's Coffee Shop and the service of our barista, Pelin, as well as the cleanliness and comfort of the rooms and daily service. Your kind words are a great motivation for us.

We look forward to welcoming you and your family back to our hotel!

Sincerely,
Ayla Akbarova
Customer Relations Management
Megasaray Hotels",3 reviews,Ci9DQUlRQUNvZENodHljRjlvT25KUmEySlJVMFU0TW5KVVJGQnZURXhFYld4TVZYYxAB
Олеся Пащенко,5.0,"Hooray! We just returned from the Megasarai Hotel, where we vacationed with our family in May-June 2026—and it was absolutely amazing! 😍

I'll start with the location—it's perfect🏖🗻. Then there's the food: wow, what a selection! Fruit🍉🍈🍊🫒🍒, meat, greens, vegetables—there's plenty of it, and everything is so delicious. The food courts are open all day—you can grab a snack at any time. And the drinks? All kinds! Alcoholic🍹🍸🍺 and non-alcoholic—you can have whatever you want.

But what impressed us most were the animators—such great guys💃🕺💃💃! They're cheerful, sociable, and find a common language with everyone. The kids loved them, and we adults also enjoyed all the activities. The evening programs catered to every taste. The children's play area was so big it was impossible to take the kids out.

I definitely recommend this hotel for a family vacation! ❤️",a month ago,2026-07-05,,"Dear Guest,

Thank you for your wonderful review. We are delighted that your family vacation at Megasaray left such a vivid and positive impression. We are especially pleased to hear that you were pleased with our location, the variety and quality of our food, food courts, beverages, and evening entertainment.

We especially appreciate your appreciation of our animation team. We are delighted that both children and adults enjoyed the entertainment and activities.

We look forward to welcoming you back to our hotel!

Sincerely,
Ayla Akbarova
Customer Relations Management
Megasaray Hotels",1 review,Ci9DQUlRQUNvZENodHljRjlvT2kxNVRWZE5ia3RmYlVKWlZWOU9NV05oVW1NM1lsRRAB
kate 6787,1.0,"All our vacation we spent at construction site where the jack hammer works 24/7. Till 2 AM I couldn't fall asleep, because here 4 construction sites around where the noise is terrible! I woke up again at 5 in the morning where saw from the balcony how the workers 👷 work all night and make irresistible noice. While I tried to get to the beach I couldn't swim there, because the noise keeps getting around. I contacted the manager of hotel they told me sorry, but it's municipal construction. They don't have any regulations till what time they are allowed to work. They can't influence on them 👍 Good luck with your resting!",a month ago,2026-07-05,,"Dear Guest,

Thank you for your feedback. To clarify the matter and assist you better, we kindly ask you to contact us directly via crm@megasarayhotels.com so that the issue can be evaluated in more detail. We would be pleased to assist you.

Best regards,
Ayla Akbarova
Customer Relations Management
Megasaray Hotels",Local Guide · 12 reviews · 9 photos,Ci9DQUlRQUNvZENodHljRjlvT25kYU9UWjBabms1UkVseVlXa3diV1I0WjFFMU1VRRAB
Miras Mukashev,5.0,"I really like the entertainment team, they are speaking well in English, Russian and Turkish. Also, their vibes and how they approach the guest is awesome and they are doing great activities in the morning and beautiful shows and live musics at night.",a month ago,2026-07-05,,"Dear Guest,

Thank you for your valuable feedback. We are delighted to hear that you enjoyed the entertainment team and appreciated their multilingual communication and positive approach to our guests. It is also wonderful to know that you enjoyed the daytime activities, evening shows, and live music performances.

We would be happy to welcome you again at our hotel.

Kind regards,
Ayla Akbarova
Customer Relations Management
Megasaray Hotels",1 review,Ci9DQUlRQUNvZENodHljRjlvT2pjeGMxQm9TRTVuWlhnM1FWcE5jSFpSY2w5NGVsRRAB
Yusuf KAYHAN,5.0,,a month ago,2026-07-05,,"Dear Guest,

Your satisfaction is our greatest reward. We look forward to welcoming you again.

Sincerely,
Ayla Akbarova
Customer Relations Management
Megasaray Hotels",Local Guide · 72 reviews · 8 photos,Ci9DQUlRQUNvZENodHljRjlvT21kbk1qQm5Sa2hXYTFwRVRrazBWSEpMVEVrMlMxRRAB
Beyza Yıldırım,5.0,"Everything was wonderful during our stay. The cleanliness, comfort, and amenities of the hotel exceeded our expectations. The staff were extremely friendly, attentive, and helpful. The rooms were spacious and well-maintained. The common areas, pool, and garden design were beautifully thought out. We felt comfortable and special throughout our holiday. I wholeheartedly recommend it to anyone looking to relax and have a pleasant time. Thank you to all the staff involved, we hope to see you again soon.",a month ago,2026-07-05,,"Dear Guest,

Thank you for sharing your valuable feedback. We are pleased that the cleanliness, comfort, and amenities of our hotel exceeded your expectations, and that you enjoyed our rooms, common areas, and the service of our staff.

We would be delighted to welcome you and your family again.

Sincerely,
Ayla Akbarova
Customer Relations Management
Megasaray Hotels",4 reviews · 1 photo,Ci9DQUlRQUNvZENodHljRjlvT25NNVlscFRiMEpMUVc5bk1IZGZXakF5WlVWNFNrRRAB
Maarja M,5.0,"I have stayed at this hotel three times now and it never fails to make me want to come back. The location is very good and the staff are incredibly nice, friendly and helpful. They really go beyond to make guests feel welcome and taken care of.

One thing I would like to mention is that the food choices used to be a little better in the past. I remember there being more lamb dishes and more Turkish food before. Also, some popular items were finished before dinner had ended and this had never happened during my previous stays. Maybe it was a miscalculation or maybe there were different types of guests this time, I do not know, but it was something I noticed.

The rooms were clean and the cleaners were always nice and polite. However, the family room could use some updating. There was only a closet in one of the rooms and that same room had no window at all. There was also no door between the main room and the corridor, which made the layout feel less private. I think this is something that should be improved in the future.

Despite these small negatives, the overall experience was still very good. All the staff were lovely, I would like to mention everyone by name, but this review would get too long. I would especially mention Leonie, she is such a sweetheart. Muhammed and the whole entertainment team, keep up the good work and it was nice talking with you. Then the rollerblade guy, who was such a special person.

There was even a special party during our stay, with lots of street food, special dancers and painters. The beach has been moved closer, so it is now just across the street and you do not have to go so far. I had another wonderful stay and if possible I will definitely be coming back again.",a month ago,2026-07-05,,"Dear Guest,

Thank you for your detailed review and for choosing our hotel for the third time. We are delighted to know that you continue to enjoy our location, the friendliness of our team, the cleanliness of our rooms, and the overall atmosphere of the hotel. It is also a pleasure to hear that you enjoyed the entertainment programme and the special events organised during your stay.

We also appreciate your constructive comments regarding the food selection and the family room layout. Please be assured that your observations have been shared with the relevant departments for review and consideration as part of our continuous improvement efforts.

We would be pleased to welcome you again at our hotel.

Best regards,
Ayla Akbarova
Customer Relations Management
Megasaray Hotels",6 reviews,Ci9DQUlRQUNvZENodHljRjlvT25GSVYzVnFRalkxVkhScVlrbGFZVlJ3WkZwNE1sRRAB
Эльвира Сабирова,5.0,"Excellent hotel. Active entertainment staff, fun interactions with guests, lots of different daytime activities, and evening shows every day. The food and drinks are excellent. The sun loungers and umbrellas on the beach have been completely updated. A very decent city hotel. I'll be back.",a month ago,2026-07-05,,"Dear Guest,

Thank you for your review. We are truly pleased that you highly appreciated our entertainment program, the variety of daytime activities, the evening shows, the quality of our food and drinks, and the updated beach facilities.

We look forward to welcoming you back to our hotel!

Sincerely,
Ayla Akbarova
Customer Relations Management
Megasaray Hotels",1 review,Ci9DQUlRQUNvZENodHljRjlvT205WlEwRkVTVkl6VFc0MllYRTNTMk41Wm5sa2VFRRAB
Halit Akpinar,5.0,"This is my second visit. The food, the pool, the sea, the service – everything was excellent. Those considering coming can make reservations with peace of mind. We would also like to thank Herman, who works in the restaurant, for his attentiveness.",a month ago,2026-07-05,,"Dear Guest,

Thank you for your valuable feedback.

We are pleased that you stayed at our hotel for a second time and were satisfied with our general services, meals, pool and sea facilities. Your appreciation of the importance we place on guest satisfaction is a great motivation for us.

Thank you for your kind comment, and we would be delighted to welcome you back to Megasaray Hotels.

Sincerely,
Irina Özkökdemir
Customer Relations Management
Megasaray Hotels",1 review,Ci9DQUlRQUNvZENodHljRjlvT2xjMmIzUTJVa3hTYmxWMlpXSnJhRE5mWlRGSk1rRRAB
Elif Şahinarslan,5.0,"This is my fourth stay at this hotel, and I'll be checking out tomorrow. I'm always very satisfied with both the location and the service. This time, I especially want to thank Ali Bey at the beach. Despite serving dozens of guests in that heat, he provided the most cheerful service I've ever received during my stay. He truly does his job exceptionally well. I'm writing this purely from the heart; there are very few employees like him, and their value should be recognized. I will definitely return to this hotel as soon as possible and recommend it to everyone.",a month ago,2026-07-05,,"Dear Guest,

Thank you for your valuable feedback.

We are extremely pleased that you chose our hotel again and were generally satisfied with our service. Your appreciation of the quality of service we provide is a great source of motivation for us.

Thank you for your kind comment, and we look forward to welcoming you back to Megasaray Hotels soon.

Sincerely,
Irina Özkökdemir
Customer Relations Management
Megasaray Hotels",Local Guide · 14 reviews,Ci9DQUlRQUNvZENodHljRjlvT25WUVdXUlVWVlZaVld4T2RFNWpUR3B0TW5OVlFXYxAB
Эльвина Гафурова,5.0,"My daughter and I stayed at this hotel for 10 days from June 8, 2026. I'd like to thank the entire team at this wonderful hotel; you made our vacation unforgettable! The staff is very welcoming, attentive, and polite. Rooms are cleaned daily. The rooms are equipped with everything you need (shampoo, conditioner, shower gel, body lotion, and a hairdryer). The food is varied and delicious; special thanks to the chefs for creating such delicious creations!
Every evening, there's entertainment for both small children and adults, and the entertainment changes daily: karaoke, live music, dancing from cool dance groups, and the entertainers are unobtrusive, always keeping everyone entertained. You can rent a bike at reception and explore the city. In short, they've thought of everything down to the last detail! Thank you to the entire Megasaray team for a wonderful vacation!
We'll definitely be back!",a month ago,2026-07-05,,"Dear Guest,

Thank you for your detailed and warm review.

We are delighted that your stay with your daughter at our hotel left such a positive impression. We are especially pleased to learn that you highly appreciated the work of our team, the level of service, the daily housekeeping, the variety and quality of our food, and the evening entertainment.

Your kind words and high ratings are a great motivation for us to continue providing high-quality service and creating a comfortable atmosphere for our guests.

We look forward to welcoming you back to Megasaray Hotels!

Sincerely,
Irina Özkökdemir
Customer Relations Management
Megasaray Hotels",1 review,Ci9DQUlRQUNvZENodHljRjlvT214VFRHdG1ZVEJpYkdKNlpUaGFTbEZOV0RoSVVVRRAB
Madiyar Umarbekov,5.0,"We really liked the service staff.
The food was delicious and there was plenty of choice. We really enjoyed the evening shows and concerts, the beach, and the pools, and my family and I had a wonderful time. We wish you all good health, success in your work, and happiness in your families.",a month ago,2026-07-05,,"Dear Guest,

Thank you for your review. We are truly delighted that you highly appreciated our staff, the variety and quality of our food, our evening entertainment, our beach and pools, and that your family had a wonderful time at our hotel.

We look forward to welcoming you back!

Sincerely,
Ayla Akbarova
Customer Relations Management
Megasaray Hotels",1 review,Ci9DQUlRQUNvZENodHljRjlvT25OR1lubG9hMVZqZGpGdE1YRnhOM2RMUlhveU4wRRAB
Наталья Ф,5.0,"Excellent hotel near the airport and the old town. Quick check-in. Nice room 7028 with a huge bed and a gorgeous sea view. Private beach with a bar and ice cream parlor right across the street. Clean sea. Restaurant and snack bars are all fine. Excellent bar, especially the staff. Entertainment: yoga, polo, aqua aerobics, darts, billiards, etc. for those interested. Evening show program for children and adults. Everything was great. Thank you for a great stay!",a month ago,2026-07-05,,"Dear Guest,

Thank you for your review. We are truly delighted that you were satisfied with the hotel's location, room comfort, food quality, beach, entertainment program, and service level during your stay.

We look forward to welcoming you back to our hotel!

Sincerely,
Ayla Akbarova
Customer Relations Management
Megasaray Hotels",1 review,Ci9DQUlRQUNvZENodHljRjlvT2pob1Z6TmlOMXAzVDBGc1VXaDRVVlowZFVsUmNGRRAB
Дмитрий М,5.0,"Excellent service, constant activities and different shows every time, a bar for every taste! A truly relaxing experience!!!",a month ago,2026-07-05,,"Dear Guest,

Thank you for your review. We are truly delighted that you highly appreciated the quality of our service, the variety of entertainment programs, daily activities, and the wide selection of beverages.

We look forward to welcoming you back to our hotel!

Sincerely,
Ayla Akbarova
Customer Relations Management
Megasaray Hotels",2 reviews,Ci9DQUlRQUNvZENodHljRjlvT214aVN6ZzNVRmx6WlhwV2NVUTFYMlpHZUVocGFYYxAB
Lauryn Oshunlola,5.0,Went with friends for my 50th. Amazing hotel and facilities. Had a great experience. Loved the night shows and beach out front. Lovely service . Shout out to Nas our hostess!,a month ago,2026-07-05,,"Dear Guest,

Thank you for your review. We are delighted to hear that you celebrated your special occasion with friends and had an amazing experience at our hotel. We are also pleased that you enjoyed our facilities, night shows, beach area, and service.

We would be pleased to welcome you again at our hotel.

Best regards,
Ayla Akbarova
Customer Relations Management
Megasaray Hotels",1 review,Ci9DQUlRQUNvZENodHljRjlvT25sa01WQm1jRVZGWHkxdlFXRlRYelUxVFRRNWNtYxAB
Анастасия Кириченко,5.0,"I vacationed in Turkey for the first time with my boyfriend, and I chose this hotel, and I was absolutely delighted with the entire stay! A wonderful hotel, delicious food, cool activities every day—everything was done to make the vacation unforgettable! I'd especially like to mention the wonderful entertainer, Makhabat; she's an incredible professional! She inspires positivity, creates a fun atmosphere, and speaks many languages! She leads the daytime sports activities brilliantly! We enjoyed all the evening shows with her. Thank you for a wonderful vacation ❤️",a month ago,2026-07-05,,"Dear Guest,

Thank you for your review. We are truly delighted that your first holiday in Turkey left such a vivid and positive impression and that you highly appreciated the quality of the food, the variety of daily activities, and the overall atmosphere at our hotel.

We look forward to welcoming you back!

Sincerely,
Ayla Akbarova
Customer Relations Management
Megasaray Hotels",2 reviews,Ci9DQUlRQUNvZENodHljRjlvT2pGRWRqQXdNMVE0ZFMxVGVUTlVNVTlLWDJoa04zYxAB
VLaD KINg,5.0,"I've been to Turkey five times!
And in my opinion, Megasaray is the best hotel in every way.
I especially liked the entertainer.
Manuel and Mahabat, these guys really make Paris tick 🔥",a month ago,2026-07-05,,"Dear Guest,

Thank you for your wonderful review and high rating.

We are delighted that you chose Turkey again, and especially our hotel, for your vacation. We are delighted to hear that your stay left such a lasting impression and that you highly appreciated the atmosphere and level of service.

Your kind words are a great encouragement to us. We look forward to welcoming you back to Megasaray Hotels!

Sincerely,
Irina Özkökdemir
Customer Relations Management
Megasaray Hotels",1 review,Ci9DQUlRQUNvZENodHljRjlvT21aSFZqUllOamMzT0dOU1ptRjJZMlp1UzBsR1lXYxAB
Елена Веревкина,5.0,"My daughter and I flew to this hotel and absolutely loved everything! I'd especially like to point out the staff, who are very polite, always willing to help, and always a good laugh. The rooms are very cozy and always clean. The beach area is also very comfortable and the sea itself is azure! 🌊! The food is delicious and varied. If you're going to Turkey, then the Megasaray Westbeach Antalya hotel is the place to be! 🇹🇷",a month ago,2026-07-05,,"Dear Guest,

Thank you for your wonderful review and high rating.

We are delighted that your vacation with your daughter was so enjoyable and left you with such a lasting impression. We are especially pleased to hear that you praised the friendliness of our team, the cleanliness and comfort of our rooms, the comfort of our beach area, and the variety and quality of our food.

Your kind words and recommendation are the best reward for our entire team. We look forward to welcoming you back to Megasaray Hotels!

Sincerely,
Irina Özkökdemir
Customer Relations Management
Megasaray Hotels",3 reviews,Ci9DQUlRQUNvZENodHljRjlvT2xGV1RFdFFZbEV0VkhSeWMzTTFhVjl1ZDJoeVkyYxAB
322inesm,5.0,"We spent 5 days at Megasaray with friends. We loved the experience, the food, the comfort, and the activities offered (bar, evening concerts, night shows; the entertainment team was fantastic).",a month ago,2026-07-05,,,,ChZDSUhNMG9nS0VKWGQ4Nlc4MTZ5VllBEAE
Ирина Епифанова,5.0,"The hotel is located in a great area, close to the main attractions, making it very convenient for tourists. The pool is clean and pleasant. A variety of dishes, both local and international, are available. My room was very cozy and spacious. One of the highlights of my stay was the entertainment staff!",a month ago,2026-07-05,,"Dear Guest,

Thank you for your wonderful review and high rating.

We are delighted that you enjoyed the hotel's location, the cleanliness of the pools, the variety of local and international cuisine, and the comfort and spaciousness of your room. We are especially pleased to learn that the entertainment program was one of the highlights of your stay.

We look forward to welcoming you back to Megasaray Hotels!

Sincerely,
Irina Özkökdemir
Customer Relations Management
Megasaray Hotels",2 reviews,Ci9DQUlRQUNvZENodHljRjlvT214TFZscGxlR0pNTVhkSE1WaGhhMjFNVkdkNVEyYxAB
Данила Степанов,5.0,"I stayed at this hotel from June 6 to June 12, 2026.

This is a wonderful hotel in the city, located on a delightful promenade stretching over 10 km, ideal for walking and jogging on a special surface, with a dedicated bike path. There are numerous establishments along the promenade and in the surrounding area, so if you get bored, you'll always find something to do.

Regarding the rooms: I stayed in a sea-view room, and it speaks for itself; just look at the photo. Don't worry about the road—you won't hear loud music or roaring engines; the traffic is very calm and quiet.

This year, the beach area is located directly across from the hotel, which is a great plus. The beach itself is very clean; you won't find any trash, food scraps, or cigarette butts. Waiters regularly come by to offer drinks and fruit.

I have no complaints about the food in the main restaurant: everything was delicious, both visually and flavorfully. I don't recall ever liking the cheese or cold meats at other hotels. During my stay, I tried salmon, dorado, shrimp, crayfish, lamb, and beef. You could eat all kinds of meat in one meal, and I guarantee you'll be satisfied.

A word about alcohol. The hotel offers both Turkish and imported drinks. Regarding imported drinks:
Ballantine's, Jameson, Black Label, Chivas Regal 12 whiskey, and a few others—I haven't even had a chance to try them all; there's Campari, two types of gin—Gordon's and Beefeater. Jägermeister deserves a special mention—I haven't found it in any other hotel at this price.

The hotel staff is a true testament to this hotel. The entertainment staff is unobtrusive and doesn't make you want to run away. Despite this, and the fact that I'm a 35-year-old man, I went to aqua aerobics and morning exercises, which helped me stay in shape all these days.

The waiters in the restaurant and bar are all very friendly and diligent. It was never a problem to be sitting at a dirty table, missing an ashtray, or having an empty glass. They always greet you with a smile (especially Naz). Say hello to Elizaveta; it was very unexpected to meet a Russian girl.

Now let's move on to my biggest discovery of this hotel – the bartenders. I've never met such open, easy-going, and passionate staff. I spent six hours standing behind the counter watching them work – it was such a pleasure to watch their work and their mastery of understanding the customer. Watching Gül at work made me want to return to the service industry again, to work as a bartender or waiter only under her guidance. She's an incredible person! I stood next to her for two evenings in a row, until the end of her shift, watching her do her job. She has such a strong energy, and such a smile that can infuse even the most disgruntled customer with positivity.

The entire staff is very personable: the wonderful Ayşegül at the pool bar, the sweet and smiling Naz in the restaurant, the funny Pelin from the beach bar, the bartender Baran, who does flirting, and, of course, Gül, with whom we became friends despite the language barrier. I could write about each employee individually, but that would be too much text.

To the management of the Megasaray Hotel: value your employees – they are the jewel of your hotel, and they are the ones who make your guests' stay unforgettable.",a month ago,2026-07-05,,"Dear Guest,

Thank you for such a detailed and warm review of your stay.

We are delighted that you were pleased with the hotel's location, the comfort of your room, the cleanliness of the beach, the quality of the food, the variety of drinks, and the atmosphere created by our team. We are especially pleased to know that the service and attentiveness of our staff made your stay truly unforgettable.

Your kind words and high ratings are a great motivation for us. We will definitely share your feedback with our team, as it is feedback like this that inspires us to become even better.

We look forward to welcoming you back to Megasaray Hotels and offering you new and exciting experiences.

Sincerely,
Irina Özkökdemir
Customer Relations Management
Megasaray Hotels",3 reviews,Ci9DQUlRQUNvZENodHljRjlvT21SWWJXSndWWGRMWDNsWVduTnJTSEpOVW0weVpXYxAB
Ines Ourchid,5.0,"We spent 5 days at Megasaray with friends. We loved the experience, the food, the comfort, and the activities offered (bar, evening concerts, night shows; the entertainment team was fantastic).",a month ago,2026-07-05,,"Dear Guest,

Thank you for sharing your kind feedback. We are delighted to hear that you and your friends enjoyed your stay and appreciated the food, comfort, entertainment options, evening concerts, shows, and animation activities. It is always rewarding to know that our guests leave with such positive memories.

We would be pleased to welcome you again at our hotel.

Best regards,
Ayla Akbarova
Customer Relations Management
Megasaray Hotels",7 reviews · 2 photos,Ci9DQUlRQUNvZENodHljRjlvT2tGV2NGOU5SR1ZEY25CdmRIRTJjWGRVY0RSSU5HYxAB
tubas785,5.0,⭐️⭐️⭐️⭐️⭐️||We stayed at Megasaray Westbeach with my family for my birthday and had a truly unforgettable vacation. We felt great from the moment we arrived at the hotel. The treats and thoughtful gestures they sent to our room when they …,a month ago,2026-07-05,,,,ChdDSUhNMG9nS0VLcnFxc25sMXAzVjd3RRAB
berrunazk2025,5.0,"⭐️⭐️⭐️⭐️⭐️||||We were very pleased with our family stay at Megasaray Westbeach. It was a wonderful holiday from start to finish. The rooms were clean, comfortable, and very tidy. The food was truly delicious; there was a wide variety at …",a month ago,2026-07-05,,,,ChZDSUhNMG9nS0VLYjJscVdjak5QLVRnEAE
ahmetmY6153DE,5.0,"We were extremely pleased with our holiday at Megasaray Club Belek. The overall quality of service, the food, the cleanliness, and the friendliness of the staff were truly wonderful. However, the best part of our holiday was definitely the …",a month ago,2026-07-05,,,,ChdDSUhNMG9nS0VOZjN1ZjNQdzdIZ2tBRRAB
Tuba Sevilen Kaya,5.0,"⭐️⭐️⭐️⭐️⭐️

On my birthday, my family and I stayed at Megasaray Westbeach and had a truly unforgettable vacation. We felt great from the moment we arrived. The treats and thoughtful gestures they sent to our room when they learned it was my birthday made us very happy. This small but very meaningful gesture made me feel truly special.

The rooms were very clean and comfortable, and the food was both delicious and varied. The daytime activities and evening shows were very enjoyable. The animation team, in particular, was very friendly and attentive, making our vacation even more fun by taking great care of us.

It was a wonderful family vacation where we both relaxed and had a great time. We thank the Megasaray Westbeach team for the value and care they show their guests. It's definitely a hotel we'd like to return to! 🎂🎉☀️🏖️❤️",a month ago,2026-07-05,,"Dear Guest,

Thank you for sharing your valuable feedback. We are especially pleased that you spent your birthday with your family at our hotel and that the small gestures we offered on this special day made you happy. We highly value your enjoyment of our clean rooms, the variety and deliciousness of our meals, and our daytime activities and evening shows during your stay.

We would be delighted to welcome you and your family again.

Sincerely,
Ayla Akbarova
Customer Relations Management
Megasaray Hotels",3 reviews,Ci9DQUlRQUNvZENodHljRjlvT2tFNFNWTm1VakkyY0RoNmEwMTJWemhrY2tjNWFsRRAB
Berru Naz Kaya,5.0,"We were very pleased with our family stay at Megasaray Westbeach. It was a wonderful holiday from start to finish. The rooms were clean, comfortable, and very well-organized. The food was truly delicious; there was a wide variety at every meal, with options to suit every taste.

The daytime activities and evening shows were very entertaining. The animation team was especially successful; their energy, friendliness, and attention to guests made our holiday even more enjoyable. They made us feel truly special, and we had a wonderful time as a family.

We were also very happy with the friendly and helpful staff. Everything was well thought out, and the service quality was very high. We definitely recommend it for families who want to both relax and have fun. It's a hotel we left with beautiful memories and would love to return to. Thank you Megasaray Westbeach!",a month ago,2026-07-05,,"Dear Guest,

Thank you for sharing your valuable feedback. We are delighted that you enjoyed your stay with your family, the cleanliness and comfort of our rooms, the variety and deliciousness of our meals, and your enjoyment of our daytime activities and evening shows.

We would be happy to welcome you and your family again.

Sincerely,
Ayla Akbarova
Customer Relations Management
Megasaray Hotels",4 reviews,Ci9DQUlRQUNvZENodHljRjlvT2s1R1NHSmhTVm93V0ZGc1MxVlNlSGN5VG5SMk0zYxAB
Олеся вовненко,5.0,"Our vacation was a success!!! This is our second time at this hotel, and we're not planning on changing. It's the best hotel for service and extras. The staff is wonderful, friendly, and helpful. The food in the restaurant is simply incredible. I'd especially like to mention the entertainment team, Mahabat and Elina. They're brilliant, and they're 10000000% dedicated to both children and adults. The evening shows are truly engaging, from live music to dance routines. I highly recommend it. We'll definitely be back!",a month ago,2026-07-05,,"Dear Guest,

Thank you for your review.
We are glad that you chose our hotel again and were completely satisfied with the quality of service, the service of our staff, the variety and taste of our cuisine, as well as the evening shows and entertainment program.

We look forward to welcoming you back to Megasaray Hotels.

Sincerely,
Ayla Akbarova
Customer Relations Management
Megasaray Hotels",1 review,Ci9DQUlRQUNvZENodHljRjlvT21OeGN6a3pNVVEwTWtjeWFGZExVbFJoT1drMFRYYxAB
Елизавета Дзарасуева,5.0,"We stayed in June 2026, everything was great, the staff was friendly, the entertainment was unobtrusive, the food was varied, there were lots of drinks, the beach was moved right across from the hotel, everything was great!",a month ago,2026-07-05,,"Dear Guest,

Thank you for your review.
We are glad you enjoyed your stay in June, including the friendly staff, the variety of food and drinks, the entertainment program, and the beach location.

We look forward to welcoming you back to Megasaray Hotels.

Sincerely,
Ayla Akbarova
Customer Relations Management
Megasaray Hotels",1 review,Ci9DQUlRQUNvZENodHljRjlvT2pKZlMzQXdZMk41Y0ZsZmVFUjNOR0V4U0Rjd1pGRRAB
Tatyana Efimova,5.0,"The hotel is gorgeous, the food is excellent and varied, and the staff is very friendly. The sea view is beautiful. The hotel is in a great location, with plenty of walking opportunities. The beach is across the street, and everything is clean and tidy. There's constant entertainment throughout the day, so you won't be bored.",a month ago,2026-07-05,,"Dear Guest,

Thank you for your review.
We are glad you were satisfied with our hotel, the variety of food, the service of our staff, the beautiful sea view, and the convenient location.

We look forward to welcoming you back to Megasaray Hotels.

Sincerely,
Ayla Akbarova
Customer Relations Management
Megasaray Hotels",1 review,Ci9DQUlRQUNvZENodHljRjlvT25seGVsVlVhRmhFTjJaT2N6WjVPRUo2UmtwamJuYxAB
lepianos,5.0,We had a lovely time with Mr. Osman the bartender; he is super professional and clean.,a month ago,2026-07-05,,,,ChZDSUhNMG9nS0VPYjlfY09FdnFYa2FBEAE
233cayans,5.0,"The bartender Osman is incredible; he's clean and professional, the best in the hotel.",a month ago,2026-07-05,,,,ChdDSUhNMG9nS0VNdXN5YV9vNXFTSThRRRAB
477hacers,5.0,"The rooms are very clean, Ms. Tugba is very professional and the room number is 3040.",a month ago,2026-07-05,,,,ChdDSUhNMG9nS0VQUG94SXFaekxpYW5BRRAB
An Ho,5.0,"It's a very nice hotel with wonderful service. The food is excellent and the entertainment program is especially great. There's something for everyone, and the live acts in the evening show are very entertaining. 👍 The services at the beach, pool, and in the hotel are amazing! 👌🏼",a month ago,2026-07-05,,"Dear Guest,

Thank you so much for your wonderful review and kind words.

We are delighted that you were so satisfied with our service, the culinary offerings, and the varied entertainment program. It is especially nice to hear that you enjoyed the evening shows and live performances and that you appreciated the services at the beach, by the pool, and throughout the hotel.

We look forward to welcoming you back again soon.

Sincerely,

Irina Özkökdemir
Customer Relations Management
Megasaray Hotels",Local Guide · 24 reviews · 16 photos,Ci9DQUlRQUNvZENodHljRjlvT2xwZmVucDBabkpuY0V4RlRHVnJVVGRPUlVsRVRFRRAB
Таисия Цапурина,5.0,"The hotel is simply wonderful! We arrived, checked in immediately, and were given room cards, cards for free towels, and cards for free delicious coffee at Starbucks. The food here simply caters to every taste! Seafood—shrimp, rolls, squid salads, mussels, octopus fillets. Meat—beef, chicken, quail, various kebabs, grilled. Fish—red, white, grilled. Fast food—hamburgers, fries, nuggets, shawarma. You can eat almost any time. There are bars on the beach, too, with international drinks, and the service is excellent: they'll bring your food to your table and to your sunbed on the beach as well. The staff is attentive, polite, and helpful. Cleaning is daily; they clean superficially but quickly and don't touch personal items, and towels are changed daily. The cleaning staff is friendly. Slippers, washcloths, shower gel, soap, conditioner, shampoo, body cream (but it's best to bring your own, as they're not suitable for everyone and have a watery consistency), cotton swabs, pads, a comb, a shower cap, a shoe polish, robes (call reception and they'll bring as many as you want, children's ones are also available), a kettle, a hairdryer, and an iron are available upon request. Everything is free in the room bar, replenished daily. The entertainment staff also provides a variety of activities for children and adults. Overall, the hotel does everything to ensure a comfortable stay, and it's clear they spare no expense. The airport is only 15 km away, about a 30-minute transfer. Yandex.go taxis operate in the city; they automatically charge your Russian card in Turkish lira; we only traveled by taxi. Union Pay works in the hotel's shops, but not elsewhere, so you can withdraw cash from ATMs, which are widely available. Honestly, my husband and I didn't even need the money; we had everything we needed at the hotel, with shops and cafes nearby and a vibrant community. I took off one star because the rooms are a bit dated, but everything works, and the furniture looks tired. We'll definitely stay at this hotel again; it's our fifth time in Turkey, but this one is the best.",a month ago,2026-07-05,,"Dear Guest,

Thank you for such a detailed and inspiring review.

We are delighted that your stay left such a vivid and positive impression. We are pleased to learn that you highly appreciated the variety of food, the quality of drinks, the level of service, the work of our team, the entertainment programs, and the comfort and amenities of our rooms. We are especially grateful that, among your many trips to Turkey, our hotel left you with the most pleasant memories.

We also thank you for your comments regarding the room selection. We take such feedback seriously and use it to further improve our services and facilities.

We look forward to welcoming you and your spouse back to Megasaray Hotels.

Sincerely,
Irina Özkökdemir
Customer Relations Management
Megasaray Hotels",1 review · 6 photos,Ci9DQUlRQUNvZENodHljRjlvT25wdFNsTlhkRTF0VFhoWU9XTk1TV3RIY1dOWFdGRRAB
Павел П,5.0,"My wife and I stayed at this hotel from late May to mid-June 2026.
Megasaray West Beach is an excellent hotel. Although the grounds are small, everything is compact and comfortable. The staff goes out of their way to make your stay comfortable, and not for tips.
The food is excellent, with several meat dishes (chicken, turkey, beef) and several fish dishes (various, including trout) every day, plus a variety of culinary options—all at a good standard.
The bar menu is excellent; my wife loved the cocktails; they're very well made. They have a large selection of European spirits, whiskey, brandy, gin, bottled beer, and more.
We were more of a dry wine drinker—perfect in the heat. 😉
The beach and pool have excellent, comfortable sun loungers, plenty of room for everyone. If someone was left without a spot, a hotel staff member would help find one or bring one from the reserve.
Near the hotel are several shops and European bars. This is my first time in Antalya, and I liked that it's not a touristy city at all. There are no endless shopping arcades with touts; everything is very sophisticated, European-style, but with a Mediterranean flair. 😉
In short, my impressions of the hotel and vacation were excellent. Thanks to the hotel staff for a wonderful vacation!
Special thanks to our friend Taras Tourist, who helped us choose the tour.",a month ago,2026-07-05,,"Dear Guest,

Thank you for such a detailed and warm review.

We are delighted that you and your wife had a wonderful stay. We are pleased to hear that you highly appreciated the quality of the food, the variety of drinks, the comfort of the beach and pool, and the attentive service of our team, who always strive to make your stay as comfortable as possible.

We are especially pleased that you enjoyed the hotel's atmosphere and your experience of Antalya. Feedback like this inspires us and motivates us to continue maintaining a high level of service.

We look forward to welcoming you back to Megasaray Hotels and offering you even more wonderful experiences.

Sincerely,
Irina Özkökdemir
Customer Relations Management
Megasaray Hotels",Local Guide · 21 reviews · 264 photos,Ci9DQUlRQUNvZENodHljRjlvT2pOS1VrVnVOVVJ4VkRacU0xSmFNMk5HUzNsbWVrRRAB
Ertuğrul,5.0,,a month ago,2026-07-05,,"Dear Guest,

Thank you for your valuable feedback.

We are pleased that you chose our facility and we would be happy to welcome you again in the future.

Sincerely,
Irina Özkökdemir
Customer Relations Management
Megasaray Hotels",Local Guide · 33 reviews · 8 photos,Ci9DQUlRQUNvZENodHljRjlvT201Qk9WSkViazlLV0RkQ1l6aEtWM1Z6TnpNNExWRRAB
Нияз Садыков,5.0,"This is a wonderful hotel. When we booked it, we thought the beach was a kilometer away, but it turns out their beach is right across the road (there's little traffic). The food is good, with a wide selection of drinks. The entertainment team is simply the best!!! Everyone speaks Russian well, and all the staff understands Russian. I think we'll be back.

Another plus is the long promenade, and there are pharmacies and shops nearby.

The only thing is, it's better to pay a little extra and get a room with a sea view. The other side overlooks the city, or more precisely, other small hotels.",a month ago,2026-07-05,,"Dear Guest,

Thank you for your review.
We are very pleased that you were satisfied with the hotel's location, the quality of the food, the variety of drinks, and the work of our entertainment team.

We look forward to welcoming you back to our hotel!

Sincerely,
Ayla Akbarova
Customer Relations Management
Megasaray Hotels",2 reviews · 3 photos,Ci9DQUlRQUNvZENodHljRjlvT20xSVVIQjBjbTlrWW1Sa1pEZHZTemxyUW5oTlZuYxAB
Ната Щебеткова,5.0,"An excellent hotel, thanks to the entertainers Mahabat and Emanuel. We had a wonderful vacation: sports in the morning and a disco in the evening! Thanks to all the hotel staff for their attentiveness and friendliness.
Excellent restaurant with a varied menu and high-quality ingredients. Everything is very fresh. An excellent bar with quality drinks.
The beach is cozy, not large, but with very comfortable lounge chairs. The bartenders kept us entertained.
I really liked the service! I recommend it to everyone!",a month ago,2026-07-05,,"Dear Guest,

Thank you for your review.
We are delighted that you were satisfied with the entertainment program, the quality of the food, the bar service, and the level of service. We are delighted that the variety of sports and entertainment activities made your stay interesting and memorable.

We look forward to welcoming you back to our hotel!

Sincerely,
Ayla Akbarova
Customer Relations Management
Megasaray Hotels",3 reviews · 2 photos,Ci9DQUlRQUNvZENodHljRjlvT21GdmJWTlFORGR2VFcxbVNIQTVjbU52WXpoS2RYYxAB
Zeliha P.,5.0,"The food was absolutely delicious, and there was a huge selection! 🥰 The hotel was spotlessly clean and had a fantastic atmosphere.

There were so many activities for kids, like the mini club and mini disco.

The animation team was excellent, and we'd love to come back! ☺️",a month ago,2026-07-05,,"Dear Guest,

Thank you for your positive feedback. We are delighted that you enjoyed our diverse culinary offerings, the cleanliness of the resort, and the pleasant atmosphere of our hotel. It is especially gratifying to hear that the children's activities and our entertainment team also contributed to a successful holiday.

We would be pleased to welcome you back again soon.

Sincerely,

Ayla Akbarova
Customer Relations Management
Megasaray Hotels
...",5 reviews,Ci9DQUlRQUNvZENodHljRjlvT25WWlp6UlljazlvY0ZWMVJrOUJOV2R1ZEVsb09XYxAB
Halim Baysan,5.0,,a month ago,2026-07-05,,"Dear Guest,

Your satisfaction is our greatest reward. We look forward to welcoming you again.

Sincerely,
Ayla Akbarova
Customer Relations Management
Megasaray Hotels",8 reviews · 2 photos,Ci9DQUlRQUNvZENodHljRjlvT2xKb2NUWnlZVGxmYTFoaGFuZHViekpPY0ZVdFYzYxAB
Jan Limberg Michelsen,5.0,Really nice place. Too many children though.,a month ago,2026-07-05,,"Dear Guest,

Thank you for your review. We are pleased to hear that you enjoyed your stay and found our hotel to be a really nice place.
As a family-oriented resort, we welcome guests of all ages and strive to create an enjoyable holiday experience for both families and individual travelers.

We would be pleased to welcome you again at our hotel.

Best regards,
Ayla Akbarova
Customer Relations Management
Megasaray Hotels",6 reviews,Ci9DQUlRQUNvZENodHljRjlvT2w5NU1ESkdVelF3YlhaSmJGSm5WbFZsVTFKSlNtYxAB
Александр Казаков,5.0,"The bar is good (we unexpectedly discovered Gentleman Jack, 12-year-old Singleton, and Glinlivet), the cocktails are delicious, and overall there's plenty to drink, and a good selection. Two swimming pools and a private area by the sea are within walking distance, very close. The food is delicious, the grill is very tasty, we even had dorado, and the beef is cooked with a very vinegary taste. The entertainment team is very active, the guys are smart; we even went cycling on a certain day and went to the Land of Legends (it's better to go there yourself for a full day, but even that isn't enough to ride everywhere). Smoking is allowed everywhere. Don't expect the waiters to be around the pool. There will always be entertainers nearby, always encouraging you to do activities, but without being annoying and even cheerful. They are sociable and unobtrusive. The sea became warm from June 6. Overall, the holiday was very positive.",a month ago,2026-07-05,,"Dear Guest,

Thank you for your detailed and positive review.

We are delighted that you were pleased with the bar, the variety of drinks, the food, the hotel grounds, the entertainment team, and your overall stay. We are especially pleased to hear that you noted our team's active and unobtrusive approach.

Your kind words are greatly appreciated. We look forward to welcoming you again.

Sincerely,
Irina Özkökdemir
Customer Relations Management
Megasaray Hotels",1 review,Ci9DQUlRQUNvZENodHljRjlvT21KblMxQmhVM055YkRWVE5tVmplVzFFWDAwemNVRRAB
Андрей,5.0,I recommend this hotel to everyone. We had a great time. The staff is superb. The food is delicious and the bar is good.,Edited a month ago,2026-07-05,,"Dear Guest,

Thank you for your high rating and kind words.

We are very glad that you had a pleasant stay and were satisfied with the staff, the quality of the food, and the bar. Your recommendations are very valuable to us.

We look forward to welcoming you again.

Sincerely,
Irina Özkökdemir
Customer Relations Management
Megasaray Hotels",1 review · 5 photos,ChZDSUhNMG9nS0VJQ0FnSUNMMnNfOWF3EAE
590ardau,5.0,"We chose this place for our graduation celebration and were truly delighted. We received a warm and friendly welcome at the entrance, and the staff were welcoming and smiling. The atmosphere, the food, and the desserts were truly delicious …",a month ago,2026-07-05,,,,ChZDSUhNMG9nS0VLWEhtdTd4M2J1cFRnEAE
533omerb,5.0,"Merhaba Ben Ömer Boyraz Fransa’dan 18 günlüğüne tatil için Otelinizde misafir oldum. |Bu sure it’s there! Bizim odamıza baken,Semra Gezer hanımefendiden. |Yemek yediğimiz masamızda bize hizmette ve saygıda kusur etmeyen çok değerli,Ali …",a month ago,2026-07-05,,,,ChdDSUhNMG9nS0VPSG14cnFMXzg3VnFnRRAB
Human Khoobsirat,5.0,,a month ago,2026-07-05,,"Dear Guest,

Thank you for your feedback.

We are pleased that you chose our hotel and hope to have the opportunity to welcome you again in the future.

Kind Regards,
Irina Özkökdemir
Customer Relations Management
Megasaray Hotels",Local Guide · 45 reviews · 2 photos,Ci9DQUlRQUNvZENodHljRjlvT21oamNGVlNUMlUzVlZWelp6azBhSGc1VVVoemNuYxAB
Omer Boyraz,5.0,"Hello, I am Ömer Boyraz from France and I stayed at your hotel for an 18-day holiday. During this time, I would like to express my sincere gratitude to the staff, especially Ms. Semra Gezer, who looked after our room, and to Mr. Ali Kodalak, who provided excellent service and respect at our dinner table. I am very pleased with the service and attention I received from all your staff. With our deepest respect, we thank you, the Megasaray West Beach team. ———————————————————————
bonjour
Je suis l’épouse de Monsieur Omer Boyraz ( Ch 8004 )
Nous avons séjourné au sein de votre établissement du 23 mai au 10 juin 2026
Nous sommes très satisfaits
de la qualité des prestations de votre hôtel, le personnel merveilleusement, agréable et très poli.
Nous félicitons mon mari et moi plus particulierment Madame Semra Gezer au service du 8eme étage, pour son professionnalisme, sa gentillesse, sa discrétion et la qualité de son travail.
This is not the same thing. Ali Kodalak , très sympathique et surtout très patient envers certains clients récalcitrants …..
Je note au passage notre barmaid préférée Rose, adorable!
Nous n'oublions pas notre Batman à Roller qui fait sensation
Nous serons ravis d'être de retour prochainement.
Isaline and Omer BOYRAZ
SUISSE ET FRANCE.",a month ago,2026-07-05,,"Dear Guest,

Thank you for your valuable and heartfelt comments.

We are extremely pleased that you were satisfied with the quality of our service and the hospitable approach of our team during your stay. Your kind thoughts and appreciative words about our team will be shared with our relevant colleagues with great pleasure.

It is our greatest joy that your 18-day holiday at our facility ended with beautiful memories.

We would be delighted to welcome you again.

Sincerely,
Irina Özkökdemir
Customer Relations Management
Megasaray Hotels",2 reviews · 3 photos,Ci9DQUlRQUNvZENodHljRjlvT2podGMwOU5lVXBuTjJaTVYzcDBkekp3V0dSYVJFRRAB
D D,4.0,"This year they renovated the beach; the hotel has been asking for an update for a long time, just like the rest of the hotels along the coast.",Edited a month ago,2026-07-05,,"Dear Guest,

Thank you for your feedback. We are glad you noted the improvements, including the new beach. Your comment regarding the need for upgrades at the hotel has also been taken into consideration and will be passed on to management.

We look forward to welcoming you back to our hotel.

Sincerely,
Ayla Akbarova
Customer Relations Management
Megasaray Hotels",Local Guide · 232 reviews · 227 photos,ChdDSUhNMG9nS0VJQ0FnTUNZaUpPdjZRRRAB
130ramye,5.0,The food is amazing and the people are so helpful!,a month ago,2026-07-05,,,,ChZDSUhNMG9nS0VJNkwwY0xIdjhIOWFREAE
Sezgin Guzel,5.0,,a month ago,2026-07-05,,"Dear Guest,
Thank you for your review! We look forward to welcoming you back to our hotel!

Sincerely,
Ayla Akbarova
Customer Relations Management
Megasaray Hotels",Local Guide · 3 reviews · 11 photos,Ci9DQUlRQUNvZENodHljRjlvT2pjMmFHOXhhWEl0ZWxWYVJIUTRSWFZyZUZGV2NGRRAB
Р Г,5.0,"I was very pleased with the service from the reception and throughout my stay, the food throughout the property, especially in the restaurant, and the top-notch entertainment program. I'd especially like to mention the entertainment team – they're cheerful, sociable, and energetic. They offer a variety of activities from morning until evening, and in the evening, there's a separate program featuring karaoke, dance shows, children's shows, and live music. I even remember their names: Emanuel, Mahabat, and the generally friendly staff. I highly recommend this wonderful hotel, and we'll be back.",a month ago,2026-07-05,,"Dear Guest,

Thank you for your review. We are glad you were satisfied with the level of service, food quality, and entertainment program at our hotel.

We look forward to welcoming you back to our hotel!

Sincerely,
Ayla Akbarova
Customer Relations Management
Megasaray Hotels",1 review,Ci9DQUlRQUNvZENodHljRjlvT201RWMydzFWV1JwVDFSZk9HSmZaM0JTUmxCamJXYxAB
Lana Bajrić,5.0,"All staff members were extremely polite, friendly, and helpful throughout our stay. We also received Starbucks coupons, which was a nice bonus. Complimentary drinks were available on the beach, making the experience even more enjoyable. The private beach is only a one-minute walk from the hotel and was absolutely perfect.

The rooms were spacious, comfortable, and beautifully designed. The view of the city was stunning, especially during the evening. The restaurant offered plenty of seating and a comfortable atmosphere for all guests. The swimming pool was always clean and well-maintained.

We especially appreciated the activities and entertainment provided for guests, which showed that the hotel truly cares about ensuring everyone has a great time.

Overall, everything exceeded our expectations. The hotel is outstanding, and we would highly recommend it to anyone looking for a relaxing and enjoyable stay. ⭐⭐⭐⭐⭐",a month ago,2026-07-05,,"Dear Guest,

Thank you for your wonderful feedback. We are delighted to hear that you enjoyed the friendliness of our staff, the comfort of your room, the beach services, as well as the cleanliness of our pool and overall facilities.

It is also a pleasure to know that our entertainment and activities contributed positively to your stay and helped make your holiday more enjoyable.

We would be pleased to welcome you again at our hotel.

Best regards,
Ayla Akbarova
Customer Relations Management
Megasaray Hotels",Local Guide · 46 reviews · 40 photos,Ci9DQUlRQUNvZENodHljRjlvT21Wak4yUTBiRkZDT0VjNFlWbzJURlpSUVRsMlgzYxAB
Denis Cherkashin,5.0,"A wonderful hotel! Excellent cuisine, nice rooms, and service. No complaints whatsoever. Excellent, well-maintained grounds.
I'd especially like to mention the entertainment team. In particular, the sports animator, the wonderful Makhabat, for her sincerity and attentiveness to guests, her knowledge of languages, her energy, friendliness, and her immense human charm!",a month ago,2026-07-05,,"Dear Guest,

Thank you for your review. We are glad you were satisfied with our cuisine, the comfort of our rooms, the quality of our service, and the well-maintained grounds.

We look forward to welcoming you back to our hotel!

Sincerely,
Ayla Akbarova
Customer Relations Management
Megasaray Hotels",1 review,Ci9DQUlRQUNvZENodHljRjlvT21KeWFteExZMWR6TW5oWE1GYzFhVFp1YlRCM1dHYxAB
ahmed hesham,5.0,"Location is phenomenal, staff are friendly , food is delicious , highly recommend",a month ago,2026-07-05,,"Dear Guest,

Thank you for your kind feedback. We are delighted to hear that you enjoyed our excellent location, the friendliness of our staff, and the quality of our food.

We would be pleased to welcome you again at our hotel.

Best regards,
Ayla Akbarova
Customer Relations Management
Megasaray Hotels.",2 reviews,Ci9DQUlRQUNvZENodHljRjlvT21GUk5USXRiRVJUVGpSVVJURkZjR0l6YmtVNU1tYxAB
murad elsaid,5.0,Victoria and all staff services food and activities is perfect,a month ago,2026-07-05,,"Dear Guest,

Thank you for your kind review.

We are delighted to hear that you were satisfied with our services, food, and activities. Your positive feedback is greatly appreciated and serves as a wonderful motivation for our team.

We look forward to welcoming you again in the future.

Kind Regards,
Irina Özkökdemir
Customer Relations Management
Megasaray Hotels",1 review,Ci9DQUlRQUNvZENodHljRjlvT25CSFl6WkVUa0pCTVROcFMyTjNWRUZpTm1ReFRsRRAB
Salma Moustafa,5.0,The stay was wonderful and the staff was super amazing. I enjoyed staying here and will definitely come back and recommend it to family and friends.,a month ago,2026-07-05,,"Dear Guest,

Thank you for your kind review.

We are delighted to hear that you enjoyed your stay with us and that you would recommend our hotel to your family and friends. Your positive feedback means a lot to our team.

We look forward to welcoming you back for another memorable holiday.

Kind Regards,
Irina Özkökdemir
Customer Relations Management
Megasaray Hotels",3 reviews · 1 photo,Ci9DQUlRQUNvZENodHljRjlvT21oMU9VWlpZVTFMWVRGQlYyNDVhRWRKWVhGbVgxRRAB
Rehab Farouk,5.0,"The best hotel in Antalya in every aspect.

I enjoyed everything, especially the superb quality of service.

The best hotel in Antalya in every way; they didn't miss a single detail.
I enjoyed everything, and the service was of the highest standard.",a month ago,2026-07-05,,"Dear Guest,

Thank you for your wonderful review.

We are delighted to hear that you enjoyed your stay and were especially satisfied with the quality of our service. Your kind words are truly appreciated and motivate us to continue delivering memorable holiday experiences.

We look forward to welcoming you again in the future.

Kind Regards,
Irina Özkökdemir
Customer Relations Management
Megasaray Hotels",9 reviews · 1 photo,Ci9DQUlRQUNvZENodHljRjlvT2pWeWRXbHBRMVZUUTJkeFUzaEVhM3BTWW1SZmVVRRAB
Ahmed El-Miane,5.0,"I would like to extend my sincere thanks to the hotel management and all staff members for their outstanding service and genuine attention to guest comfort.

What impressed me most was the warm welcome, the constant smiles, the prompt response to any request, and the high level of professionalism demonstrated by all the staff. We felt truly welcome and cared for throughout our stay, making the experience extremely comfortable and enjoyable.

The hotel boasts a wonderful atmosphere and service that exceeds expectations, reflecting the management's commitment to providing a memorable experience for every guest.

I thank all the staff for their tremendous efforts, confidently recommend this hotel, and look forward to visiting again in the future.",Edited a month ago,2026-07-05,,"Dear Guest,

Thank you very much for your kind and detailed feedback. We are truly delighted to hear that you had such a memorable stay and were impressed by the high level of service, hospitality, and professionalism provided by our team.
It is especially rewarding to know that your first visit to Antalya was such a positive experience and that our staff contributed to making your stay enjoyable.

We would be pleased to welcome you again at our hotel.

Best regards,
Ayla Akbarova
Customer Relations Management
Megasaray Hotels",5 reviews,Ci9DQUlRQUNvZENodHljRjlvT2poWFprbGZkWGR4Tm1FNWVEWnljV3AyVW1WbU1WRRAB
M.P,4.0,"Beach Bar staff Ali, Kubilay, Pelin, Enes, thank you for your helpfulness.
There are insufficient sun loungers. And personal belongings are collected within 30 minutes. Annoying practice.
The massage service is good.
Recommended for families with children. The activities are good.",a month ago,2026-07-05,,"Dear Guest,

Thank you for your valuable feedback.

We are pleased that you were generally satisfied with your stay at our facility and especially appreciated our family-friendly amenities, activities, and spa services.

We will also share your comments regarding sun lounger usage with our relevant departments for consideration.

We look forward to welcoming you again.

Sincerely,
Irina Özkökdemir
Customer Relations Management
Megasaray Hotels",Local Guide · 23 reviews · 3 photos,Ci9DQUlRQUNvZENodHljRjlvT2w4NVZHTlFPRjlYVlZKdFl6ZFZaVXA2VDI5VGVuYxAB
Ирина Ч,5.0,"A wonderful hotel with delicious food, engaging entertainment, clean rooms, and top-notch customer service. I highly recommend this hotel.",a month ago,2026-07-05,,"Dear Guest,

Thank you for your wonderful review.

We are delighted that you were satisfied with the quality of the food, the entertainment program, the cleanliness of the rooms, and the high level of service. We are honored to receive your recommendation.

We look forward to welcoming you again.

Sincerely,
Irina Özkökdemir
Customer Relations Management
Megasaray Hotels",3 reviews,Ci9DQUlRQUNvZENodHljRjlvT2sxbVJHZE1hVnBwWWxFeGExUTFXVWhXTTNaa1pXYxAB
Aytac İlbay,5.0,"We are currently at Megasaray West Beach and everything is wonderful, everything is going very well. The hotel is a bit small but it has everything and everything is right at our fingertips. We happened to be there on our middle daughter's birthday and they decorated the room for her and left gifts; we would like to thank them very much for this gesture. The food is good, the service is excellent and the staff are friendly. I highly recommend it.",a month ago,2026-07-05,,"Dear Guest,

Thank you for sharing your wonderful feedback. We are very pleased that you were generally satisfied with your stay at our hotel, especially with the gestures we made for your birthday and the services we provided.

We would be delighted to welcome you and your family again.

Sincerely,
Ayla Akbarova
Customer Relations Management
Megasaray Hotels",Local Guide · 20 reviews · 1 photo,Ci9DQUlRQUNvZENodHljRjlvT25SaE0ySnlPR2REU2t3eVlYVk9WMDEwZVc1VE4xRRAB
Sinan Tukenmez999,5.0,"This is our second day at the hotel, and I've never seen another place that prioritizes making its guests feel so comfortable. From the waiters and bartenders to the receptionists and public relations staff, everyone clearly enjoys their work. I commend the hotel management. You wouldn't feel this comfortable even in your own home.",a month ago,2026-07-05,,"Dear Guest,

Thank you for sharing your wonderful feedback. We are very pleased that you felt so comfortable during your first days at our hotel and that you positively evaluated the attention of our entire team.

We would be delighted to welcome you and your family again.

Sincerely,
Ayla Akbarova
Customer Relations Management
Megasaray Hotels",Local Guide · 10 reviews · 3 photos,Ci9DQUlRQUNvZENodHljRjlvT21aaVpERkhUWE4wVDJaM0xVbG5SRTFvVDFNNFNHYxAB
Александр Поповиченко,5.0,"Absolutely fantastic, a fantastic hotel, excellent service, right on the beach. Everything was fantastic. Special thanks to the entertainer, Mahabbat, and the waiters, Elizaveta and Herman. A big thank you and respect to Emmanuel, a cool, fun, kind guy.",a month ago,2026-07-05,,"Dear Guest,

Thank you for your review. We are glad you were satisfied with the hotel, the level of service, and its seaside location. It's great to hear that our team's efforts made your stay even more comfortable and memorable.

We look forward to welcoming you back to our hotel!

Sincerely,
Ayla Akbarova
Customer Relations Management
Megasaray Hotels",Local Guide · 1 review · 23 photos,Ci9DQUlRQUNvZENodHljRjlvT2t4aWR5MU1SR2QzVTAxVFdFaHJkM1ZhTmtST1ZFRRAB
Tamara Muizniece,5.0,"We chose a great hotel for our family vacation. The views were beautiful, the food in the restaurant was delicious and varied. I'd also like to mention the animation team. They do their job 100%, and the sports animators and children's animator are smiling and positive. Their language skills are top-notch. Of course, they offer activities: morning exercises, aqua aerobics, step aerobics, and evening programs were varied and cool, especially Michael Jackson, who was truly amazing. There was also live music and karaoke. Dancing with the animators was fantastic.",a month ago,2026-07-05,,"Dear Guest,

Thank you for your review. We are glad you chose our hotel for your family vacation and were delighted with the beautiful views, the variety and deliciousness of our restaurant dishes, and the high quality of our entertainment team.

We look forward to welcoming you back to our hotel!

Sincerely,
Ayla Akbarova
Customer Relations Management
Megasaray Hotels",3 reviews · 1 photo,Ci9DQUlRQUNvZENodHljRjlvT2xGR1dGVlBOa0pQZEdwSldGb3dMVTlEVFhGM1JIYxAB
Вера Притула,5.0,"I stayed at this hotel in May 2026. It's a great hotel! The staff is friendly and helpful!!! They respond quickly to all requests. Good food and entertainment! Great disco for kids. Activities all day long. The guys really try their best. Emanuel and Mahabat are super entertainers!!! They speak Russian, English, and Turkish well. They're active, interesting, and friendly!!! They try really hard, and the kids love them!!! Wonderful evening shows. I recommend everyone visit; you won't be dissatisfied!!!",a month ago,2026-07-05,,"Dear Guest,

Thank you for your review. We are glad you enjoyed your stay and highly appreciated the service of our staff, the quality of our food, the entertainment activities, and the evening shows. We are pleased to hear that you particularly appreciated our children's programs and the professionalism of our animation team.

We look forward to welcoming you back to our hotel!

Sincerely,
Ayla Akbarova
Customer Relations Management
Megasaray Hotels",5 reviews · 4 photos,Ci9DQUlRQUNvZENodHljRjlvT2t4VmRrcE9NMGgwZVRRMWR6QlFabmhIVm5oMVpHYxAB
Eva Enigma,5.0,"This was our first time staying at this hotel, based on a recommendation! We absolutely loved everything – the entertainment (the entertainers speak Russian), the food was fantastic (the fish and meat were all delicious), the rooms were cleaned daily, the cleaning lady was very pleasant and explained everything clearly, and the sports entertainers were a special thank you! We'll definitely be back!",a month ago,2026-07-05,,"Dear Guest,

Thank you for your review. We are pleased that your first visit, based on a recommendation, left such a positive impression and that you were satisfied with the entertainment, the variety and quality of the food, the daily housekeeping, and the work of our sports animation team and all staff.

We look forward to welcoming you back to our hotel!

Sincerely,
Ayla Akbarova
Customer Relations Management
Megasaray Hotels",1 review,Ci9DQUlRQUNvZENodHljRjlvT2tSVGVFZzFlSE5UWlROUE5IaERXRk5UVmxGTVdrRRAB
Emilia Durmaz,5.0,"The hotel is in a fantastic central location, the food is delicious, the animation team is very cheerful and energetic, we participated in activities such as step aerobics, darts, and aqua gym, it was very enjoyable, we loved all the evening shows, we danced to the DJ performance, and the daily music flow was wonderful.",a month ago,2026-07-05,,"Dear Guest,

Thank you for sharing your review. We are delighted that you enjoyed our hotel's central location, the delicious and varied food, and the cheerful and energetic approach of our animation team. We are very pleased that you had a great time at our step aerobics, darts, aqua gym activities, evening shows, and DJ performances.

We would be happy to welcome you and your family again.

Sincerely,
Ayla Akbarova
Customer Relations Management
Megasaray Hotels",1 review,Ci9DQUlRQUNvZENodHljRjlvT2pCaFNVTkpaVTVNUW5oTmNWWTVlRFJuYVU0NFFtYxAB
Aleyna,5.0,"The hotel was fantastic in every way; its central location, the delicious and varied food, the animation team being very friendly and warm, the activities being very enjoyable – step aerobics, darts, aqua aerobics – were great. We participated in the evening shows, all of which were very enjoyable. Karaoke was fantastic, we loved the dance shows, and we danced to the DJ performance. The animation team's language skills were amazing.",a month ago,2026-07-05,,"Dear Guest,

Thank you for sharing your kind review. We are pleased that you were satisfied with our hotel's central location, the variety and deliciousness of our food, and the friendly and warm approach of our animation team.

We would be delighted to welcome you and your family again.

Sincerely,
Ayla Akbarova
Customer Relations Management
Megasaray Hotels",1 review,Ci9DQUlRQUNvZENodHljRjlvT21oc1JGOU5WMnB5WjAxSmJqVlBVakJZTkRWMVgxRRAB
Jelena Ralevic,5.0,"Staying at this hotel was a truly wonderful experience. We are very satisfied with both the accommodation and the food, which was varied, delicious and always fresh. The rooms are clean, tidy and pleasant for a vacation.

The entire hotel staff deserves special praise - everyone is kind, smiling and ready to help at any time. We also want to praise the animators and organizers of daily activities, who made our vacation even more beautiful and fun with their effort, energy and interesting programs.

Thank you all for the hospitality and wonderful atmosphere. We will be happy to return and recommend this hotel to friends and family! 😊",a month ago,2026-07-05,,"Dear Guest,

Thank you for sharing your wonderful feedback. We are delighted to hear that you had such a pleasant stay and were satisfied with the accommodation, the variety and quality of our food, as well as the cleanliness and comfort of the rooms. 
We would be pleased to welcome you again at our hotel.

Best regards,
Ayla Akbarova
Customer Relations Management
Megasaray Hotels",1 review,Ci9DQUlRQUNvZENodHljRjlvT2xObmJUTnVPVU5QTFdOMFZXRlhhekZNYVVSUFUyYxAB
Mirjana Radović,5.0,"Phenomenal experience, staff and service are at the highest level. Entertainment team is phenomenal and they really make fun. All recommendations for this hotel.",a month ago,2026-07-05,,"Dear Guest,

Thank you for your positive review and kind recommendation. We are delighted to hear that you had a wonderful experience and that you were satisfied with our service, staff, and entertainment team.

We would be pleased to welcome you again at our hotel.

Best regards,
Ayla Akbarova
Customer Relations Management
Megasaray Hotels",1 review,Ci9DQUlRQUNvZENodHljRjlvT25CSWRtUndTVmwwVDNCd2RFRTJUbFpKV1dkSk1VRRAB
Родион Чебанов,5.0,"Railya is a great girl, very quick, active, and quick. It's a very nice hotel with nice rooms. The food is delicious and varied. The price and quality are right. The rooms are perfectly cleaned, and the bar is always stocked. We're very happy with everything. Thank you very much. We'll definitely be back.",a month ago,2026-07-05,,"Dear guest,

Thank you for your wonderful review and high rating.

We are delighted that you were satisfied with the comfort of the rooms, the quality of the food, the cleanliness, and the level of service. Your kind words are the best reward for our team.

Thank you for your trust. We look forward to welcoming you again and making your next stay just as enjoyable.

Sincerely,
Irina Özkökdemir
Customer Relations Management
Megasaray Hotels",1 review,Ci9DQUlRQUNvZENodHljRjlvT2poeFFqTjJXa2hUTVhkRGJGbzRaV0UxWDJOU05uYxAB
Adrian Toure,2.0,"I stayed for 6 nights.
For 6 days, I put a note on the door asking for the room to be cleaned, but they just straightened the sheets and pillows and left. We slept with the same sheets (I recognize them by the stains). The floors were never swept.

In the restaurant, the spoons and forks were full of food scraps; finding a clean one was almost impossible. Some of the teacups were cracked and in a dangerous condition, and they had lipstick and food scraps on them; I think they were just dipped in water and taken out.

There were Russian tourists on the beach who left their towels behind; some even left two towels, one for themselves and one for their belongings. There was no one inspecting or taking responsibility.

In general, the staff were unhappy and complaining about their managers; there seemed to be cliques among them as far as I could see.

I would not choose this place again.",a month ago,2026-07-05,,"Dear Guest,
We were unable to find any accommodation details for a guest with the username *Adrian Toure* at our facility during our checks. To clarify the matter and better assist you, please contact us directly at crm@megasarayhotels.com for a more detailed assessment.
We would be happy to assist you.
Sincerely,
Ayla Akbarova
Customer Relations Management
Megasaray Hotels",2 reviews,Ci9DQUlRQUNvZENodHljRjlvT21sb2VUQnFXV3RDYVhNMlpFNVhVamhmU1Y5Vk1VRRAB
Ксения Алдошина,5.0,"My friend and I vacationed in May 2026, and this is our second time back. Everything was wonderful, the food was varied, and the animation team provided activities all day long. Elina, Emmanuel, Muhammad, and Mahabat, you guys were amazing! Thank you for the wonderful atmosphere and positive energy. The hotel spa is excellent, and Malika, the receptionist, was friendly and polite. It's a place you want to return to.",a month ago,2026-07-05,,"Dear guest,

Thank you for your wonderful review and for choosing us again for your vacation.

We are delighted to learn that your return stay left such a positive impression. We are delighted that you enjoyed the varied cuisine, the rich activity program, and the relaxing atmosphere. We are also pleased to hear that the work of our entertainment team and spa center contributed to your comfortable and memorable stay.

Thank you for your kind words and high rating. We are honored to be a place where you want to return again.

We look forward to welcoming you back!

Sincerely,
Irina Özkökdemir
Customer Relations Management
Megasaray Hotels",6 reviews · 5 photos,Ci9DQUlRQUNvZENodHljRjlvT25kcWFWcDVVMFp3ZFVsaGVpMWhWREpHVWxCa2FrRRAB
Kılınç COŞKUN,5.0,"A beautiful hotel located right on the beachfront, just behind the Konyaalti beaches and facilities.",2 months ago,2026-06-05,,"Dear Guest,

Thank you for your valuable feedback and high rating.

We are pleased that you enjoyed the location and amenities of our property. We continue to work to provide our guests with a pleasant and comfortable stay.

We would be delighted to welcome you again.

Sincerely,
Irina Özkökdemir
Customer Relations Management
Megasaray Hotels",Local Guide · 490 reviews · 678 photos,Ci9DQUlRQUNvZENodHljRjlvT2tsbVR6SlRPVVJwV2tWbVdHVllXRUZqVlUxU1pFRRAB
Надежда Иванова,5.0,"The hotel is incredible. Cleaning is constant, and the bar is replenished daily. There are plenty of food options to suit every taste.
The welcome area at reception is a special treat. After a long flight, the detox water was a real lifesaver.
Checkout was excellent. We had a 4:00 AM checkout, so after 12:00 PM we were able to continue swimming, eating, and finally enjoying a dip in the spa center. This is great when traveling with children.
The entertainment is top-notch, unobtrusive yet engaging. For both children and adults. Special thanks to the entertainers, Emanuel, the Russian Tarzan, and Mahabat, who entertain both children and adults very well, especially their dancing.
The evening concerts are always interesting. During our 7 days, we never had a repeat performance, unlike at other hotels.
I definitely recommend it, and we will definitely be back.",2 months ago,2026-06-05,,"Dear guest,

Thank you for your wonderful review and high rating.

We are delighted to learn that you were satisfied with the quality of service, the variety of culinary offerings, the check-out service concept, and the work of our entertainment team. We are especially pleased that both adults and children enjoyed our stay and evening programs.

Your kind words are the best reward for our entire team.

We thank you for your recommendation, and we look forward to welcoming you back as a guest.

Sincerely,
Irina Özkökdemir
Customer Relations Management
Megasaray Hotels",Local Guide · 26 reviews · 9 photos,Ci9DQUlRQUNvZENodHljRjlvT21ORk1uRllXRTlIY0hCU05qa3RhbGxUZURNdGNsRRAB
Мег,5.0,"The Megasaray Hotel is amazing. I recommend it to everyone. Excellent service. Everything is top-notch. Everything is perfect. I want to highlight the dance floor—it's simply gorgeous, especially Emanuela from Venezuela. Special thanks to him 🙏💕 Muhammad Makabad and Elina are also really great. I want to especially mention IBRAHIM and ELIZABETH from the service staff. Absolutely respect. And once again, a huge thank you to the girls from the guest relations department—Sedef Fidan Leoni and Victoria. Thank you very much. 💕💘❤💯",2 months ago,2026-06-05,,"Dear guest,

Thank you for such a warm and detailed review and your high rating of our hotel.
We are truly delighted that you were satisfied with the level of service, quality of service, and overall atmosphere. We are especially pleased that you praised the dance floor and entertainment program, as well as the work of our various team members and guest relations department.
Your kind words are a great motivation for us and will be shared with the entire team.
We look forward to welcoming you again!

Sincerely,
Irina Özkökdemir
Customer Relations Management
Megasaray Hotels",1 review,Ci9DQUlRQUNvZENodHljRjlvT2tkclEyMXZkblY0TTNwQmNVSlpaamxpVWpWdFRGRRAB
Kadir Uzun,5.0,"We were extremely satisfied with the service we received during our holiday at Megasaray Westbeach Antalya. From the moment we first checked in, the friendly and solution-oriented approach of the reception team made us feel special. All employees prioritize guest satisfaction and make this evident at every stage.
The hotel's location and view are truly wonderful. Waking up to a sea view in the morning and watching the sunset from the hotel's pleasant areas added a special beauty to our holiday. It offers a very nice environment for those who want to both relax and have a pleasant time.
The rooms were extremely comfortable, clean, and functional. My only criticism would be the old carpets on the floors and the slightly outdated furniture. If the floors were parquet and the furniture were renewed, it could be a fantastic concept. They are very meticulous about cleanliness. We did not see any shortcomings in hygiene, either in the rooms or in the common areas. This made us feel comfortable and safe throughout our holiday. I would especially like to thank Enmonuel and Mahabat from the animation team. Their energy, sincerity, and warm communication with guests are truly commendable. Thanks to their efforts to include everyone in the fun, from morning activities to evening programs, a very nice atmosphere is created in the hotel. You feel like you're not just a guest, but part of a big family.
Enmonuel was very special, we were amazed by his energy and we would definitely like to meet him again when we visit the hotel again 😊
The pool activities, sports events and competitions organized during the day were very fun. It was a great event both in terms of fun and socializing.
The food deserves praise on its own. There are options to suit every taste in the open buffet. The flavors from Turkish and world cuisine were carefully prepared. The desserts, snacks and drinks options were also very successful. In short, everyone from the reception to the restaurant staff, from the cleaning staff to the animation team does their job with great dedication. We had an unforgettable holiday with its comfort, cleanliness, view, food and friendly staff. We wholeheartedly recommend Megasaray Westbeach Antalya and hope to come back again as soon as possible :)",2 months ago,2026-06-05,,"Dear Guest,

Thank you for your valuable feedback.

We are extremely pleased that you were satisfied with the approach of our reception team, the location and view of our facility, the comfort and cleanliness of the rooms, our general hygiene standards, and our gastronomic services during your stay.

We are very pleased that the energy of our animation team and their warm interaction with guests contributed to your holiday, and that you enjoyed the pool activities and daily events.

Your constructive feedback regarding the furniture and general areas has been carefully considered and shared with the relevant departments.

Thank you for your kind comments, and we would be delighted to welcome you again.

Sincerely,
Irina Özkökdemir
Customer Relations Management
Megasaray Hotels",1 review,Ci9DQUlRQUNvZENodHljRjlvT25JNFZWbEJjMkpCTkRSMmFrYzJNRVZFTW1aZlJGRRAB
E. C,5.0,"We had a wonderful stay at the Mega Saray West Beach Hotel in Konyaaltı.

Even at check-in, the staff were friendly and helpful, making us feel right at home.

Our room was clean, well-maintained, and had a fantastic view.

The view of the sea and the mountains at the same time is simply stunning.

The food was excellent. Breakfast, in particular, offered a wide selection and was constantly being replenished.

We thoroughly enjoyed our holiday there and would definitely choose this hotel again if we were to visit Antalya again.",Edited 2 months ago,2026-06-05,,"Dear Guest,

Thank you very much for your detailed and positive feedback. We are delighted to hear that you were completely satisfied with your stay, our staff, the location, and the food. Your praise motivates our team to continue providing the best service for our guests.

We would be very happy to welcome you back to our hotel anytime.

Sincerely,

Irina Özkökdemir
Customer Relations Management
Megasaray Hotels",Local Guide · 8 reviews · 5 photos,Ci9DQUlRQUNvZENodHljRjlvT21JeU1scFFPRjk2U201dVRtZFRNVmRuUkUxdmIzYxAB
Ольга Банникова,5.0,"A pleasant hotel. I was surprised to find the beach right across the street, so I didn't have to go anywhere.
The room has everything for a comfortable stay. The bar is restocked daily. The staff is helpful. Upon arrival, they created a WhatsApp group where you can and should send requests. The staff at the hotel, restaurant, and beach bar understand Russian. The beach is clean, regularly cleaned, and offers drinks; nothing is refused.
The restaurant has food for every taste, although they don't have certain items we're accustomed to, but that's no problem.
If you plan to visit malls or souvenir shops, or the currency exchange office, everything is within walking distance and accessible by public transportation. We didn't use taxis; public transportation was fine. Overall, a very comfortable hotel.",2 months ago,2026-06-05,,"Dear guest,

Thank you for choosing our hotel and for such a detailed and positive review.

We are glad that you were pleased with the convenient beach location, the comfort of the rooms, the daily refill of the minibar, and the attentiveness of the staff. We are especially pleased that you noted the prompt communication with guests and the work of our team, as well as the cleanliness of the beach and the variety of food.

Your kind words are very important to us and the entire team.

We look forward to welcoming you again!

Sincerely,
Irina Özkökdemir
Customer Relations Management
Megasaray Hotels",1 review · 11 photos,Ci9DQUlRQUNvZENodHljRjlvT25Cc00weDRkRGxZVlU5WlZXaElaVlZ2UWxwcldFRRAB
ibrahim aydoğan,5.0,,2 months ago,2026-06-05,,"Dear Guest,

Your satisfaction is our greatest reward. We look forward to welcoming you again.

Sincerely,
Irina Özkökdemir
Customer Relations Management
Megasaray Hotels",4 reviews · 1 photo,Ci9DQUlRQUNvZENodHljRjlvT2t0TGNVVjBjSFl4VURoclNYRlRORzFQZUUwM0xYYxAB
Мар Мар,5.0,"We are relaxing at the hotel and we really like everything. Excellent animators, all day long activities. I would especially like to mention Mahabat (she knows 5 languages) speaks to everyone in their native language, she leads aqua aerobics perfectly (at the end, the icing on the cake is her fiery dance). Simply superb evening programs, live music, dance shows, dancing with the animators. The hotel has a wonderful spa. Friendly administrators, a wonderful masseuse - Leah. Waiters serve all day both on the beach and by the pools (they will bring you whatever you want). The only downside is the pebbles at the entrance to the sea, but if you wear coral shoes, then everything is fine. Food and drinks for every taste and 24 hours.",2 months ago,2026-06-05,,"Dear guest,

Thank you for choosing our hotel and for such a warm and detailed review.

We are delighted that you enjoyed your stay, including the entertainment program, daytime activities, evening shows, and live music. We are especially pleased to hear that the animation team and aqua aerobics left a lasting impression on you.

We also appreciate your appreciation of the spa center, beach and pool service, and the 24-hour food and beverage selection.

Your kind words are a great encouragement to us.

We look forward to welcoming you again!

Sincerely,
Irina Özkökdemir
Customer Relations Management
Megasaray Hotels",3 reviews,Ci9DQUlRQUNvZENodHljRjlvT2tKbWIwNXFSWE5PU0c5Qk0zazBiVmRhTVRSeWFWRRAB
Neslihan Kızılelma,5.0,"Everything was perfect from start to finish, everyone deserves a big heart!",2 months ago,2026-06-05,,"Dear Guest,

Thank you for sharing your wonderful feedback. We are very pleased that everything went perfectly during your stay and that you were especially pleased with the attention of our staff.

We would be delighted to welcome you and your family again.

Sincerely,
Ayla Akbarova
Customer Relations Management
Megasaray Hotels",3 reviews,Ci9DQUlRQUNvZENodHljRjlvT25sTmNsVnRkMlZzV0dKc1UxSnNORXhPYUhaMGJGRRAB
Ahmet Tunçer,5.0,,2 months ago,2026-06-05,,"Dear Guest,

Your satisfaction is our greatest reward. We look forward to welcoming you again.

Sincerely,
Ayla Akbarova
Customer Relations Management
Megasaray Hotels",5 reviews · 19 photos,Ci9DQUlRQUNvZENodHljRjlvT21scVVIbGZlazVTWkd4aVpURTVibkIzTkdsUVpIYxAB
Şaduman Canan Karakol,5.0,"The staff, in particular, are very friendly and helpful; they solve all your problems.",2 months ago,2026-06-05,,"Dear Guest,

Thank you for sharing your feedback. We are pleased that you were satisfied with the friendly and attentive approach of our staff. All our team members work diligently to provide the best service to our guests.

We would be delighted to welcome you and your family again.

Sincerely,
Ayla Akbarova
Customer Relations Management
Megasaray Hotels",Local Guide · 77 reviews · 115 photos,Ci9DQUlRQUNvZENodHljRjlvT2sxSFUyZERiV3BIVldSQlluVXlhV0pFUkRabVgzYxAB
Murvet Yosun,5.0,"This was my fourth visit since 2022, and I made it during this holiday. The rooms are spotlessly clean, the staff are friendly and helpful. The food is delicious and offers a wide variety. Having the hotel beach in front of the hotel is incredibly convenient. I would like to thank all the hotel staff, but I especially want to thank Hüseyin on the beach for his helpful and friendly service.",2 months ago,2026-06-05,,"Dear Guest,

Thank you for sharing your review and for choosing our hotel again. We are pleased that you were satisfied with your stay at our hotel, the cleanliness, the quality of service, our food, and the arrangements in our beach area.

We would be happy to welcome you and your family again.

Sincerely,
Ayla Akbarova
Customer Relations Management
Megasaray Hotels",Local Guide · 10 reviews · 13 photos,Ci9DQUlRQUNvZENodHljRjlvT25wS1NtZDVSbFEyVGpSZlFtNVVUbVpJYWtab05tYxAB
Zilo Al,5.0,Everything's great 👍🏼,2 months ago,2026-06-05,,"Dear Guest,

Your satisfaction is our greatest reward. We look forward to welcoming you back again soon.

Sincerely,

Ayla Akbarova
Customer Relations Management
Megasaray Hotels


Sincerely,


Customer Relations Management
...",5 reviews,Ci9DQUlRQUNvZENodHljRjlvT2tkUlIyazBhbk51VmxkUE0ydGZSMlJ3YUVocmMxRRAB
murat tekin,4.0,,2 months ago,2026-06-05,,"Dear Guest,

Your satisfaction is our greatest reward. We look forward to welcoming you again.

Sincerely,
Ayla Akbarova
Customer Relations Management
Megasaray Hotels",5 reviews,Ci9DQUlRQUNvZENodHljRjlvT2xaSGRsOXdlVzlJZHpaamVERkxXR0pzU21WbU5WRRAB
Alkin Orhan,5.0,"A truly wonderful vacation where my daughter and I felt very comfortable, thoroughly enjoyed our time, and relaxed completely.

Our vacation actually began with the flight with Air Anka, which provided excellent service both to and from the hotel and completely exceeded our expectations.

The hotel transfer with Holiday Taxis was also seamless, punctual, quick, and completely hassle-free. We were treated like VIPs – simply top-notch.

This continued with the reception and service at the hotel. We were checked in very quickly and received attentive care, even though we arrived much too early. We felt well looked after from the very first minute until our departure.

Our special thanks go to the Operations Manager, Mr. Ercan Torun, who made our stay at the hotel as pleasant as possible, taking every request we had very seriously and resolving it constructively.

We would also like to extend our sincere thanks to our server, Osman, for his exceptional and professional service and very attentive manner in the restaurant.

The service in the bar area was also excellent, with the helpfulness and friendly, attentive manner of the lady ""ZEMZEM,"" who always served us with a smile. It was always a pleasure to visit the bar. She served not only us, but all the guests in this way – a fantastic and exemplary service employee, exactly what one expects as a hotel guest.

CONCLUSION: A great hotel that we wholeheartedly recommend and would definitely spend our vacation there again.",Edited 2 months ago,2026-06-05,1,"Dear Guest,

Thank you for your detailed and positive feedback. We are delighted to hear that you and your daughter thoroughly enjoyed your stay at our hotel and felt well cared for from the moment you arrived until your departure. Your kind words about our service and the high quality of our staff are a great source of motivation for us.

We would be very pleased to welcome you and your family back again.

Sincerely,

Ayla Akbarova
Customer Relations Management
Megasaray Hotels


Sincerely,

Ayla Akbarova
Customer Relations Management

Megasaray Hotels",Local Guide · 24 reviews · 58 photos,Ci9DQUlRQUNvZENodHljRjlvT2pWSlJrRmxUa28xVGxwdFRYUjFUV2RVUlRkSlgwRRAB
Emrecan Taşar,4.0,"We were impressed by the waiters' professionalism; they were smiling but not artificial, providing service in a very relaxed and relaxed manner. (Thanks, Kubilay) The food is delicious, there's every kind of dish imaginable, and the food never runs out, there's always something to eat. The cleanliness and organization are excellent.",2 months ago,2026-06-05,,"Dear Guest,

Thank you for sharing your review. We are pleased that you were satisfied with your stay at our hotel, and especially with our quality of service, variety of food, cleanliness, and orderliness.

We would be delighted to welcome you and your family again.

Sincerely,
Ayla Akbarova
Customer Relations Management
Megasaray Hotels",Local Guide · 84 reviews · 41 photos,Ci9DQUlRQUNvZENodHljRjlvT2tOSlZ6RnpTRzFOZVhwMFJVMDNZazFzVmpCd2JsRRAB
Palms,3.0,"Unfortunately, the walls between the rooms are very thin, and the noise from the adjacent rooms was very disturbing.",2 months ago,2026-06-05,,"Dear Guest,
We were unable to find any accommodation details for a guest with the username *Palms* at our facility during our checks. To clarify the matter and better assist you, please contact us directly at crm@megasarayhotels.com for a more detailed assessment.
We would be happy to assist you.
Sincerely,
Ayla Akbarova
Customer Relations Management
Megasaray Hotels",Local Guide · 17 reviews · 4 photos,Ci9DQUlRQUNvZENodHljRjlvT2xkaWQxWTJSM2c0Y1hVNVJtSlJla1IzWDAxdFJFRRAB
Agnė V,4.0,,2 months ago,2026-06-05,,"Dear Guest,
Your satisfaction is the greatest reward for us. We look forward to welcoming you again soon.

Warm regards,
Ayla Akbarova
Customer Relations Management
Megasaray Hotels",4 reviews · 5 photos,Ci9DQUlRQUNvZENodHljRjlvT2pCbGFGaFVWbEp5U0d4UGRtRmlSM1Z6TVRGaFEyYxAB
Semih Menteş,5.0,It was a wonderful experience. We thanked Mr. Hüseyin for his kind hospitality.,2 months ago,2026-06-05,,"Dear Guest,

Thank you for sharing your review. We are pleased that you were satisfied with your stay at our hotel and the services provided.

We would be delighted to welcome you and your family again.

Sincerely,
Ayla Akbarova
Customer Relations Management
Megasaray Hotels",3 reviews,Ci9DQUlRQUNvZENodHljRjlvT2poT1VGbHdMV1ozU1RKRk5WbzNWMHBSYlVvNVIzYxAB
Utku Durmuşoğlu,5.0,"It was a wonderful experience in every way. The staff were extremely friendly (Emanuel the animator's energy alone was enough 😁) (Ali and Utku at the entrance 🙏), attentive and helpful in every way. With its location, quality (the food is fantastic, the cocktails are amazing), and atmosphere, it's definitely a hotel I would want to choose again 🖐",2 months ago,2026-06-05,,"Dear Guest,

Thank you for sharing your review. We are delighted that you enjoyed your experience at our hotel, and especially that you appreciated the friendly service of our staff, our food, cocktails, and the overall atmosphere.

We would be happy to welcome you and your family again.

Sincerely,
Ayla Akbarova
Customer Relations Management
Megasaray Hotels",Local Guide · 252 reviews · 576 photos,Ci9DQUlRQUNvZENodHljRjlvT2xoMWFYbEpZalJQV2tjdGNuRndOSGx5TXpOR1VXYxAB
Funda Altan,5.0,Thank you so much for the warm and friendly service that greeted us with a smile upon arrival at the hotel and made us feel right at home.,2 months ago,2026-06-05,,"Dear Guest,

Thank you for sharing your review. We are pleased that you were satisfied with the friendly and welcoming service you received from the moment you arrived at our hotel.

We would be delighted to welcome you and your family again.

Sincerely,
Ayla Akbarova
Customer Relations Management
Megasaray Hotels",2 reviews,Ci9DQUlRQUNvZENodHljRjlvT2kwNFNXZFliRWN4U21saU1HVXlSamg1TmpaR1EzYxAB
İbrahim uzun,3.0,Room services are not working.,2 months ago,2026-06-05,,"Dear Guest,

We were unable to find any details regarding a stay with *Ibrahim Uzun* at our facility during our checks. To clarify this matter and better assist you, please contact us directly at crm@megasarayhotels.com for a more detailed assessment. We would be happy to assist you.

Sincerely,
Ayla Akbarova
Customer Relations Management
Megasaray Hotels",Local Guide · 70 reviews · 7 photos,Ci9DQUlRQUNvZENodHljRjlvT25sU1pGSXROVTVQZUV4VUxVbDJOMjl4TnpWU1ltYxAB
Süleyman,5.0,"I am currently staying at the hotel.

Positive aspects: It has more of a boutique 5-star hotel feel. Don't expect a very large hotel. There are two outdoor and one indoor swimming pool. It's 100 meters from Konyaaltı beach. The beach has amenities like a cafe, showers, and sun loungers. The staff are friendly and helpful. The ice cream is very good. There are plenty of activities, so you won't get bored in the evenings. The location is excellent; you can walk directly out the door and explore Konyaaltı beach. There's a market inside the hotel, and right next door are Migros Jet, Şok supermarket, and a gas station. While the indoor parking isn't fully utilized, we found a spot (some 5-star hotels don't have this). The food is varied, and snacks are available throughout the day.

Negative aspects: The music by the pool is very loud and disturbing. There are families with children as well as people having fun. It shouldn't cater to just one group. The desserts served with meals are almost the same, especially the syrupy ones, which are bad. The area where the buffet, fried food, and tables are located is all in the same space, making it very stuffy.

In summary; for 2 adults, 1 child (9 years old), and 1 baby, we paid an average of 30,000 TL for 3 nights and 4 days. Other 5-star hotels often have more pools and aquaparks, but their prices are around 50,000 TL. Considering the price, it's a nice hotel I can recommend. ❤️",2 months ago,2026-06-05,,"Dear Guest,

Thank you for sharing your detailed feedback. We are pleased with your positive comments regarding our location, proximity to the beach, transportation options, the attentiveness of our staff, the variety of activities, and dining options. Your comments on the overall price-performance ratio are also valuable to us.

Your feedback regarding the music volume in the pool area, the variety of desserts, and the ventilation in the buffet area has also been shared with our relevant departments.

We would be delighted to welcome you and your family again.

Sincerely,
Ayla Akbarova
Customer Relations Management
Megasaray Hotels",Local Guide · 36 reviews · 32 photos,Ci9DQUlRQUNvZENodHljRjlvT21kNWRHZDZTRFl4ZUZKMldua3lSMHBhUXpsamQyYxAB
About Life,1.0,Bad service I don’t recommend,2 months ago,2026-06-05,,"Dear Guest,

Unfortunately, we are unable to verify your reservation based on this username. We carefully review all reviews shared on online platforms and attach great importance to our guests' feedback in order to continuously improve our service quality.

To enable us to conduct the necessary investigations and assist you better, we kindly request you to share the details of your stay with us via crm@megasarayhotels.com.

Kind Regards

Irina Özkökdemir
Customer Relations Management
Megasaray Hotels",Local Guide · 458 reviews · 120 photos,Ci9DQUlRQUNvZENodHljRjlvT2tsU1V6VTNRa280UmpsWE5VMDNibFJWTm5VM01HYxAB
Hatice Coşar,5.0,"The hotel was fantastic in every way; its central location and the food were both delicious and varied. Step aerobics was a must-have, and aqua aerobics was very enjoyable. We loved participating in the live music and dance shows in the evenings. The daily music schedule and DJ performances were wonderful. I was impressed by the animators' language skills, friendliness, and cheerful demeanor.",2 months ago,2026-06-05,,"Dear Guest,
Thank you for taking the time to share your experiences with us. We are very pleased that you were satisfied with our hotel's central location, the variety and taste of our food, and our overall quality of service.
It is a great pleasure for us that you enjoyed our daily activities, step and aqua aerobics events, evening live music and dance shows, and DJ performances, adding color to your holiday.
Your appreciation of our animation team's friendly, warm, and attentive approach is also a very valuable source of motivation for us.
We would be delighted to welcome you back to our hotel.
Sincerely,
Merve Gülseven
Customer Relations Management
Megasaray Hotels",1 review,Ci9DQUlRQUNvZENodHljRjlvT2tsalNVVkhWVjl3YmxWWWVWWjFZamRvYmpsak4yYxAB
PAKİZE BAYRAM,5.0,"The hotel's central location, clean rooms, and view are fantastic. The food is delicious; the lady who makes the Turkish fried dough (pişi) does a wonderful job. We thank Serkan and Aykut for their work. The staff are very friendly. We participated in step aerobics, morning exercises, and darts activities, which were very enjoyable. The animation team was very cheerful, and the evening music and live performances were also very pleasant. We loved the daily music schedule and DJ performances.",2 months ago,2026-06-05,,"Dear Guest,
First of all, we are very happy that you enjoyed your holiday at our hotel. Your satisfaction with our central location, the cleanliness of the rooms, our pleasant view, and the deliciousness of our food is a wonderful feedback.
We would also like to thank you for your kind words to our chefs, especially our team that prepared the Turkish flatbread. We will gladly share this with all our team members.
We are very grateful that you enjoyed the friendly approach of our staff and the step aerobics, morning exercise, and dart activities offered by our animation team. We are also pleased that our evening live music, DJ performances, and entertainment programs contributed to your holiday.
We would be delighted to welcome you back to our hotel.
Sincerely,
Merve Gülseven
Customer Relations Management
Megasaray Hotels",4 reviews,Ci9DQUlRQUNvZENodHljRjlvT25vMlYxOHpaR0ZOYTFaU2NUSldibE5uY2psQ1NHYxAB
Bekir Gurgen,5.0,"The hotel is centrally located, offers a variety of delicious dishes, and is fantastic with its room view and cleanliness. The animation team is very friendly, and the activities are great; step aerobics, darts, and morning gym were very enjoyable. We attended the evening shows and live music, which was wonderful. We had a lot of fun at the DJ performance, and my daughter enjoyed the cookie workshop in the mini club. The animators were very friendly.",2 months ago,2026-06-05,,"Dear Guest,
We are very pleased that you enjoyed your holiday overall and were especially happy with our hotel's central location, the cleanliness of the rooms, the view, and the variety of our food options.
We are very happy to hear that you enjoyed the friendly and attentive approach of our animation team, activities such as step aerobics, darts, and morning gym, and that you had fun with the evening shows, live music, and DJ performances.
We were also delighted that your daughter had a wonderful time at the cookie workshop activity in the Mini Club. The happiness of our young guests is always our priority.
We would be pleased to welcome you and your family back to our hotel.
Sincerely,
Merve Gülseven
Customer Relations Management
Megasaray Hotels",2 reviews,Ci9DQUlRQUNvZENodHljRjlvT210Rk4yRXlMVmR1VmxFMk1WZDZVVVUzUjNOUFNGRRAB
Şeyda Durmuş Gürgen,5.0,"The hotel was fantastic in every way; its central location and wide variety of food were excellent. A big thank you to Aykut and Serkan, the chefs. The animation team was very friendly; the step aerobics, darts, and morning gym were very enjoyable. We loved participating in the live music and evening dances. The animators were very cheerful.",2 months ago,2026-06-05,,"Dear Guest,
Thank you for taking the time to share your experiences with us. We are very pleased that you were satisfied with our hotel's central location, wide variety of food, and overall quality of service. We also appreciate that you enjoyed the friendly and attentive approach of our animation team, as well as the step aerobics, darts, morning gym, and evening live music and dance shows, adding beautiful memories to your holiday.
Thank you also for your kind words to our chefs; we will gladly share them with all our team members.
We would be delighted to welcome you back to our hotel.
Sincerely,
Merve Gülseven
Customer Relations Management
Megasaray Hotels",2 reviews,Ci9DQUlRQUNvZENodHljRjlvT2tSRWNtTnFiVGhyVGxvMldVaFJUVFpoVUVReWIzYxAB
Aleyna Çetin,5.0,"It was a wonderful hotel experience in every way. Even special baby formula was thoughtfully provided for families with infants. The staff were friendly, efficient, and worked in an organized manner. The entertainment and activities were a very enjoyable experience. The food was very fresh and delicious.",2 months ago,2026-06-05,,"Dear Guest,
Thank you for taking the time to share your experiences with us. We are very happy that you enjoyed a pleasant holiday with your family and that you were particularly pleased with our preparations for babies.
It is a great source of motivation for us that you noticed and appreciated our staff's friendly, fast and planned service approach.
Your enjoyment of the entertainment and activities and your finding our meals fresh and delicious are also very valuable feedbacks for us.
We would be pleased to welcome you and your family back to our hotel.
Sincerely,
Merve Gülseven
Customer Relations Management
Megasaray Hotels",9 reviews,Ci9DQUlRQUNvZENodHljRjlvT21KcloyZFdUV0ZDZG1KaE5VZzRWMVpETjBOUVNWRRAB
Irem Dogan,5.0,"This might be the best hotel I've ever stayed at in terms of service. The service is excellent; all the staff are smiling and extremely hospitable. The food is superb, with unlimited variety for all three meals. If you want exceptionally attentive and excellent service, I definitely recommend it. The dance shows, live music, and animation team activities are fantastic.",2 months ago,2026-06-05,,"Dear Guest,
Thank you for taking the time to share your wonderful feedback. We are truly delighted that you have evaluated your experience at our hotel as one of the best hotels in terms of service.
It is a great source of motivation for us that you noticed the friendly, attentive, and hospitable approach of our staff. We are also pleased that you were satisfied with our variety of food and the service we provided throughout all three meals.
We are very happy that you enjoyed the dance shows, live music, animation team, and our activities, and that they added beautiful memories to your holiday.
We would be pleased to welcome you back to our hotel.
Sincerely,
Merve Gülseven
Customer Relations Management
Megasaray Hotels",2 reviews,Ci9DQUlRQUNvZENodHljRjlvT2poUmNVMW1WMnRTTFdab04ySmthMHhTVEc1RldHYxAB
Seda Gültekin,5.0,"If it had ten stars, I would give it ten, but unfortunately it only has five, so I had to give it five stars. In a word, it's a perfect hotel. The food is excellent...the staff's attentiveness and care are superb...the cleanliness of the rooms...your room is cleaned every day, and when you arrive, you find a little surprise on your bed. I especially want to thank Ms. Dürdane, who cleaned our room; thank you for your hard work...Thank you for being a hotel I will return to regularly.",2 months ago,2026-06-05,,"Dear Guest,
Thank you for taking the time to share your kind and heartfelt review. We are truly delighted to hear that you rated our hotel as excellent and left with such high satisfaction.
Your satisfaction with our food, the attention and care of our staff, and our overall service quality is a great source of motivation for us. We were also pleased that your rooms were cleaned regularly every day and that you were greeted with small surprises, adding a nice touch to your holiday.
Thank you for your kind words to our housekeeping team, and especially to the team member you mentioned who provided the cleaning service; we will gladly share them.
We would always be delighted to welcome you back to our hotel.
Sincerely,
Merve Gülseven
Customer Relations Management
Megasaray Hotels",3 reviews · 5 photos,Ci9DQUlRQUNvZENodHljRjlvT201TVoxVXRUR3hTVjBreFExaFJVWGhzYW1GalNXYxAB
Selma YÜKSEL,5.0,"This is our second visit this year.
The kitchen is as successful as ever.
We especially thank Chef Mustafa at the bakery.
All the staff are friendly.
They are successful and solution-oriented in terms of service.",2 months ago,2026-06-05,,"Dear Guest,
Thank you for your kind review and for choosing our hotel for the second time this year.
We are very pleased with your positive comments about our kitchen services, the friendliness of our staff, and the overall quality of our service. Your praise, especially regarding our colleague in the bakery department, will be conveyed to him/her.
We are also delighted that you enjoyed our magnificent view. We would be happy to welcome you again.
Sincerely,
Merve Gülseven
Customer Relations Management
Megasaray Hotels",2 reviews,Ci9DQUlRQUNvZENodHljRjlvT25OVFVsRXplVXRoY0dsU1dGVlZOa2c1Ymt4Q1JtYxAB
Levi Trytsman,5.0,,2 months ago,2026-06-05,,"Dear Guest,
Thank you for your kind review and high rating.
We are very happy that you were satisfied with our hotel. We would be pleased to welcome you again.
Sincerely,
Merve Gülseven
Customer Relations Management
Megasaray Hotels",2 reviews,Ci9DQUlRQUNvZENodHljRjlvT21veGEzSjVTMGxrVUhJd1pETlNjWE5wYms5elkzYxAB
betül baydar incesu,5.0,"The smiles, attention, energy, care, the food, the flavors, the service, the entertainment team—everything was wonderful. And the animation team was very friendly, energetic, cheerful, and had excellent communication skills. It's ideal for families with children; the mini disco was great, and the sports activities were all fantastic. Thank you!",2 months ago,2026-06-05,,"Dear Guest,

Thank you for your kind comment and high rating. We are extremely pleased that you enjoyed your stay and especially spoke positively about our service quality, food, entertainment, and activities.

Your valuable feedback regarding our animation team and children's activities will be gladly shared with our relevant teams.

We look forward to welcoming you again.

Sincerely,
Irina Özkökdemir
Customer Relations Management
Megasaray Hotels",2 reviews,Ci9DQUlRQUNvZENodHljRjlvT25sVGQyZzJaR2hhYVhwc2FqSjBaR2hGUm5VeFpYYxAB
Necmi Toygar,5.0,"This was our first time staying at the hotel, but we were very pleased with everything. The location is especially beautiful. The food is excellent. The staff are very friendly and helpful. It's indescribable. I highly recommend it.",Edited 2 months ago,2026-06-05,,"Dear Guest,

Thank you for your kind review and high rating. We are very pleased that you were satisfied with your first stay and especially with the location, the food, and our staff.

Thank you for your valuable recommendation, and we would be delighted to welcome you again.

Sincerely,
Irina Özkökdemir
Customer Relations Management
Megasaray Hotels",Local Guide · 15 reviews,Ci9DQUlRQUNvZENodHljRjlvT21wMFdVcEpUMWw2ZEVoRVgwdFNjVnBaUkY5aVVrRRAB
Rebecca Trytsman,5.0,"Was a wonderful time for our family, great excitement created by the entertainment team who encouraged us to participate in events throughout the day. Was great to see them encouragement and interaction with the children. The exercise time was enjoyable especially in the pool. Evening entertainer was a lot of fun and to see the encouragement from the entertainment team for us to participate in the dancing in the evening. The teams were able to communicate with us in English as well as other languages of guests. Was a great experience.",2 months ago,2026-06-05,,"Dear Guest,

Thank you very much for your wonderful review and high rating. We are delighted to hear that your family had a great time and enjoyed the activities and entertainment throughout your stay.

It is especially pleasing to know that you appreciated the interaction with children, the pool activities, evening entertainment, and the multilingual communication of our team.

Your kind words are highly appreciated, and we look forward to welcoming you and your family again in the future.

Kind Regards
Irina Özkökdemir
Customer Relations Management
Megasaray Hotels",1 review,Ci9DQUlRQUNvZENodHljRjlvT21sM1RWaEJURGxSZFc1bVlXSTBhRVJhTUZSQk5XYxAB
B,5.0,"An absolutely amazing stay! The entire hotel team is wonderful; all the staff were highly attentive and the service was flawless. The entertainment team was incredibly friendly, fluent in multiple languages, and their great energy made our holiday so much fun. The housekeeping staff were extremely polite and quickly resolved any requests we had.
We would like to give a special thanks to a few outstanding individuals: Ayşe Hanım from housekeeping, Şehmus Bey at the towel desk, Manuel from the entertainment team, and Batuhan Bey in the restaurant. They were all so genuinely helpful and kind. Thank you to the whole team!",2 months ago,2026-06-05,,"Dear Guest,

Thank you for your detailed feedback and for sharing your positive experience with us. We are delighted to hear that you enjoyed the attentive service provided by our team and that our entertainment, housekeeping, and restaurant services contributed to a memorable holiday.

We would be pleased to welcome you again at our hotel.

Best regards,
Ayla Akbarova
Customer Relations Management
Megasaray Hotels",6 reviews,Ci9DQUlRQUNvZENodHljRjlvT21GdlJWOUJSbmxTVERkMFptTmlUa0ZOWWw5ek1YYxAB
Ольга Сергеева,5.0,"We stayed from May 8th to 15th. The sea was still quite cool, but it warmed up every day, and many people went swimming. The weather was perfect for long walks and excursions. The hotel is excellent in every way: the staff's attitude, the food, the rooms, the location. We arrived early in the morning and were checked in early – at 11:00, for which we are especially grateful. The rooms are clean, with comfortable mattresses and a free minibar. The food was varied and delicious, with something new every day. The only downside was that you couldn't try everything. There's a beautiful promenade next to the hotel, so you can always take a stroll. By the way, the hotel now has its own private beach right in front of it, so you don't have to go anywhere. There's also a cute kitten living in the hotel, and everyone cuddles her, but no one gives her treats. (Please, if you don't mind, feed the little one (we bought her wet kitten food – she ate it with great pleasure)). Overall, the hotel is wonderful, and we definitely recommend it.",Edited 2 months ago,2026-06-05,,"Dear Guest,

Thank you for such a detailed and warm review. We are delighted that your stay at our hotel was comfortable and left you with a positive impression.

We are especially pleased that you highly praised the staff, the quality of the food, the cleanliness of the rooms, the early check-in, and the convenient location of the hotel. Your kind words are a great motivation for our entire team.

We also thank you for your care and attention to the little details that make your stay even more warm and memorable.

We look forward to welcoming you back to our hotel.

Sincerely,
Irina Özkökdemir
Customer Relations Management
Megasaray Hotels",1 review · 8 photos,Ci9DQUlRQUNvZENodHljRjlvT2tVemFGYzVNRWhzTW5WMk1VMVRaMmhVTWtsTVMxRRAB
Lyubov Sieber,5.0,"My stay at Megasarai brought back only pleasant memories. The staff is very friendly and unobtrusive! The entertainment staff is simply amazing 🔥: I'd especially like to mention Mohammed and Emanuel - they have amazing charisma and are always in a great mood! They speak German, Russian, Turkish, and other languages, which really helps with communication, and they are always cheerful and humorous!!! 🥳🥳🥳🥳There's food for every taste and desserts…………..🤩everything is delicious!!!! There are different entertainment programs every evening! The bartenders and waiters are excellent! Cocktails are as varied as you want!!! Delicious!! 👌The hotel's location is also very good: close to the city center (10 minutes by taxi), shops and bars are within a minute's walk. I could go on and on listing the hotel's advantages in different segments: - an excellent option for a wonderful vacation! I highly recommend it!!!👌The vacation was simply 💯 super 👍",2 months ago,2026-06-05,,"Dear Guest,

Thank you for your review. We are glad that your stay at our hotel was a pleasant experience and that you highly appreciated the work of our team, the variety of food options, evening entertainment, the convenient location, and the overall atmosphere.

We look forward to welcoming you back to our hotel!

Sincerely,
Ayla Akbarova
Customer Relations Management
Megasaray Hotels",3 reviews,Ci9DQUlRQUNvZENodHljRjlvT2s1SlEwWnpVa3R2WTFkVmREVkdXWGxZZVdwa05sRRAB
Irina Jastrebova,5.0,"A good hotel for a holiday, 10 km from Antalya's old town.
Private beach and pool.
A great, fun entertainment program for all ages.
Delicious, fresh, and varied cuisine.
The staff is very friendly and helpful, speaking Russian, German, and English.
If you're looking to really have a blast, this is the place for you.
Music, shows, daytime games, and sports activities will keep you entertained. The entertainers are polyglots, incredibly hospitable, and warm-hearted, ready to help at any time.
🎯 Special thanks to Muhammad on Dart! And Emanuel. These guys are a living embodiment of charisma. They transform an ordinary game into a show and fill you with positivity.
Muhammed and Emanuel, you're the best!
The evenings are great fun, with live music, karaoke, a dance program, and beautiful evening shows—top notch. A great bar with a variety of drinks and the best bartender, Baran.
For parents with children, there's a playground and entertainment programs.",2 months ago,2026-06-05,,"Dear Guest,

Thank you for your review. We are glad you enjoyed the variety of entertainment, the quality of the food, the hotel's atmosphere, and the recreational opportunities for both adults and children.

We look forward to welcoming you back to our hotel!

Sincerely,
Ayla Akbarova
Customer Relations Management
Megasaray Hotels",1 review,Ci9DQUlRQUNvZENodHljRjlvT2xOT2N6TjNSMmRJVEZaeWVFTlNXRWRaWmtOMFpGRRAB
Sevin Yıldırım,1.0,"We are still staying at the hotel for our honeymoon. The windows in the room are very dirty. There are fingerprints on the tiles in the sink. The bed linens smell. There were strands of hair in the bathtub when we arrived. I am absolutely not satisfied with the cleanliness. The location is very nice, but apart from that, the service was terrible; our plates got cold while we were looking for a table to sit at for dinner. The removal of food from empty tables was very inadequate. I'm sure we won't be coming back.",2 months ago,2026-06-05,,"Dear Guest,

First of all, thank you for choosing our hotel for your honeymoon.

The feedback you shared has been carefully communicated to our relevant departments. Cleanliness and hygiene standards are regularly checked at our hotel, and continuous improvement efforts are made to ensure our guests' comfort. The issues you raised will be immediately considered.

Furthermore, our service flow in our restaurant areas is planned daily to enhance guest comfort during peak hours, and necessary arrangements are made.

We hope to welcome you again in the future for an even better experience.

Sincerely,
Irina Özkökdemir
Customer Relations Management
Megasaray Hotels",9 reviews,Ci9DQUlRQUNvZENodHljRjlvT2xkSk4ydHhWVEp1VjBjMk9XSjZOVlIyZEVsVGFVRRAB
Akoğuz,4.0,,2 months ago,2026-06-05,,"Dear Guest,

Your satisfaction is our greatest reward. We look forward to welcoming you again.

Sincerely,
Irina Özkökdemir
Customer Relations Management
Megasaray Hotels",,Ci9DQUlRQUNvZENodHljRjlvT2xSZlgwVmZTWFZmVFhvemRXVk1hRXhoY0hOUlgyYxAB
Bextiyar Fehruzlu,5.0,"Overall, we were very pleased with the hotel's service; the staff were incredibly friendly, the food was delicious, and the view from our room was fantastic. We would recommend the hotel and would love to return.",2 months ago,2026-06-05,,"Dear Guest,
Thank you very much for your kind review.
We are very happy that you were generally satisfied with our hotel, and we appreciate your kind comments about our staff's friendliness, our food, and the view from your room.
Thank you for your wonderful recommendation, and we would be delighted to welcome you again.
Sincerely,
Merve Gülseven
Customer Relations Management
Megasaray Hotels",1 review,Ci9DQUlRQUNvZENodHljRjlvT25OcGFXdFVZV0k1YW5Wd1dGaFlNVXBoTUd0SlNIYxAB
Seher Oğuz,5.0,"We held our Akdeniz University graduation ball at this hotel and everything was simply perfect! The food was delicious and varied; the menu was incredibly rich. Drink service ran smoothly throughout the night, and the staff's speed and professionalism were commendable. But the most praiseworthy thing was definitely the team's incredible attention to detail; all the staff were so kind and friendly that we felt very special all night. Endless thanks to everyone involved for making this unforgettable event flawless. I wholeheartedly recommend it!",2 months ago,2026-06-05,,"Dear Guest,
Thank you very much for your kind review.
We are extremely pleased that you chose our hotel for your Akdeniz University graduation ball and that you were satisfied with the organization. Your positive comments about the variety and taste of our food, the organization of the beverage service, and the professional approach of our team are a great source of motivation for our entire team.
It is a great honor for us to have provided you with an unforgettable and flawless evening. Thank you also for your kind recommendation. Sincerely,
Merve Gülseven
Customer Relations Management
Megasaray Hotels",3 reviews,Ci9DQUlRQUNvZENodHljRjlvT21sc09FMVVVWGRGTFZaV1FVNTFOakpzUlV0UmFWRRAB
Muhammed Ali,5.0,,2 months ago,2026-06-05,,"Dear Guest,
Thank you for your kind review and high rating.
We are very happy that you were satisfied with our hotel. We would be pleased to welcome you again.
Sincerely,
Merve Gülseven
Customer Relations Management
Megasaray Hotels",4 reviews,Ci9DQUlRQUNvZENodHljRjlvT2t4bFFuRkNWVXhLVVROc09IRk9jamhSUTJoUGFuYxAB
Umut Can Duman,5.0,"We used Luna Ballroom for our graduation ball. We saw once again that we made a wonderful choice; everything was perfect. The attention and care were top-notch, and the team was incredibly helpful. I'd like to extend my sincere thanks to Ayça Hanım, who was in charge of the organization. She was very helpful and fulfilled all our requests. Many thanks to the Mehasaray family. They gave us an unforgettable day.",2 months ago,2026-06-05,,"Dear Guest,
Thank you very much for your kind feedback.
We are very happy that you chose Luna Ballroom for your graduation ball and that you were satisfied with the organization. It is a great pleasure for us that all your requests were met with the attention and support of our team, and that you had a wonderful day.
It is a source of pride for us to have given you an unforgettable day.
We would be pleased to welcome you and your guests again.
Sincerely,
Merve Gülseven
Customer Relations Management
Megasaray Hotels",7 reviews,Ci9DQUlRQUNvZENodHljRjlvT2pSeFVGVmhkRWh0YVdoZlpuQTFRMEV6YmpscWRXYxAB
Denis Schulz,5.0,"Our stay at the Megasaray Westbeach Antalya was a complete success and we highly recommend it.

We would especially like to commend the fantastic entertainment team. The animation was varied and professional every day, providing excellent entertainment for both adults and children. The live music in the evenings was also truly fabulous and created a wonderful atmosphere.

The Kids Club was also superbly organized – child-friendly, lovingly designed, and staffed by dedicated employees, ensuring the children felt completely at ease.

The rooms were always clean, tidy, and well-maintained. It was clear that hygiene and comfort are top priorities.

Another plus is the hotel's central location. Thanks to the excellent transport links, you can quickly and easily reach the city center or other attractions in Antalya.

Overall, a very enjoyable stay with great service, first-class entertainment, and an ideal location. We would definitely return.",2 months ago,2026-06-05,,"Dear Guest,

Thank you so much for your wonderful and detailed review.

We are delighted to hear that your stay at the Megasaray Westbeach Antalya was a complete success and that you particularly enjoyed our entertainment team, the varied activities, and the live music in the evenings. Your positive feedback regarding the Kids Club and the organization and care of the children is also very important to us.

We also thank you for your kind words about the cleanliness and upkeep of our rooms, as well as the central location of our hotel with its excellent transport links.

We are very pleased that you had such a pleasant stay and would be delighted to welcome you back again anytime.

Sincerely,

Merve Gülseven
Customer Relations Management
Megasaray Hotels",6 reviews · 2 photos,Ci9DQUlRQUNvZENodHljRjlvT21KU05qVTRTRmw2VkVkTmJtSm1UR1U1ZGxGVFVVRRAB
Ирина Пьяных,5.0,"I really liked the hotel, everything was cozy and homey... There was a lot of food, the staff was wonderful, special thanks to the managers Ali and Victoria, they help with everything and solve all the problems, also all the employees of this hotel are very friendly... I want to return to this hotel!",2 months ago,2026-06-05,,"Dear Guest,

Thank you for such a warm review. We are delighted that you felt welcomed and at home, and were satisfied with the food and service of our staff.

Your kind words are especially valuable to us and will be shared with the entire team.

We look forward to welcoming you back to Megasaray Hotels.

Sincerely,
Irina Özkökdemir
Customer Relations Management
Megasaray Hotels",2 reviews,Ci9DQUlRQUNvZENodHljRjlvT25salFWVklWRk10UjB4T1ZuZ3ljV3MzV2xGSGVrRRAB
Valeriia Ponomarenko,5.0,"This was my 3rd time staying at the hotel and, as always, everything was top quality from start to finish. It’s always such a pleasure to come back here,  the atmosphere, service, and attention to detail make every stay special.
A huge thank you to all the staff for making our holiday so enjoyable. Special applause to Ali from the à la carte restaurant for the amazing service and hospitality, to the lovely waitresses Elizaveta and Victoria from Guest Relations for always being so kind and helpful, and to our wonderful housekeeper Ümmü for keeping everything perfect every day.
Me and my family truly enjoyed every single day of our stay. It feels so nice to return to a place where you feel welcomed and cared for. Looking forward to coming back again x",2 months ago,2026-06-05,,"Dear Guest,
Thank you very much for your wonderful review and for your continued trust in our hotel.
We are delighted to hear that your third stay with us was once again enjoyable and that you appreciated the atmosphere, service, and attention to detail. Your kind words about our team members will be shared with them personally, as such recognition is truly motivating for all of us.
It is a pleasure to know that you and your family felt welcomed and well cared for throughout your stay. We sincerely appreciate your loyalty and look forward to welcoming you back again soon.
Kind regards,
Merve Gülseven
Customer Relations Management
Megasaray Hotels",9 reviews · 1 photo,Ci9DQUlRQUNvZENodHljRjlvT2tadFF6bE9WWGxsTjE5VU5sQmtVelp6VFVWZmMyYxAB
Yzma,4.0,"We stayed at the Megasaray in Antalya Konyaaltı for a few days in March. We've stayed there several times when we're in Antalya. It's a lovely city hotel, practically right on the beach – you just have to cross the street.

We had fantastic weather in March and were able to take long walks along the beautiful promenade. We especially appreciated that cyclists have their own dedicated path.

The food at the Megasaray is varied and delicious. Unfortunately, we weren't so keen on the bathrooms, which are showing their age and could use some renovation.

Otherwise, we always enjoy staying there and would definitely recommend the hotel.",2 months ago,2026-06-05,,"Dear Guest,

Thank you for your kind review and for your continued patronage. We are delighted that you enjoyed your stay at Antalya Konyaaltı once again and particularly appreciated the location, the promenade, and the variety and deliciousness of our food.

We also gratefully acknowledge your comment regarding the bathrooms and value your honest feedback, as it helps us to continuously improve our services.

Thank you for recommending us, and we look forward to welcoming you back again soon.

Sincerely,

Irina Özkökdemir
Customer Relations Management
Megasaray Hotels",Local Guide · 32 reviews · 35 photos,Ci9DQUlRQUNvZENodHljRjlvT25sTWJVbE5YMHREVDJwNE1sZE9aREpSVlZWak1WRRAB
Gennadii Miroshnikov,5.0,"We had a very pleasant stay at Megasaray Westbeach Antalya. The hotel has a calm, relaxing atmosphere and a fantastic location right on the picturesque promenade. It is perfect for long walks by the sea, with beautiful mountain views that make you feel like you accidentally walked into a postcard.

The location is also very convenient: not far from the Culture Centre for concerts, as well as the Aquarium and a shopping mall, in case you need entertainment, sea creatures, or emergency retail therapy.

Dining was a real highlight. The variety was great, with lots of options, and the grill dishes were especially good. The restaurant staff were superb, and Railya made our dining experience unforgettable, always going above and beyond, and making us feel genuinely looked after.

Our room was cleaned very well every day, and the reception team were supportive, helpful and very friendly throughout the stay.

The only drawbacks were the gym, which is quite small and a little dated, more “quick stretch before breakfast” than “Olympic training camp” and the massage promotion, which felt a bit too pushy at times. A more delicate sales approach would be much better; relaxation should ideally begin before being persuaded into it.

Overall, this was a lovely, relaxing stay with great food, excellent service and a beautiful seaside setting.",2 months ago,2026-06-05,,"Dear Guest,
Thank you very much for your detailed and thoughtful review.
We are delighted to hear that you enjoyed the relaxing atmosphere of Megasaray Westbeach Antalya, as well as our location, dining experience, and the service provided by our team. Your kind words about our restaurant and reception staff will be shared with them, as such feedback is truly motivating.
We also appreciate your constructive comments regarding the gym and the spa promotion approach. Guest feedback is very important to us, and we will take your remarks into consideration for future improvements.
We hope to have the pleasure of welcoming you back for another enjoyable and relaxing stay.
Kind regards,
Merve Gülseven
Customer Relations Management
Megasaray Hotels",Local Guide · 29 reviews,Ci9DQUlRQUNvZENodHljRjlvT2xaWlJIVmxRMUJzVWtaQlIxcFROSGRsZHpGek5GRRAB
bahar çıtlak,5.0,,2 months ago,2026-06-05,,"Dear Guest,
Thank you for your kind review and high rating.
We are very happy that you were satisfied with our hotel. We would be pleased to welcome you again.
Sincerely,
Merve Gülseven
Customer Relations Management
Megasaray Hotels",Local Guide · 15 reviews,Ci9DQUlRQUNvZENodHljRjlvT2pKMVdrcHFjMjlNTkdGVmR6SjRkWGc0TTNWNlFuYxAB
Natalja,4.0,"Everything was generally fine, the staff was friendly, and a big thank you to Raula and Herman for their excellent service in the restaurant! The only downside was the room: the bed linens weren't changed even once in two weeks—a first for us on all our vacations!",2 months ago,2026-06-05,,"Dear guest,

Thank you for your review and for recognizing the work of our staff, especially Raul and Herman – we will be sure to pass on your kind words to them.

We are also sorry to hear about the inconvenience you experienced with our room cleaning. Your comments will be forwarded to the appropriate department for review and improvement.

We look forward to welcoming you back to Megasaray Hotels.

Sincerely,
Irina Özkökdemir
Customer Relations Management
Megasaray Hotels",4 reviews,Ci9DQUlRQUNvZENodHljRjlvT21GUVpFeEtYMWxaZG1Gd1luQXpaVVJHTFdGMk9WRRAB
Rüzgar Kocakaya,5.0,"I had never experienced an all-inclusive hotel in Antalya before, but for the price, it's truly an experience where you can have fun, relax, enjoy delicious food, drinks, etc., without feeling like you're missing anything. I'm thinking of going again and I recommend it. Thank you for your hospitality and attention.",2 months ago,2026-06-05,,"Dear Guest,
Thank you very much for your kind review.
We are very happy that you were satisfied with our hotel during your first all-inclusive experience in Antalya and that your holiday was both enjoyable and relaxing. Your positive comments about our food, drinks and overall service are very valuable to us.
We would be pleased to welcome you again and thank you again for your kind recommendation.
Sincerely,
Merve Gülseven
Customer Relations Management
Megasaray Hotels",7 reviews · 1 photo,Ci9DQUlRQUNvZENodHljRjlvT2pkSFNVdG9kMEp2TUhJMFVVeFFhV1JmUVV4TVZFRRAB
Александр Ивашков,5.0,"For the first time, I had an incredible experience staying at the Antalya mega-hotel ""Megasaray."" The price and service were excellent. The food was delicious and varied, and the hotel catered entirely to both European and Russian-speaking guests. Every evening, there was a wonderful, unique show program. It's fair to say that the hotel is all-inclusive.",2 months ago,2026-06-05,,"Dear guest,

Thank you for such a wonderful review. We are delighted that your stay at Megasaray was a memorable one and that you were pleased with the quality of service, the variety of food, and the evening entertainment.

We are delighted that you appreciated our all-inclusive concept and our attentive service.

We look forward to welcoming you back to our hotel.

Sincerely,
Irina Özkökdemir
Customer Relations Management
Megasaray Hotels",1 review,Ci9DQUlRQUNvZENodHljRjlvT2pkQldWTm5kV0ZTVG01eE1YRlVWMkUxWWpNeVNVRRAB
Kateryna Koliesnyk,5.0,"This is our first time in Turkey and our first time at the Megasaray Hotel, which, of course, means ""mega palace."" All-inclusive is 500% here: everything is clean, beautiful, and functional. Guests are cared for at every turn.",2 months ago,2026-06-05,,"Dear guest,

Thank you for such a warm review. We are delighted that your first visit to Turkey and to Megasaray Hotels left a positive impression. We are delighted that you appreciated the cleanliness, comfort, and our approach to guest care.

We look forward to welcoming you back to our hotel.

Sincerely,
Irina Özkökdemir
Customer Relations Management
Megasaray Hotels",1 review,Ci9DQUlRQUNvZENodHljRjlvT2xwbWRpMW5hVGhYU1RoaGFHUlFNVlpUVjNkaVRYYxAB
Majed Bilbas,5.0,"Absolutely top and absolutely beautiful service, highly recommended 👍👍",2 months ago,2026-06-05,,"Dear Guest,
Thank you very much for your great review and high score.
We are very happy to hear that you are satisfied with the service, location and atmosphere of the hotel. It means a lot to us that you had such a nice stay.
We hope to welcome you back in the future.
Kind regards,
Merve Gülseven
Customer Relations Management
Megasaray Hotels",Local Guide · 53 reviews · 3 photos,Ci9DQUlRQUNvZENodHljRjlvT2pGcGRGWjVVRzVNZURWaU1YaFplVEowZWpkRWNXYxAB
Hanım yaylak,5.0,"Our 5-day holiday is sadly over, but we were very, very satisfied with all the service and staff, especially our housekeeper Nuray Tuba. She was so kind and our room was always perfectly clean. The food, activities, the room itself—everything was wonderful here. Thank you so much to everyone! We highly recommend this hotel!",2 months ago,2026-06-05,,"Dear Guest,

Thank you so much for your wonderful review and positive feedback.

We are delighted that you were completely satisfied with our service, the food, the activities, and your room. We will especially pass on your praise to our housekeeping staff; such feedback is a great motivation for our team.

Thank you also for recommending us. We would be very happy to welcome you back again soon.

Sincerely,

Merve Gülseven
Customer Relations Management
Megasaray Hotels
...",1 review,Ci9DQUlRQUNvZENodHljRjlvT21RNVptaDBVakJpVDNwV2QycEVRblpEU25BMWQzYxAB
Osman Osman,5.0,,2 months ago,2026-06-05,,"Dear Guest,
Thank you for your kind review and high rating.
We are very happy that you were satisfied with our hotel. We would be pleased to welcome you again.
Sincerely,
Merve Gülseven
Customer Relations Management
Megasaray Hotels",1 review,Ci9DQUlRQUNvZENodHljRjlvT2t4cVkxcHhhVVJKZDBGU1NVMXJRVFpGYlVwSFluYxAB
405marianns,5.0,"This was our third family trip to Megaseray Westbeach.|We book 6 rooms each time.|The concept itself is fantastic, the selection of food and drinks is fantastic.|The staff are nice and welcoming.|We got a personal ""relationship"" with some …",2 months ago,2026-06-05,,,,ChZDSUhNMG9nS0VJV1IyclM1OEl2dVhBEAE
Zsuzsanna Szekely,5.0,"Zsuzsa

The large hotel is spacious, beautiful, and very practically designed, with all the amenities of a 5-star hotel. Its location is perfect. The food was very varied and delicious. All the staff, whether at reception, information, in the restaurants, or housekeeping, were always helpful, friendly, and very kind. What I liked best was that, despite the hotel's size and wide range of offerings, the atmosphere remained personal and welcoming.",2 months ago,2026-06-05,,"Dear Guest,

Thank you so much for your wonderful review and positive feedback. We are delighted that you praised the architecture, location, and amenities of our hotel, and especially the variety and quality of our food.

We also thank you for your kind words about our entire team. It's wonderful to hear that you experienced a personal and welcoming atmosphere despite the size of our hotel.

We would be very happy to welcome you back again.

Sincerely,

Irina Özkökdemir
Customer Relations Management
Megasaray Hotels",2 reviews · 1 photo,Ci9DQUlRQUNvZENodHljRjlvT2podmFGazRaa2RXU0daa1QyaEViVWRKUldScWFrRRAB
Tinuola odukogbe,5.0,"Most exciting holiday 💃💃💃with excellent human relations from all staff groups especially the front desk staff for thier hospitality in upgrading me to sea view to be near by friend .
A very big thank.you to Sema and Can (live😂)
The guest relations team @88 were excellent ,checking on us to ask if we need anything .
@entertament team were very friendly with lots of activities during the day and evening time  .A very big thank you to Naz and Emmauel.
Food was  very nice with lots of options .we were spoilt for choices .we were even given  starbucks  complimentary tickets throughout our stay
I will definitely recommend the hotel
All inclusive options is worth the money",2 months ago,2026-06-05,,"Dear Guest,

Thank you very much for your wonderful review and kind words. We are delighted to hear that you had such an exciting holiday and enjoyed the service provided by our team.

It is especially pleasing to know that you appreciated the room upgrade, the attentiveness of our guest relations and entertainment teams, as well as the variety and quality of our food and all-inclusive services.

Your recommendation means a lot to us, and we are very happy that you felt well taken care of throughout your stay.

We look forward to welcoming you again in the future.

Kind Regards
Irina Özkökdemir
Customer Relations Management
Megasaray Hotels",2 reviews,Ci9DQUlRQUNvZENodHljRjlvT21vMGVrSlRiVkI1UlhJelkzRklaalJWUmpKcWNIYxAB
Lucy Nwinyinya,5.0,"This is one of my best holidays.
I will recommend Megasaray hotel to my friends and I will wish to come back .
As we are leaving tomorrow, 😢 I will miss you guys.
Thanks so much for your good service. 👍",2 months ago,2026-06-05,,"Dear Guest,

Thank you very much for your wonderful review and kind words. We are delighted to hear that this has been one of your best holidays and that you would recommend Megasaray Hotel to your friends.

It makes us very happy to know that you enjoyed your stay and our service. We will be very pleased to welcome you back again in the future.

Kind Regards
Irina Özkökdemir
Customer Relations Management
Megasaray Hotels",3 reviews,Ci9DQUlRQUNvZENodHljRjlvT2kxNmVVSktaMGd5T1VKbWEwazRlVmR4U3psNFVHYxAB
Elena Eleonora,5.0,,2 months ago,2026-06-05,,"Dear Guest,

Thank you for your feedback. We look forward to welcoming you back to our hotel!

Sincerely,
Irina Özkökdemir
Customer Relations Management
Megasaray Hotels",Local Guide · 45 reviews · 16 photos,Ci9DQUlRQUNvZENodHljRjlvT2tWeGRrWXdRMWsyVEUxV1JXRTFWbEZqVDJwSk5WRRAB
Leyla Erbis,5.0,"We were extremely pleased with our holiday at Megasaray West Beach & Antalya. The hotel was truly beautiful, clean, and comfortable. We felt very comfortable from the very first moment.

We especially want to mention the staff; everyone was incredibly friendly, attentive, and helpful. We received truly excellent service. We were very happy with how the staff interacted with the guests.

There was also a waiter who went around with a cocktail cart. He prepared special cocktails for the guests and was very attentive. This was a lovely touch and made our holiday even more special.

Thank you very much to the entire team for everything. We definitely recommend it!

Wir sind mit unserem Aufenthalt im Megasaray West Beach mehr als zufrieden gewesen. Das Hotel ist wirklich sehr schön, sauber und man fühlt sich vom ersten Moment an wohl. Besonders hervorheben möchten wir das unglaublich tolle Personal – alle Mitarbeiter waren super freundlich, aufmerksam und immer hilfsbereit. Man merkt wirklich, dass hier mit Herz gearbeitet wird.

Ein besonderes Highlight war ein Kellner, der mit seinem Cocktailwagen unterwegs war. Er hat extra individuelle Cocktails für die Gäste zubereitet und dabei immer gute Laune verbreitet. So einen Service erlebt man nicht überall!

Insgesamt hatten wir eine wunderschöne Zeit und können das Hotel auf jeden Fall weiterempfehlen. Vielen Dank an das gesamte Team für den tollen Aufenthalt!",2 months ago,2026-06-05,,"Dear Guest,

Thank you for your kind review and high rating. We are extremely pleased that you enjoyed your stay at Megasaray West Beach and found our hotel clean, comfortable, and peaceful.

Your emphasis on our staff's friendly, attentive, and guest-focused service is a source of great pride for us. We are also delighted that your experience with the special cocktail cart service made your holiday even more special.

Thank you for your valuable feedback, and we look forward to welcoming you again.

Sincerely,
Irina Özkökdemir
Customer Relations Management
Megasaray Hotels",Local Guide · 4 reviews,Ci9DQUlRQUNvZENodHljRjlvT2tRd09HMDJlbmMzV0ROSlZrSlBSRFJJTFZsallsRRAB
Nina Efimova,5.0,"I want to express my sincere gratitude to waiter Herman for the excellent service! He was very attentive, polite, and friendly. Everything was served quickly, with a smile, and in a great atmosphere. It was a pleasure to feel the care and professionalism throughout the evening. This kind of service makes me want to come back again and again. Thank you for your work and the wonderful atmosphere!",2 months ago,2026-06-05,,"Dear Guest,

Thank you for such a warm review and high rating. We are delighted to hear that you were satisfied with the service and attention provided by our team.

Your kind words are a great motivation and inspiration for us. We are glad that the atmosphere and level of service made your evening special and left you wanting to return.

We look forward to welcoming you back to our hotel.

Sincerely,
Irina Özkökdemir
Customer Relations Management
Megasaray Hotels",3 reviews · 2 photos,Ci9DQUlRQUNvZENodHljRjlvT2tOc04zcFpSRFJ1ZHpWaVlXNUpaSG95Tnpad2IzYxAB
Deniz Ersoy,1.0,,2 months ago,2026-06-05,,"Dear Deniz Ersoy,

During our checks, we were unable to find any accommodation records under the username ""Deniz Ersoy"" at our facility. We carefully review all comments shared on online platforms and consider our guests' feedback very important in order to improve our service quality.

In order to conduct the necessary investigations and to better assist you, we kindly request that you share details of your accommodation experience with us via crm@megasarayhotels.com.

Sincerely,
Irina Özkökdemir
Customer Relations Management
Megasaray Hotels",6 reviews,Ci9DQUlRQUNvZENodHljRjlvT2pnNVZYTmZPVTl3YUdrM1dtZFFjREpIUkhacFZWRRAB
Kris Li,5.0,"We liked everything very much, beautiful and responsive stuff, marvelous girls on guest relation, reception and main restaurant. We really enjoyed food and drinks all time long, nice atmosphere, live music, and we are looking forward to return in autumn as will be possible.",2 months ago,2026-06-05,,"Dear Guest,

Thank you very much for your kind review and high rating. We are delighted to hear that you enjoyed everything during your stay and appreciated the friendliness and professionalism of our team, especially at guest relations, reception, and the main restaurant.

We are also very pleased that you enjoyed the food, drinks, atmosphere, and live music. Your kind words are a great motivation for our entire team.

We look forward to welcoming you again in autumn.

Kind Regards
Irina Özkökdemir
Customer Relations Management
Megasaray Hotels",5 reviews,Ci9DQUlRQUNvZENodHljRjlvT2poRlVWVm5OSEI0WkVOaVYxaHRlbVYwV0dWeGVtYxAB
Merve,5.0,,2 months ago,2026-06-05,,"Dear Guest,

Your satisfaction is our greatest reward. We look forward to welcoming you again.

Sincerely,
Irina Özkökdemir
Customer Relations Management
Megasaray Hotels",4 reviews,Ci9DQUlRQUNvZENodHljRjlvT2pscVQzWXdWRkpETm05bVFsSXpRbm94WVRJMlkyYxAB
867melekv,5.0,"Personally, I think the hotel is in a good location; you can take nice walks and there are many cafes nearby. The hotel staff are super friendly – ​​not at all pretentious, which I personally like. The cleaning staff are also nice and helpful, and everything is clean. I always enjoy coming back. 😉 …",2 months ago,2026-06-05,,,,ChZDSUhNMG9nS0VQdXo0S1dfeGRydFpBEAE
Okan Buran,5.0,"We were extremely pleased with our stay. The hotel's location is very advantageous, and the atmosphere is truly peaceful. The food in the restaurant was both delicious and prepared with high-quality ingredients. The wide variety of drinks was also very satisfying.
The entire staff was extremely friendly, professional, and truly valued guest satisfaction. We felt special and valued at every moment.
We would especially like to extend our sincere thanks to the Guest Relations team and Leonie. Thanks to their attention and care, our holiday was much more enjoyable.
We had an unforgettable and high-quality holiday experience. We would love to come back again as soon as possible.",2 months ago,2026-06-05,,"Dear Guest,

Thank you for your kind review and high rating. We are delighted that you enjoyed your stay and especially our atmosphere, food, and beverage options.

Your appreciation of our entire team's friendly and attentive service is very valuable to us. Your kind words will be gladly shared with our teams.

We look forward to welcoming you again soon.

Sincerely,
Irina Özkökdemir
Customer Relations Management
Megasaray Hotels",Local Guide · 12 reviews,Ci9DQUlRQUNvZENodHljRjlvT25ka05tcFdiMU5rU2xKS1YxVkplRFpFTlZWdlFVRRAB
Klara Klara,5.0,"The hotel is beautiful and has an excellent location. The food is of very high quality, and the selection of drinks is also outstanding. The staff is extremely friendly, attentive, and always helpful.

We would love to return.

A heartfelt thank you to the Guest Relations team, especially Leonie.

We are very grateful for such a relaxing and thoroughly enjoyable stay.",2 months ago,2026-06-05,,"Dear Guest,

Thank you so much for your wonderful review. We are delighted that you enjoyed our hotel, its excellent location, and the high quality of our food and drinks.

We also appreciate your positive feedback regarding our friendly and attentive team. We truly value your kind words to our Guest Relations team and will gladly pass them on.

We are very pleased that you had a relaxing and enjoyable stay and hope to welcome you back again soon.

Sincerely,

Irina Özkökdemir
Customer Relations Management
Megasaray Hotels",1 review,Ci9DQUlRQUNvZENodHljRjlvT2xsV1RYRTBTbmd5WDFGeVNrWm5SRFF3WkRNM2JIYxAB
Мария Рыжкова,5.0,"Write the following review in English: The hotel is wonderful, great location, good quality food and drink selection, the staff is responsive and very attentive, we'll be happy to return again. A huge thank you to the Guest Relations team, especially Leonie. We are grateful for a wonderful stay.",2 months ago,2026-06-05,,"Dear Guest,

Thank you for your kind review. We are delighted that you highly appreciated the hotel, its excellent location, high-quality cuisine, and wide selection of beverages.

We are also pleased that you noted the attentiveness and responsiveness of our staff. Your kind words will be shared with our team.

We look forward to welcoming you back to our hotel.

Sincerely,
Irina Özkökdemir
Customer Relations Management
Megasaray Hotels",3 reviews,Ci9DQUlRQUNvZENodHljRjlvT2tsbmNFTlBWMUpGVmpGTFZuWkdXRGgzTFdGUmQwRRAB
Vanessa Shevchenko,5.0,"i like this i have here my first time and i like restaurant food it’s amazing and the personal workers are very friendly u want to say thank u so much for hospitality and to entertainer team the organisation for spring fest and activities sport yoga, steps aerobics, and mini-disco was so much good energy fir kids so well thank u again fir live music to entertainment team speaks son languages and ids club i like  thank uuiuuuuu",2 months ago,2026-06-05,,"Dear Guest,

Thank you very much for your kind review. We are delighted to hear that you enjoyed your first stay with us and that you were happy with the food, restaurant service, and friendly attitude of our staff.

It is also wonderful to know that you appreciated our entertainment team and the activities and events organized during your stay. Your positive feedback truly motivates our team.

We hope to welcome you again for another memorable holiday.

Kind Regards
Irina Özkökdemir
Customer Relations Management
Megasaray Hotels",5 reviews,Ci9DQUlRQUNvZENodHljRjlvT2paUlNuSkNhSHB1V2tzMFZWOWFkVzFoV0hWM2FVRRAB
Anthonyfeer,5.0,"A great hotel, great entertainers and great evenings, a magnificent hotel with great services, thank you to the entertainment team and the bar and restaurant service team.",2 months ago,2026-06-05,,,,ChZDSUhNMG9nS0VNSzQyb0hZaWFtRGZBEAE
Ersin Cam,5.0,Nice nice,2 months ago,2026-06-05,,"Dear Guest,

Thank you for your valuable feedback. We would be pleased to welcome you again at our hotel.

Kind Regards
Irina Özkökdemir
Customer Relations Management
Megasaray Hotels",Local Guide · 17 reviews · 2 photos,Ci9DQUlRQUNvZENodHljRjlvT2w5bE9WQktUMVpFWlMxaWFHSkRja1JDUlhScWMxRRAB
Anna,,"Location, food (very tasty), service
No such thing",2 months ago,2026-06-05,,,,ChdDSUhNMG9nS0VOZm05OW1ON2MybzJRRRAB
Anna,,"Location, food (very tasty), service
No such thing",2 months ago,2026-06-05,,,,ChdDSUhNMG9nS0VMUGp3N2V0c0pXSDZRRRAB
Валерия Чайка,5.0,"I'd like to start this review not with the hotel, but with the people who made this vacation truly special ❤️
Muhammad is the best entertainment we've ever encountered. We played darts with him almost every day, and it was always more than just a game. He gets everyone involved, jokes around, and creates an atmosphere where it's impossible to stand on the sidelines 😂
His legendary ""This is a scandal!"" after a miss will forever remain our inside joke. And most importantly, it's clear he does his job with all his heart. Not just for show. With incredible commitment, energy, and sincerity. If Muhammad is here next year, we will be here too 😄
Emanuel is the sparkle of this hotel 🔥
I still don't understand where this person gets so much energy for dancing, being active, smiling, and constantly moving. He made everyone smile just by appearing. It was thanks to him that we even tried the water trampolines—and it was one of the most memorable moments of our vacation 😂
And his dancing inspired us to dance all day long.
Elizaveta is an incredibly sweet, attentive, and smiling girl ❤️
She literally never let our glasses empty 😂 She always approached us with attention, care, and a good mood. Thanks to her, we decided to stop counting our drinks ))

Now about the hotel itself.
They met us straight from the taxi, helped us with our luggage, and from the very first moment, we felt they cared about us. And I want to say something special: it's impossible to go hungry here—absolutely 1000% 😄
The food is delicious and truly varied. The staff constantly came to our table to ask if we wanted anything else to drink—this kind of attention is rare.
The rooms are wonderful, and the view was amazing. Falling asleep to the sound of the surf is a special kind of pleasure 🌊
The cleaning was done every day without any reminders, and the minibar was always refilled on time.
Another huge plus is the bar by the sea. No need to constantly go back to the main hotel bar, and that was incredibly convenient.
Thanks to the entire team for the atmosphere, care, and excitement. It was a truly unforgettable vacation ❤️",2 months ago,2026-06-05,,"Dear Guest,

Thank you for such a warm and sincere review. We are delighted that our team's energy, attentiveness, and service made your stay special and left you with lasting memories.

We are also pleased to hear that you were pleased with the comfort of your room, cleanliness, food, and overall atmosphere of the hotel.

We look forward to welcoming you back to our hotel!

Sincerely,
Ayla Akbarova
Customer Relations Management
Megasaray Hotels",2 reviews · 1 photo,Ci9DQUlRQUNvZENodHljRjlvT21JdGNIbFRiVU5zZW1Sa1prVkVjVEJNY3pSTWRVRRAB
Alexandr Linnik,5.0,"A great hotel with fantastic service. The sea view is stunning, and the restaurant food is varied. The entertainment program is fantastic, with a special thank you to Emmanuel, who did a fantastic job leading the activities and dancing with the children!",2 months ago,2026-06-05,,"Dear Guest,

Thank you for your review. We are delighted that you enjoyed the service, sea views, variety of dishes in the restaurant, and entertainment program during your stay.

We look forward to welcoming you back to our hotel!

Sincerely,
Ayla Akbarova
Customer Relations Management
Megasaray Hotels",1 review,Ci9DQUlRQUNvZENodHljRjlvT25JMWNsUnJUMGg1Wm5aQlYxSXRZa2xFVWkxNVUxRRAB
Konstantin Tihonov,5.0,"Emmanuel is a handsome man. Children, adults, and young people adore you. You're friendly and courteous to everyone. He's a great mood-maker and encourages sports. The highlight of the hotel, Megasaray—don't miss him. He's awesome. Reward him.",2 months ago,2026-06-05,,"Dear Guest,

Thank you for your feedback. We are delighted that the atmosphere and the work of our entertainment team left such a positive and memorable impression on you.

We look forward to welcoming you back to our hotel!

Sincerely,
Ayla Akbarova
Customer Relations Management
Megasaray Hotels",1 review · 1 photo,Ci9DQUlRQUNvZENodHljRjlvT2t0ck1uaDZaWFUyVVVNeFkzWlFkRTlsVTA4emFWRRAB
Mariia Arseenko,4.0,"We had a great stay at this all-inclusive hotel in Antalya. The location is excellent, the facilities are well maintained, and the food was varied and tasty. The beach is just across the road, which was very convenient. There are two outdoor swimming pools and one indoor pool, so there was always enough space to relax.

The rooms are a bit dated, but they were clean and comfortable. What really made the difference was the staff — everyone was very welcoming and helpful. Special thanks to Kamila and Railya at the restaurant for their hospitality and kindness 😊",2 months ago,2026-06-05,,"Dear Guest,

Thank you for sharing your kind feedback with us. We are delighted to hear that you enjoyed our location, facilities, swimming pools, beach access, and the variety of food offered during your stay.

It is also a pleasure to know that the cleanliness and comfort of your room, as well as the welcoming attitude of our team, contributed positively to your holiday experience. We would be pleased to welcome you again at our hotel.

Best regards,
Ayla Akbarova
Customer Relations Management
Megasaray Hotels",Local Guide · 21 reviews,Ci9DQUlRQUNvZENodHljRjlvT20xSFVsRlBTbU5tZFZWWlJtRjJhbHB1Y21oeGNVRRAB
Vitalia art,5.0,"Visited hotel in May 2026, and had a lot of fun!

Entertainment team is super! I wasn’t planning to participate in activities but in fact spent every day at aqua aerobic, morning gymnastics, step aerobic and evening disco.
Big thanks to Emanuel, amazing energy and dancing skills to lead the vibe on disco (for kids and for adults)

All entertainment team members speak various languages (English, Russian, etc)  and always open for friendly chatting with guests!

For kids there are Kids club, disco and shows.

Restaurant is also really good. Sea close, city close. Rooms clean and stylish.

Overall experience 10/10. Plan to visit again!",2 months ago,2026-06-05,,"Dear Guest,

Thank you very much for sharing your kind feedback.

We are delighted to hear that you had an enjoyable stay and especially appreciated the entertainment activities, evening programs, kids’ club, as well as the overall service, cleanliness, and comfort of the hotel. It is also wonderful to know that our team contributed positively to your holiday experience.
We truly value your recommendation and look forward to welcoming you again in the future.

Kind Regards
Irina Özkökdemir
Customer Relations Management
Megasaray Hotels",2 reviews,Ci9DQUlRQUNvZENodHljRjlvT210clEzZzJha2xGUldrMFUyRjBNR2xXTjNCRlRtYxAB
Dr Tarek,5.0,"Awesome hotel. Very good day performance. The most important thing was mini club and game area. Thanks to mini club entertainers. Night shows are also was wonderful. Daily activities was enjoyable. Entertainment team speaks more than 4 language. They are intersting with guest a lot.

I would like to specifically thank Mr Ali, who made our stay so pleasurable and comfortable. There wasn't anything that we'd asked for which he did not make. Mr Kadir at the reception helped us check-in in less than 5 minutes,  and Mr Mohammed, in the animation team, was really an awsem, great guy. To be honest, all the staff of the hotel we're so polite and helpful.

I fully recommend this hotel to everyone, who seeks to enjoy his or her holiday.",2 months ago,2026-06-05,,"Dear Guest,

Thank you very much for sharing your kind feedback.

We are delighted to hear that you enjoyed your stay, especially the mini club, activities, evening shows and overall entertainment program. It is also a pleasure to know that our team members contributed positively to your experience and that you felt well taken care of throughout your holiday.

We truly appreciate your recommendation and hope to welcome you again in the future.

Kind Regards
Irina Özkökdemir
Customer Relations Management
Megasaray Hotels",2 reviews,Ci9DQUlRQUNvZENodHljRjlvT210b1UwRnVMVTloYUhGcVVuVkNkV00xTTFodmMwRRAB
Светлана Бредихина,5.0,"In May 2026, I stayed at the Megasaray Western Beach Hotel in Antalya. The hotel was fantastic!!!! A huge thank you to the hotel's animation team, they made my vacation!!! The guys – Eyup, Emanuel, and Mohamed – were simply superb!!! I just wanted to lie on the beach, but they charged me with their energy, so I participated in the activities every day. I especially enjoyed the evening shows and discos. There's also children's entertainment and a kids' club. All the animation staff speak good Russian, which is a big plus for me!

I'd be happy to come again.",2 months ago,2026-06-05,,"Dear Guest,

Thank you for your feedback.

We are delighted that you enjoyed your stay, the evening shows, the entertainment, and the overall atmosphere. We are especially pleased that our animation team left such a vivid and positive impression on you.

We look forward to welcoming you again in the future.

Sincerely,
Irina Özkökdemir
Customer Relations Management
Megasaray Hotels",1 review,Ci9DQUlRQUNvZENodHljRjlvT2poaFZYaGxWRlkxUkdJMVdEWlpUVFY2WkV4dk5sRRAB
Саша Ащеулова,5.0,"A very nice hotel, cozy rooms, and friendly staff. The entertainers are very charismatic, speak fluent Russian and English, and are always happy to chat. There's plenty of entertainment: step dancing, aqua aerobics, and darts during the day, and karaoke and dance shows in the evening. There's plenty of entertainment for children, and the staff also speaks various languages ​​fluently. There's a children's disco in the evening. I'm very happy with my stay and especially delighted with the entertainers.",2 months ago,2026-06-05,,"Dear Guest,

Thank you for your feedback.

We are delighted that you enjoyed your stay, the atmosphere, the comfort of the rooms, and the variety of daytime and evening entertainment for both adults and children. We are especially pleased that our animation team left a positive impression on you.

We look forward to welcoming you again in the future.

Sincerely,
Irina Özkökdemir
Customer Relations Management
Megasaray Hotels",1 review,Ci9DQUlRQUNvZENodHljRjlvT25sdmIzRnlRM0ZIU3prd2RXbHZXamxTVG1rM04xRRAB
Hilal Neva Şahin,5.0,,2 months ago,2026-06-05,,"Dear Guest,

Thank you for your feedback. Your review has been taken into consideration by our relevant departments.

We would be pleased to welcome you again.

Sincerely,
Irina Özkökdemir
Customer Relations Management
Megasaray Hotels",10 reviews,Ci9DQUlRQUNvZENodHljRjlvT25FM1prVjNXUzFZWTBvdExVVllPVGN4VnpoQ1ZtYxAB
Murat ÖZKAN,4.0,"I stayed for one night in April, and since I wasn't on vacation, I can't give a very detailed review. The room cleaning wasn't great, but they were very attentive, thank you. The staff are helpful, the food is decent, you won't go hungry, and the location is excellent.",Edited 2 months ago,2026-06-05,,"Dear Guest,

Thank you for your feedback. Your experience regarding room cleaning during your stay has been shared with our relevant departments. We are pleased that you were satisfied with the attention of our staff and that your overall positive feedback was appreciated.

We would be delighted to welcome you and your family again.

Sincerely,
Ayla Akbarova
Customer Relations Management
Megasaray Hotels",Local Guide · 273 reviews · 13 photos,Ci9DQUlRQUNvZENodHljRjlvT20xUVpUaFFaRmRPUzFoaVUwazJURlJ6U1ZoQ1dtYxAB
Екатерина Калиничева,5.0,"The animation is super, there is a children's disco, they speak Russian well, the atmosphere is super, it's fun, very friendly.",2 months ago,2026-06-05,,"Dear Guest,

Thank you for your review. We are very glad you enjoyed our entertainment program, kids' disco, and friendly atmosphere.

We look forward to welcoming you back to our hotel!

Sincerely,
Ayla Akbarova
Customer Relations Management
Megasaray Hotels",1 review,Ci9DQUlRQUNvZENodHljRjlvT2xCVlNHaG9aV1kzVjB4a01VVlBZVzQwZWxreGNXYxAB
Shamsiddin,5.0,Very good hotel.,2 months ago,2026-06-05,,"Dear Guest,

Thank you for your kind feedback. We are delighted that you enjoyed your stay.

We would be happy to welcome you and your family again.

Sincerely,
Ayla Akbarova
Customer Relations Management
Megasaray Hotels",2 reviews,Ci9DQUlRQUNvZENodHljRjlvT2toR1EzQXhhMEl6WlZSbVJIWldRa3hvT0hwWFFYYxAB
Abdullah ALTINBAŞ,3.0,"I used the hotel for a business trip; its location is excellent. However, the rooms are extremely old. The sleep quality is mediocre because the beds are very old. The bathroom is incredibly old; the toilet seats are bright yellow – I couldn't bring myself to take a picture and post it. The food and drink quality is decent for the price; it's not bad. If the cleanliness issue is resolved, there will be no problem. There is its own beach right across the road, less than 200 meters away on foot. The sea is pebbly but very clean.",Edited 2 months ago,2026-06-05,,"Dear Guest,

First of all, thank you for sharing your detailed feedback regarding your stay. We are pleased with your positive evaluation of our hotel's location, beach access, and food and beverage services.

However, all your comments regarding room comfort and cleanliness standards have been carefully considered and forwarded to the relevant departments. In line with our service philosophy that prioritizes guest satisfaction, the issues mentioned will be meticulously examined and the necessary actions will be taken.

We would be delighted to welcome you again.

Sincerely,
Ayla Akbarova
Customer Relations Management
Megasaray Hotels",Local Guide · 501 reviews · 205 photos,Ci9DQUlRQUNvZENodHljRjlvT2xwQ00zTlBlamRVVWs1aFgweHVSa3BEVlc1c1RWRRAB
Ioana Oltean,5.0,"Amazing experience!
We had a wonderful 7-day stay at Megasaray Westbeach Antalya and overall it was an excellent experience. The hotel was very clean, the rooms were spacious and comfortable, and the sea view was absolutely beautiful. The staff was always kind, welcoming, and especially attentive to my little daughter, which I truly appreciated.

The food was varied and tasty, and the location is very convenient — close to the beach, the promenade, and with easy access to many attractions in Antalya. The atmosphere was relaxing and pleasant, perfect both for families and for a peaceful holiday.

A special thanks to the reception team, who were always willing to help whenever needed. Overall, it was a lovely vacation and I would happily come back again. I definitely recommend this hotel for a relaxing stay in Antalya.",2 months ago,2026-06-05,,"Dear Guest,

Thank you for your wonderful feedback. We are delighted to hear that you had an enjoyable stay at Megasaray Westbeach Antalya and that you were satisfied with the cleanliness, room comfort, sea view, food variety, and convenient location of our hotel. It is also a pleasure to know that our team’s kind and attentive service contributed positively to your family holiday experience.

We would be happy to welcome you again at our hotel.

Kind regards,
Ayla Akbarova
Customer Relations Management
Megasaray Hotels",3 reviews · 6 photos,Ci9DQUlRQUNvZENodHljRjlvT25oYVEyOTFlVFZIVlRoZmIyaEpUV04zVkdWUE4yYxAB
Roksolana Bohomolova,5.0,"If possible, my husband and I will return to this wonderful hotel! Thank you to the staff for a comfortable stay and friendliness)",2 months ago,2026-06-05,,"Dear Guest,

Thank you for your kind feedback. We are delighted to hear that you and your husband had a comfortable and enjoyable stay and appreciated the friendliness of our team.

We would be happy to welcome you again at our hotel.

Kind regards,
Ayla Akbarova
Customer Relations Management
Megasaray Hotels",Local Guide · 39 reviews · 51 photos,Ci9DQUlRQUNvZENodHljRjlvT2xrMmJqVkhRamRzU3psQ1gyMXNPRzQzZDJ4MmNuYxAB
Stella,,"The hotel is wonderful; this is my second time staying here. The rooms are spacious, the sea view is breathtaking, and everything is top-notch.
-",2 months ago,2026-06-05,,,,ChdDSUhNMG9nS0VObU53NWZscGYzOGx3RRAB
Stella,,"The hotel is wonderful; this is my second time staying here. The rooms are spacious, the sea view is breathtaking, and everything is top-notch.
-",2 months ago,2026-06-05,,,,ChZDSUhNMG9nS0VQV28xckhrb2ZmR1ZBEAE
U3276FGfredb,5.0,"Excellent hotel. We stayed as a family with two children, ages 3 and 5. The service is top-notch. All the staff are available to make your holiday easy. Two examples: You arrive in the evening after the restaurant has closed, they ask if …",2 months ago,2026-06-05,,,,ChZDSUhNMG9nS0VOajRfdTNreHRielVnEAE
Marina,,"-
After cleaning the room, the decoration disappeared, but alas, there's no way to prove anything.",2 months ago,2026-06-05,,,,ChZDSUhNMG9nS0VMQ3c2TnpHcDZ1TUpBEAE
Marina,,"-
After cleaning the room, the decoration disappeared, but alas, there's no way to prove anything.",2 months ago,2026-06-05,,,,ChdDSUhNMG9nS0VJdW1pUDNEdDRLNWx3RRAB
ahmet baykal,4.0,"For an all-inclusive concept, the food could be a little more carefully prepared, and the breakfast could have a wider variety of cheeses, although the drinks were sufficient and varied. The service and staff were attentive and met expectations.",2 months ago,2026-06-05,,"Dear Guest,

Thank you for sharing your feedback. Your comments regarding the variety of food and breakfast options have been shared with our relevant departments. We are pleased with your positive assessment of our service quality and staff.

We would be delighted to welcome you and your loved ones again.

Sincerely,
Ayla Akbarova
Customer Relations Management
Megasaray Hotels",7 reviews,Ci9DQUlRQUNvZENodHljRjlvT2pScmRuQXpOME52WVVsRE0zazFSemR3V2tJME1rRRAB
Fred Bruger,5.0,"Excellent hotel. We stayed as a family with two children, ages 3 and 5. The service was top-notch. The entire staff was available to make our vacation easy.

Two examples: You arrive in the evening after the restaurant has closed, they ask if you're hungry, and you and your family are welcomed into the restaurant 15 minutes later. No problem getting a liter of milk and a microwave available at any time to make a bottle for your children. The staff at the bar, restaurant, and reception were very kind and helpful. The entertainment team had a great attitude and was very attentive to the children. Whether it was the kids' club activities in the afternoon, the 30-minute disco-baby session every evening for the children to have fun and dance together, or any of the other activities offered, children were welcomed with care and attention.",2 months ago,2026-06-05,,"Dear Guest,

Thank you for your kind and detailed feedback. We are delighted to hear that you and your family had an enjoyable stay and appreciated the attentive service provided by our team.

We would be happy to welcome you and your family again at our hotel.

Kind regards,
Ayla Akbarova
Customer Relations Management
Megasaray Hotels",1 review,Ci9DQUlRQUNvZENodHljRjlvT2xkTlJrUnhlV2t0ZVV4S1QzZElUV1ZhV1VKalJtYxAB
Abdul Sadiq,5.0,"Excellent hotel excellent customer service 👏 👌 delicious food 😋 daaaaaam 👌
Baris uzun and Kadir gozukucuk.",2 months ago,2026-06-05,,"Dear Guest,

Thank you for your kind feedback. We are delighted to hear that you enjoyed our hospitality, customer service, and food selection during your stay.

We would be happy to welcome you again at our hotel.

Kind regards,
Ayla Akbarova
Customer Relations Management
Megasaray Hotels",10 reviews · 3 photos,Ci9DQUlRQUNvZENodHljRjlvT2xWM1ZGQk9aSFZwUkRoMU1ERlVWelUyYUVsRE0yYxAB
Ivana,5.0,"Our stay at Megasaray Westbeach Antalya was wonderful from the very first moment. As soon as we arrived, the atmosphere at the reception was warm, relaxing, and welcoming. This was our second time staying at the hotel, and Mr. Dervis recognized us immediately and kindly upgraded our room to one with a beautiful sea view, which made our stay even more special.

The rooms are spacious, very clean, and the minibar is regularly restocked. The hotel offers a huge variety of food, and everything is exceptionally clean and well organized.

The entertainment team is very approachable and speaks several foreign languages, which creates a great connection with guests. We would especially like to highlight Emanuel, who performs his job professionally and with great passion. He always kept us informed about all activities, is extremely friendly, and radiates positive energy.

Everyone at the hotel is approachable, talkative, and kind. We truly enjoyed our stay and will gladly come back again.",2 months ago,2026-06-05,,"Dear Guest,

Thank you for your wonderful feedback. We are delighted to hear that your stay at Megasaray Westbeach Antalya was enjoyable from the very first moment and that you were pleased with the room upgrade, cleanliness, food variety, and overall service quality.

We would be happy to welcome you again at our hotel.

Kind regards,
Ayla Akbarova
Customer Relations Management
Megasaray Hotels",9 reviews · 1 photo,Ci9DQUlRQUNvZENodHljRjlvT21sVFFXMUpNbXgwZDJKVFRraGtZelZ4UmpJeFlsRRAB
Buse Kama,5.0,A very comfortable and relaxing place with friendly staff; I'm leaving happy in every way :),2 months ago,2026-06-05,,"Dear Guest,

Thank you for sharing your wonderful feedback. We are pleased that you positively evaluated our staff's friendly approach and the comfort of our hotel.

We would be delighted to welcome you and your loved ones again.

Sincerely,
Ayla Akbarova
Customer Relations Management
Megasaray Hotels",1 review,Ci9DQUlRQUNvZENodHljRjlvT2pSZlQweDZRa3MwUmpsWGVuaEViSFJmTldJd01WRRAB
Arzu Elevli,5.0,,2 months ago,2026-06-05,,"Dear Guest,

Your satisfaction is our greatest reward. We look forward to welcoming you again.

Sincerely,
Ayla Akbarova
Customer Relations Management
Megasaray Hotels",3 reviews,Ci9DQUlRQUNvZENodHljRjlvT2xreGRUaFFWME4yZGsxU1FuSnpjME54U2pjdFVrRRAB
Iqra Tauqir,5.0,Entertainment team have been really good especially during the mini disco and water sports. My son is only 18 months old but he was engaged throughout the whole thing.,2 months ago,2026-06-05,,"Dear Guest,

Thank you for your kind feedback. We are delighted to hear that you and your son enjoyed the entertainment activities, especially the mini disco and water sports programs. Knowing that your child had an enjoyable experience throughout your stay is truly pleasing for us.

We would be happy to welcome you again at our hotel.

Kind regards,
Ayla Akbarova
Customer Relations Management
Megasaray Hotels",8 reviews,Ci9DQUlRQUNvZENodHljRjlvT201bmRXOUhXVkJzYVZKSE1VUXlXbEJUY1RjNFdFRRAB
Inshal Mughal,5.0,"Great hotel for travelling with kid the hotel is packed with activities, especially loved the
​Aquarobics, This was easily one of the best parts of the day! ​Children’s Entertainment Team A massive shout-out to the kids' team! They were absolutely fantastic. Their energy was infectious, and they were so patient and engaging with my children. It gave the kids something to look forward to every day and gave us parents a much-appreciated break knowing the little ones were in great hands.",2 months ago,2026-06-05,,"Dear Guest,

Thank you for your wonderful feedback. We are delighted to hear that you and your family enjoyed the variety of activities at our hotel, especially the aquarobics sessions and the entertainment programs prepared for children. It is also a pleasure to know that our kids’ entertainment team contributed positively to your holiday experience.

We would be happy to welcome you again at our hotel.

Kind regards,
Ayla Akbarova
Customer Relations Management
Megasaray Hotels",Local Guide · 15 reviews · 5 photos,Ci9DQUlRQUNvZENodHljRjlvT2psNk1IbE5NalZyTVc1NlUzSlJhbTlDVlZBd2FGRRAB
Анастасия Ожиганова,5.0,"Muhammad is a true professional at his job! He's incredibly funny, and it's always easy and comfortable to work with him. He's the best entertainer we've ever encountered! He speaks German, Russian, and English fluently.",2 months ago,2026-06-05,,"Dear Guest,

Thank you for your feedback. We are delighted that you highly appreciated the work of our entertainment team and were satisfied with the atmosphere and level of service.

We look forward to welcoming you back to our hotel!

Sincerely,
Ayla Akbarova
Customer Relations Management
Megasaray Hotels",1 review,Ci9DQUlRQUNvZENodHljRjlvT2xGQ05FdHpTRk5CVmw5SFUxVTFNRWRZZVVoa2FIYxAB
Gábor Szabó,5.0,"Nice hotel, tasty food, good selection of drinks. Staff is amazing, very kind and helpful. Animators are doing everything for the guests to have a great time.",2 months ago,2026-06-05,,"Dear Guest,

Thank you for your kind feedback. We are delighted to hear that you enjoyed our food and beverage selection, as well as the attentive and helpful service provided by our team. It is also wonderful to know that our animation team contributed positively to your holiday experience.

We would be happy to welcome you again at our hotel.

Kind regards,
Ayla Akbarova
Customer Relations Management
Megasaray Hotels",2 reviews,Ci9DQUlRQUNvZENodHljRjlvT2poMWRVZENhV2w0TUVRNFprcFZURFo0U0VaMk1GRRAB
Barbara Vig,5.0,"The hotel is absolutely awesome. The massage was the best I’ve ever had in my life. The food was delicious, and everything felt high quality.

There were great programs every day, and the animation team was incredible—the friendliest and most fun I’ve ever seen. From yoga and aqua gym to darts and kids programs, plus an unforgettable Michael Jackson show, everything was perfect.",2 months ago,2026-06-05,,"Dear Guest,

Thank you for your wonderful feedback. We are delighted to hear that you enjoyed the quality of our services, the food selection, spa experience, daily activities, and entertainment programs provided by our animation team.

We would be happy to welcome you again at our hotel.

Kind regards,
Ayla Akbarova
Customer Relations Management
Megasaray Hotels",1 review,Ci9DQUlRQUNvZENodHljRjlvT2xkT1ZuZGtUa0p1ZWtKNWQyMTBVWEZFZFhWc1VtYxAB
Gregory ND,5.0,"I would like to make accent on the animators they are such a professional animators! Always full of energy and makes everyone feel included. Animators speaks German, Russian, and English perfectly which makes communication super easy. Amazing team! Night shows also was great 😊",2 months ago,2026-06-05,,"Dear Guest,

Thank you for your kind feedback. We are delighted to hear that you enjoyed the energy and professionalism of our animation team, as well as the evening shows and multilingual communication provided throughout your stay.

We would be happy to welcome you again at our hotel.

Kind regards,
Ayla Akbarova
Customer Relations Management
Megasaray Hotels",5 reviews,Ci9DQUlRQUNvZENodHljRjlvT2pCbGVsRnJjMjR0UjA0eU5IUnJSMFJPVUhjdFFsRRAB
Adeviye Asta,5.0,"We stayed at the hotel between May 2nd and 8th, 2026. We stayed as a family; we came for business, and this was our first hotel experience.
What stood out was the generally friendly and attentive staff, and their focus on customer satisfaction.
They were good at cleanliness; I didn't detect any bad smells in the hotel, it was very clean and smelled nice.
The food was good, quite successful for a city center hotel ☺️
The animation team was attentive, energetic, and fun.
Their approach to children and their activities were excellent.
The mini disco shows, dance shows, and special shows for children every evening were very impressive. I especially want to thank the animation team. The friendly demeanor of the staff was also important to us.
I also want to mention another point: tea is important to me; most hotels have tasteless tea, but the tea here was really good every time.
It's a hotel you can choose with peace of mind; its location is also very good, and it has a beautiful concept.
Thank you, and have a good day 🌷",2 months ago,2026-06-05,,"Dear Guest,

Thank you for sharing your valuable feedback. We are pleased that you enjoyed your stay at our hotel and especially that you positively evaluated our staff's friendly and attentive approach, our cleanliness standards, the quality of our food, the energy of our animation team, and our activities for children.

We would be happy to welcome you and your loved ones again.

Sincerely,
Ayla Akbarova
Customer Relations Management
Megasaray Hotels",Local Guide · 36 reviews · 12 photos,Ci9DQUlRQUNvZENodHljRjlvT25oUmRqaEpUSGhDVkcxa01tVmFjVmhWY0dweE0zYxAB
Гульфия Аблизова,5.0,,2 months ago,2026-06-05,,"Dear Guest,
Thank you for your review! We look forward to welcoming you back to our hotel!

Sincerely,
Ayla Akbarova
Customer Relations Management
Megasaray Hotels",,Ci9DQUlRQUNvZENodHljRjlvT2tOd2FWOWFURjlGZUZSUVVYQldVazFNV21Sb2JWRRAB
Bedirhan Karlı,5.0,"My hotel stay was lovely; the food, the location, and especially Mr. Derviş's attentiveness from check-in to check-out made us very happy.",Edited 2 months ago,2026-06-05,,"Dear Guest Mr. Bedirhan,

Your satisfaction is our greatest reward. We look forward to welcoming you again.

Sincerely,
Ayla Akbarova
Customer Relations Management
Megasaray Hotels",5 reviews · 1 photo,Ci9DQUlRQUNvZENodHljRjlvT21kU2FFSmFSMmw0Ukd4TFIxOXRNbUpNZGtaUlRrRRAB
алена додо,5.0,,2 months ago,2026-06-05,,"Dear Guest,

Thank you for your review! We look forward to welcoming you back to our hotel!

Sincerely,
Ayla Akbarova
Customer Relations Management
Megasaray Hotels",,Ci9DQUlRQUNvZENodHljRjlvT2kxeldsZEtVMHAyTW14a1psWmFiRmRRYVY5VWVHYxAB
Ash,4.0,"Updating the score as the hotel appears to take feedback seriously and is keen to fix, update based on customer feedback.

I booked primarily on the huge amount of positive reviews but I simply do not get it and I must have missed something as it was lacking in areas.  The all inclusives in Lara, Belek were much better.

For context, I have stayed at over 10 different hotels across the Antalya area and Megasaray simply does not compete.  This is, thus far, my least favoured hotel that  I have stayed at in the region.

Positives
Some of the food items are a slightly better taste-wise than other Antalya all inclusive hotels we have stayed at.  However, overall the food is distinctly mediocre with the desserts unfortunately tasting the worst of any of the all inclusive hotels I have stayed at.  That being said, when they made fresh live Kunefe, it was great but that happened once in our 8 day stay.

The staff interactions were positive, I felt like they were attentive and listened.  We found them to be polite and helpful throughout.

The massages in the spa were good and the team there were nice, friendly and helpful rather than being pushy for sales.

Negatives

No Air Con
In April (presuming many other months too) the AC controls in the room do not work! It will not cool the room at all.  You are left sweating in a room unless you keep the windows/ balcony doors open.  Don’t think you will get much sleep doing this as the noise from the road and cars will keep you up, if not the heat will get you.  Also opening the balcony door to survive the room temp means random bugs in your room. Such a terrible system to which prioritises their cost savings over your comfort.

After complaints about this, they will offer you a noisy broken fan to use in the room.  If I knew this would be the case at this hotel, I would not have booked to stay here.  I have not had this issue at any other Antalya hotel I stayed at.  You will not get a comfortable night sleep here!

Dated compact rooms
The rooms are compact with small bathrooms and furniture making manoeuvring around the room cumbersome.

At a similar price point, you get more comfortable and spacious rooms. A balcony that just about allows you to lean (more a Juliet balcony than anything with purpose).

The rooms are worn in many areas and showing their signs of need a refurb.

The rooms are not compatible for those with mobility issues or disabled.

No reading lights by the bed, choice of bright lights or no lights! Fix up your room design!

TV is never a major concern but don’t expect any recognisable English channels, not even BBC News or CNN is available.  The TV is not a smart tv either so best just to watch things on your own devices.

Main restaurant
If you come at a busy time which is most of the time, the chairs and tables are too closely packed together in that you will get bumped/pushed by people simply trying to get by.  Limited bench seating and it is always crowded and taken.  Food overall is ok but the desserts need sorting out, as none of them were in the slightest bit nice.

Indoor facilities
The gym is in the basement with no wifi coverage and very feint phone signal so if you want to stream music during workout, you are out of luck.  To access the gym you have to walk pass the indoor pool and sauna.  The gym floor was slippery indicating people would just pop in after swimming.  The gym is unattended with no functional AC means it gets very hot.  The machinery is dated, patch repaired in many instances although water bottles are freely available and you will usually find towels.  It was barely used by people when I was there which was a plus for me.

The sauna, steam room and hammam were all accessible and working when we were there but the atmosphere isn’t a serene one.  It isn’t a tranquil place to relax.  The loungers there are stained and worn.",2 months ago,2026-06-05,,"Dear Guest,

Thank you for sharing your valuable feedback with us. We are pleased to hear that you appreciated our staff approach, spa services, and the taste of certain food items, which is truly encouraging for our team. All other comments you have provided have been carefully reviewed, and in particular, your observations regarding the air conditioning system and room comfort conditions have been forwarded in detail to our relevant technical departments. In addition, necessary checks and improvement plans are being considered to further enhance guest comfort throughout this process.

Furthermore, your feedback regarding room facilities, space utilization, restaurant layout, gym conditions, and common areas is being evaluated by the relevant departments, and necessary actions are being taken to improve our service standards.

We would be happy to welcome you and your family again at our hotel.

Kind regards,
Ayla Akbarova
Customer Relations Management
Megasaray Hotels",Local Guide · 568 reviews · 198 photos,Ci9DQUlRQUNvZENodHljRjlvT2twd1FtaHhSWGhFV0VoVU1sZGFWRzlvYTI1UVQzYxAB
Виктория Сергеевна,5.0,I loved everything! The staff is simply wonderful! I recommend them to everyone! Derviş is a superb member of staff!,2 months ago,2026-06-05,,"Dear Guest,

Thank you for your review. We are glad you were satisfied with the service and overall atmosphere of your stay at our hotel.

We look forward to welcoming you back!

Sincerely,
Ayla Akbarova
Customer Relations Management
Megasaray Hotels",1 review · 1 photo,Ci9DQUlRQUNvZENodHljRjlvT25ReFR6bEtPVzVTV1dScVVYQm1hMWhmZEhwclpWRRAB
Марат Вахитов,5.0,"A wonderful hotel, this is our sixth time staying here. Excellent location, service, and cuisine. When we arrived, we were accommodated immediately, despite our early check-in, at no extra charge. Derviş helped us carry our suitcases and get us to our room quickly. We always recommend this hotel.",2 months ago,2026-06-05,,"Dear Guest,

Thank you for your review. We are pleased that you have chosen our hotel for the sixth time and highly appreciate our location, service, and cuisine.

We look forward to welcoming you back!

Sincerely,
Ayla Akbarova
Customer Relations Management
Megasaray Hotels",1 review,Ci9DQUlRQUNvZENodHljRjlvT2tGNGRtRlBSbFl6TFhKalREZFVVRFZqTWw4dE5FRRAB
Эмин,5.0,"I'd like to leave a review of the Megasaray Westbeach Antalya hotel and give a special thanks to Derviş, the staff member.

My stay at the hotel was very pleasant: excellent location, clean rooms, delicious food, and a pleasant atmosphere. But I'd especially like to commend Derviş for his work—he's a true professional. He's always polite, attentive, and ready to help in any situation. His dedication to guests made our stay even more comfortable and memorable.

Thank you so much for the high level of service! We'll definitely be back.",Edited 2 months ago,2026-06-05,,"Dear Guest,

Thank you for your review. We are glad you were pleased with the hotel's location, the cleanliness of the rooms, the quality of the food, and the overall atmosphere, and also noted the high level of service.

We look forward to welcoming you back to our hotel!

Sincerely,
Ayla Akbarova
Customer Relations Management
Megasaray Hotels",1 review,ChdDSUhNMG9nS0VJQ0FnTURRNjZtMGpBRRAB
Mustafa,5.0,,2 months ago,2026-06-05,,"Dear Guest,

Your satisfaction is our greatest reward. We look forward to welcoming you again.

Sincerely,
Ayla Akbarova
Customer Relations Management
Megasaray Hotels",2 reviews,Ci9DQUlRQUNvZENodHljRjlvT2xFdE9UbGpjbGxIT1ZkeU9UaE9Sbk15U1UxUlpVRRAB
Диана Каюмова,5.0,"The location is top-notch 🔥 For walking, everything is close by… it's a city hotel.
The hotel itself and the rooms are a little tired. But overall, everything is great. The service and food 👍 We were very pleased.",2 months ago,2026-06-05,,"Dear Guest,

Thank you for your review. We are glad you were satisfied with the hotel's location, service, and food, as well as your overall positive experience during your stay.

We look forward to welcoming you back to our hotel!

Sincerely,
Ayla Akbarova
Customer Relations Management
Megasaray Hotels",6 reviews · 11 photos,Ci9DQUlRQUNvZENodHljRjlvT2t0eUxVNUNVRXR5YW13NVdVaE5UMTgzU2xGRmQwRRAB
Nevzat Pusat Ağbulut,5.0,"Hi, I came to this hotel and I really loved the entertainment, the amusement park rides, and the live music. I also really liked the animation team because they are energetic people and they do great activities.",2 months ago,2026-06-05,,"Dear Guest,

Thank you for sharing your wonderful feedback. We are delighted that you enjoyed our entertainment activities, amusement park area, live music programs, and the energy of our animation team.

We would be happy to welcome you and your family again.

Sincerely,
Ayla Akbarova
Customer Relations Management
Megasaray Hotels",2 reviews,Ci9DQUlRQUNvZENodHljRjlvT2pOaFNUZDNlbU5xYzBKZmNGVlBVMHQwUkdzd2NtYxAB
Melike Orhan,5.0,,2 months ago,2026-06-05,,"Dear Guest,

Your satisfaction is our greatest reward. We look forward to welcoming you again.

Sincerely,
Ayla Akbarova
Customer Relations Management
Megasaray Hotels",Local Guide · 21 reviews · 39 photos,Ci9DQUlRQUNvZENodHljRjlvT2pZNVJsbDNiVzk1UVZac1NETlJTazR0TjBSeWFXYxAB
Murad Mohammad,5.0,I RECOMMEND THIS RESORT ALL THINGS IN EXCELLENT NO COMMENT,2 months ago,2026-06-05,,"Dear Guest,

Thank you for your recommendation and kind feedback. We are pleased to know that you found all aspects of your stay excellent.

We would be pleased to welcome you again at our hotel.

Best regards,
Ayla Akbarova
Customer Relations Management
Megasaray Hotels",4 reviews,Ci9DQUlRQUNvZENodHljRjlvT2s1QlJIRkxhamhHTVMxQlEyMW1ablIzTlZCT1drRRAB
Dan Pop,5.0,"Everything was nice in the hotel, the animation team was great! The food was amazing!
Naz was very polite and kind!
Everything you need for a week of recovery and fun!

The Live music was very nice! The perfect way to end your evening!

Thank you!",2 months ago,2026-06-05,,"Dear Guest,

Thank you for your kind review. We are pleased to hear that you enjoyed your stay, especially the food, animation team, and live music. We also appreciate your kind words about our team member.

We would be happy to welcome you again at Megasaray Hotels.

Kind regards,
Ayla Akbarova
Customer Relations Management
Megasaray Hotels",1 review,Ci9DQUlRQUNvZENodHljRjlvT2pSNlVsSTVhVWhEWDFCTlIwSklXa05aUmxGSVRGRRAB
Neslihan Bilgin,5.0,"I came to the hotel with my wife, and they were very helpful from the moment we arrived. The cleanliness of the hotel was excellent, the service was very good, and the food in the restaurant was varied and very delicious. The animation team did a great job; the guests had a lot of fun. The approach of the animators was very good. The animation program included karaoke, a quiz show, and dance performances in the evening, and in the morning, there were activities for children at the mini-club and aerobics. The location is very nice, and we would like to come back here again. We recommend it to our friends and loved ones. Thank you, Megasaray family! 🙌👏",3 months ago,2026-05-06,,"Dear Guest,

Thank you for sharing your wonderful feedback. We are delighted by your positive comments regarding cleanliness, service quality, restaurant variety, and activities during your stay. We would be happy to welcome you and your family again.

Sincerely,
Ayla Akbarova
Customer Relations Management
Megasaray Hotels",7 reviews · 1 photo,Ci9DQUlRQUNvZENodHljRjlvT2t4QlRHTlZORkZVYW5GVFZVRnlkamxwUkdkTk0yYxAB
Yasin Ayan,5.0,"The hotel was fantastic with its central location, food, room cleanliness, and view. There was a great variety of food, all delicious. We had so much fun with the step aerobics, darts, and morning gym activities thanks to the endless energy of the animation team. The animators were very friendly and welcoming to the guests. The DJ performance, live music, and evening shows were amazing; we participated in all of them and had a great time.",3 months ago,2026-05-06,,"Dear Guest,

Thank you for sharing your wonderful feedback. We are pleased that you were satisfied with our hotel's location, view, room cleanliness, and variety of food during your stay.

We would be delighted to welcome you and your family again.

Sincerely,
Ayla Akbarova
Customer Relations Management
Megasaray Hotels",1 review,Ci9DQUlRQUNvZENodHljRjlvT2xoUlVYWnhaRUl4TVVoV1dEVkVUVFJLT0Vwck1sRRAB
İrem Aslan,5.0,"It was a fantastic hotel with a central location, great views, delicious food, and clean rooms. We had so much fun with the step aerobics, aqua aerobics, and darts thanks to the endless energy of the animators. In the evening, we attended the live music and show, which was very enjoyable. The songs for the DJ performance were carefully selected, and the animators were very friendly and welcoming to the guests.",3 months ago,2026-05-06,,"Dear Guest,

Thank you for sharing your wonderful feedback. We are pleased that you were satisfied with our hotel's location, view, food, and cleanliness standards during your stay.

We would be delighted to welcome you and your family again.

Sincerely,
Ayla Akbarova
Customer Relations Management
Megasaray Hotels",1 review,Ci9DQUlRQUNvZENodHljRjlvT2pGTmNXNWpiV2xxYlV4VFJtOUNZVGhvVVVacE9GRRAB
Deniz Gilbeau,4.0,"We wanted to thank you again so much for the wonderful days we spent with you. Our special thanks go to Mr. Abdurrahman, our server in the restaurant, and Ms. Elif in the service area 🙏🏻🙏🏻, but also to many others 🙏🏻🙏🏻🙏🏻. Until next time! 🤗",3 months ago,2026-05-06,,"Dear Guest,

Thank you for your kind feedback. We are delighted that you enjoyed your stay with us and that you have such positive memories of our team's service. We truly appreciate your kind words.

We would be pleased to welcome you back to Megasaray Hotels again.

Sincerely,

Ayla Akbarova
Customer Relations Management
Megasaray Hotels",2 reviews,Ci9DQUlRQUNvZENodHljRjlvT25OaFpuZ3hNVUV3WVZweWNrOWFlSHBKU0VkQ1owRRAB
Sára Fodor,5.0,"We had a really great stay at this hotel and truly enjoyed our holiday! For the price, it is an excellent choice and offers very good value for money.

The entertainment programs were especially great — live music, and overall atmosphere made the evenings so much fun. The animation team did an amazing job creating a fantastic vibe every day.

We also really appreciated the attention given to gluten-free food options. The staff prepared separate gluten-free pizza and pasta, which made a huge difference and showed real care for guests with dietary needs.

The cocktails were also excellent — delicious, well-made, and with plenty of variety.

Overall, we had a wonderful experience and would happily recommend this hotel to others!",3 months ago,2026-05-06,,"Dear Guest,

Thank you for your kind and detailed feedback. We are delighted to hear that you had a great stay and enjoyed your holiday with us.

It is wonderful to know that you appreciated our entertainment programs, atmosphere, and the efforts of our team. We are especially pleased that our gluten-free options met your expectations and made your stay more comfortable.

Your recommendation means a lot to us.

We hope to welcome you again soon.

Kind regards,
Irina Özkökdemir
Customer Relations Management
Megasaray Hotels",2 reviews,Ci9DQUlRQUNvZENodHljRjlvT21STlpVWldaVXBPVTJkNWFFOUdURkZYZEhrelpVRRAB
Youngmin Hyun,5.0,"For a 4-star hotel, the outdated facilities and rooms, as well as the location being a bit far from the city center, are somewhat disappointing.

However, the friendly service and the comfort provided by the all-inclusive package are the best.",3 months ago,2026-05-06,,"Dear Guest,
Thank you for your feedback. We are pleased to hear that you appreciated our friendly service and the comfort of our all-inclusive concept.
We also value your comments regarding the facilities and location, as guest feedback helps us improve.
We hope to welcome you again in the future.
Kind regards,
Irina Özkökdemir
Customer Relations Management
Megasaray Hotels",Local Guide · 74 reviews · 152 photos,Ci9DQUlRQUNvZENodHljRjlvT2xVMk5EQnNSbnBIWlc1VExXWmpaek5ET0VSNlRsRRAB
Heidi Heidi,5.0,"I'm completely satisfied, better than expected. From reception to cleaning staff, everything was top-notch.",3 months ago,2026-05-06,,"Dear Guest,

Thank you for your positive review. We are delighted that you were completely satisfied and that your stay even exceeded your expectations.

Your kind words are a great motivation for our entire team.

We would be pleased to welcome you back again soon.

Sincerely,

Irina Özkökdemir
Customer Relations Management
Megasaray Hotels",7 reviews · 2 photos,Ci9DQUlRQUNvZENodHljRjlvT25SWVNXZHBSREpsVkZOb2FIZFRRa0kyUjFaNFJrRRAB
Jonathan Aiyadurai,5.0,"The entertainment and the hospitality was very good and the best I have seen. A lot of activities that was available and advertised.
The service is very well thought out!
Very good activities and entertainment.
Bar service is also very nice and fast and they make good drinks.
Food and drinks so good!

But they need to refresh the rooms as they are very old with old furniture and bathroom.",3 months ago,2026-05-06,,"Dear Guest,

Thank you for your detailed feedback. We are very pleased to hear that you enjoyed our entertainment, activities, hospitality, food, drinks, and bar service.

We also appreciate your constructive comment regarding the rooms. Guest feedback is very important to us and will be taken into consideration for future improvements.

We hope to welcome you again soon.

Kind regards,
Irina Özkökdemir
Customer Relations Management
Megasaray Hotels",5 reviews · 10 photos,Ci9DQUlRQUNvZENodHljRjlvT25FM1owWkdkMmsyT1RkNVpFUnlSMkpPVkY5SlkyYxAB
Janusa Sinnathamby,4.0,"Good entertainment and hospitality. Very friendly and knows good English language.

Good entertainment activities at the hotel and services.",3 months ago,2026-05-06,,"Dear Guest,

Thank you for your kind feedback. We are pleased to hear that you enjoyed the entertainment and hospitality during your stay.

It is also great to know that you were satisfied with our activities and services, and that communication with our team was smooth.

We hope to welcome you again soon.

Kind regards,
Irina Özkökdemir
Customer Relations Management
Megasaray Hotels",2 reviews,Ci9DQUlRQUNvZENodHljRjlvT2toa1p6SmhWbnAzTWpVM2RFOTRUbkZmYVZoUVUyYxAB
Michelle John,4.0,"Great entertainment, activities and services. The staffs are very helpful and social, able to communicate very smoothly with them.",3 months ago,2026-05-06,,"Dear Guest,

Thank you for your kind feedback. We are delighted to hear that you enjoyed the entertainment, activities, and services during your stay.
It is also wonderful to know that our team was helpful and easy to communicate with, as guest satisfaction is our top priority.
We hope to welcome you again in the future.

Kind regards,
Irina Özkökdemir
Customer Relations Management
Megasaray Hotels",5 reviews,Ci9DQUlRQUNvZENodHljRjlvT2pkSVVHeEpNVU0wZFdzdFNtVndabFJPYjJ4UVkzYxAB
Hü so,5.0,"Barış Uzun Ali Bey: They are very friendly, the food is very good, the room cleanliness is very good, everyone is very friendly, I would gladly recommend them.",3 months ago,2026-05-06,,"Dear Guest,

Thank you for your positive review. We are delighted that you were satisfied with our service, the food, and the cleanliness of the rooms.

Your recommendation means a great deal to us.

We would be pleased to welcome you back again soon.

Sincerely,
Irina Özkökdemir
Customer Relations Management
Megasaray Hotels",6 reviews,Ci9DQUlRQUNvZENodHljRjlvT2s1VWFHeDRNRFZ1Y25SdlpFNVpOa1ZuV0VKWFlrRRAB
Antonina Kuznetsova,5.0,,3 months ago,2026-05-06,,"Dear Guest,
Thank you for your review! We look forward to welcoming you back to our hotel!

Sincerely,
Ayla Akbarova
Customer Relations Management
Megasaray Hotels",2 photos,Ci9DQUlRQUNvZENodHljRjlvT2t4WFZsVnNOSG95WW1GcVJtaHljMEZxZVVOcmJHYxAB
Esra Kocaman,5.0,"The hotel was fantastic with its central location, friendly staff, and varied food. The activities were very enjoyable; we had a great time at step aerobics, darts, and aqua aerobics. The animation team's endless energy made our holiday even more enjoyable. The DJ performances featured carefully selected songs, and the live music was delightful. We were very pleased with the animation team's approach and friendliness towards the guests. The children had a lot of fun at the mini disco, and we also participated in quizzes and karaoke in the evenings; it was wonderful.",Edited 3 months ago,2026-05-06,,"Dear Guest,

Thank you for sharing your detailed and positive review of your stay at Megasaray Westbeach Antalya. We are very pleased that you enjoyed our animation programs, pool games, sports activities, and evening entertainment. We are also delighted by your satisfaction with the cleanliness and maintenance of our rooms and common areas. We would be happy to welcome you and your family again.

Sincerely,
Ayla Akbarova
Customer Relations Management
Megasaray Hotels",4 reviews,Ci9DQUlRQUNvZENodHljRjlvT21ocFMxUllSVlZ4Y0dkbmMxVkRhWGh6T0doRExXYxAB
Melike Yıldırım,5.0,"This was our second visit here with my wife and we were very pleased. The food, the friendliness of the staff, the live music in the evenings, and the animation team were all wonderful; everything was perfect. We look forward to seeing you again 💗",3 months ago,2026-05-06,,"Dear Guest,

Thank you for your kind review and for choosing us again. We are delighted that you enjoyed your stay, our meals, and our services.
We are also very pleased that you enjoyed our live music and entertainment programs.

We would be pleased to welcome you again.

Sincerely,
Irina Özkökdemir
Customer Relations Management
Megasaray Hotels",2 reviews,Ci9DQUlRQUNvZENodHljRjlvT25jMk5tcEJTMW8zUkhvMGVIcEdSV3RVT1dKNWRGRRAB
Faizan shahid,5.0,"Great stay.. Lovely staff and facilities,  dervis really helped me with the car and other stuff were lovely as well",3 months ago,2026-05-06,,"Dear Guest,

Thank you very much for your kind feedback. We are delighted to hear that you enjoyed your stay and appreciated our facilities as well as the support and friendliness of our team. We would be happy to welcome you again at Megasaray Hotels.

Warm regards,
Ayla Akbarova
Customer Relations Management
Megasaray Hotels",Local Guide · 59 reviews · 5 photos,Ci9DQUlRQUNvZENodHljRjlvT25veE5GZHNhV1ZUWTJneVJsUm9ka1ZqWVdoeE4yYxAB
jaimer681,5.0,"Very good hotel with helpful and friendly staff, good location, excellent breakfast, generally clean. Haci and Kadir at the reception were nice as well as Emanuel in entertainment.",3 months ago,2026-05-06,,,,ChZDSUhNMG9nS0VJZkUyNzZYemN1WkF3EAE
Sonja Bergsma,4.0,"Very nice hotel. Fully equipped. However, somewhat loud music from 10:30 AM by the recreation team. 95% Russian guests. Staff very helpful. Spacious rooms, slightly dated. The bed sagged a bit, but a mattress topper was arranged immediately; slept wonderfully! 25 minutes from the airport.",3 months ago,2026-05-06,,"Dear Guest,

Thank you for your kind feedback. We are pleased to hear that you found our hotel comfortable and well-equipped, and that you appreciated the helpfulness of our team as well as the prompt solution provided for your room request. Your comments regarding the music levels and other observations have been noted and shared with the relevant departments.

We would be happy to welcome you again at Megasaray Hotels.

Warm regards,
Ayla Akbarova
Customer Relations Management
Megasaray Hotels",3 reviews,Ci9DQUlRQUNvZENodHljRjlvT2xoMlEwRlJSbU5JYkhwSWREWXdiMGhVU21OdE5WRRAB
Isabel Janssen,5.0,"All the staff were so nice and helpful, they got everything I needed before even asking. The view was beautiful with a see view. It wasn’t far away from the city and with a cab it was easy to get too. The surrounding area was… okay, however the roads have holes and leaks, it isnt very clean but the hotel was so beautiful and taken care of. They had good food, and serve fries as breakfast, lunch, and dinner. So for picky eaters like me and little children thats amazing.",3 months ago,2026-05-06,,"Dear Guest,

Thank you very much for your kind feedback. We are delighted to hear that you appreciated the attentiveness of our team, the beautiful sea view, and the quality and variety of our food offerings. Your comments regarding the surrounding area have also been noted. We would be happy to welcome you again at Megasaray Hotels.

Warm regards,
Ayla Akbarova
Customer Relations Management
Megasaray Hotels",2 reviews,Ci9DQUlRQUNvZENodHljRjlvT21aTGNscG9VMmhFYzIxcGIxTkhRVGh5VmxNMWNYYxAB
GuillaumeZahir,5.0,"An amazing experience every time I stay at Megasaray Hotel - it’s truly my go-to place whenever I’m in Antalya.

The entertainment team is absolutely incredible. They bring such great energy every day, always smiling, friendly, and genuinely caring about guests having a good time. They create a warm, fun, and welcoming atmosphere that makes the whole stay feel special and full of life.

The buffet is excellent, with a wide variety of quality food, and the fact that you can enjoy cappuccino and çay anytime is a real plus. Food and drinks are always available and well organized.

The facilities are perfect to relax - the pool, spa, and hammam offer exactly what you need to unwind and recharge in a peaceful environment.

What really stands out is the hospitality. The welcome is always pleasant, and the entire team makes you feel comfortable from the moment you arrive. The entertainment team, in particular, plays a huge role in making the stay feel friendly, enjoyable, and unforgettable.

Highly recommended if you’re looking for a place that combines relaxation, great service, and positive energy.",3 months ago,2026-05-06,4,"Dear Guest,

Thank you very much for your kind and detailed feedback. We are delighted to hear that you consistently enjoy your stays with us and appreciate our entertainment team, the variety and quality of our buffet, as well as the comfort of our facilities including the pool, spa, and hammam. It is also a pleasure to know that our team’s hospitality and welcoming atmosphere contribute to making your experience memorable. We would be happy to welcome you again at Megasaray Hotels.

Warm regards,
Ayla Akbarova
Customer Relations Management
Megasaray Hotels","Local Guide · 762 reviews · 3,511 photos",Ci9DQUlRQUNvZENodHljRjlvT25sRE5XaEpUVEpUVUhVeFIwSTNWbkUyVDJwWFJIYxAB
Mohamed Bel,5.0,"The hotel service is excellent, with great attention to detail. The entertainment team is fantastic; there's never a dull moment with plenty of activities and sports. Their responsiveness and service are top-notch. I'll definitely be back.",3 months ago,2026-05-06,,"Dear Guest,

Thank you very much for your kind feedback. We are delighted to hear that you were satisfied with the attentiveness of our team and the quality of our service, as well as the variety of activities and sports offered by our animation team. We would be happy to welcome you again at Megasaray Hotels.

Warm regards,
Ayla Akbarova
Customer Relations Management
Megasaray Hotels",16 reviews,Ci9DQUlRQUNvZENodHljRjlvT25ORlFTMHdSbVJXZVhoS1F6UndjM1JGTTB0VmNFRRAB
Nane Sin,5.0,"We visited in mid-April for our honeymoon. There is a main buffet for breakfast, lunch, and dinner each day, and it seemed like there were about two other buffets as well, but we were so full that it was hard to eat everything! Besides the buffet, from 10 am to 5-6 pm, you can continuously eat outdoors at the BBQ corner, as well as enjoy pizza, pasta, hamburgers, and more, and alcohol is unlimited. We really enjoyed eating, drinking, and having fun—it was wonderful.

Actually, the food was good, but what was even more touching was the service and kindness. Hotel Manager Ali knew we were on our honeymoon and upgraded our room. Not only did he send us food like wine, flowers, cheese, and fruit, but he also meticulously prepared a breakfast service, creating a special memory for us. My husband and I promised each other that we would definitely come back for our wedding anniversary.💗",Edited 3 months ago,2026-05-06,,"Dear Guest,

Thank you for your interest in Megasaray Hotels. For this matter, we kindly ask you to contact Megasaray Westbeach directly via email at wbgr@megasarayhotels.com .

Warm regards,
Ayla Akbarova
Customer Relations Management
Megasaray Hotels",Local Guide · 47 reviews · 339 photos,Ci9DQUlRQUNvZENodHljRjlvT21zMldGWjZWMnhHTUVweVVGTnBNbmRSTFU5a01IYxAB
Ibrahim Yurt,5.0,"We stayed for one night for another business matter, but we really liked every service the hotel provided, especially Mr. Derviş; many thanks to him for his attention. We will definitely come again.",3 months ago,2026-05-06,,"Dear Guest,

Thank you for your kind review. We are delighted that you were satisfied with our hotel and services despite your short stay.

Your valuable feedback is very important to us.

We would be pleased to welcome you again.

Sincerely,

Irina Özkökdemir
Customer Relations Management
Megasaray Hotels",1 review,Ci9DQUlRQUNvZENodHljRjlvT2xKYVlWWXdOVlZwYUdsNk4zSmZhRk53YjFwblNtYxAB
samet otçuoğlu,5.0,"The hotel is of very high quality in every aspect, especially our friend Ali Ilgen at the reception; we would like to extend our special thanks to him.",3 months ago,2026-05-06,1,"Dear Guest,
Thank you for your kind review. We are very pleased that you were satisfied with our hotel and the overall quality of our service.
Your interest and valuable feedback are very important to us.
We would be happy to welcome you again.

Sincerely,
Irina Özkökdemir
Customer Relations Management
Megasaray Hotels",5 reviews · 1 photo,Ci9DQUlRQUNvZENodHljRjlvT21WSVlYVXpNMGxVUkc1SmVYUjFibTVMYnpoZlZtYxAB
Yoanna Tratata,5.0,"A fantastic place, with a wide variety of food, great activities (water exercises, e.g., bikes, mats, and step) and entertainment (daily mini disco for children, and during our stay, there was a fantastic dance performance by African-American dancers). A lovely stay, I highly recommend it.",Edited 3 months ago,2026-05-06,,"Dear Guest,

Thank you very much for your kind feedback.
We are delighted to hear that you enjoyed the variety of food, the daily activities, and the entertainment programs for both adults and children. It is wonderful to know that you had a pleasant stay and appreciated the overall atmosphere of our hotel.

Thank you for your recommendation, and we look forward to welcoming you again.

Kind regards,
Irina Özkökdemir
Customer Relations Management
Megasaray Hotels",Local Guide · 14 reviews · 19 photos,ChdDSUhNMG9nS0VJQ0FnSUNud3VMUDRnRRAB
richard tunney,5.0,The hotel has given me a beautiful stay alongside Medat and all the team which have been amazing,Edited 3 months ago,2026-05-06,,"Dear Guest,

Thank you for sharing your evaluation with us. Your feedback is important to us and helps us continuously improve our service quality.

We would be happy to welcome you again at our hotel.

Kind regards,
Irina Özkökdemir
Customer Relations Management
Megasaray Hotels",Local Guide · 13 reviews · 2 photos,Ci9DQUlRQUNvZENodHljRjlvT2sxaVlXY3RSMVpmU1RoalUxRTRjREZWUm5odGFHYxAB
sinem şahin,5.0,They have very friendly and attentive staff. It's a warm and welcoming atmosphere; you never feel like a stranger. Many thanks to the staff and everyone involved in making this a wonderful holiday. They even insisted that we join them for lunch if we weren't in a hurry. Wishing you all the best!,3 months ago,2026-05-06,,"Dear Guest,

Thank you for sharing your detailed feedback.

We are pleased that you were satisfied with our team's friendly, attentive, and sincere approach, and that you felt comfortable and at ease during your stay. Your positive experience during your holiday provides significant motivation for our continuous efforts to improve the quality of our services.

We look forward to welcoming you again.

Sincerely,
Irina Özkökdemir
Customer Relations Management
Megasaray Hotels",Local Guide · 30 reviews · 24 photos,Ci9DQUlRQUNvZENodHljRjlvT2kxbmVHNXRUVWRNV0ZSNWVubzJYMVJTVTI4dFdHYxAB
김먜,5.0,"I stayed for 2 nights and 3 days, and the service was great and the food was delicious! The ocean is right in front, so the atmosphere is nice and it's great for swimming! However... the swimming pool is deep, with a depth of 145cm to 150cm!",3 months ago,2026-05-06,,"Dear Guest,

Thank you very much for your kind feedback. We are pleased to hear that you enjoyed your stay, appreciated our service and food, and liked the seaside location and overall atmosphere of the hotel. We also appreciate your helpful remark regarding the pool depth, which has been noted. We would be happy to welcome you again at Megasaray Hotels.

Warm regards,
Ayla Akbarova
Customer Relations Management
Megasaray Hotels",Local Guide · 7 reviews · 41 photos,Ci9DQUlRQUNvZENodHljRjlvT2pOd0xVTTVUMGxRU0ZZeVNYUk9PVUoyUkZsVU5tYxAB
RestorFX_Cheboksary Evgeny Mitrofanov,5.0,,3 months ago,2026-05-06,,"Dear Guest,

Thank you for sharing your evaluation with us. Your feedback is important to us and helps us continuously improve our service quality.

We would be happy to welcome you again at our hotel.

Kind regards,
Irina Özkökdemir
Customer Relations Management
Megasaray Hotels",3 reviews · 5 photos,Ci9DQUlRQUNvZENodHljRjlvT2xaS0xXVktjblpNWDFCT1JGcE9YM2xUTFMxdlVFRRAB
Hakan Türk,5.0,"Simply perfect... Absolutely a must-visit hotel, 10 out of 10 for location, service and rooms. Especially the animation team; if you're feeling down, come and forget all your problems with the lively entertainment. I especially want to thank Mr. Enmanuel, whom I've met a few days ago, for his sincere and friendly demeanor.",3 months ago,2026-05-06,,"Dear Guest,

Thank you for your kind feedback. We are very pleased that you were satisfied with our hotel and shared your positive thoughts about the location, service, rooms, and our animation team.

We would be delighted to welcome you back to our hotel.

Sincerely,
Irina Özkökdemir
Customer Relations Management
Megasaray Hotels",2 reviews,Ci9DQUlRQUNvZENodHljRjlvT2xKRVN6ZHlRa2RLVjJaV2JtOVdObTh5ZEVNMlUyYxAB
ulaş aydın,5.0,"The hotel's location was truly advantageous; we had no difficulty with transportation. The food was both delicious and quite varied, especially the buffet, which exceeded our expectations.

The staff were very attentive and friendly. The animation team deserves special mention; they were both very energetic and had excellent communication skills with the guests. Their foreign language proficiency was also a great advantage.

The evening quizzes, karaoke, and live music events made our holiday even more enjoyable. The mini disco organized for children was also a very nice touch for families.

Overall, we were very satisfied with the price-performance ratio. I think it's a hotel that can easily be chosen, especially for those planning a holiday during the winter season.",3 months ago,2026-05-06,,"Dear Guest,

Thank you for your kind feedback. We are pleased that you were satisfied with our hotel's location, our food, the attentiveness of our staff, and the services provided by our animation team.

We would be delighted to welcome you back to our hotel.

Sincerely,
Irina Özkökdemir
Customer Relations Management
Megasaray Hotels",3 reviews,Ci9DQUlRQUNvZENodHljRjlvT2xOcmJXcDBjbmd3UjNwRFUwNVBNbEJxWmxOb1dGRRAB
Ольга Митрофанова,5.0,"Nice hotel, wonderful staff. Excellent work of the animation team.",3 months ago,2026-05-06,,"Dear guest,

Thank you for your pleasant review. We are very pleased that you were satisfied with the hotel, the staff, and the entertainment team.

We look forward to welcoming you back to our hotel.

Sincerely,
Irina Özkökdemir
Customer Relations Management
Megasaray Hotels",1 review · 5 photos,Ci9DQUlRQUNvZENodHljRjlvT2s1TlNsZEVXV0owVFdKbmQyOUJOVXR4VFZGM01tYxAB
Döne Güllü,5.0,"We would like to thank this hotel, which we visit regularly, especially for their warm welcome. Many thanks to Derviş Bey, Aydın Bey, and Ali Bey 😇",3 months ago,2026-05-06,,"Dear Guest,

Thank you for your kind feedback. We are very pleased that you enjoyed your stay at our hotel and appreciated the friendly service of our team.

We would be delighted to welcome you back to our hotel.

Sincerely,
Irina Özkökdemir
Customer Relations Management
Megasaray Hotels",4 reviews · 1 photo,Ci9DQUlRQUNvZENodHljRjlvT201clZtZFFVVkZFTVMxblYyZGtOMnBTUXpnNFgzYxAB
Vladislav,,"Great, delicious food, imported drinks.
-",3 months ago,2026-05-06,,,,ChdDSUhNMG9nS0VOM0tyT1c4eHV5b3NBRRAB
Vladislav,,"Great, delicious food, imported drinks.
-",3 months ago,2026-05-06,,,,ChdDSUhNMG9nS0VQbTJob2ladmZhVHRnRRAB
Sedat Yalaz,5.0,"We were very pleased with the hotel. Everything about our holiday was wonderful. The staff were attentive, and the location was excellent. The food variety was sufficient. Selim, one of the staff members, was very helpful and friendly. Looking forward to seeing you again...",3 months ago,2026-05-06,,"Dear Guest,

Thank you for your kind feedback. We are very pleased that you enjoyed your holiday and that you had positive thoughts about the attentiveness of our staff, our location, and the variety of our food.

We would be delighted to welcome you back to our hotel.

Sincerely,
Irina Özkökdemir
Customer Relations Management
Megasaray Hotels",13 reviews,Ci9DQUlRQUNvZENodHljRjlvT2xKNFRIbEljMUJMZWtobVEwUndRbUZSWkRaMFVXYxAB
Zafer Colakoglu,5.0,,3 months ago,2026-05-06,,"Dear Guest,

Thank you for sharing your feedback with us. Your opinions are important to us and contribute to improving our service quality.

We would be delighted to welcome you back to our hotel.

Sincerely,
Irina Özkökdemir
Customer Relations Management
Megasaray Hotels",Local Guide · 81 reviews · 23 photos,Ci9DQUlRQUNvZENodHljRjlvT205NFZIbzBRMkkyTm5GVmRtaGtSRXBtUzJaclNuYxAB
Oleg Bakunin,5.0,"The main advantage is the location. The city is on one side, and the sea is on the other. Ataturk Boulevard is five minutes away, with bus stops in all directions (there's a direct route to the airport, the 400).
The second positive is the service. It's unobtrusive yet sufficient. We didn't experience any discomfort during our week.
The food and drinks aren't luxurious, but for the low price, they offer a variety of food and imported alcohol. We also really liked the burgers at the hotel's street cafe – we've never had such delicious burgers at any fast food place.
The grounds are small, but there's a gorgeous promenade here, so why stay in the hotel?
The rooms are certainly not new, to put it mildly, but as with the previous point, we didn't come to stay in the hotel, and they have everything we needed. Even the minibar is fine. The only thing is, they changed our room keys three times during the week. The view of the city/mountains is also gorgeous; we didn't see the point in overpaying for a sea view. What could be improved is adding flags to the staff's badges to indicate their language. There were a couple of situations where people tried to communicate with Russian-speaking staff in English or Turkish, which was funny. The badges themselves could be larger, as it's hard to see. It would also be a good idea to replace the outlets in the rooms—some weren't working, but they didn't report it and used the ones they had.
The internet in the hotel is decent everywhere. But there are plenty of places in the city with 5G, and the speed is ten times faster in the hotel itself. Get an e-SIM with internet.",3 months ago,2026-05-06,,"Dear guest,

Thank you for such a detailed and constructive review. We are very pleased that you highly appreciated the hotel's location, service level, food, beverage quality, and internet connection.

We also appreciate your comments and suggestions for improvement. All your comments have been forwarded to the responsible departments for review and further improvement.

We look forward to welcoming you back to our hotel.

Sincerely,
Irina Özkökdemir
Customer Relations Management
Megasaray Hotels",Local Guide · 127 reviews · 117 photos,Ci9DQUlRQUNvZENodHljRjlvT2xjMFNISmliamh6ZDNJeVJISjJVMGxsWDBkVGNsRRAB
Furkan,5.0,"The service was excellent, they took great care of the guests, especially Mr. Mahmut, he was exceptionally friendly and attentive. Thank you.",3 months ago,2026-05-06,,"Dear Guest,

Thank you for your kind feedback. We are very pleased that you were satisfied … More",1 review,Ci9DQUlRQUNvZENodHljRjlvT2xacmVpMW9SMnhFUmtSc2NsWkhaVkU0VGxoM1ZFRRAB
Sertan Sab,5.0,The friendliness and attention at the hotel were superb; we were very pleased.,3 months ago,2026-05-06,,"Dear Guest,

Thank you for your kind feedback. We are very pleased that you were satisfied … More",3 reviews,Ci9DQUlRQUNvZENodHljRjlvT2paelUyZHFhR2hUVVdwR2R6UnBhRlkxVW1sWlVYYxAB
Koray AYDIN,4.0,,3 months ago,2026-05-06,,"Dear Guest,

Thank you for sharing your feedback with us. Your opinions are important to us … More",Local Guide · 39 reviews · 12 photos,Ci9DQUlRQUNvZENodHljRjlvT21vMlEydzBiemg2TkZFMWRGVnBTM0JoVVhSRVpWRRAB
grkmkck,5.0,"Everything was 10/10, we were very well received. We would like to thank all the staff and management team, and especially the animator Mahmut Bey for his attention and energy. Suha Güven MTL High School.",3 months ago,2026-05-06,,"Dear Guest,
Thank you for your kind feedback. We are very pleased that you enjoyed your stay and appreciated the attention of our team. … More",1 review,Ci9DQUlRQUNvZENodHljRjlvT2xWT0xWOW9YM1oxUkMxcFpuVlpTWFJxVVVsMVdsRRAB
Kadir HANYA,5.0,"As university students, we participated in the YOREX ​​fair, everything was great, we were very pleased. A special thank you to the animator, Mr. Mahmut, he was very friendly and energetic 😅❤️🙏🏻 …",3 months ago,2026-05-06,,"Dear Guest,

We are very pleased that you enjoyed your stay. Thank you for your kind … More",4 reviews · 1 photo,Ci9DQUlRQUNvZENodHljRjlvT2xCRGVXMW9SMFJUZFZwM1prdDBVUzE2U0VaVWIyYxAB
Berat Çavdar,5.0,,3 months ago,2026-05-06,,"Dear Guest,

Thank you for sharing your feedback with us. Your opinions are important to us … More",2 reviews,Ci9DQUlRQUNvZENodHljRjlvT2tkUGRUUlBXbkUzZEZWcmEwUk9abVYyVDJsTmQxRRAB
mel sav,5.0,This is our first time at Megasaray. All the staff are very friendly and attentive. We especially thank Ms. Sara from the bar team for her attentiveness. The food was delicious and varied. The animation team's evening programs were wonderful. The animators were very entertaining. A special thank you to Ms. Ilayda from the animation team. My brother had a lot of fun at the mini-club; Ms. Julia at the mini-club did a great job with face painting and spoke excellent Turkish. The sports activities were enjoyable. Thank you for everything.,3 months ago,2026-05-06,,"Dear Guest,

We are delighted that you enjoyed your first stay at our hotel. Thank you for your kind feedback regarding the attentiveness of our staff, the delicious and varied food, our animation programs, and the mini-club activities. We are very happy to have contributed to your enjoyable family vacation.

We look forward to welcoming you back to our hotel.

Sincerely,
Irina Özkökdemir
Customer Relations Management
Megasaray Hotels",2 reviews,Ci9DQUlRQUNvZENodHljRjlvT25ORFJtUnVVVWN5VmtwQmFXTm1XRlZNUzBwdldIYxAB
Aziz Sami K.,5.0,"This is our third visit, and it's a hotel we love as a family; we enjoy spending peaceful time there. The rooms are spacious and clean, and the food is quite good. There's a noticeable improvement in the animation team compared to previous years, especially Mahmut, who managed the darts game and made sure we had a very enjoyable time.",3 months ago,2026-05-06,,"Dear Guest,

Thank you very much for choosing our hotel again and for sharing your wonderful … More",Local Guide · 16 reviews · 22 photos,Ci9DQUlRQUNvZENodHljRjlvT21aYVRUQnRjREU0ZEVrMGJtc3lPVGxTTWxSa1RWRRAB
Ірина Вірченко,5.0,"This is not the first time we have stayed with our family at this hotel. We have been in season and out of season. The incredible atmosphere created by the workers and vacationers. A great international contingent. Playing darts is a special passion!!! The animators are great, the kids' club is incredible - the child spent 3 hours without a tablet and in the evening he still wanted one.
The food and drinks are great.
I recommend, I recommend and I recommend again!!!🤌🤌🤌",3 months ago,2026-05-06,,"Dear Ms. Irina,

Thank you very much for such a warm review and for choosing our hotel for your family vacation again.

We are extremely pleased that you appreciate the atmosphere, the work of our team, the animation and the kids club. We are especially glad that your child enjoys spending time with us. We also thank you for mentioning our cuisine and drinks.

Your recommendations are the best motivation for us!

We look forward to meeting you again.

Best regards,
Irina Özkökdemir
Customer Relations Management
Megasaray Hotels",2 reviews,Ci9DQUlRQUNvZENodHljRjlvT2s4eVVUaHBjM2hpVmxCUU4xSk1aVlZTY0RWS00yYxAB
D K,3.0,"We ended our stay at this hotel with very mixed feelings.

The positives first:

Location & View: The location is simply phenomenal. The view of the sea is exactly what you imagine a dream vacation to be.

Service: A big compliment to the entire team. The friendliness and helpfulness of the staff are outstanding and ensure that you feel well taken care of despite the shortcomings.

Culinary: For an all-inclusive concept, the food is of a very high standard. It is varied, fresh, and truly delicious – there is absolutely nothing to criticize here.

The decisive drawback – The Rooms:
As positive as the rest of the hotel is, the condition of our room was disappointing. To say that the building is ""showing its age"" would be an understatement. The furnishings are massively worn, the furniture looks damaged, and the entire ambiance is far from what is internationally understood as a 5-star standard.

It's truly a shame to see that no investment has been made here for a long time. In this price range, a well-maintained, contemporary interior isn't a bonus, but a basic requirement. I've rarely experienced such a glaring discrepancy between the quality of the staff and the poor condition of the building.

In conclusion: If you can overlook a worn-out room, you'll have a good time here thanks to the location and the great team. However, if you're looking for true 5-star luxury, you should wait until the urgently needed renovations have been completed. Currently, the price-performance ratio is unfortunately not acceptable due to the poor quality of the rooms.",3 months ago,2026-05-06,,"Dear Guest,

Thank you for your detailed and constructive feedback. We are delighted that you rated our location, sea view, service quality, the hospitality of our team, and our culinary offerings positively. Your comments regarding the condition of the rooms have been carefully reviewed and forwarded to the relevant departments as part of our planned renovation and improvement efforts. We would also like to emphasize that our work to further enhance comfort and meet our guests' expectations is continuing as planned. We would be pleased to welcome you and your family back again soon.

Sincerely,

Ayla Akbarova
Customer Relations Management
Megasaray Hotels","Local Guide · 1,268 reviews · 16,194 photos",Ci9DQUlRQUNvZENodHljRjlvT25FeE9VeHlZVGN0U1Vsc1NGZzNZVWgzYmpOTlduYxAB
Denis De,5.0,"I'm so happy! 😊 Everything was top-notch, just wonderful. A great experience, highly recommended! ✨👍
I recommend getting a room with a sea view. …",3 months ago,2026-05-06,,"Dear Denis,

Thank you so much for your high rating and kind words! We are delighted that you … More",Local Guide · 35 reviews · 7 photos,Ci9DQUlRQUNvZENodHljRjlvT2toclJFOXZjRzFKVGtkeVdtTlphbWRzUTNZMlVtYxAB
Sayed Taheri,5.0,"We would like to express our sincere gratitude for the wonderful stay. We would especially like to commend the kids' club and the animation team.

The staff are incredibly friendly, attentive, and lovingly caring for the children. It's immediately apparent that they perform their work with great passion and professionalism. Communication is open and warm, fostering trust with both the children and the parents.

The activities offered are varied, creative, and promote the children's development in a playful way. Crafts, games, and group activities are well-organized and thoroughly enjoyed by the children.

The organization of the kids' club is of a very high standard – everything runs smoothly and safely, while maintaining a relaxed and positive atmosphere.

Our child was thrilled and happily spent every day at the kids' club. Thank you so much for the excellent care and the unforgettable moments!",3 months ago,2026-05-06,,"Dear Mr. Taheri,

Thank you so much for your wonderful review and kind words about our kids' club and the animation team.

We are delighted that your child felt so comfortable with us and enjoyed the childcare and activities. We will gladly pass on your praise to our team.

We would be pleased to welcome you back again soon.

Sincerely,

Irina Özkökdemir
Customer Relations Management
Megasaray Hotels",10 reviews,Ci9DQUlRQUNvZENodHljRjlvT2tsTFNHSllUVlJxVTFWeGJGZGZOMXB6VlRSMFNtYxAB
ömer çip,5.0,"The location was excellent and easily accessible. The food was delicious and varied, and the cleanliness was excellent in both the rooms and common areas. Overall, the hotel offered a very enjoyable experience. The evening shows and live music performances were very entertaining, and the DJ performances added extra energy to our holiday. The daytime activities and games were organized to appeal to all ages, and the music throughout the day made the atmosphere even more enjoyable. The animation team was very successful in terms of both language skills and their approach to guests; their friendly and sincere attitude made our holiday even better. The sports activities were also sufficient and fun. The mini-club section was especially good for children; the activities specifically for the 4-7 age group were both educational and fun. The fact that the mini-club animators could communicate in different languages ​​was a great advantage. The playground and park were clean, safe, and adequate. Overall, the animation team was energetic and professional, we were very satisfied, and it is a hotel we would choose again.",3 months ago,2026-05-06,,"Dear Mr. Ömer,

Thank you for your detailed and valuable feedback. We are pleased that you were satisfied with our location, food variety, cleanliness standards, animation activities, sports facilities, and services for children.

We would be happy to welcome you and your family again.

Sincerely,
Ayla Akbarova
Customer Relations Management
Megasaray Hotels",9 reviews,Ci9DQUlRQUNvZENodHljRjlvT2tsWk9VcDZXa2h5YkVWNmEyaEpWR1JKV2tsZmJHYxAB
Эльмира Исмаилова,5.0,"What a wonderful place!
I absolutely loved everything!
I stayed with my grandmother.
The staff was very friendly, always smiling, attentive, and kind!
I was delighted. I'd like to especially mention the guest services manager, Elmira, who's always there to help, explain, and show me around. A huge thank you to her.
I'd also like to mention Ali, photographer Emirkhan, Aigerim, and Efe—a huge thank you to them, they were so attentive to my grandmother, never neglected her, and always came to her aid.
I wish this hotel prosperity, and I hope to come back someday!
Thank you again for such a wonderful vacation ❤️😍",3 months ago,2026-05-06,,"Dear Elmira,

Thank you for such a warm and detailed review. We are so glad that you had a wonderful vacation with your grandmother and that you were pleased with the atmosphere, the attentive staff, and the level of service.

Your kind words are greatly appreciated. We look forward to welcoming you back to our hotel.

Sincerely,
Irina Özkökdemir
Customer Relations Management
Megasaray Hotels",1 review,Ci9DQUlRQUNvZENodHljRjlvT2pkcGVVaDBkbWRUVERSdWFrZDZUazh3YUdGRWJVRRAB
Aleksandr Vagin,5.0,"Very good children entertainment 23 April! I was really surprised food, entertainment and crew ❤️🙌 …",3 months ago,2026-05-06,,"Dear Mr. Aleksandr Vagin,
Thank you very much for your kind feedback. We are delighted to hear that you enjoyed the children’s entertainment, as well as the food and our team’s service … More",3 reviews · 1 photo,Ci9DQUlRQUNvZENodHljRjlvT205aVVHTXhUMUZtTkZkcVNXeElOR3cxU0VGaU1rRRAB
Gül Cankurtaran,5.0,"We requested assistance from receptionist Ali Ilgen regarding a matter, and we sincerely thank him for his exceptional performance and unwavering support. We wish him continued success. (We witnessed him working alongside 5 employees. He is a qualified, successful, and accomplished individual.)",3 months ago,2026-05-06,,"Dear Guest,

Thank you for your kind feedback. We are very pleased that you were satisfied … More",Local Guide · 2 reviews · 49 photos,Ci9DQUlRQUNvZENodHljRjlvT2xoWlJUaHVjVEZzWTFsM1ZEVk9Tbmw0WVdOblkzYxAB
Boran Uysal,1.0,,3 months ago,2026-05-06,,"Dear Guest,

We were unable to find any accommodation details for a guest named *Boran Uysal* … More",Local Guide · 6 reviews · 4 photos,Ci9DQUlRQUNvZENodHljRjlvT2xKeVowTmhUbXhpWVdKRFlXOWtTWGwwYjFsMmEyYxAB
Yelena,4.0,"We stayed at Hotel Megasary over the Easter holidays and opted for the all-inclusive package. What truly deserves 5 stars is the size of the room and the fact that we got two large separate beds. The food at the hotel was also excellent, as were the cocktails at the bar. The location is great as well—just a few steps from the beach and a lovely promenade. If you want to go into town, you can take a bus that’s about a 10-minute walk from the hotel and costs €1.

What I didn’t like, considering the hotel is advertised as a 5-star property, was the way guests are treated. On our first day, we arrived after midnight, and during check-in the gentleman didn’t offer us anything to drink or ask if we needed anything. A few days later, I noticed that during the day they do prepare welcome drinks for guests. There was also no lunch package waiting for us in the room, even though we arrived at 2:30 a.m. and missed almost the entire first day.

At check-out, the lady didn’t ask anything or thank us—she just said, “it’s fine.” The bathroom in the room would barely qualify for 3 stars, and in six days the housekeeper didn’t dust even once. I might not have noticed, but the furniture is dark wood, so everything shows. The housekeeping seemed limited to making the bed and emptying the trash. On the other hand, the gentleman who refilled the minibar in the afternoon was exceptionally kind and friendly.

The restaurant staff seemed either disorganized or understaffed—I’m not sure which, but something isn’t working there.

All in all, I would definitely recommend the hotel, but don’t expect a true 5-star experience.",3 months ago,2026-05-06,,"Dear Guest,

Thank you for your detailed feedback. We are pleased to hear that you appreciated the room size, food quality, cocktails, and our location, while the points you have mentioned regarding check-in, check-out, housekeeping, and restaurant service have been shared with the relevant departments for further review and improvement.

We would be pleased to welcome you again at our hotel.

Best regards,
Ayla Akbarova
Customer Relations Management
Megasaray Hotels","Local Guide · 356 reviews · 1,477 photos",Ci9DQUlRQUNvZENodHljRjlvT2pOdmFqaFFZbXQ1ZG1oemNHTnVSblpmT1dwVFJXYxAB
Deniz Bal,5.0,"It's a very beautiful hotel, we loved it, Dervis Avi Bizi Cok Yardim Etti Hoteli Tanitti, I highly recommend it, the food and the view are incredible, don't forget to mention Dervis's first name in your comments.",3 months ago,2026-05-06,,"Dear Guest,

Thank you for your kind feedback. We are pleased to hear that you enjoyed your … More",2 reviews,Ci9DQUlRQUNvZENodHljRjlvT2tKcWJXNW5aa05CWkRCZmRVUjJibEZJY1hBNE1HYxAB
niniiss,5.0,"Everything at the hotel exceeded our expectations during our stay. The evening shows and live music performances were incredibly enjoyable. The DJ performances truly enlivened the atmosphere with their energy; every evening was a different kind of fun.

The daytime activities and games were quite varied and fun. Thanks to the music playing throughout the day, there was a great atmosphere in every corner of the hotel. The animation team was extremely professional, both in terms of language skills and their approach to guests. Each one was smiling, attentive, and energetic; you truly feel special.

The sports activities were also very satisfying. There were great options for those who wanted a fun and active holiday.

The mini-club deserves special praise. The activities prepared for the 4-7 age group were both educational and fun. The mini-club animators were very successful in communicating with children and their language skills were excellent. The playground and park were safe, clean, and designed for children to enjoy themselves.

Overall, every detail of the hotel has been carefully considered. It offers a full, fun, and high-quality holiday experience for both adults and children. This is definitely a hotel we would choose to stay at and would wholeheartedly recommend to everyone.",3 months ago,2026-05-06,,"Dear Guest,

Thank you for sharing your detailed and valuable feedback. We are pleased that you enjoyed your holiday with our evening shows, live music performances, DJ events, daytime activities, and sports programs. We also appreciate that our animation team and mini-club services met your expectations.

We would be delighted to welcome you and your family again.

Sincerely,
Ayla Akbarova
Customer Relations Management
Megasaray Hotels",1 review,Ci9DQUlRQUNvZENodHljRjlvT2pKdFpHSnNlRlJVUldOMlVrTTRhWFZ0ZFVKcFFYYxAB
Cristiano Mariani,5.0,"I stayed there for two weeks. At the beginning, I experienced some issues with the room. However, after I contacted the hotel, the Guest Relations Manager—whose name I believe is Ali—personally came to assist me and offered his full support. From that point on, I did not encounter any further problems during my stay. I would also like to give a special mention to the porters, who were consistently helpful and attentive.",3 months ago,2026-05-06,,"Dear Guest,

Thank you for your feedback and for taking the time to share your experience. We are pleased to hear that the initial issue with your room was resolved promptly by our Guest Relations team and that the remainder of your stay was comfortable.

We would be pleased to welcome you again at our hotel.

Best regards,
Ayla Akbarova
Customer Relations Management
Megasaray Hotels",Local Guide · 75 reviews · 1 photo,Ci9DQUlRQUNvZENodHljRjlvT2s5RFdXZERWM1kwVWkxNlREUndTSFJ2VkU5V2ExRRAB
220ceylank,5.0,"We had a fantastic holiday at Megasaray Westbeach Antalya. The hotel is beautifully situated and very well maintained. The food is truly top-quality, with plenty of variety and something new every day. The service is excellent; the staff is …",3 months ago,2026-05-06,,,,ChdDSUhNMG9nS0VMclptZHlucHNTUHR3RRAB
Ceylan Karapinar,5.0,"“We had a fantastic holiday at Megasaray Westbeach. The hotel is beautifully situated and very well maintained. The food is truly top-quality, with a lot of variety and something new every day.

The service is excellent; the staff is friendly, helpful, and always smiling. In particular, we would like to thank Leoni and Derviş for their amazing dedication and hospitality.

Also, a special thank you to animator Mahmut and his team. They kept us and especially the children in the kids' club incredibly entertained. The children enjoyed themselves immensely!

The rooms are also clean and comfortable, and the facilities are more than adequate for both children and adults.

In short: highly recommended! We will definitely be back again.”",3 months ago,2026-05-06,,"Dear Guest,

Thank you for your kind and detailed feedback. We are delighted to hear that you had a fantastic holiday and appreciated our location, food quality, service, and the comfort of our rooms, as well as the activities for both adults and children.

We would be pleased to welcome you again at our hotel.

Best regards,
Ayla Akbarova
Customer Relations Management
Megasaray Hotels",3 reviews · 2 photos,Ci9DQUlRQUNvZENodHljRjlvT25WdldXdzFTWGRzU1hwWlZpMVRWVE5xY3psYWNuYxAB
Serkan Sarıkaya,5.0,"Our bartenders, Mr. Baran and Ms. Tuğçe, were very kind and polite. We were treated very well for 3 days.
I would like to express my thanks to all the staff and wish them continued success.",3 months ago,2026-05-06,,"Dear Guest Serkan Sarıkaya,

Thank you for your valuable feedback. We are very pleased that you were … More",1 review,Ci9DQUlRQUNvZENodHljRjlvT21aRVYzZDVRamRITTBwNkxURkJPRmd5TWxCa1ZsRRAB
Tom Versmessen,4.0,"A couple remarks:
Found our room open after the room was cleaned
The bath/shower didn't have a stop, so no possibility to take a bath
Arrived for a honeymoon, and found 2 seperate beds in our room (yes, I did mention it on the booking)
Staff very friendly and helpful
Kitchen is 5*",3 months ago,2026-05-06,,"Dear Mr. Tom Versmessen,

Thank you very much for sharing your feedback with us.
We are glad to hear that you found our staff friendly and helpful and that you were especially satisfied with our kitchen.
At the same time, we sincerely appreciate you highlighting the points regarding your room experience. Please be assured that your comments about room preparation and maintenance have been shared with the relevant departments for immediate review and improvement.

We hope to have the opportunity to welcome you again for a more seamless stay.

Kind regards,
Irina Özkökdemir
Customer Relations Management
Megasaray Hotels",Local Guide · 57 reviews · 56 photos,Ci9DQUlRQUNvZENodHljRjlvT200d05YcEdTVkpYY1RGNWNWaGZkbk54ZEdObFYzYxAB
Umit Alkan,5.0,The hotel is really excellent. This is my second visit and they've improved the service even more. Mr. Aydın at the reception was very helpful regarding our rooms. I especially thank him.,3 months ago,2026-05-06,,"Dear Mr. Ümit,

Thank you for sharing your valuable feedback. We are pleased that you were … More",1 review,Ci9DQUlRQUNvZENodHljRjlvT25sc1JrcFVRMkpRVTAxQ1lUWkRhRTlxUlVoeU5XYxAB
Zahir Esa,4.0,Nice hotel. Very clean with very good service and good food served all the time until late at night. Nice long walk beach in front of the hotel. Staff is very helpful especially Ali who speaks Arabic who helped us with all the tips where to shop everything you need. Exchange money. Arrange taxi. Interpret for us for hotel staff. He is a good resource to the hotel for Arabic speaking gestures I think,3 months ago,2026-05-06,,"Dear Zahir Esa,

Thank you very much for your kind feedback. We are delighted to hear that you appreciated the cleanliness of the hotel, the quality of service, and the variety of food available throughout the day.

It is also great to know that you enjoyed the beachfront promenade and found our team helpful during your stay.

We truly appreciate your comments and look forward to welcoming you again.

Kind regards,
Irina Özkökdemir
Customer Relations Management
Megasaray Hotels",5 reviews,Ci9DQUlRQUNvZENodHljRjlvT20xS0xXSlJVRVJUTm1ad2FXOUtRVFZJUWsxUlRYYxAB
korhan öztekin,5.0,"Bartender Osman Bey took great care of us, the cocktails were amazing, he was very friendly and really loves his job. He's a great member of the hotel staff, we thank him very much.",3 months ago,2026-05-06,,"Dear Guest Korhan Öztekin,

Thank you for your valuable feedback. We are pleased that you were satisfied … More",1 review,Ci9DQUlRQUNvZENodHljRjlvT25wSlpFcGxZV0ZCWmxSWE5FMVlXazlvZG5CbWNVRRAB
Laura Lamptey,5.0,"We just came to megasaray for first time. To honest we will definitely come back. All food were very tasty specially Turkish foods. And the cocktails very very delicious and tasty. The entertainment program live musics was good and the quiz was very fun. All animations are very friendly and funny. See you next time megasaray!
Special thanks to Ilayda in the entertainment team!",3 months ago,2026-05-06,,"Dear Mrs. Laura Lamptey,

Thank you very much for your wonderful feedback. We are delighted to hear that you enjoyed your first stay with us and that you plan to return again.

It is great to know that you appreciated the variety and quality of our food, especially Turkish cuisine, as well as our cocktails and entertainment program. We are also pleased that you enjoyed the live music, quiz night, and the friendliness of our animation team.

We truly appreciate your special mention of our team and look forward to welcoming you again for another great stay.

Kind regards,
Irina Özkökdemir
Customer Relations Management
Megasaray Hotels",7 reviews · 1 photo,Ci9DQUlRQUNvZENodHljRjlvT25nNFNGWnNZMjh3V1U5Qk1GZE1kV1JJVWxGcWNIYxAB
Winnisa Thanamonpaisaan,5.0,"The service is amazing , all the staffs are very nice . Activities are for everyone , mini disco and kids club for the kids . For the adult there are live musics , quiz nights( which I loved ) . Especially the entertainment activities staffs are very fun .
Location is on point, such a long beulevard and you can go anywhere from here .
Food is nice and every can find something they like . The room are decent, housekeeping staffs are sweet .
We will be back !!!! Amazing experience.",3 months ago,2026-05-06,,"Dear Mrs. Winnisa Thanamonpaisaan,

Thank you very much for your wonderful feedback. We are delighted to hear that you enjoyed your stay and appreciated our friendly team, wide range of activities, and entertainment program for both adults and children.

It is also great to know that you were satisfied with the location, food variety, and housekeeping service.

We truly appreciate your kind words and look forward to welcoming you again for another amazing experience.

Kind regards,
Irina Özkökdemir
Customer Relations Management
Megasaray Hotels",4 reviews,Ci9DQUlRQUNvZENodHljRjlvT2tWWFRHdHdZMVpaY3pOaVpqTmtURkptT0ROblgwRRAB
Wipaporn Morawong,5.0,My sister and I came to Megasaray and it was fantastic especially the entertainment teams. They have so many activities which we attended. We particularly enjoyed the quiz night and live music. They have so many activities both days and night for everyone. There is a kid club which will be good for the parents as they can entertain the kids for them. The entertainment teams speak very good English and they speak a few languages too. Overall we enjoyed our stay very much and will recommend to anyone.,3 months ago,2026-05-06,,"Dear Mr. Wipaporn Morawong,

Thank you very much for your wonderful feedback. We are delighted to hear that you and your sister had a fantastic stay and especially enjoyed our entertainment program and activities.

It is also great to know that you appreciated the quiz night, live music, and the variety of activities available throughout the day and evening. Your kind words about our team’s communication skills are truly appreciated.

We are glad you enjoyed your stay and thank you for your recommendation. We look forward to welcoming you again.

Kind regards,
Irina Özkökdemir
Customer Relations Management
Megasaray Hotels",5 reviews · 6 photos,Ci9DQUlRQUNvZENodHljRjlvT25KWFdtRnhjMDAxWDFKSFlrTTNUMW93WW01VFdtYxAB
Abdullah Aktepe,5.0,Beautiful hotel,3 months ago,2026-05-06,,"Dear Guest Mr. Abdullah,

Thank you for sharing your feedback. We are pleased that you enjoyed your stay. … More",Local Guide · 23 reviews · 8 photos,Ci9DQUlRQUNvZENodHljRjlvT2xscU1reFVkbkEyYTA0MFVWSmpTMFZYYldOTGVYYxAB
Ferhat Badem,5.0,"This was our second visit to Megasaray, and we loved it so much on our first visit that we were equally pleased. The food was varied and delicious. The cocktails and alcoholic drinks were equally good. The animation activities were very enjoyable. The sports activities and evening programs were very entertaining. The animators were very hospitable and fun. We will definitely come again.",3 months ago,2026-05-06,,"Dear Mr. Ferhat,

We are pleased that you have chosen our hotel for a second time and that you have expressed your satisfaction with both of your stays; we would also like to thank you for enjoying the variety of food, drinks, animation, and sports activities.
We would be happy to welcome you and your family again.

Sincerely,
Ayla Akbarova
Customer Relations Management
Megasaray Hotels",1 review,Ci9DQUlRQUNvZENodHljRjlvT2tJeVdqSndlSHBXZWpaQ2VVY3lXV3BYYTBsT1pGRRAB
Mehmet Yesil,5.0,"The hotel's central location, the variety and deliciousness of the food, and the friendliness of the staff were fantastic. We were very pleased with the energy and approach of the animation team towards the guests. We participated in morning sports activities such as darts, Aqua Gym, and step aerobics, and the evening activities, including live music, quizzes, and karaoke, were very enjoyable.",3 months ago,2026-05-06,,"Dear Guest Mehmet Yeşil,

Thank you for your valuable feedback. We are pleased that you were satisfied with our hotel's location, our food, and the friendly service of our staff.

We were also pleased that you participated in our animation team's morning and evening activities and had a pleasant time.

We would be delighted to welcome you again.

Sincerely,
Irina Özkökdemir
Customer Relations Management
Megasaray Hotels",4 reviews,Ci9DQUlRQUNvZENodHljRjlvT2s5dmNtMVFRbTQ1Tm1aWWNWcEZiM2hhYURFeVIxRRAB
Sadaq 50,5.0,We came to megasaray with my friends for first time. And we really enjoyed. The foods was amazing and we had a lot of train in fitness. And ebtertainment program was very enjoyable. The sport activities is very fun. All animators are very friendly anf espacially ilayda she’s speaking english very good. We will definetly come again.,3 months ago,2026-05-06,,"Dear Guest,

Thank you very much for your kind feedback. We are delighted to hear that you … More",5 reviews,Ci9DQUlRQUNvZENodHljRjlvT2xkZlRtdFlPWEJCYkhSS09URnFaak5aZFZoMGEwRRAB
Евгений Панков,5.0,"We stayed at the hotel in April 2026. Everything was top-notch. I recommend it to everyone! The evening entertainment is excellent! The entertainment staff is top-notch! The food is superb, the alcohol is superb! We will definitely come again!",3 months ago,2026-05-06,,"Dear Evgeniy,

Thank you for such a positive review. We are delighted that your stay was … More",2 reviews,Ci9DQUlRQUNvZENodHljRjlvT2tSaGVsVm1TVlZCVVdOeWJqZG9NMmh4YVdwSmFFRRAB
Belkis Eren,5.0,"I came to the hotel with my wife and we were warmly welcomed from the moment we arrived. The hotel was clean and its location was excellent. The animation team was very friendly and attentive. I especially want to thank Mahmut and İlayda for their attentiveness and smiles. The programs were very fun; the evening programs, karaoke, quizzes, and live music were very enjoyable. The animators' language skills were sufficient. The food and snack bar were fantastic. We thank the Megasaray family and will enjoy being here again. We'll be back next year!",3 months ago,2026-05-06,,"Dear Guest,

Thank you for your valuable feedback. We are delighted that you were satisfied from the beginning of your stay and that you made positive comments about the cleanliness, location, food, and snack services of our hotel.

We would also like to thank you for your kind evaluations regarding our animation team and evening programs.

We would be pleased to welcome you again.

Sincerely,
Irina Özkökdemir
Customer Relations Management
Megasaray Hotels",2 reviews,Ci9DQUlRQUNvZENodHljRjlvT21kSGIzaE5aSFE1Wm5GU1IxZG1UV3hYWTJKZmJGRRAB
Ömer Yüksel,5.0,A very warm and pleasant atmosphere. The location is fantastic. The animation team is very warm and friendly. The food is wonderful. I enjoyed it very much. A special thank you to Mahmut from the animation team. I will definitely come back again soon.,3 months ago,2026-05-06,,"Dear Mr. Ömer,

Thank you for sharing your wonderful feedback. We are pleased with your positive … More",3 reviews,Ci9DQUlRQUNvZENodHljRjlvT2xWU1pEVjRjRFJEYVROaGFsRlNaVVpaZERKZk5tYxAB
Timur Nazarov,5.0,Very good service and food. Great entertainment staff and spa. It's a very pleasant stay and I recommend it to everyone.,3 months ago,2026-05-06,,"Dear Guest,

Thank you for your review. We are glad you highly appreciated the level of … More",1 review,Ci9DQUlRQUNvZENodHljRjlvT25oUE1ERTVSVFpYY0hJM0xVZGpUbmRVWjJsV1ZYYxAB
Nikita Zubov,5.0,"We stayed at the Megasaray hotel and were very satisfied! The territory is large, well-maintained, and very beautiful it’s приятно to walk around and spend time there. The rooms are clean, modern, and regularly cleaned. The food is diverse and delicious: there is always a wide selection, everything is fresh and of high quality.

We would also like to highlight the staff everyone is polite, attentive, and truly tries to make your stay as comfortable as possible. The entertainment team is also great: there are both active activities and more relaxed options.

A special thanks to the waiter Beyazit on one of the days he served us in the restaurant at the highest level: he was very attentive, quick, polite, and created a truly pleasant experience. Thank you for the excellent service!",3 months ago,2026-05-06,,"Dear Guest,

Thank you for your wonderful and detailed review. We are delighted to hear that you enjoyed our hotel’s well-maintained surroundings, clean and modern rooms, diverse cuisine, and the attentive service provided by our team. It is also pleasing to know that our entertainment activities contributed to your overall experience.

We would be pleased to welcome you again at our hotel.

Best regards,
Ayla Akbarova
Customer Relations Management
Megasaray Hotels",3 reviews · 2 photos,Ci9DQUlRQUNvZENodHljRjlvT21OdldVaDJUMUJQVGtwbWJrMDNOalF5TjIxRVluYxAB
Kadir Turhan,5.0,"The hotel's location, the delicious and varied food, the cleanliness of the rooms, and the friendliness of the staff were all fantastic. The high energy of the animation team was reflected in the evening activities and morning sports activities; thanks to them, we had a super energetic holiday without getting bored at all. We enjoyed participating in darts, step aerobics, and morning gym activities, and we had a lot of fun at the evening quiz.",3 months ago,2026-05-06,,"Dear Guest Mr. Kadir,

Thank you for sharing your valuable feedback. We are pleased that you were satisfied with our hotel's location, the delicious and varied food, the cleanliness of the rooms, and the friendly service of our staff. Furthermore, the energy of our animation team and the enjoyable activities we provided make your holiday even more valuable to us.

We would be delighted to welcome you and your family again.

Sincerely,
Ayla Akbarova
Customer Relations Management
Megasaray Hotels",3 reviews,Ci9DQUlRQUNvZENodHljRjlvT2xSdFNsQTVVM3BIWmxJeFl5MVRjbTR3V0VaU05sRRAB
Мария Гергасевич,5.0,"We stayed in April 2026.
The rooms were clean, and the buffet was varied and delicious. The entertainment was varied: aqua aerobics, darts, quizzes, and much more—we loved it!
We had no problems with the Russian language. A special positive review goes to Eyup Mahmut! They speak Russian well, are cheerful, and create an energetic atmosphere!
We vacationed with a group, and everyone loved it!",3 months ago,2026-05-06,,"Dear Guest,

Thank you for your review. We are glad you were satisfied with the cleanliness of the rooms, the variety of food options, and the entertainment program.

We look forward to welcoming you back to our hotel!

Sincerely,
Ayla Akbarova
Customer Relations Management
Megasaray Hotels",1 review,Ci9DQUlRQUNvZENodHljRjlvT2tGTFJqZEtNWEF5ZVhadFIyVTVNa3RITlZseFFrRRAB
Serega Panin,5.0,"Great hotel! The staff is super. Helpful, friendly, and almost everyone speaks Russian. 😉😉😉 …",3 months ago,2026-05-06,,"Dear Guest,

Thank you for your review. We are pleased that you highly appreciated our staff … More",1 review,Ci9DQUlRQUNvZENodHljRjlvT205RFRtNVdPWEJyVTNKcmIwZDNjalF5Wm5JNGRIYxAB
Mehmet Baydak,5.0,"This was our first time at Megasaray, and the sea view from the room was amazing. Overall, the staff were very friendly, and the service was excellent. We had a wonderful massage at the spa and loved it. The animation programs were very enjoyable, and the animators were very entertaining. We will definitely come again.",3 months ago,2026-05-06,,"Dear Guest,

Thank you for your kind feedback. … More",4 reviews,Ci9DQUlRQUNvZENodHljRjlvT2t4QlNWZEZWV1J4Y2xOVVFpMVRWVFo1U1d3M2VYYxAB
Dogan Baydak,5.0,"This was our first time at Megasaray and we loved it. The food was very varied and delicious. The bars had every type of alcohol and a wide variety of cocktails, all very tasty. The animation activities were great and very fun. Overall, the hotel staff were very friendly and hospitable. We recommend it to everyone.",3 months ago,2026-05-06,,"Dear Guest,

Thank you for your kind feedback. … More",6 reviews · 4 photos,Ci9DQUlRQUNvZENodHljRjlvT2pCU04wSkZSVzlqUkRFMk5rcENXVmRWTWkxU2VuYxAB
Nizami Dibrov,5.0,"We came with our family, everything was great. The staff here were friendly, the food was varied and delicious, and every detail was taken care of.
The animation program was intense; there was a dart activity in the morning and live music in the evening, as well as quizzes and karaoke programs. There was also a mini-club activity for our child. The animators' language skills were sufficient; they even gave Hedly a dart. We even became friends with Mahmut; he was very attentive.
I can definitely recommend the hotel; it was clean and spacious. We will tell our friends about this place. Greetings to the entire Megasaray family, see you again soon...",3 months ago,2026-05-06,,"Dear Guest,

Thank you for your kind feedback.

We are very pleased that you enjoyed your stay with your family, especially that you were pleased with our staff, our food and our entertainment programs. Thank you for your lovely comments.

We would be delighted to welcome you again.

Sincerely,
Irina Özkökdemir
Customer Relations Management
Megasaray Hotels",1 review,Ci9DQUlRQUNvZENodHljRjlvT21GQmRIcEVhMFV5UVdwMU1UVjFURFpVY1ZVM1dWRRAB
Muharrem Oflu,5.0,"This is one of the best hotels you can go to in Konyaaltı. The rooms are clean and spacious, the food options are plentiful, the staff are friendly and attentive, and the animation team is very helpful and welcoming. It's an ideal hotel for families.",3 months ago,2026-05-06,,"Dear Guest,

Thank you for your kind and wonderful feedback. … More",2 reviews,Ci9DQUlRQUNvZENodHljRjlvT2poV2JsWTFZVVpJTkdKQmIySTNlVUUzWlU1V1ZuYxAB
Zafer Varol,5.0,,3 months ago,2026-05-06,,"Dear Guest,

Your satisfaction is our greatest reward. We look forward to welcoming you … More",Local Guide · 63 reviews · 111 photos,Ci9DQUlRQUNvZENodHljRjlvT2sxYU5HeHFibEY0TUZkb1ZVY3RTbVF4VEdoQldGRRAB
Salih,5.0,,3 months ago,2026-05-06,,"Dear Guest,

Your satisfaction is our greatest reward. We look forward to welcoming you … More",Local Guide · 66 reviews · 86 photos,Ci9DQUlRQUNvZENodHljRjlvT21KbU1WZGxOMFJLVldKc2VIUnRVR1ZmVmpKNE5GRRAB
maruan maruan,5.0,"Very good, I saw it, and it's very good for security.",3 months ago,2026-05-06,,"Dear Guest,

Thank you for sharing your feedback. We are pleased that you were satisfied with … More",Local Guide · 19 reviews · 1 photo,Ci9DQUlRQUNvZENodHljRjlvT2pZeFFsVk9ibHBoZVd0RFNtbHVUR1J5UVRkdlUzYxAB
Mustafa Temel,5.0,"We've been to Megasaraya before and the staff are truly friendly. The cocktails and drinks are very varied and delicious. The restaurant offers a wide variety of food that is tasty. The animation team is very entertaining and friendly, and the evening programs are very enjoyable. The sports activities were also great. We weren't bored at all. Many thanks to all the hotel staff for this wonderful experience.",3 months ago,2026-05-06,,"Dear Guest,

Thank you for sharing your valuable feedback. We are pleased that you have returned to our hotel and that you enjoyed our friendly service, our wide selection of food and beverages, our animation programs, and our sports activities.

We would be delighted to welcome you and your family again.

Sincerely,
Ayla Akbarova
Customer Relations Management
Megasaray Hotels",2 reviews,Ci9DQUlRQUNvZENodHljRjlvT2tsdFluTlJXblpVTVhKbFdGWlpOblZoVXpGQ2VtYxAB
Olcay Bugdayci,5.0,"This is our second visit to Megasaray Hotel and we are very pleased. The friendliness and hospitality of the staff made us feel right at home. The food was delicious and varied. The cocktails and alcoholic drinks were of very high quality and tasty. The animation program was very enjoyable; the live music, sports activities, and the energy of the sports team made for a wonderful holiday. Thank you all very much.",3 months ago,2026-05-06,,"Dear Guest,

Thank you for sharing your valuable feedback. We are pleased that you were satisfied with our services during your second visit to our hotel, and we especially appreciate your positive comments regarding our food, beverage quality, and animation programs.

We would be delighted to welcome you and your family again.

Sincerely,
Ayla Akbarova
Customer Relations Management
Megasaray Hotels",1 review,Ci9DQUlRQUNvZENodHljRjlvT25KVmNGQnRlVjkwVmpKb1dXYzNOWEJrUkVFeVJsRRAB
Lidiya Vdovina,5.0,"Everything is well organized, clean, calm, delicious, hammam, swimming pool, steam rooms, real relaxation, a beautiful view from the window of the sea",Edited 3 months ago,2026-05-06,,"Dear Guest,
Thank you for your review! We look forward to welcoming you back to our hotel! … More",Local Guide · 16 reviews · 1 photo,Ci9DQUlRQUNvZENodHljRjlvT2tKSVkwTmtOa0oyYW0xV0xWOWhRbXhZVUZRd1dVRRAB
Шарапат Токтосунова,4.0,"I'd like to point out right away that the hotel staff is very responsive, the service is excellent, and the taste and variety of food are simply superb. Turkish cuisine has always been and remains a top priority. The cocktails in the lobby bar are also a special treat. The bartender, Ali, is very good at his job. We've never regretted choosing all-inclusive. I'd also like to commend the entertainment staff; they know how to entertain people without being intrusive, and I'm amazed by their energy. I'd also like to highlight Mahmut Bey and İlayda Hanım; thank you very much. Overall, the hotel is very good and matches its price. Of course, the furniture in the rooms is a bit old, and we had problems entering the room. The card could be read, but the door wouldn't open. 😅 But despite this, the sea view from the room was amazing. What disappointed me was the beauty salon inside the hotel. I urgently needed to get my nails done, and this manicure lasted 3 hours, just a manicure without a design, okay, long. Not only did the girl there do the job very slowly, but new clients came to her to ask something and she had to go to them and answer their questions because she was there alone. But I was not satisfied with the quality. I don't know about hair, but it's better not to get a manicure there.",3 months ago,2026-05-06,,"Dear Guest,

Thank you for your review. We are glad you were satisfied with the level of service, the variety of cuisine, cocktails, and entertainment, and also noted the beautiful view from your room. We apologize for the inconvenience you experienced with access to your room and the beauty salon, and your comment will be forwarded to the appropriate departments for review.

We look forward to welcoming you back to our hotel!

Sincerely,
Ayla Akbarova
Customer Relations Management
Megasaray Hotels",1 review · 3 photos,Ci9DQUlRQUNvZENodHljRjlvT2toYVR6aERTbkZxZFVsQ01VSmpheTFHT1RBeVFXYxAB
Alla Wesnin,5.0,Everything was great! Fantastic central location! Unobtrusive and friendly entertainment; we've been there three times already and would love to come back.,3 months ago,2026-05-06,,"Dear Guest,

Thank you for your positive review. We are delighted that you are satisfied with … More",5 reviews · 1 photo,Ci9DQUlRQUNvZENodHljRjlvT2t0NGEwYzJWM2N4WVd4M1lqaG9PVEJLY2s1RlpsRRAB
Serife Sahin,5.0,"Thank you all!
A huge thank you to the entire team at the Megasaray Hotel for this unforgettable 12-day stay in April 2026. I was already charmed in 2025 during a first visit with my husband, where we received such a warm welcome from Léonie, who even gave me a gift, including the hotel's Lego set. The staff were impeccably kind, always smiling and attentive. Thank you to Saadet, Nilufer, Sevil, Kamila, and the other hostesses. The food is excellent, with a wonderful variety to suit all tastes. Thank you to Davut Usta, who explained his Topkapi rice to me, and Aykut Usta, who worked wonders. The location is ideal, but it was above all the magnificent sea view that captivated me. Watching the sun rise over the sea every morning from my room will remain the highlight of my vacation. I leave with my head full of memories. Thank you again for your professionalism and kindness.",3 months ago,2026-05-06,,"Dear Guest,

Thank you for your wonderful and detailed feedback. We are delighted to hear that you enjoyed your 12-day stay, appreciated the variety of our culinary offerings, and especially cherished the stunning sea view and overall atmosphere of our hotel.

We would be pleased to welcome you again at our hotel.

Best regards,
Ayla Akbarova
Customer Relations Management
Megasaray Hotels",1 review,Ci9DQUlRQUNvZENodHljRjlvT2tFMFMxTm9lR3R1TVdkeFducE9SMk5zY1c0MlJWRRAB
Егор Л,5.0,"Great hotel, delicious food, lots of eating, dancing, playing quizzes.
Great entertainment.
We won everyone's quiz.

The location is superb, near the sea.

But it was still fun. We sat around and played UNO afterwards.

We had a great time, of course.",3 months ago,2026-05-06,,"Dear Guest,

Thank you for your review. We are glad you enjoyed the hotel's atmosphere, delicious food, entertainment program, and seaside location, and that you had a wonderful time enjoying the entertainment and games.

We look forward to welcoming you back to our hotel!

Sincerely,
Ayla Akbarova
Customer Relations Management
Megasaray Hotels",3 reviews,Ci9DQUlRQUNvZENodHljRjlvT2w5a1MwaDNTMXBIZWs1TE1VRkpVbFJWZUVaaU0wRRAB
Joe Gaeta,5.0,Ihad such a great time at this hotel and the animation team is very energetic.i join to sports activities step aerobic and dart is was amazing.foods are delicious alcohol is great.and live music is amazing dj sets were always vibe,3 months ago,2026-05-06,,"Dear Guest,

Thank you for your kind feedback. We are happy to hear that you enjoyed our … More",2 reviews,Ci9DQUlRQUNvZENodHljRjlvT2tWU2FISTRTVVkyZEZkRkxUY3pSbkU1U2xWVWNYYxAB
Uğur Tüzün,5.0,"We had a wonderful stay at the hotel. The food was varied, the alcoholic drinks were high quality, and the staff were very friendly; everyone seemed to enjoy their work. One of the best parts of our holiday was definitely the animation team. We had so much fun with the live music, quizzes, and karaoke in the evenings; they really boosted the energy of the atmosphere. The DJ performances were also very successful and ensured everyone had fun. Thanks to the activities throughout the day, we were never bored; every moment was full of fun. We were very pleased with the friendly and cheerful nature of the animation team. The sports activities, step aerobics, darts, and morning gym were very enjoyable and fulfilling for us. Thank you to the animation team for raising the energy of our holiday, for taking care of us, and for their smiles.",3 months ago,2026-05-06,,"Dear Guest,

Thank you for your kind review. We are delighted that you were satisfied with our food and beverage quality, our friendly staff, and especially our animation activities.

We are happy that you had an enjoyable holiday. We would be pleased to welcome you again.

Sincerely,
Irina Özkökdemir
Customer Relations Management
Megasaray Hotels",4 reviews,Ci9DQUlRQUNvZENodHljRjlvT21sRVpGcE1TVU5vWVc1TWNFWnFSMDFpU1dNeldYYxAB
Alannah Sime,5.0,"We had an amazing stay at this hotel foods are amazing rooms are clean and one of the highlights of our holiday was definitely the animation team.they were incredibly energetic friendly and professional throughout our entire stay
The evening shows with live music were absolutely fanatic and created such a fun and lively atmosphere.The dj performances were also great keeping everyone entertained and engaged
During the day there were plenty of activities and games to join and the music played throughout the day really added the overall vibe of the hotel the animation teams language skills were very good which made communication easy and enjoyable for all guests
What stood out the most was their warm and positive approach towards guests they were always smiling welcoming and inclusive the sports activities like step aerobics darts aqua gym and morning gym were very well organized and so much fun to participate in
A big thank you to the entire animation team for making our holiday unforgettable",3 months ago,2026-05-06,,"Dear  Guest,

Thank you for your kind feedback. We are delighted that you enjoyed our food, rooms, and especially our animation team.

We look forward to welcoming you again.

Kind regards,
Irina Özkökdemir
Customer Relations Management
Megasaray Hotels",1 review,Ci9DQUlRQUNvZENodHljRjlvT2tkNmJHcDFOMmgwVkZsaVFYcFVhRWR3Tm1WWVVWRRAB
