Kullanıcı Adı,Puan (Yıldız),Yorum Metni,Tarih (Metin),Tarih (Yaklaşık),Beğeni,İşletme Yanıtı,Kullanıcı Yorum Sayısı,Yorum ID
Emma Woodward,5.0,"Rixos premium belek is a hotel like no other I have stayed in before, the small touches such as chocolate strawberries at the entrance, drink fridges where you help yourself are just small things we love. The staff are all really friendly and are always happy to help. The rooms are kept immaculate and there is so much to do here. Excellent hotel!",15 minutes ago,2026-08-04,,,,Ci9DQUlRQUNvZENodHljRjlvT25jNGNIWkxTMVEzZGpsTGVtWjNkbEJGWmxvelVFRRAB
Hakan ÇİFTÇİ,5.0,It's a wonderful hotel.,7 hours ago,2026-08-04,,,Local Guide · 14 reviews · 1 photo,Ci9DQUlRQUNvZENodHljRjlvT2pGTGVWUjNZVWt5ZUdwcVpVRnBZbGwyZDBneVNsRRAB
АНЖЕЛИКА ВОРОБЬЕВА,5.0,"We stayed at the hotel in February 2026. The hotel is superb, the service is top-notch. The restaurants are open 24/7, which is fantastic, and there are no set hours. The staff is polite and always willing to explain and show you around. Special thanks to manager Sebastian, a true professional.",13 hours ago,2026-08-03,,,,Ci9DQUlRQUNvZENodHljRjlvT2tOUGIzSk1YMnhrYURSVVlsZE9ObEpGYXpnNWJYYxAB
wendy atkinson,5.0,,14 hours ago,2026-08-03,,,2 reviews,Ci9DQUlRQUNvZENodHljRjlvT21veFMzcEdTbHBoUW5kV2FESXdaVWN3V1RkdWNsRRAB
Joanna Moroney,5.0,"We had a great stay. The hotel was luxurious, nothing too much for the staff and so many thoughtful little extras like a freezer full of magnums by the pool. The kids club area was great - trampolines and water slides.
We stayed in a family room which was very spacious and clean. Aksam restaurant was our favourite.",14 hours ago,2026-08-03,,,3 reviews,Ci9DQUlRQUNvZENodHljRjlvT2kxMVZqWnFORWRVYlU5c2VtNUZXRzh3ZEdWcldrRRAB
Hussein Kallas,5.0,Top service strongly recommended,15 hours ago,2026-08-03,,,1 review,Ci9DQUlRQUNvZENodHljRjlvT2kxWFJVZFdPVXREU0haSFVtTkpjbTVLTkZkbWEzYxAB
Nur Delibaş,5.0,You absolutely must try the Evening Restaurant before you leave; the meats and appetizers were delicious 💐,15 hours ago,2026-08-03,,,6 reviews · 1 photo,Ci9DQUlRQUNvZENodHljRjlvT2xvemQyUkdZVVIzY0haMWF6RmpSRFJZZUVGbFExRRAB
Muhammad Mussa,5.0,"I had an unforgettable stay at Rixos Premium Belek. From the moment we arrived, the service was exceptional—every member of staff was welcoming, friendly, and always willing to help with a smile.

The resort itself is stunning, with beautifully maintained gardens, spotless facilities, and a luxurious atmosphere throughout. The rooms were spacious, modern, and very comfortable, making it easy to relax after a day of enjoying everything the hotel has to offer.

The food was outstanding, with an incredible variety of high-quality dishes at every meal. Whether at the buffet or the specialty restaurants, everything was fresh, delicious, and beautifully presented. The entertainment, pools, beach, and activities were all fantastic, ensuring there was always something enjoyable to do.

What truly made this resort special was the attention to detail and the genuine hospitality of the staff. They went above and beyond to make our stay memorable.

I would highly recommend Rixos Premium Belek to anyone looking for a luxurious, relaxing, and family-friendly holiday in Antalya. It exceeded all my expectations, and I can’t wait to return. Thank you for an amazing experience!",15 hours ago,2026-08-03,,,1 review,Ci9DQUlRQUNvZENodHljRjlvT2tsSlRtWlhPRTEwUjNkMlpUbG9aSFJzWWxVNFpGRRAB
Omar Manhal,5.0,Thanks so much everythings amazing and thanks for Nisa guest relation agent she helps us with glad,15 hours ago,2026-08-03,,,,Ci9DQUlRQUNvZENodHljRjlvT2xSMFgxZ3dVR0ZEVms1blEzbHZVV05RYVZaWE1VRRAB
Arsen Biba,5.0,,15 hours ago,2026-08-03,,,1 review,Ci9DQUlRQUNvZENodHljRjlvT2tOUVZqRmhSMUZwZEVwNFNISjZaelV5VVRCWFRrRRAB
Abdulmajeed Alotibi,5.0,Good for everything but the room service not to good …,15 hours ago,2026-08-03,,,7 reviews,Ci9DQUlRQUNvZENodHljRjlvT2pOMUxVTTRRbGMxVUdwdVQzUlhjRFJrTkhwd1pHYxAB
Atiyah Chhadat,5.0,,16 hours ago,2026-08-03,,,4 reviews,Ci9DQUlRQUNvZENodHljRjlvT213elMwTk9ZMGRIYTBJek16WnhPRlJmWlZSeE1XYxAB
Westgate Pharmaceuticals,5.0,Very nice service. Beautiful location..,16 hours ago,2026-08-03,,,1 review,Ci9DQUlRQUNvZENodHljRjlvT2xkNFNFUndibXczVUhGT09WSlRiV2ROYlRodVkxRRAB
William Salhany,5.0,"Great Resort with excellence in service. A wide range of activities, pool is awesome, and the food is delicious. On top, there is free access to land of legend with free shuttle will make it easy. I recommend the place and will come back",16 hours ago,2026-08-03,,,2 reviews,Ci9DQUlRQUNvZENodHljRjlvT25kdWRuaEtURlY2TFZCaGIyTkhWMll3VFRaclQyYxAB
Julie,5.0,"Superb stay. Magnificent hotel, high-quality service, and incredible food. A truly top-notch all-inclusive experience. We'll be back very soon!",16 hours ago,2026-08-03,,,5 reviews,Ci9DQUlRQUNvZENodHljRjlvT25NMk9UVjZXRGRuYWpZM1gzWlpha2RLTm1Sc1QwRRAB
András Péter-Szabó,5.0,"Everything was perfect. Food, drinks, animation, music, absolutely perfect. Will come back for sure",16 hours ago,2026-08-03,,"Dear András Péter-Szabó,

Thank you very much for sharing your wonderful feedback and for choosing Rixos Premium Belek.

We are delighted to hear that you enjoyed our food, beverages, animation, and music, and that your overall experience was perfect. Your kind words are a great motivation for our entire team.

We will be very happy to welcome you back to Rixos Premium Belek and create more unforgettable memories together.

Kind regards,

Rixos Premium Belek Hotel Management",Local Guide · 23 reviews · 5 photos,Ci9DQUlRQUNvZENodHljRjlvT2xaTFRWTjNlSEU0TUUxNkxWYzFkakJRTlRkSGVVRRAB
Lotti Kis,5.0,,16 hours ago,2026-08-03,,"Dear Lotti Kis,

Thank you for choosing Rixos Premium Belek and for rating your stay with us.

We appreciate your support and hope to have the pleasure of welcoming you back in the future for another memorable experience.

Kind regards,

Rixos Premium Belek Hotel Management",,Ci9DQUlRQUNvZENodHljRjlvT2pOUlNtMVFYM2t5YWpJMGJHdFRaRlZHV0cxWGJYYxAB
Lalsultan KAYA,5.0,"I've been coming here for 10 years and the cleanliness, food, and staff are fantastic. Especially Sebastian, the manager of Kabana, and Ms. Yana from People Restaurant made our holiday even better.",19 hours ago,2026-08-03,,"Dear Ms. Lalsultan Kaya,

We sincerely thank you for choosing Rixos Premium Belek for the past 10 years and for not leaving us alone on this special journey.

Your valuable words about our cleanliness, our food, and our team have made us extremely happy. We will also gladly share your kind comments regarding our Cabana Manager Sebastian and Ms. Yana from our People Restaurant team with them.

We look forward to welcoming you back to Rixos Premium Belek for many more unforgettable holidays, as we have for many years to come.

Sincerely,

Rixos Premium Belek Hotel Management",1 photo,Ci9DQUlRQUNvZENodHljRjlvT2xFeFZ6QmZlVWRLYmpoSk5YWTRUbTlzV1ZGS2VrRRAB
jennine campbell,5.0,"Having a lovely family holiday at the Rixos, clean, family friendly and clean & efficient staff",19 hours ago,2026-08-03,,"Dear Jennine Campbell,

Thank you for choosing Rixos Premium Belek and for sharing your kind feedback.

We are delighted to hear that you are enjoying your family holiday and that you appreciate our clean environment, family-friendly atmosphere, and the dedication of our team. Your kind words are a great motivation for all of us.

We wish you a wonderful remainder of your stay and look forward to welcoming you back again in the future.

Kind regards,

Rixos Premium Belek Hotel Management",5 reviews · 1 photo,Ci9DQUlRQUNvZENodHljRjlvT205alJGWXlNbHAwUTFSaldVRlZZMWd5V1dGUmNrRRAB
Merve Sultan Akan,4.0,"Elif Sıra Hanım at the lobby bar and all the staff in the dining area, especially Mr. Ihsan, were very helpful. It's a baby-friendly hotel, we liked it very much and I recommend it. The only thing missing was room cleaning; everything else was very good.",21 hours ago,2026-08-03,,"Dear Merve Sultan Akan,

Thank you for choosing Rixos Premium Belek and for sharing your valuable feedback.

We are delighted that you enjoyed the hospitality of our team during your stay, and especially the support you received from Ms. Elif Sıra and Mr. İhsan. We also appreciate that you liked the hotel's concept.

We have noted your valuable feedback. We would be delighted to welcome you back to Rixos Premium Belek in the future.

Sincerely,

Rixos Premium Belek Hotel Management",1 review,Ci9DQUlRQUNvZENodHljRjlvT25WT2JHVTNNV3Q0ZWtsTGNHZE1WR050Um5oQmFtYxAB
Madi Borg,5.0,Rixy club was such as a great experience the games were really fun and Playstation área was awesome,a day ago,2026-08-03,,"Dear Madi Borg,

Thank you very much for sharing your lovely feedback. We are delighted to hear that you and your family had a great experience at Rixy Kids Club.

It is wonderful to know that you enjoyed the games and PlayStation area. Creating a fun, engaging, and memorable environment for our younger guests is very important to us.

We will be pleased to share your kind words with our Rixy team. We look forward to welcoming you back to Rixos Premium Belek for more unforgettable moments.

Kind regards,

Rixos Premium Belek Hotel Management",2 reviews,Ci9DQUlRQUNvZENodHljRjlvT21aVFozZHdNazFVZDNwT1Ftb3hUakJ3UkhSb1kxRRAB
rowena rodriguez,5.0,Rixys kids club is very accommodating to the kids they have so much fun specially with their active ties for kids and teens they learn many stuff by themselves,a day ago,2026-08-03,,"Dear Rowena Rodriguez,

Thank you very much for sharing your lovely feedback. We are delighted to hear that your children had a wonderful time at Rixy Kids Club and enjoyed the activities designed for kids and teens.

Creating a fun, safe, and engaging environment where our young guests can learn, explore, and enjoy their holiday is very important to us. We truly appreciate your kind words and will share your feedback with our Rixy team.

We look forward to welcoming you and your family back to Rixos Premium Belek for more unforgettable memories.

Kind regards,

Rixos Premium Belek Hotel Management",Local Guide · 5 reviews · 74 photos,Ci9DQUlRQUNvZENodHljRjlvT2s5R1dHdHZhVkk1WmtSVlNtaFBSMDlSVDFNeFduYxAB
shahad Shoil,5.0,"Everything was wonderful, and above all, the services provided were phenomenal. Thank you, Rixos Premium ❤️",a day ago,2026-08-03,,"Dear Shahad Shoil,

Thank you very much for your wonderful feedback. We are delighted to know that you had a great experience at Rixos Premium Belek and that you were pleased with the services provided.

Your kind words and appreciation mean a lot to our team and motivate us to continue delivering exceptional experiences to our guests.

We look forward to welcoming you back for another unforgettable stay.

Kind regards,

Rixos Premium Belek Hotel Management",,Ci9DQUlRQUNvZENodHljRjlvT2pVMFkyOTRZVzFGTWs0MlNsaHVNa2hFUTJWQ2NVRRAB
Shari-lee,5.0,Having a great experience at Rixos. One of the best all-inclusives we've experienced.,a day ago,2026-08-03,,"Dear Shari-lee,

Thank you very much for sharing your wonderful feedback. We are delighted to know that you are having a great experience at Rixos Premium Belek and that our resort is among the best all-inclusive experiences you have enjoyed.

Your kind words are a great motivation for our entire team. We look forward to welcoming you again for another exceptional holiday experience.

Kind regards,

Rixos Premium Belek Hotel Management",3 reviews,Ci9DQUlRQUNvZENodHljRjlvT2pGS2FXc3RaelF3TkdaWmFscGtSRlpmWWtrek1XYxAB
Umut Adiguzel,5.0,,a day ago,2026-08-03,,"Dear Mr. Umut Adıgüzel,

Thank you for your valuable review and for choosing Rixos Premium Belek. We are very happy to see your satisfaction.

We would be delighted to welcome you again in the future and offer you another unforgettable holiday experience.

Sincerely,

Rixos Premium Belek Hotel Management",2 reviews · 9 photos,Ci9DQUlRQUNvZENodHljRjlvT25wSmFGRnFWMnRWYW5oMk9HcDJkWGw2WDNaalpYYxAB
Joanne Ray,5.0,,a day ago,2026-08-03,,"Dear Joanne Ray,

Thank you for your excellent rating and for choosing Rixos Premium Belek. We truly appreciate your support and are delighted to see your positive evaluation.

We look forward to welcoming you back in the future for another memorable holiday experience.

Kind regards,

Rixos Premium Belek Hotel Management",,Ci9DQUlRQUNvZENodHljRjlvT21scWJtSlRXRnBxY1hscVYxODNZWEpvYUdWcVkwRRAB
Lisa Austin,5.0,"We found the hotel perfect for our family, 2 adults and 3 children ages 12, 14 and 17. The family room was perfect (2 adjoining rooms) and facilities were incredible. Jam packed daily activities should you wish or plenty of sunbeds around the pool or on the beach should you wish to relax. Everything was impeccably clean at all times. Would highly reccomend!",a day ago,2026-08-03,,"Dear Lisa Austin,

Thank you very much for sharing your wonderful feedback. We are delighted to know that you and your family had a memorable stay at Rixos Premium Belek.

It is a pleasure to hear that you enjoyed our family room concept, facilities, daily activities, pool and beach areas, as well as the cleanliness and comfort of our resort. Providing a relaxing and enjoyable holiday experience for families is one of our main priorities.

Thank you for your kind recommendation. We look forward to welcoming you and your family back to Rixos Premium Belek for another unforgettable stay.

Kind regards,

Rixos Premium Belek Hotel Management",7 reviews · 12 photos,Ci9DQUlRQUNvZENodHljRjlvT2xwZlkyUm5RVm8xZFVzelZWVkVialJ4U1RFMlNrRRAB
Marina Kudryavtseva,5.0,"We are currently at this hotel, Rixos Premium Belek.

We think everything is great! It is a fantastic hotel for families. Good service, a great entertainment program, sports activities, and a variety of dishes in the restaurants, including à la carte.

I would like to specifically mention the kids' club ""Rixy"": there are so many different activities for children every day, arts and crafts, playing, sports, PlayStation... We always take home incredibly beautiful crafts! 😊

There is also a football academy, where professional footballers teach daily (free and they provide their sportswear 🤩). Every boy's dream! Fantastic!

It is very clean, the staff cleans well and really tries their best (room, terrace, pool, garden).

Personal assistants make your holiday absolutely carefree! Many thanks to Ekaterina and Nuriam. Negative point:

Some hotel guests leave huge quantities of plastic bottles, plastic cups, and plastic toys behind on the beach, which subsequently end up in the sea🙁 This is downright terrible and harmful to marine life! I have cleaned up a huge amount of plastic myself three times a day! I want to bring this to the attention of management so that they can take appropriate measures! Thank you in advance!",a day ago,2026-08-03,,"Dear Marina Kudryavtseva,

Thank you very much for sharing such a detailed and valuable review of your stay at Rixos Premium Belek. We are delighted to know that you are enjoying your holiday and that you appreciate our services, entertainment program, sports activities, dining options, and family-friendly facilities.

We are especially pleased to hear your kind words about our Rixy Kids Club, Football Academy, and our Guest Assistants Ekaterina and Nuriam. We will gladly share your compliments with them, as your recognition is a great motivation for our team.

We also sincerely appreciate your feedback. Your concern is very important to us. We will share your comments with the relevant departments for their attention and further evaluation.

Thank you once again for helping us improve and for choosing Rixos Premium Belek. We look forward to welcoming you and your family again for many more unforgettable experiences.

Kind regards,

Rixos Premium Belek Hotel Management",6 reviews,Ci9DQUlRQUNvZENodHljRjlvT21jMlMwWlpNMjl6YzJKd2FIWkpPSE5FWDFoT2VFRRAB
Barış Erol,5.0,,a day ago,2026-08-03,,"Dear Mr. Barış Erol,

Thank you for your valuable review and for choosing Rixos Premium Belek. We are very happy to see your satisfaction.

We hope to welcome you again in the future and provide you with an unforgettable stay.

Sincerely,

Rixos Premium Belek Hotel Management",Local Guide · 24 reviews,Ci9DQUlRQUNvZENodHljRjlvT2t0WWEzZHFRMHhJWkdad2VWTmplbFZDUmtadmJWRRAB
hadeel talal,5.0,Very nice resort specially melisa she is wonderful and helpful ❤️❤️,a day ago,2026-08-03,,"Dear Hadeel Talal,

Thank you very much for your lovely feedback and for sharing your experience with us. We are delighted to know that you enjoyed your stay at Rixos Premium Belek.

Your kind words about Melisa are greatly appreciated. We will be pleased to share your compliments with her, as such recognition is a wonderful motivation for our team.

We look forward to welcoming you back for another memorable holiday experience.

Kind regards,

Rixos Premium Belek Hotel Management",5 reviews,Ci9DQUlRQUNvZENodHljRjlvT2paM2NsRlBWa2x2Y1ZGVk1rNDRUVFkxVEdoTGJsRRAB
Evren Akben,5.0,"We had a wonderful vacation at Rixos Premium Belek. We’ve stayed at several Rixos properties over the years, including Tekirova, Sungate, Bodrum, and Sharm El Sheikh, and in our opinion, Rixos Premium Belek offers the best food of them all. The variety, quality, and taste were outstanding throughout our stay.

The à la carte restaurants were excellent, especially the Turkish Restaurant and the Greek Restaurant. One tip: make sure you book your reservation right at 10:00 AM. We found that it’s much easier to disconnect from the hotel’s Wi-Fi and use your mobile data instead. Start refreshing the reservation page around 9:59 AM because the popular restaurants fill up within minutes.

If your priority is the food, we thought the Turkish Restaurant offered the best dining experience. If you’re looking for a lively evening with music, dancing, and entertainment, then the Greek Restaurant is the perfect choice.

The pools are beautiful, spacious, and perfect for families. As for the sea, it’s the typical Belek coastline. The water is clean, but because the seabed is sandy, it can appear a little cloudy. If you’re expecting the crystal-clear waters of Bodrum or Didim, this is different—but the sea itself is clean and enjoyable.

We were also pleasantly surprised to receive another room upgrade, which we truly appreciated. Thank you to the team for making us feel valued once again.

The only downside was that the resort can feel quite crowded during peak season. However, that’s understandable given the size and popularity of the property.

Overall, we had an excellent stay and would happily return. Rixos Premium Belek continues to be one of our favorite all-inclusive resorts.",a day ago,2026-08-03,,"Dear Evren Akben,

Thank you very much for sharing your detailed and valuable feedback. We are truly delighted to welcome you back to Rixos Premium Belek and to know that we continue to be one of your favorite resorts among the Rixos properties you have experienced.

We are especially pleased to hear your appreciation of our culinary concept, A La Carte Restaurants, facilities, and the service provided by our team. Your kind words regarding our Turkish and Greek Restaurants will be shared with our colleagues.

Thank you for your loyalty and for choosing Rixos Premium Belek. We look forward to welcoming you and your family back for many more unforgettable stays.

Kind regards,

Rixos Premium Belek Hotel Management",Local Guide · 24 reviews · 20 photos,Ci9DQUlRQUNvZENodHljRjlvT2tKQ09XbDRWbWszTUZwdk5WaFJiMEZxVUU0NU5GRRAB
Hamza Bukhari,3.0,"This hotel may have cause my family and I have ill as we’re not feeling well, I believe based on what I’ll I have there may be hygiene issues around the hotel",2 days ago,2026-08-02,,"Dear Mr. Hamza Bukhari,

Thank you for taking the time to share your feedback. We are truly sorry to learn that you and your family have been feeling unwell, and we sincerely wish you all a full and speedy recovery.

Please be assured that the health, safety, and well-being of our guests remain our highest priorities. Our resort operates in full compliance with the HACCP food safety management system and follows comprehensive hygiene protocols. Regular independent laboratory analyses are carried out on food, drinking water, ice, and pool water, while all preparation, storage, and sanitation procedures are continuously monitored to ensure full compliance with the highest safety standards.

To date, neither our routine internal inspections nor independent laboratory analyses have identified any hygiene-related irregularities. 

As gastrointestinal illnesses may arise from a variety of factors, it is often not possible to determine a single source without medical assessment. Nevertheless, we treat every guest concern with the utmost seriousness, and each report is carefully reviewed in accordance with our established procedures and documented quality control records.

We wish you and your family a swift recovery and hope to have the opportunity to welcome you again in the future.

Kind regards,

Management
Rixos Premium Belek",Local Guide · 15 reviews · 43 photos,Ci9DQUlRQUNvZENodHljRjlvT2w5NFJuUndaVFV4ZDBOTE1XbHljelJ4U1U0NU4yYxAB
İBRAHİM ÖZDEN,5.0,"From the moment we arrived until every minute of our stay, the staff's attentiveness and care were wonderful. The food and drinks were excellent, and they excelled at being a child-friendly hotel. The pools and towels were very clean, and the service was fast. In short, everything was great. The Rixy Club animators were fantastic; the children were never bored.",Edited 2 days ago,2026-08-02,,"Dear Guest,

Thank you for your valuable feedback and kind thoughts.

We are delighted that you were satisfied with our services during your stay. We will share your kind words about our team.

We hope to have the opportunity to welcome you back to Rixos Premium Belek.

Sincerely,

Rixos Premium Belek Hotel Management",1 review,Ci9DQUlRQUNvZENodHljRjlvT2pKRU9XbHVTRzl5WlZNdGRsRk5hMGh0UlU5dmFtYxAB
Aytan Muradova,5.0,"Our stay at Rixos Premium Belek was amazing! Everything was thought out to the smallest detail. The staff was extremely friendly, professional and helpful. The rooms were very comfortable and clean, and the food was both varied and delicious. It is a great choice, especially for families with children. Thank you to the whole team for making our holiday unforgettable. We look forward to coming back.",2 days ago,2026-08-02,,"Dear Aytan Muradova,

On behalf of the Management of Rixos Premium Belek, thank you very much for your wonderful review.

We are truly delighted to know that your stay with us was amazing and that every detail contributed to making your holiday memorable. Your kind words about our team, comfortable rooms, cleanliness, and the variety and quality of our cuisine mean a great deal to us.

It is especially rewarding to hear that you found our resort to be a great choice for families with children.

Thank you once again for your trust and appreciation. We look forward to welcoming you and your family back to Rixos Premium Belek for another unforgettable stay.

Warm regards,

Management
Rixos Premium Belek",1 review,Ci9DQUlRQUNvZENodHljRjlvT2pZeVUxRjFkelZOVjNGeVYyOUJaV2xuTTFFeU5GRRAB
Анна Смирнова,5.0,We really enjoy going to the Risk Club. The entertainers are very attentive and quickly connect with the kids. They know how to make you laugh and teach you how to make crafts. Everything is great 👍👏😆 …,2 days ago,2026-08-02,,"Dear Anna Smirnova,

On behalf of Rixos Premium Belek management, thank you for such a warm review!

We are delighted to learn that your children enjoyed their time at Rixy Kids Club, and that our animators were able to engage them, bring joy, and engage them with engaging creative activities.

Your kind words will be a great motivation for the entire Rixy Kids Club team to continue creating unforgettable experiences for our young guests.

We look forward to welcoming you and your family back to Rixos Premium Belek!

Sincerely,

Rixos Premium Belek Management",1 review,Ci9DQUlRQUNvZENodHljRjlvT21sd2JGWjVjMmhZY1ZORWNFTndOVlJWU0VFNE4wRRAB
Erkan,5.0,"We would also like to thank Ms. Ece, who was friendly, helpful, and immediately provided solutions to all our needs and suggestions.",2 days ago,2026-08-02,,"Dear Mr. Erkan,

Thank you very much for your valuable feedback. We are very pleased that you had a pleasant stay at Rixos Premium Belek and were satisfied with the service of our team.

We will be happy to share your kind words about Ms. Ece with her and our team.

We would be delighted to welcome you back to Rixos Premium Belek.

Sincerely,

Rixos Premium Belek Hotel Management",,Ci9DQUlRQUNvZENodHljRjlvT2xKRGREUlNRMWRmTjAxU1FtdHpZVFpqTTBSWWQzYxAB
Anton Tiurin,5.0,"Corrected: I only left the situation where the driver didn't show up.

We vacationed with a large family: my sister, my three children—ages 1 year, 22 months, and 8 years old. Overall, we really enjoyed our vacation.

All the hotel staff were polite, attentive, and did their jobs well. They always responded to all our requests and tried to help. The rooms were clean, and the beds were comfortable.

The food was delicious, with a wide selection. The restaurant staff was always polite, and service was fast, with no long waits.

The hotel offers a variety of activities for children of all ages. We especially liked the children's play area: there was plenty to keep even the smallest children occupied. The pool was also nice.

The beach was spacious and clean, and the sea was warm. There was plenty of space, and the whole family felt comfortable. The beach staff was also polite and attentive.

It would be nice to add more individually wrapped meals for small children: for example, unsweetened baby cookies, rice cakes, yogurt, or pureed food in pouches. Small children eat more often, and it would be convenient to take these foods with them to the beach or on a walk. A warm shower for babies would also be very useful on the beach.

The only significant drawback was the transfer booked through the hotel. The driver never showed up, and we had to resolve the issue on the spot with small children and suitcases. The hotel apologized and paid for the next transfer, for which we are grateful.

Despite this situation, our impressions of the hotel itself and the quality of service remained very good. It's a comfortable place for a large family vacation with children of various ages.
Aria was very helpful and helped us with all our queries.",Edited 2 days ago,2026-08-02,,"Dear Anton Tiurin,

Thank you for such a detailed review. We are delighted to learn that you were satisfied with our staff, our food, our beach service, and our variety of children's activities. Your kind words about our colleagues Valeria and Leyla, as well as about the room cleaning and the attentiveness of our restaurant staff, will be sure to be passed on to them with gratitude.

We sincerely regret the inconvenience caused by the delayed airport transfer. Your comment will be forwarded to the appropriate department for analysis and improvement.

It is especially important to us that you had a comfortable and enjoyable holiday with your small child. We look forward to welcoming you and your family back to Rixos Premium Belek and offering you even more positive experiences.

Sincerely,
Rixos Premium Belek Management",Local Guide · 13 reviews · 15 photos,Ci9DQUlRQUNvZENodHljRjlvT2xScE9IbGtSblF4YnpkS2VtSTFNakYwVW1kSE4xRRAB
Furkan Caprice,5.0,The hotel is very clean and extremely well-maintained. We are currently spending our vacation here and feel completely at ease. Highly recommended!,2 days ago,2026-08-02,,"Dear Furkan Caprice,

Thank you so much for your kind review. We are delighted to hear that you enjoyed your stay at the Rixos Premium Belek and felt completely at ease with us.

Your recommendation means a great deal to us. We wish you continued pleasant stays and look forward to welcoming you back again in the future.

Sincerely,

Rixos Premium Belek Hotel Management",2 reviews,Ci9DQUlRQUNvZENodHljRjlvT2tjMVQxUkljRmgyZW00MGRHOTFNMm81Y25waWNsRRAB
Nigek Stevenson,5.0,"Very good hotel, top class service",2 days ago,2026-08-02,,"Dear Guest,

Thank you very much for your kind feedback. We are delighted to hear that you enjoyed your stay at Rixos Premium Belek and appreciated the quality of our service.

Your satisfaction is very valuable to us. We look forward to welcoming you back for another enjoyable experience.

Warm regards,

Rixos Premium Belek Hotel Management",3 reviews,Ci9DQUlRQUNvZENodHljRjlvT25KYWRVbEVYelZXZVdFM1kxWTRPRUk0WDA5SFluYxAB
Denise Di,5.0,"Great hotel, superb kids' club, excellent food",2 days ago,2026-08-02,,"Dear Denise Di,

Thank you so much for your wonderful review. We are delighted that you enjoyed your stay at the Rixos Premium Belek and were particularly pleased with our Kids Club and the diverse culinary offerings.

Your kind words are a great source of motivation for our team. We look forward to welcoming you and your family back again soon.

Sincerely,

Rixos Premium Belek Hotel Management",2 reviews · 1 photo,Ci9DQUlRQUNvZENodHljRjlvT25CdE9UaEtiMjB3VW1waldrcFZSbmh0TmxSRVRFRRAB
Claudiu Avram,5.0,"Very good service, nice people, great place to be",2 days ago,2026-08-02,,"Dear Claudiu Avram,

Thank you very much for your kind feedback. We are delighted to hear that you enjoyed the service, the hospitality of our team, and your time at Rixos Premium Belek.

Your appreciation means a lot to us. We look forward to welcoming you back for another enjoyable stay.

Warm regards,

Rixos Premium Belek Hotel Management",Local Guide · 28 reviews · 18 photos,Ci9DQUlRQUNvZENodHljRjlvT2pjeFJsRjZUM2N0Vm1ZdExWSlpWakUzVldsdVluYxAB
Диана Хабдоллина,5.0,"Excellent hotel, great service, friendly staff, and delicious food.
Access to Land of Legends is available – it's a must-see; the kids loved it, as did the adults.
A perfect end to the summer.",3 days ago,2026-08-01,,"Dear Diana,

Thank you so much for your wonderful review. We are delighted that you enjoyed your stay at Rixos Premium Belek and appreciated the quality of service, the dedication of our team, and the variety of amenities offered.

We are also delighted that your visit to the Land of Legends was a wonderful experience for you and your child.

We look forward to welcoming you back to Rixos Premium Belek for more wonderful experiences.

Sincerely,

Rixos Premium Belek Hotel Management",1 review,Ci9DQUlRQUNvZENodHljRjlvT21OdWVWcHBOemxmWW1oZlNrZEtkbU5aTUV4eVNsRRAB
Yusuf PINAR,5.0,,3 days ago,2026-08-01,,"Dear Yusuf PINAR,

Thank you for taking the time to leave us your rating. We truly appreciate your support and are happy to know that you chose Rixos Premium Belek.

We look forward to welcoming you again for another pleasant stay.

Warm regards,

Rixos Premium Belek Hotel Management",Local Guide · 52 reviews · 5 photos,Ci9DQUlRQUNvZENodHljRjlvT21kWmRVZEpOV2wwYVdsc1NGQk1kVVZuWWs1TWIyYxAB
Eda Atacag,5.0,,3 days ago,2026-08-01,,"Dear Eda Atacag,

Thank you for your rating and for choosing Rixos Premium Belek. We appreciate your support and are pleased to know that you shared your experience with us.

We look forward to welcoming you back for another enjoyable stay.

Warm regards,

Rixos Premium Belek Hotel Management",1 photo,Ci9DQUlRQUNvZENodHljRjlvT21FeWVESmlMV3RGV1RGellVMVdWek5zUTBwbFpVRRAB
James Milbourn,5.0,"This hotel is beautiful. The service and food are incredible. It feels so spacious, even in the vast pool during the height of the summer. The partnership with The Land of Legends is a fantastic bonus. Guest relations ensure a perfect experience. They are in contact daily via a private chat to help with booking A La Carte restaurants, trips or small problems like forgotten chargers. Mediya and Aria were our guest relations contacts and we can’t thank them enough.",3 days ago,2026-08-01,,"ear James Milbourn,

Thank you very much for sharing your wonderful feedback. We are delighted to hear that you enjoyed your stay at Rixos Premium Belek and appreciated our services, cuisine, facilities, and guest relations support.

We are especially pleased to hear your kind words about Mediya and Aria. Your appreciation will be shared with them, as well as with our entire team.

Thank you for choosing Rixos Premium Belek. We look forward to welcoming you back for another memorable holiday experience.

Warm regards,

Rixos Premium Belek Hotel Management",,Ci9DQUlRQUNvZENodHljRjlvT2xsVFdqbHBhMDVHWXpacVYwMHRTSGRwUm5KQ1NuYxAB
Aziz J,5.0,,3 days ago,2026-08-01,,"Dear Guest,

Thank you for taking the time to leave us your rating. We truly appreciate your support and are pleased to know that you had a positive experience at Rixos Premium Belek.

We look forward to welcoming you back for another enjoyable stay.

Warm regards,

Rixos Premium Belek Hotel Management",Local Guide · 58 reviews · 41 photos,Ci9DQUlRQUNvZENodHljRjlvT2xGeFlqUnRiVVkxTkVVd1lYQjRXWEpOTjFZMlIzYxAB
Natavan Seyidmatova,5.0,Cox is a very nice hotel and has lovely staff.,3 days ago,2026-08-01,,"Dear Natavan Seyidmatova,

Thank you very much for your valuable feedback. We are very pleased that you had a pleasant experience at Rixos Premium Belek and were satisfied with the service of our team.

We would be delighted to welcome you again and help you create more beautiful memories.

Sincerely,

Rixos Premium Belek Hotel Management",,Ci9DQUlRQUNvZENodHljRjlvT2xFd1h6Vk5lVE5STlRsRGR6aEtOM3BLZW5sc1pVRRAB
Grace Charlie,5.0,Fantastic holiday. Amazing time and staff are amazing,3 days ago,2026-08-01,,"Dear Grace Charlie,

Thank you very much for your lovely feedback. We are delighted to hear that you had a fantastic holiday and enjoyed the warm hospitality of our team.

Your kind words are greatly appreciated and encourage us to continue providing memorable experiences for our guests.

We look forward to welcoming you back to Rixos Premium Belek for another wonderful stay.

Warm regards,

Rixos Premium Belek Hotel Management",1 review,Ci9DQUlRQUNvZENodHljRjlvT2twU2JEbGtXQzFxWmtwVFZIRmFUREZYUTI5dGNGRRAB
Lee Greenwood,5.0,Awesome holiday. Fantastic staff who are happy to help everyone!!!! Amazing!!!!!,3 days ago,2026-08-01,,"Dear Lee Greenwood,

Thank you very much for your wonderful feedback. We are delighted to hear that you had an awesome holiday and enjoyed the friendly and helpful approach of our team.

Your kind words are a great motivation for us. We look forward to welcoming you back to Rixos Premium Belek for another memorable stay.

Warm regards,

Rixos Premium Belek Hotel Management",3 reviews,Ci9DQUlRQUNvZENodHljRjlvT2tOM2NTMTVRVzFGZDE5RVZGQkdOMHQwVUdzMlQzYxAB
david sanjivi,5.0,"What a hotel resort! This is our first time in Turkey and very happy to have book Rixos Premium Belek.
The facilities are second to none, the restaurants are delicious but more importantly the bars and entertainment are brilliant!",3 days ago,2026-08-01,,"Dear David Sanjivi,

Thank you very much for sharing your wonderful feedback. We are delighted to hear that your first experience in Turkey and at Rixos Premium Belek was so enjoyable.

It is a pleasure to know that you appreciated our facilities, restaurants, bars, and entertainment options. Your kind words are greatly appreciated and motivate our team to continue creating memorable experiences for our guests.

We look forward to welcoming you back to Rixos Premium Belek for another fantastic holiday.

Warm regards,

Rixos Premium Belek Hotel Management",7 reviews,Ci9DQUlRQUNvZENodHljRjlvT2xWV2IwbFRValUzVlhSUWFtUm1ZazUyTlZwcVYwRRAB
Abdullah Alsarami,5.0,,3 days ago,2026-08-01,,"Dear Abdullah Alsarami,

Thank you for your rating and for sharing your appreciation with us. We are pleased to know that you had a positive impression of Rixos Premium Belek.

We hope to welcome you again soon and provide you with another enjoyable experience.

Warm regards,

Rixos Premium Belek Hotel Management",1 review,Ci9DQUlRQUNvZENodHljRjlvT21WRFowYzJYMkZMZEc4ek1YQnZlVzVEVGxSMmIwRRAB
Yara Saud,5.0,,3 days ago,2026-08-01,,"Dear Yara Saud,

Thank you for sharing your rating with us. We appreciate your support and are delighted to have been a part of your holiday experience at Rixos Premium Belek.

We look forward to welcoming you again and creating more memorable moments together.

Warm regards,

Rixos Premium Belek Hotel Management",2 reviews · 3 photos,Ci9DQUlRQUNvZENodHljRjlvT205alJXOTFkVmt3V1VaTU1tWmZTSEZQTkZCbFFXYxAB
Kevin Jinks,5.0,,3 days ago,2026-08-01,,"Dear Kevin Jinks,

Thank you for sharing your rating with us. We are delighted to have been a part of your holiday experience and appreciate your support.

We look forward to welcoming you back to Rixos Premium Belek and creating more memorable moments together.

Warm regards,

Rixos Premium Belek Hotel Management",2 reviews,Ci9DQUlRQUNvZENodHljRjlvT2xKMFgzTklSMHhyYmpkRmNUbE1hMnRUWXpGb2JtYxAB
Andrew MacInnes,5.0,,3 days ago,2026-08-01,,"Dear Andrew MacInnes,

Thank you for your rating and for choosing Rixos Premium Belek. We truly appreciate your support and hope to welcome you back for another pleasant stay in the future.

Warm regards,

Rixos Premium Belek Hotel Management",2 reviews · 2 photos,Ci9DQUlRQUNvZENodHljRjlvT2toMk9IY3RVRmRNT0dOcFpHRjJYemxwYjNkM2EyYxAB
Sedra. Atamleh,5.0,,3 days ago,2026-08-01,,"Dear Sedra Atamleh,

Thank you for your rating. We appreciate your support and are pleased to know that you chose Rixos Premium Belek.

We look forward to welcoming you again and providing you with another enjoyable stay.

Warm regards,

Rixos Premium Belek Hotel Management",,Ci9DQUlRQUNvZENodHljRjlvT2tadFdYQkVYMFk0VFRGR00zaFVVbVZUU2twM1psRRAB
Oran Ryan,5.0,Hotel overall very good and everything is up to standard! All staff in the hotel are very good and will definitely be back again.,3 days ago,2026-08-01,,"Dear Oran Ryan,

Thank you very much for your kind review. We are delighted to hear that you enjoyed your stay at Rixos Premium Belek and were satisfied with our services and the hospitality of our team.

Your appreciation means a lot to us. We look forward to welcoming you back for another enjoyable holiday experience.

Warm regards,

Rixos Premium Belek Hotel Management",,Ci9DQUlRQUNvZENodHljRjlvT2xkRlJtSjJSa3g1WW5VNFUyOURlVU0xYWtZMVRYYxAB
Erdem Dut,5.0,"Many thanks to Chef Mustafa, Ms. Güldane, and Ms. Fatmanur for providing us with a wonderful dinner at the à la carte restaurant. A big thank you also to Chef Cuma for the Italian à la carte. Looking forward to seeing you again next year.",3 days ago,2026-08-01,,"Dear Mr. Erdem Dut,

Thank you very much for your valuable feedback. We are very pleased that you enjoyed your experience in our evening restaurants and appreciated the hospitality of our team.

We will be happy to share your kind feedback regarding Chef Mustafa, Ms. Güldane, Ms. Fatmanur, and Chef Cuma with them.

We look forward to welcoming you back to Rixos Premium Belek next year.

Sincerely,

Rixos Premium Belek Hotel Management",,Ci9DQUlRQUNvZENodHljRjlvT2t0b1RGOXdWRGxGWmxCbU1XVk9abTUyYlZoU2VuYxAB
Илларион Волков,5.0,"Aksam restourant, waiter Aslan, thank you. It was amazing evening. Fantastic service, tasty food, nice atmosphere. I'm lovin this place, thank you!",3 days ago,2026-08-01,,"Dear Guest,

Thank you very much for your wonderful feedback. We are delighted to hear that you had a memorable evening and enjoyed the delicious food, pleasant atmosphere, and attentive service.

We are especially happy to hear your kind words about Aslan. Your appreciation will be shared with him and our team.

We look forward to welcoming you back to Rixos Premium Belek for more enjoyable moments.

Warm regards,

Rixos Premium Belek Hotel Management",1 review,Ci9DQUlRQUNvZENodHljRjlvT2pFek9GZFlOUzFCVkhaRVpGb3RUbnBvUkZaV2NsRRAB
M Michali-Stolarska,5.0,"A great hotel, it has everything you could possibly want. Great food, drinks fridges everywhere, restaurants open 24/7, and of course, everything is all-inclusive :) The service is polite and efficient. We'll definitely be back.",3 days ago,2026-08-01,,"Dear Guest,

Thank you very much for your wonderful review. We are delighted to hear that you enjoyed your stay at Rixos Premium Belek and appreciated our facilities, dining options, and attentive service.

Your kind words and intention to return mean a lot to us. We look forward to welcoming you back for another enjoyable holiday experience.

Warm regards,

Rixos Premium Belek Hotel Management",2 reviews · 1 photo,Ci9DQUlRQUNvZENodHljRjlvT21oa1JsOXRVSEF6WXpodVdIUlRSa0psWVVKb1dXYxAB
Margaux Boesmans,5.0,"The hotel is very nice. This is already the second year we have come here. All the staff are friendly; we have never had a bad interaction. The food here is delicious, and the additional restaurants are even better. Furthermore, there are plenty of recreational activities. Highly recommended.",3 days ago,2026-08-01,,"Dear Margaux Boesmans,

Thank you very much for your lovely review and for choosing Rixos Premium Belek for the second year in a row. We are delighted to know that you enjoyed our hospitality, delicious cuisine, restaurants, and activities.

Your kind words about our team are greatly appreciated and will be shared with them. We truly value your recommendation and look forward to welcoming you back for another wonderful stay.

Warm regards,

Rixos Premium Belek Hotel Management",3 reviews,Ci9DQUlRQUNvZENodHljRjlvT21Gd2IwWkRabGxmZWxwelZFNXpVVEJKYjFVeWRWRRAB
Huseyin Yildirim,5.0,The hotel is superb. The service quality and the staff's approach are excellent. The food is also very varied and delicious. I recommend it if you're looking for comfort.,Edited 3 days ago,2026-08-01,,"Dear Mr. Hüseyin Yıldırım,

Thank you for your valuable feedback.

We are very pleased that you enjoyed your time at Rixos Premium Belek. We would be delighted to welcome you again.

Sincerely,

Rixos Premium Belek Hotel Management",2 reviews,Ci9DQUlRQUNvZENodHljRjlvT210dFoydExkV1ptYVROUmNYSmtWMk5pTkVKMVkwRRAB
Карина Караханова,5.0,Very cool hotel! The food is delicious and the staff is very attentive 👌🏻🩷,3 days ago,2026-08-01,,"Dear Karina,

Thank you so much for your wonderful review. We are delighted that you enjoyed your stay at the Rixos Premium Belek and appreciated the quality of our cuisine and the attentive service of our team.

Your kind words are a great encouragement to us. We look forward to welcoming you back to our hotel and offering you new and enjoyable experiences.

Sincerely,

Rixos Premium Belek Hotel Management",1 review · 5 photos,Ci9DQUlRQUNvZENodHljRjlvT2tscFpWcElhbFZwVDFKWVRVaFRRVE56WlVkR01IYxAB
Yunus Yurtsever,5.0,"Our stay at Rixos Premium Belek was truly fantastic! From the moment we arrived, we were warmly received and immediately felt welcome.

The hotel is beautiful; the rooms are spacious, stylish, and spotlessly clean. The food is of exceptional quality, with plenty of variety and delicious dishes for everyone. The drinks and service are also of a high standard.

The staff is incredibly friendly, helpful, and goes out of their way to make your stay unforgettable. The swimming pools, the private beach, and the many activities ensure that neither adults nor children will ever be bored. Access to Land of Legends is a great extra for families. (Rixos)

We thoroughly enjoyed our holiday and will definitely be back. Highly recommended for anyone looking for luxury, comfort, and excellent service. Thank you, Rixos Premium Belek, for an unforgettable experience!",3 days ago,2026-08-01,,"Dear Mr. Yunus Yurtsever,

Thank you very much for your valuable comment and kind feedback. We are very happy that you had an unforgettable holiday experience at Rixos Premium Belek and that you were satisfied with our services.

We will be delighted to share your kind words with our team. We look forward to welcoming you again and helping you create new beautiful memories.

Sincerely,

Rixos Premium Belek Hotel Management",Local Guide · 103 reviews · 26 photos,Ci9DQUlRQUNvZENodHljRjlvT2s5amJrVlpWM0ppZVRsWlptVnBNa2RqWjJWQ1RtYxAB
alper Gök,1.0,"Shame on Rixos Belek! It's truly disgraceful to see your ""premium"" service concept being so negligent.

I took my 1-year-old son to the Baby Room, thinking it was safe. However, there were children around 12 years old inside without their parents, and one of them stepped on my son. This is a Baby Room, a safe area reserved for babies. How can children of this age be allowed to be unsupervised in an environment with babies?

Following the incident, I spoke with Ms. Sevgi, who claimed to be an authorized person. She told me that there is always staff on duty in the Baby Room. This was not true. She knew that there was no staff on duty at the time. In fact, she had to wait inside for a long time because no one came. This means there was neither a permanent staff member nor any supervision as claimed.

What if my son had been more seriously injured? Who would be held accountable? Such a huge negligence regarding child safety is unacceptable. If you charge premium prices and can't even provide the most basic safety measures, you can't call your service ""premium.""

We have photographs of what happened. I am writing this review not only to share the inconvenience we experienced, but also to warn families with babies in particular. There is a huge gap between the quality you describe in your advertisements and the reality you provide.

Lack of supervision, misinformation, and a lack of responsibility in an area designated for babies… This is an experience we absolutely did not expect from Rixos Belek, but unfortunately, we had to live through it firsthand.",3 days ago,2026-08-01,,"Dear Mr. Alper Gök,

First of all, we would like to express our regret for the negative experience you had.

Thank you for sharing your feedback with us. Guest feedback is of great importance to us, and the issue you raised will be carefully reviewed by our relevant departments.

We will conduct the necessary assessments based on your feedback and share it with our relevant teams to further improve our service quality.

We hope to welcome you back in the future and provide you with an even more positive experience.

Sincerely,

Rixos Premium Belek Management",Local Guide · 8 reviews · 6 photos,Ci9DQUlRQUNvZENodHljRjlvT2w5RVltVnZTelYzYTBOdVVIRnBXSEZvYUZwQkxXYxAB
Окsi,5.0,"I was there for the first time, I liked everything. My 7-year-old son also liked all the entertainment at the Rixy Club. Thank you to the whole team. I recommend it to everyone, it's an unforgettable family vacation.",Edited 3 days ago,2026-08-01,,"Dear Guest,

Thank you for choosing Rixos Premium Belek and for sharing your valuable feedback with us.

We are delighted to know that it was your first stay with us and that both you and your son enjoyed the activities at Rixy Kids Club. Creating memorable family experiences is one of our greatest priorities, and we are pleased to have been a part of your holiday.

Thank you for your kind recommendation. We look forward to welcoming you and your family back to Rixos Premium Belek for another unforgettable stay.

Kind regards,

Rixos Premium Belek Hotel Management",1 review · 4 photos,Ci9DQUlRQUNvZENodHljRjlvT205VmRYWkdZMGswVUhWQ1ZVZGZMVU5OTURaTVkzYxAB
Shahin Aliyev,5.0,Everything was very sad.,Edited 3 days ago,2026-08-01,,,,Ci9DQUlRQUNvZENodHljRjlvT25ScWJXcGpVM0V5T0VKUGJrZEVUWEZFU0ZCVlJHYxAB
Meleyke Eliyeva,5.0,,3 days ago,2026-08-01,,"Dear Meleyke Eliyeva,

Thank you for your rating and for choosing Rixos Premium Belek. We truly appreciate your support and hope to have the pleasure of welcoming you back for another wonderful stay.

Warm regards,

Rixos Premium Belek Hotel Management",,Ci9DQUlRQUNvZENodHljRjlvT21sM01qQlRNblZCZGkxQk0ydEdWRXRWYzJwcVNVRRAB
Anoushka Norda,5.0,"I love this hotel, the people, the food and the service. I have visited before and I will be back!",3 days ago,2026-08-01,,"Dear Anoushka,

Thank you for your lovely review and for choosing Rixos Premium Belek.

We are delighted to know that you enjoyed our hotel, team, food, and service. It is a great pleasure to welcome returning guests, and we truly appreciate your loyalty.

We look forward to welcoming you back for another wonderful stay.

Kind regards,
Rixos Premium Belek Hotel Management",6 reviews · 2 photos,Ci9DQUlRQUNvZENodHljRjlvT2xaRlYzVmlUV3h2VEVRdFVYTkxaMW95T1dWc2FGRRAB
Zahraa Al Aassam,5.0,"Our experience at the Rixos Kids Club was absolutely wonderful! Both of my daughters had the most amazing time and looked forward to going back every single day. The activities were fun, engaging, and perfectly organized, making every moment enjoyable for the children.
The carers are truly exceptional, kind, patient, caring, and attentive. A very special thank you to Hazem, who went above and beyond to make my daughters feel happy, safe, and welcomed. His warm personality, energy, and genuine care for the children really stood out and made a lasting impression on our family.
Thank you to the entire Kids Club team for creating such a fantastic environment. It's comforting as a parent to know your children are having so much fun while being looked after by such amazing people. We can't wait to come back!",Edited 4 days ago,2026-07-31,,"Dear Zahraa Al Aassam,

Thank you for choosing Rixos Premium Belek and for your valuable rating.

We truly appreciate your support and are pleased to know that you had a positive experience with us. Your satisfaction is our greatest motivation.

We look forward to welcoming you back to Rixos Premium Belek in the future.

Kind regards,

Rixos Premium Belek Hotel Management",Local Guide · 13 reviews,Ci9DQUlRQUNvZENodHljRjlvT21sYVVVTkpaak5HT1V4R1lqZG1iM2t3TUVVd01WRRAB
Julia Atanova,5.0,,4 days ago,2026-07-31,,"Dear Julia,

Thank you for your five-star rating and for choosing Rixos Premium Belek.

We truly appreciate your support and look forward to welcoming you back for another wonderful stay.

Kind regards,
Rixos Premium Belek Hotel Management",Local Guide · 48 reviews · 195 photos,Ci9DQUlRQUNvZENodHljRjlvT204NFZFOVBXVWRZY1RoSk1HVkhRbXR5TlY4MU9WRRAB
Ahmet Umut Korkmaz,5.0,"Everything about the hotel has been top-notch for years. The restaurant, in particular, was fantastic; the staff's friendliness, attentive service, and recommendations for food and drinks were wonderful. The food was delicious, you have to experience it to understand.",Edited 4 days ago,2026-07-31,,"Dear Mr. Ahmet Umut Korkmaz,

Thank you for your valuable feedback.

We are very pleased that you appreciated our commitment to quality at Rixos Premium Belek, and especially your experience at the Evening Restaurant. We will share your kind words about our team with them.

We would be delighted to welcome you again.

Sincerely,
Rixos Premium Belek Hotel Management",1 review,ChdDSUhNMG9nS0VJQ0FnSUNPajVuSWpRRRAB
Mehmet Korkmaz,5.0,We had a wonderful holiday. All the dining areas were beautiful. We especially loved the Evening Restaurant. Many thanks to Mr. Mustafa for his attention and recommendations.,4 days ago,2026-07-31,,"Dear Mr. Mehmet Korkmaz,

Thank you for your valuable feedback.

We are pleased to learn that you were satisfied with your experience at Akşam Restaurant. We will share your kind words about Mr. Mustafa with him.

We would be delighted to welcome you back to Rixos Premium Belek.

Sincerely,
Rixos Premium Belek Hotel Management",3 reviews · 3 photos,Ci9DQUlRQUNvZENodHljRjlvT21salQyUkNWelIxYXkxdlN6WXlPWGxpU2toT2NsRRAB
Cindy Beerenbrock,5.0,We are very satisfied with the service and lack nothing; we never had to wait long. We were always treated quickly and very courteously. Thank you for that.,4 days ago,2026-07-31,,"Dear Cindy,

Thank you so much for your positive review and for taking the time to share your experience with us.

We are delighted that you were satisfied with our service and felt well looked after during your stay. We will gladly pass on your praise for the prompt and attentive service to our team.

We look forward to welcoming you back to the Rixos Premium Belek soon.

Sincerely,

Rixos Premium Belek Hotel Management",2 reviews,Ci9DQUlRQUNvZENodHljRjlvT21STlkyTm9iakJZUjNsNmNqWnVaMkp5VTNsamJWRRAB
Sophia Kourt,5.0,,4 days ago,2026-07-31,,"Dear Sophia,

Thank you for your five-star rating and for choosing Rixos Premium Belek.

We truly appreciate your support and look forward to welcoming you back for another wonderful stay.

Kind regards,
Rixos Premium Belek Hotel Management",Local Guide · 10 reviews · 4 photos,Ci9DQUlRQUNvZENodHljRjlvT2xWYVpXMHlXbVpSTWxCbE4zUnBXa0l4TTA4eVJtYxAB
Beautytechnik GmbH Apparative Kosmetik,5.0,"⭐⭐⭐⭐⭐ An unforgettable stay at the Rixos Premium Belek

We had a wonderful time at the Rixos Premium Belek and can wholeheartedly recommend this hotel.

We received a warm welcome upon arrival. Throughout our entire stay, the staff was exceptionally friendly, attentive, and always ready to help. As a guest, you truly feel welcome and well cared for.

Our room was superb – very modern, spacious, and, most importantly, spotlessly clean every single day. The housekeeping service did an excellent job, ensuring we felt comfortable at all times.

We would also like to give special mention to the spa area. The massage with Rustan was by far one of the best massages we have ever had. His professionalism, experience, and pleasant manner provided complete relaxation. Anyone visiting the spa should definitely not miss a treatment with Rustan.

The entire hotel grounds are beautifully maintained, and the food offers a wide selection and impresses with its high quality. Whether it's the restaurants, bars, or the pool and beach area – everywhere you look, you can tell that great emphasis is placed on service and quality.

Many thanks to the entire team at the Rixos Premium Belek for this unforgettable vacation. We felt completely at ease and will definitely be back.

A clear 5 out of 5 stars – highly recommended!",4 days ago,2026-07-31,,"Dear Guests,

Thank you so much for your detailed and heartfelt review and for your recommendation.

We are delighted to hear that you thoroughly enjoyed your stay at the Rixos Premium Belek and felt exceptionally well cared for from arrival to departure. Your kind words about our team, service, cleanliness, and facilities are a great source of motivation for us.

We especially appreciate your recognition of our spa team and Rustan. We will gladly share your kind words with him.

We look forward to welcoming you back to the Rixos Premium Belek soon and creating more unforgettable holiday moments for you.

Sincerely,

Rixos Premium Belek Hotel Management",Local Guide · 10 reviews,Ci9DQUlRQUNvZENodHljRjlvT2xKS2FtSllaWGxEUlcxeWRsOUVjMW80T1hOWFgzYxAB
aslı celayer,5.0,Miss Mediyah was very friendly and kind. Thank you very much.,4 days ago,2026-07-31,,"Dear Ms. Aslı Celayer,

Thank you for your valuable feedback.

We would be delighted to share your kind words about Ms. Mediya from our Guest Relations team with her. We greatly appreciate her friendly and attentive approach to our guests.

We would be pleased to welcome you back to Rixos Premium Belek.

Sincerely,
Rixos Premium Belek Hotel Management",,Ci9DQUlRQUNvZENodHljRjlvT2t0eGRIcFFaRTA0T1VKTE9HWkhNVjlETm5WTVYyYxAB
Emma Schogger,5.0,"Amazing location, staff so attentive, Media so helpful and welcoming. We are having the best time. Best drinks and helpful staff. The hotel is huge but amazing.",4 days ago,2026-07-31,,"Dear Emma,

Thank you for your kind review and for choosing Rixos Premium Belek.

We are delighted to know that you are enjoying your stay and that our team, especially Mediya, has contributed to making your experience special. Your kind words are greatly appreciated and will be shared with her.

We look forward to continuing to provide you with wonderful moments throughout your holiday.

Kind regards,
Rixos Premium Belek Hotel Management",,Ci9DQUlRQUNvZENodHljRjlvT2xORFZVODVOVjl1ZFZCWVZXd3piMnQ0VjNScVJXYxAB
Sandy Schogger,5.0,,4 days ago,2026-07-31,,"Dear Sandy Schogger,

Thank you for your five-star rating and for choosing Rixos Premium Belek.

We truly appreciate your support and look forward to welcoming you back for another wonderful stay.

Kind regards,
Rixos Premium Belek Hotel Management",,Ci9DQUlRQUNvZENodHljRjlvT21kbFZtTnFlVmh2ZDAxc00ybHNkR0Z2T1drMlZsRRAB
Hanifi Kürklü,5.0,,4 days ago,2026-07-31,,"Dear Guest,

Thank you for your valuable five-star review and for choosing Rixos Premium Belek.

Your support is very valuable to us. We would be delighted to welcome you again in the future.

Sincerely,
Rixos Premium Belek Hotel Management",3 reviews,Ci9DQUlRQUNvZENodHljRjlvT2tsVlluTXlVSFpwV1daTFNUSXhXR3RCWjFsME5YYxAB
Atakan Kundak,5.0,,4 days ago,2026-07-31,,"Dear Mr. Atakan,

Thank you for your valuable five-star review and for choosing Rixos Premium Belek.

Your support is very valuable to us. We would be happy to welcome you again in the future.

Sincerely,
Rixos Premium Belek Hotel Management",3 reviews,Ci9DQUlRQUNvZENodHljRjlvT2pWcVYwZE5NSEo2ZDNFdFUzbGpSV1F4YVU1bFdIYxAB
Денис Колючий,5.0,Super hotel,4 days ago,2026-07-31,,"Dear Denis,

Thank you for your excellent rating and for choosing Rixos Premium Belek.

We are delighted that you enjoyed your stay. We look forward to welcoming you back for more wonderful experiences.

Sincerely,
Rixos Premium Belek Hotel Management",2 reviews,Ci9DQUlRQUNvZENodHljRjlvT2tOUlZrMUxWVFZ3WlhsalNHeFhhbVZHZWpKMlZrRRAB
Maxim Fedeczko,5.0,"Our stay at Rixos Premium Belek exceeded every expectation and was, without question, the best all-inclusive holiday we have experienced in Turkey. Every aspect of the resort was exceptional, from the outstanding facilities to the incredible service provided by the staff.

The restaurants were a real highlight, with Akşam, the Italian and the Pan Asian all delivering restaurant-quality food, beautifully prepared with fresh ingredients. The service was equally outstanding. A special thank you to Ayşe in the Italian restaurant, Alpaslan at Akşam, and the manager at the Pan Asian restaurant, who all went above and beyond to make every meal feel special. Their warmth, professionalism and genuine care made a lasting impression.

The pool areas were spacious and never felt crowded, even with the hotel at full capacity. The beach bar was another favourite, serving fantastic drinks alongside brilliant live music each afternoon – the perfect place to unwind after time in the sun. The beach itself was great, and we never struggled to find excellent sunbed positions.

Our daughter loved the Rixy Kids Club, the water park and the complimentary arcade, while the excellent on-site gym was equipped with top-of-the-range equipment. Another wonderful touch was the Godiva Chocolate Café, where enjoying premium chocolates, cakes and chocolate fondue felt like a true luxury.

Our room was spacious, comfortable and well-equipped, with both a rainfall and a powerful shower, Nespresso machine and a fully stocked complimentary minibar. Every member of staff we encountered was friendly, professional and eager to help, and the WhatsApp concierge service was a fantastic idea that made requesting anything quick and effortless.

Thank you to everyone at Rixos Premium Belek for making our holiday so memorable. Your hard work, attention to detail and genuine hospitality made all the difference. We would recommend this hotel without hesitation and cannot wait to return.",4 days ago,2026-07-31,,"Dear Maxim,

Thank you for sharing your wonderful review and for choosing Rixos Premium Belek.

We are delighted to know that you had such a memorable stay and enjoyed our facilities, dining experiences, and the service provided by our team.

Your kind words about Ayşe, Alpaslan and restaurant team are greatly appreciated. We will be happy to share your compliments with them.

Thank you for your valuable recommendation. We look forward to welcoming you and your family back to Rixos Premium Belek for another unforgettable holiday.

Kind regards,
Rixos Premium Belek Hotel Management",9 reviews · 1 photo,Ci9DQUlRQUNvZENodHljRjlvT2psMFUwcGlPVGgxTUZwWlZFdG9NazQ1VEdSMmRWRRAB
Emiljano Kapllani,5.0,We really liked this hotel,4 days ago,2026-07-31,,"Dear Emiljano,

Thank you for your kind review and for choosing Rixos Premium Belek.

We are delighted to know that you enjoyed your stay with us. We look forward to welcoming you back for another pleasant experience.

Kind regards,
Rixos Premium Belek Hotel Management",,Ci9DQUlRQUNvZENodHljRjlvT2pOU2IzbHJMVk5sV0VoaVptbDRhRXMxYldoTWNtYxAB
onur gokyer,5.0,We were very pleased.,4 days ago,2026-07-31,,"Dear Mr. Onur Gökyer,

Thank you for your valuable feedback.

We are delighted to know that you left Rixos Premium Belek satisfied. We would be pleased to welcome you again in the future.

Sincerely,
Rixos Premium Belek Hotel Management",,Ci9DQUlRQUNvZENodHljRjlvT21obE5qZDZWMGR4TmkxclgzSlZhakpFTWxCSlUyYxAB
Zsuzsanna Ravichandran,5.0,"Amazing hotel with exceptional service and hospitality. Travelling and having vacation with 2 kids (4 & 6 years old)…. Having Rixy Kids Club seriously saves the holiday. The activities, the workshops, the people working for the kid’s entertainment are beyond expectations. Special thanks to everyone at Rixy who made these couple of days unforgettable for Teddy & Sofie.",4 days ago,2026-07-31,,"Dear Zsuzsanna,

Thank you for your kind review and for choosing Rixos Premium Belek.

We are delighted to know that you enjoyed our hospitality and that Rixy Kids Club made your family holiday more enjoyable. Your special words for our Rixy team are greatly appreciated, and we will be happy to share your compliments with them.

We look forward to welcoming you and your family back again.

Kind regards,
Rixos Premium Belek Hotel Management",Local Guide · 13 reviews · 35 photos,Ci9DQUlRQUNvZENodHljRjlvT2pGTlVVaGhhVEJHYkVGck1tVndOMFYzZEZoU1MwRRAB
karen jones (jonie),5.0,"We had an amazing stay at Rixos Premium Belek! Everything exceeded our expectations—from the beautiful hotel and excellent facilities to the delicious food and outstanding service. The staff were always friendly, welcoming, and made us feel at home throughout our stay.

A special thank you to Berkhan (I hope I spelled your name correctly!), one of the lifeguards. He was absolutely amazing with the kids—so kind, patient, and full of positive energy. He always made them feel safe while also making their time at the pool so much more fun. It’s clear that he genuinely cares about the guests, especially the children, and his dedication really stood out.

Thank you, Berkhan, for helping make our holiday even more memorable. We would highly recommend Rixos Premium Belek and would love to return in the future!",4 days ago,2026-07-31,,"Dear Guest,

Thank you for your valuable feedback and for sharing your wonderful experience with us.

We are pleased to hear that you enjoyed your stay, our facilities, cuisine, and the service provided by our team. Your kind words about Berkhan will be shared with him.

Thank you for your recommendation. We would be delighted to welcome you and your family again at Rixos Premium Belek for another enjoyable stay.

Kind regards,

Rixos Premium Belek Hotel Management",,Ci9DQUlRQUNvZENodHljRjlvT2tsalNXOVlaRWc1V0dWcFZXRmxXRU5rYXpRd1lVRRAB
Bengü Şimşek,5.0,"We were very pleased, everything was great.",4 days ago,2026-07-31,,"Dear Bengü Şimşek,

Thank you for your valuable feedback.

We are delighted to know that you enjoyed your stay at Rixos Premium Belek and that you had a pleasant holiday.

We would be pleased to welcome you again in the future.

Sincerely,
Rixos Premium Belek Hotel Management",,Ci9DQUlRQUNvZENodHljRjlvT20xbFoxTm1aVXB1WTNGZlUyeFJZekV3WDFWM2JrRRAB
adasmk 1,5.0,,4 days ago,2026-07-31,,"Dear Guest,

Thank you for your five-star rating and for choosing Rixos Premium Belek.

We truly appreciate your support and are delighted to know that you had a pleasant experience with us.

We look forward to welcoming you back for another wonderful stay.

Kind regards,
Rixos Premium Belek Hotel Management",2 reviews,Ci9DQUlRQUNvZENodHljRjlvT205dGIyWklaVE0xZFY5T1NVcGpOblpRVUZwcGMzYxAB
Ersin Gezer,5.0,We were very pleased with the guest relations and HR.,4 days ago,2026-07-31,,"Dear Guest,

Thank you for your valuable feedback.

We are very pleased that you were satisfied with the service you received from our Guest Relations team. We will gladly share your kind comments with our team.

We would be delighted to welcome you back to Rixos Premium Belek.

Sincerely,

Rixos Premium Belek Hotel Management",2 reviews,Ci9DQUlRQUNvZENodHljRjlvT2tad2IwOUhhMll0ZFVvdE56WktSbkJxUTFaMFlsRRAB
Suleyman Atayev,5.0,,4 days ago,2026-07-31,,"Dear Guest,

Thank you for your valuable feedback.

We are pleased that you chose Rixos Premium Belek and gave us a perfect score. We look forward to welcoming you again soon.

Sincerely,

Rixos Premium Belek Hotel Management",,Ci9DQUlRQUNvZENodHljRjlvT25Cb1dHSkxRbGM1ZUZwQlVGUjFjelJFU1dSaVVGRRAB
Sefa Şahin,5.0,We would like to thank Mr. Sebastian and Ms. Anita for their interest.,4 days ago,2026-07-31,,"Dear Guest,

Thank you for your valuable feedback.

We were very pleased to hear your kind words about Mr. Sebastian and Ms. Anita. We will gladly share your positive comments with them and our team.

We would be delighted to welcome you back to Rixos Premium Belek.

Sincerely,

Rixos Premium Belek Hotel Management",2 reviews · 4 photos,Ci9DQUlRQUNvZENodHljRjlvT25GSWFtWlFjbXBrTlVObVRGUmxPR1ZHVTNOc2RHYxAB
Ahsen Sahin,5.0,,4 days ago,2026-07-31,,"Dear Guest,

Thank you for your valuable feedback.

We are pleased that you chose Rixos Premium Belek and gave us a perfect score. We look forward to welcoming you again soon.

Sincerely,

Rixos Premium Belek Hotel Management",1 photo,Ci9DQUlRQUNvZENodHljRjlvT21OclFqbGFSbnA2WjNOM01qbDNSM05NUW5OdFgyYxAB
Kubra isik,5.0,"We were very well received by Mrs. Anita. A very friendly lady with a beautiful smile. At the beach, we were welcomed by Mr. Sebastian, and this was also very good because we didn't have to wait a minute and immediately got a private spot. Everything here was tip-top! Wonderful place!! We recommend it to everyone! 🤩",4 days ago,2026-07-31,,"Dear Guest,

Thank you very much for your wonderful feedback.

We are delighted to hear that you had such an enjoyable experience and that the service provided by Anita and Sebastian made your stay even more memorable. Your kind words will be shared with them and the entire team.

We truly appreciate your recommendation and look forward to welcoming you back to Rixos Premium Belek.

Kind regards,

Rixos Premium Belek Hotel Management",1 review,Ci9DQUlRQUNvZENodHljRjlvT2s1MldWUXhhM2szYzFKVlJrSXlOMk51UTNCbWVYYxAB
Ludmila Zinovieva,5.0,"Rixos Premium Belek has been our family’s favorite resort for many years.

Over time, it has become much more than just a holiday destination—it’s a place filled with wonderful memories and family traditions. Every visit feels special thanks to the genuine hospitality, impeccable service, stunning green surroundings, beautiful beach, and the warm atmosphere that makes you want to come back again and again.

What we truly appreciate is that the resort continues to evolve and improve while maintaining the exceptional standards that made us fall in love with it years ago.

A heartfelt thank you to the entire Rixos Premium Belek team for your attention to every detail and for creating unforgettable experiences for your guests. Places like this become a part of your family’s story.

And a very special thank you to Mr. Özgür and the entire Mykorini team for making my son’s birthday celebration so memorable. Your exceptional hospitality, attention to every detail, and genuine care made this day truly unforgettable for us.",4 days ago,2026-07-31,,"Dear Ludmila,

Thank you very much for your heartfelt review and for your continued loyalty to Rixos Premium Belek.

It is a true pleasure to know that our resort has become such a special place for your family over the years. Your kind words about our hospitality, service, and atmosphere mean a great deal to us. We are especially grateful for your recognition of Mr. Özgür and the Mykorini team, and we will be delighted to share your compliments with them.

We sincerely appreciate your trust and look forward to welcoming you and your family back for many more memorable holidays.

Kind regards,

Rixos Premium Belek Hotel Management",5 reviews · 22 photos,Ci9DQUlRQUNvZENodHljRjlvT21WUU1WWmxYMkpZTUVKUmJtZGtNV1ZUVVhBeFNVRRAB
Nadine Bourji,5.0,Great facility and service,4 days ago,2026-07-31,,"Dear Guest,

Thank you for your kind feedback.

We are delighted to hear that you enjoyed our facilities and service. Your positive comments are greatly appreciated.

We look forward to welcoming you back to Rixos Premium Belek.

Kind regards,

Rixos Premium Belek Hotel Management",10 reviews,Ci9DQUlRQUNvZENodHljRjlvT25keGJ6ZDRMVGxqYmpOM1dqaHdibXB5VTNwTVJVRRAB
araz can,5.0,"Everything is beautiful, everything is wonderful.",4 days ago,2026-07-31,,"Dear Guest,

Thank you for your valuable feedback.

We are delighted that you enjoyed your time at Rixos Premium Belek. We would be delighted to welcome you again.

Sincerely,

Rixos Premium Belek Hotel Management",1 review,Ci9DQUlRQUNvZENodHljRjlvT205SmFGZHZNR1JDVUhKSldYRnpSVGsyVFVGM2NIYxAB
Stephanie Kieu,5.0,"A wonderful holiday. This is our sixth time here, and we always love coming back. There's absolutely nothing to complain about. The food, the restaurants, and the service are exceptional. The cabana service with Sebastian is also outstanding. Furthermore, the Exclusive Sports Club is perfect. The trainers are always friendly, and the sports program has something for everyone. We'll definitely be back.",4 days ago,2026-07-31,,"Dear Stephanie,

Thank you so much for your wonderful review and your continued loyalty to Rixos Premium Belek.

We are delighted that you have stayed with us for the sixth time and enjoyed another wonderful stay. We truly appreciate your praise for our service, cuisine, and team. We are especially pleased by your kind words about Sebastian and the Exclusive Sports Club.

We look forward to welcoming you back soon and creating more unforgettable moments for you.

Sincerely,

Rixos Premium Belek Hotel Management",4 reviews · 1 photo,Ci9DQUlRQUNvZENodHljRjlvT2s5RGJrTjNSbG96UkhOVlpUWjVYMjlmTVZCUlVXYxAB
ONUR AYBEK,5.0,,4 days ago,2026-07-31,,"Dear Guest,

Thank you for your valuable feedback.

We are pleased that you chose Rixos Premium Belek and we would be happy to welcome you again.

Sincerely,

Rixos Premium Belek Hotel Management",,Ci9DQUlRQUNvZENodHljRjlvT21vMVEwcDRTbnA2V0dwQlpqSkNVR3hxYVhkU2NsRRAB
Ghadeer.J,5.0,"The hotel is absolutely fantastic, and all the staff are incredibly friendly and helpful. It was a truly exceptional stay, and we will definitely return, God willing.",4 days ago,2026-07-31,,"Dear Guest,

Thank you for your valuable feedback.

We are delighted to hear that you enjoyed your stay and our team’s hospitality. We truly appreciate your kind words and look forward to welcoming you again at Rixos Premium Belek.

Kind regards,

Rixos Premium Belek Hotel Management",Local Guide · 44 reviews · 42 photos,Ci9DQUlRQUNvZENodHljRjlvT2xnMGJubHBkVUZXWTNwbE5UVm1aRzg1Ym1sSVUxRRAB
Abi Munro,5.0,Hotel overall very clean and staff are very friendly. There is a lot of food options available for adults and kids and great activities and entertainment for all ages. Aria was very nice and made sure we had everything we needed and was full of chat. We will definitely be back again.,4 days ago,2026-07-31,,"Dear Guest,

Thank you for your valuable feedback.

We are delighted to hear that you enjoyed your stay and our team’s service. Your kind words about Aria will be shared with him.

We look forward to welcoming you again at Rixos Premium Belek.

Kind regards,

Rixos Premium Belek Hotel Management",2 reviews,Ci9DQUlRQUNvZENodHljRjlvT2tzelJGOTVSRVZHYmpKS2RXNXBXSGwwUlhkeVNrRRAB
Evangeline Pascua,5.0,Satisfied services and the hotel i very good,4 days ago,2026-07-31,,"Dear Guest,

Thank you for your positive feedback.

We are delighted to hear that you were satisfied with our services and enjoyed your stay at Rixos Premium Belek. Your kind words are greatly appreciated.

We look forward to welcoming you again in the future.

Kind regards,

Rixos Premium Belek Hotel Management",2 reviews,Ci9DQUlRQUNvZENodHljRjlvT21aTmFIQnNiR2h3UVZaV01WSk5kV1F3YUU1TmNHYxAB
maryam safari,5.0,"I was very pleased with everything. Guest relations agent Aria was very helpful. Overall, we really liked the food and the service.",5 days ago,2026-07-30,,"Dear Guest,

Thank you for your valuable feedback.

We are very pleased that you enjoyed your stay and our services. We will pass on your kind comments about Mr. Aria to him and our team.

We would be delighted to welcome you back to Rixos Premium Belek.

Sincerely,

Rixos Premium Belek Hotel Management",1 review,Ci9DQUlRQUNvZENodHljRjlvT25SSWFFY3lRM3BUYUd4c1kwNDFabWx5ZDA1UlRuYxAB
Joh ro,5.0,"Fantastic hotel, great service, very friendly and attentive waiters.

I can absolutely recommend this hotel!",5 days ago,2026-07-30,,"Dear Guest,

Thank you so much for your wonderful review.

We are delighted that you were satisfied with our hotel, the service, and the friendliness of our team. Your recommendation means a great deal to us.

We look forward to welcoming you back to the Rixos Premium Belek soon.

Sincerely,

Rixos Premium Belek Hotel Management",3 reviews,Ci9DQUlRQUNvZENodHljRjlvT25oS1gwOWphMkpQTkhGek9UVk9lWFJrYUhVNVVuYxAB
Гунел Эйвазова,5.0,"The hotel is very good, suitable for a comfortable stay.",5 days ago,2026-07-30,,"Dear guest,

Thank you for your positive review.

We are delighted that you found Rixos Premium Belek a comfortable place to relax. Your kind words are a great encouragement to us.

We look forward to welcoming you again and offering you new and enjoyable experiences.

Sincerely,

Rixos Premium Belek Hotel Management",1 review,Ci9DQUlRQUNvZENodHljRjlvT25CU2RqRmtPVzl6ZVVwNE1FRjJaMkZUWWtST1pFRRAB
Omneyah Abutarboush,5.0,"Our stay at the Rixos Belek was one of the most wonderful travel experiences we've had, and I can confidently say it's one of the best resorts I've ever visited. From the moment we arrived, the staff greeted us with a warm smile and a genuine welcome, reflecting their hospitality and commitment to guest comfort. Their professionalism and kindness were evident throughout our stay.

The hotel boasts a fantastic location and a pristine private beach with crystal-clear, refreshing seawater, making sitting by the sea or swimming an absolutely delightful experience. The water sports were among the most enjoyable aspects of our stay, offering activities like parasailing, banana boat rides, and other exciting pursuits that added a great deal of excitement to our vacation.

What I also appreciated was the availability of beverages almost everywhere within the resort. Whether you're looking for freshly squeezed juices, soft drinks, or chilled water, they are all readily available and of excellent quality, without any need to search or wait.

As for the restaurants and buffets, they are a story in themselves, showcasing exceptional creativity. The variety of food was amazing, with options to suit all tastes, from Turkish to international cuisine, as well as delicious desserts and fresh fruits, all presented in an elegant and clean manner.

If you are traveling with children, you will feel at ease because the hotel takes exceptional care of them. There are fun and varied children's programs throughout the day, and a dedicated kids' center equipped with modern games, recreational and educational activities, a fantastic water play area, and even childcare services supervised by a professional team, giving parents the opportunity to relax and enjoy their vacation with peace of mind.

The cleanliness in all hotel facilities is excellent, the service is prompt, and the atmosphere is elegant and comfortable. Every detail has been carefully considered to make guests feel luxurious and at ease simultaneously.

Thank you to the entire Rixos Belek team for this experience, which will remain one of our fondest memories. It was a truly complete vacation, and this resort will definitely be our first choice when we visit Antalya again. I recommend it to anyone looking for luxury, comfort, entertainment, and exceptional service all in one place.",5 days ago,2026-07-30,,"Dear Guest,

Thank you very much for your wonderful and detailed review.

We are truly honored by your kind words and delighted to know that your stay at Rixos Premium Belek was such a memorable experience. It is especially rewarding to hear that you enjoyed our hospitality, facilities, culinary offerings, beach, activities, and the dedicated service provided by our team.

Your appreciation is a great source of motivation for all of us. Thank you for recommending our resort, and we look forward to welcoming you back to Rixos Premium Belek for another unforgettable holiday.

Kind regards,

Rixos Premium Belek Hotel Management",Local Guide · 46 reviews · 318 photos,Ci9DQUlRQUNvZENodHljRjlvT2psNGNqWlJjbnBZZFhWU1IwaExUbFJ5VVdaU2RYYxAB
Ayşe,5.0,"The food was delicious and the hotel was very clean. It would have been great if there was an aqua park for the kids, or if we could go to Land of Legends not just once, but twice.",5 days ago,2026-07-30,,"Dear Ayşe,

Thank you for your valuable feedback.

We are delighted to hear your positive comments regarding our food, cleanliness, and overall experience. We have gladly noted your feedback and suggestions.

We would be happy to welcome you and your family back to Rixos Premium Belek in the future.

Sincerely,

Rixos Premium Belek Hotel Management",1 review,Ci9DQUlRQUNvZENodHljRjlvT201a1FXWjRXRVZLYTJ0dFFsOHlkbEp3TFV0WWFXYxAB
Елизавета Шерман,5.0,The hotel is a nice place to stay! Great variety of activities and really cheerful and friendly animators crew!,5 days ago,2026-07-30,,"Dear Guest,

Thank you for your wonderful feedback.

We are delighted to hear that you enjoyed your stay and appreciated our activities and the positive energy of our animation team. Your kind words are greatly appreciated and will be shared with our team.

We look forward to welcoming you again at Rixos Premium Belek.

Kind regards,

Rixos Premium Belek Hotel Management",2 reviews,Ci9DQUlRQUNvZENodHljRjlvT2pkb1RqbDBla055U2paWFYwSmhUV1ZyZWxGRlJtYxAB
Jay Zhu,5.0,"We have a wonderful time at Rixos. The Kids Club is definitely one of the highlights of our stay. The staff are very friendly, attentive, and genuinely caring. They take excellent care of our daughter, who is excited to go there every day from morning until evening. Knowing she's so happy and well looked after gives us the chance to truly relax, enjoy some quality time together, and make the most of our vacation.",5 days ago,2026-07-30,,"Dear Jay,

Thank you for your wonderful feedback.

We are delighted to hear that you and your family enjoyed your stay and that our Kids Club contributed to a memorable holiday. Your kind words about our team are greatly appreciated and will be shared with them.

We look forward to welcoming you back to Rixos Premium Belek.

Kind regards,

Rixos Premium Belek Hotel Management",Local Guide · 22 reviews · 5 photos,Ci9DQUlRQUNvZENodHljRjlvT2w5a2ExSlNZV2hPVTFVMGNWQm5SRU5tZDFRd2MxRRAB
Dana Ermukhanova,5.0,"Everything was great, delicious food and friendly staff.
The sea was excellent, easy access, and the beach was sandy.
There were plenty of sun loungers and plenty of activities for children.",5 days ago,2026-07-30,,"Dear Dana,

Thank you for your wonderful review.

We are delighted that you enjoyed your stay and appreciated our cuisine, the team's hospitality, the beach, and the family-friendly facilities. Your kind words are a great encouragement to our team.

We look forward to welcoming you back to Rixos Premium Belek and offering you new and enjoyable experiences.

Sincerely,

Rixos Premium Belek Hotel Management",2 reviews,Ci9DQUlRQUNvZENodHljRjlvT2kxSWQwZzRTR2h1YVhaTlRFMVlOSFJzWWtkNGFWRRAB
Orkhan Kalbiyev,5.0,,5 days ago,2026-07-30,,"Dear Orkhan,

Thank you for your rating and for choosing Rixos Premium Belek.

We truly appreciate your support and are pleased to know that you had a positive experience with us. We look forward to welcoming you again in the future for another memorable stay.

Kind regards,

Rixos Premium Belek Hotel Management",1 review,Ci9DQUlRQUNvZENodHljRjlvT201Q01YWkdWWEo2VUZCUWExUm5XWGhIVFZVNWRtYxAB
nigar eyvazova,5.0,,5 days ago,2026-07-30,,"Dear Nigar,

Thank you for your rating and for choosing Rixos Premium Belek.

We truly appreciate your support and are pleased to know that you had a positive experience with us. We look forward to welcoming you again in the future for another memorable stay.

Kind regards,

Rixos Premium Belek Hotel Management",,Ci9DQUlRQUNvZENodHljRjlvT2pFM2FISkxXbkZYVldkd1lWOWpURzlFUkc0MkxWRRAB
Aylin Farxadova,5.0,"You can really feel the animation team's enthusiasm, and it significantly improves the guests' experience. The sports activities were very engaging, and I had a great time. A huge thank you to the animation team member, Anastasia.",5 days ago,2026-07-30,,"Dear Aylin,

Thank you for sharing your experience.

We are delighted that you appreciated the energy of our animation team and enjoyed the sports activities. Your kind words to Anastasia will be sure to be passed on to her.

Thank you for choosing us, and we look forward to welcoming you back to Rixos Premium Belek for more wonderful experiences.

Sincerely,

Rixos Premium Belek Hotel Management",2 reviews,Ci9DQUlRQUNvZENodHljRjlvT2xGU1FWOVRPRWxzY0VRMVRIZ3RVV3RhYlZkd1RtYxAB
ss ss,5.0,Super hotel...good drinks...good staff,5 days ago,2026-07-30,,"Dear Guest,

Thank you for your positive feedback.

We are delighted to hear that you enjoyed our hotel, beverages, and the service provided by our team. Your kind words are greatly appreciated and encourage us to continue creating memorable experiences for our guests.

We look forward to welcoming you again at Rixos Premium Belek.

Kind regards,

Rixos Premium Belek Hotel Management",1 review,Ci9DQUlRQUNvZENodHljRjlvT2t0Zk5rTlpkR3c0YjBzNFUzTmZaVTQxTlhoWloyYxAB
Lujain Alam,5.0,,5 days ago,2026-07-30,,"Dear Lujain,

Thank you for rating your experience with us.

We truly appreciate your support and are pleased to know that you enjoyed your time at Rixos Premium Belek. We hope to have the pleasure of welcoming you back again in the future for another memorable stay.

Kind regards,

Rixos Premium Belek Hotel Management",10 reviews,Ci9DQUlRQUNvZENodHljRjlvT2poSVZtZFZWMjlEUmxsbFlYbGFRekIzVTFFMk5sRRAB
Ahmad Abdul Saheb,5.0,"I recently had the pleasure of staying at Rixos Antalya with my family, and it was truly an unforgettable experience, made even more special as we celebrated our 12-year anniversary. Traveling with my wife and our two daughters, we couldn’t have asked for a better getaway.

From the moment we arrived, the staff greeted us warmly and made us feel right at home. The resort is stunning, with immaculate grounds and breathtaking views of the sea. Our room was spacious, beautifully maintained, and perfect for a family stay. The attention to detail and cleanliness was exceptional.

The kids were thrilled with the pool and the various activities available for them, while my wife and I enjoyed some relaxing moments by the beach and indulging in the excellent dining options. The food exceeded our expectations, with a wide variety of delicious dishes that satisfied both adults and children.

Celebrating our anniversary there felt magical. The hospitality and the family-friendly atmosphere made our stay truly memorable. Rixos Antalya has given us wonderful memories, and we can’t wait to return for another family vacation. Highly recommended for anyone looking for a luxurious and welcoming getaway!",5 days ago,2026-07-30,,"Dear Ahmad Abdul Saheb,

Thank you for sharing your wonderful feedback and for choosing Rixos Premium Belek for such a special occasion.

We are delighted to know that you and your family had a memorable anniversary celebration and enjoyed your stay, our hospitality, and the overall experience. Your kind words about our team and services are greatly appreciated.

It was a pleasure to be part of your special memories, and we look forward to welcoming you and your family back to Rixos Premium Belek for another unforgettable stay.

Kind regards,

Rixos Premium Belek Hotel Management",Local Guide · 12 reviews · 1 photo,Ci9DQUlRQUNvZENodHljRjlvT201NVpEUktWMDh3Y21JeGRWTlRVa3cyVHpScWFYYxAB
Ayse aydan Sarıakcalı,5.0,,5 days ago,2026-07-30,,"Dear Ms. Ayse Aydan Sarıakcalı,

Thank you for choosing Rixos Premium Belek and for your valuable rating.

Your support and satisfaction are of great importance to us. We look forward to welcoming you back to Rixos Premium Belek in the future.

Sincerely,

Rixos Premium Belek Hotel Management",1 review,Ci9DQUlRQUNvZENodHljRjlvT21oalpFdGtRbHBQWVc1TmFrdElUV2RXVmxwSlpsRRAB
Aljwharah Aljwharah ak,5.0,"The place is very nice, especially for children. The kids' club has activities until 12 at night. The food is excellent and their service is great.",5 days ago,2026-07-30,,"Dear Guest,

Thank you for choosing Rixos Premium Belek and for sharing your valuable feedback.

We are delighted to know that you and your family enjoyed your stay, especially our facilities for children, dining experiences, and service. Your kind words are greatly appreciated and motivate our team to continue creating memorable holidays for our guests.

We look forward to welcoming you back to Rixos Premium Belek in the future.

Kind regards,

Rixos Premium Belek Hotel Management",1 review,Ci9DQUlRQUNvZENodHljRjlvT2tOdE1qRTNjekkxZFRWRFZITmZiV0ZxWmpreVVYYxAB
ALP ÜNAL,5.0,Everything is great.,5 days ago,2026-07-30,,"Dear Mr. Alp Ünal,

Thank you for choosing Rixos Premium Belek and for sharing your valuable feedback with us.

We are very pleased that you enjoyed your stay. The appreciation of our dedication to providing our guests with a high-quality and enjoyable holiday experience is a valuable source of motivation for our entire team.

We would be delighted to welcome you back to Rixos Premium Belek in the future.

Sincerely,

Rixos Premium Belek Hotel Management",3 reviews,Ci9DQUlRQUNvZENodHljRjlvT25Sd2MwMUtNSHBVZGxWUU9IbERWMkp6ZG5aWWNGRRAB
Jana Sinokrot,5.0,,5 days ago,2026-07-30,,"Dear Jana Sinokrot,

Thank you for choosing Rixos Premium Belek and for your valuable rating.

We truly appreciate your support and are pleased to know that you had a positive experience with us.

We look forward to welcoming you back for another memorable stay.

Kind regards,

Rixos Premium Belek Hotel Management",,Ci9DQUlRQUNvZENodHljRjlvT21wSlgyTXlWVWxqV2twUmFGbHJVVXhLYlhscU5YYxAB
Mustafa Khaleel,5.0,Rixos is one of the best hotels in Antalya 🇹🇷,6 days ago,2026-07-29,,"Dear Mr. Mustafa Khaleel,

Thank you very much for your wonderful review.

We are truly honored by your kind words and delighted to know that you consider Rixos Premium Belek to be one of the best hotels in Antalya.

Your appreciation means a great deal to our entire team and motivates us to continue providing exceptional service and unforgettable holiday experiences.

We look forward to welcoming you back again soon for another memorable stay.

Kind regards,

Rixos Premium Belek Management",2 reviews,Ci9DQUlRQUNvZENodHljRjlvT25VM1FWUktlVXBYTUVOdFdrcGthVmhJUnpOa1RFRRAB
Seba Ibrahim,5.0,Thank to Anita guest relation for the best service,6 days ago,2026-07-29,,"Dear Seba Ibrahim,

Thank you for choosing Rixos Premium Belek and for sharing your valuable feedback.

We are delighted to know that you were satisfied with the service provided by our Guest Relations team. Your special thanks to Anita are greatly appreciated, and we will be pleased to share your kind words with her.

We look forward to welcoming you back to Rixos Premium Belek in the future.

Kind regards,

Rixos Premium Belek Hotel Management",8 reviews,Ci9DQUlRQUNvZENodHljRjlvT21sMVgyVkdUeTEzZFdKV2NESm5aVWhoV1hkZmVuYxAB
Feray Kilic,5.0,Amazing Hotel! Staff are amazing especially Melisa! Highly recommended,6 days ago,2026-07-29,,"Dear Feray Kilic,

Thank you for choosing Rixos Premium Belek and for sharing your wonderful feedback.

We are delighted to know that you had an amazing stay and appreciated the service provided by our team. Your kind words about Melisa are especially appreciated, and we will be pleased to share your compliments with her.

We look forward to welcoming you back to Rixos Premium Belek for another memorable stay.

Kind regards,

Rixos Premium Belek Hotel Management",9 reviews,Ci9DQUlRQUNvZENodHljRjlvT2pJeE1qVXRia1o1TTBOVVdYUk1VVzF0WnpWRU5FRRAB
Ipek Kilic,5.0,"Fantastic stay, great hotel, lovely staff! 😊",6 days ago,2026-07-29,,"Dear Ipek Kilic,

Thank you for choosing Rixos Premium Belek and for sharing your kind feedback.

We are delighted to know that you had a fantastic stay and appreciated our hotel and team. Your kind words are greatly appreciated and motivate us to continue providing memorable experiences for our guests.

We look forward to welcoming you back to Rixos Premium Belek in the future.

Kind regards,

Rixos Premium Belek Hotel Management",2 reviews,Ci9DQUlRQUNvZENodHljRjlvT2s1NmFqRnBTSGgwVW5CckxYWm9aVWRRVlRSUWRuYxAB
Ecem Kilic,5.0,,6 days ago,2026-07-29,,"Dear Ms. Ecem Kilic,

Thank you for choosing Rixos Premium Belek and for your valuable rating.

Your support and satisfaction are of great importance to us. We look forward to welcoming you back to Rixos Premium Belek in the future.

Sincerely,

Rixos Premium Belek Hotel Management",9 reviews · 1 photo,Ci9DQUlRQUNvZENodHljRjlvT2xsSGRtTm9hRTQ0ZURCVU9WWm1SRkJyWDBGS2VIYxAB
Anita Jouhal,5.0,"Highly Recommend the Rixos Belek premium, it definitely is premium, the best experience we as a family have had. So warm and welcoming and staff are amazing carter to everyone’s needs and so friendly we will definitely be coming back.",6 days ago,2026-07-29,,"Dear Anita Jouhal,

Thank you for choosing Rixos Premium Belek and for sharing your wonderful feedback.

We are delighted to know that you and your family had such a memorable experience and appreciated our team’s warm hospitality and attentive service. Your kind words mean a lot to us and will be shared with our colleagues.

We truly appreciate your recommendation and look forward to welcoming you and your family back to Rixos Premium Belek in the future.

Kind regards,

Rixos Premium Belek Hotel Management",2 reviews,Ci9DQUlRQUNvZENodHljRjlvT2xBelRVNDJjMmhZZDA0d2NVOWhNVE10VkhCeVluYxAB
Pavanjeet Jouhal,5.0,"Amazing staff, great service and brilliant environment! Very pleased with experience",6 days ago,2026-07-29,,"Dear Pavanjeet Jouhal,

Thank you for choosing Rixos Premium Belek and for sharing your valuable feedback.

We are delighted to know that you enjoyed our service, the atmosphere of the resort, and the hospitality of our team. Your kind words are greatly appreciated and motivate us to continue delivering memorable experiences for our guests.

We look forward to welcoming you back to Rixos Premium Belek in the future.

Kind regards,

Rixos Premium Belek Hotel Management",2 reviews,Ci9DQUlRQUNvZENodHljRjlvT2pWdFV6VXdWRFp0V21GNlVVMTRjazFPVG14bllVRRAB
Nikita Jouhal,5.0,Amazing hotel would definitely recommend!,6 days ago,2026-07-29,,"Dear Nikita Jouhal,

Thank you for choosing Rixos Premium Belek and for sharing your kind feedback.

We are delighted to know that you enjoyed your stay and would recommend our hotel. Your appreciation means a lot to our team and motivates us to continue providing exceptional experiences for our guests.

We look forward to welcoming you back to Rixos Premium Belek in the future.

Kind regards,

Rixos Premium Belek Hotel Management",1 review,Ci9DQUlRQUNvZENodHljRjlvT2xObWRWcG1MVGhXWTA1WVowSmxXbmh1TVhSQmExRRAB
Mrs Main,5.0,Incredible resort with the most amazing staff! Will definitely be back!,6 days ago,2026-07-29,,"Dear Mrs Main,

Thank you for choosing Rixos Premium Belek and for sharing your wonderful feedback.

We are delighted to know that you enjoyed your stay and appreciated the service provided by our team. Your kind words are a great motivation for all of us.

We look forward to welcoming you back to Rixos Premium Belek for another memorable experience.

Kind regards,

Rixos Premium Belek Hotel Management",1 review · 1 photo,Ci9DQUlRQUNvZENodHljRjlvT2s1a01ua3dUMlJuUnkxR1ZIWXdVRVZEZG5sUVJXYxAB
Anass Mesrar,5.0,,6 days ago,2026-07-29,,"Dear Fatima Ezzahra El Habi,

Thank you for choosing Rixos Premium Belek and for your valuable rating.

We truly appreciate your support and are pleased to know that you had a positive experience with us.

We look forward to welcoming you back for another memorable stay.

Kind regards,

Rixos Hotels Management",6 reviews · 1 photo,Ci9DQUlRQUNvZENodHljRjlvT21VMlZtUlpNRnBSTkRoNlZtczRiV1p5ZEhsc2VXYxAB
A Google User,5.0,,6 days ago,2026-07-29,,"Dear Fatima Ezzahra El Habi,

Thank you for choosing Rixos Premium Belek and for your valuable rating.

We truly appreciate your support and are pleased to know that you had a positive experience with us.

We look forward to welcoming you back for another memorable stay.

Kind regards,

Rixos Hotels Management",,Ci9DQUlRQUNvZENodHljRjlvT2tOUFdsWktiRTV1VHkxalFrdE1aSFJMUWpoQk5IYxAB
Sara,5.0,perfect resort!,6 days ago,2026-07-29,,"Dear Sara,

Thank you for choosing Rixos Premium Belek and for sharing your kind feedback.

We are delighted to know that you had a pleasant experience at our resort. Your appreciation is a great motivation for our entire team.

We look forward to welcoming you back to Rixos Premium Belek in the future.

Kind regards,

Rixos Premium Belek Hotel Management",1 review,Ci9DQUlRQUNvZENodHljRjlvT2pSUWFFbFlWbmRUYW5aUVkwdzROa2QzZVVGQmVGRRAB
Nayahaj,5.0,,6 days ago,2026-07-29,,"Dear Nayahaj,

Thank you for choosing Rixos Premium Belek and for your valuable rating.

We truly appreciate your support and are delighted to know that you had a positive experience with us. Your satisfaction is our greatest motivation, and we look forward to welcoming you back for another memorable stay.

Kind regards,

Rixos Premium Belek Hotel Management",,Ci9DQUlRQUNvZENodHljRjlvT2pKUVR6SnBPVVJmU1RGWU1rTTFTRTVTU1d4dlJtYxAB
Nick Schogger,5.0,"Amazing location, great food, staff very attentive and the drinks are top class",6 days ago,2026-07-29,,"Dear Nick Schogger,

Thank you for choosing Rixos Premium Belek and for sharing your valuable feedback.

We are delighted to know that you enjoyed your stay and appreciated our service. Your kind words are greatly appreciated and will be shared with our team.

We look forward to welcoming you back to Rixos Premium Belek in the future.

Kind regards,

Rixos Premium Belek Hotel Management",7 reviews,Ci9DQUlRQUNvZENodHljRjlvT2t4TU9GaHZla3R6Y0hwSk0wRmFNREYzU0V0cFFuYxAB
Mashael Othman,5.0,,6 days ago,2026-07-29,,"Dear Guest,

Thank you for choosing Rixos Premium Belek and for your valuable rating.

We truly appreciate your support and are delighted to know that you had a positive experience with us. Your satisfaction is our greatest motivation, and we look forward to welcoming you back for another memorable stay.

Kind regards,

Rixos Premium Belek Hotel Management",11 reviews,Ci9DQUlRQUNvZENodHljRjlvT2xCSVNsQXdSVU5tYnpRNU1DMTBVbXBvYW5CbGQxRRAB
Gem Cavill,5.0,,6 days ago,2026-07-29,,"Dear Gem Cavill,

Thank you for choosing Rixos Premium Belek and for your valuable rating.

We truly appreciate your support and are delighted to know that you had a positive experience with us. Your satisfaction is our greatest motivation, and we look forward to welcoming you back for another memorable stay.

Kind regards,

Rixos Premium Belek Hotel Management",3 reviews,Ci9DQUlRQUNvZENodHljRjlvT25sMk5GQmZXbk5SZURKRFYybEpjVW94VlRkelptYxAB
Hassoon Jaber,5.0,"We had a wonderful stay at Rixos Premium Belek as a family of five, and overall it was an excellent holiday.

The hotel itself is beautiful, with outstanding facilities, excellent food, and a great variety of restaurants. Everything is very well maintained, and there are plenty of activities for both adults and children. The service throughout the resort was consistently friendly and professional, making us feel welcome from the moment we arrived.

Our only disappointment was the room. We had originally booked a spacious 90 m² suite with two bathrooms at Rixos Park, but after being upgraded to Rixos Premium, we were assigned a much smaller family room with only one bathroom. While we genuinely appreciated the upgrade to the Premium resort, the room was less practical for a family of five. We also experienced an issue with the air conditioning, although the technical team responded promptly.

What really stood out was the way the Guest Relations team handled our concerns. A very special thank you to Elena, who was in contact with us throughout our stay. She checked room availability every day, kept us updated, always responded with kindness and professionalism, and although the hotel was fully booked and a room change wasn’t possible, she arranged a complimentary late check-out for us, which made our departure day much more comfortable. Her genuine care and dedication truly made a difference.

Despite the room issue, we had an amazing holiday and would happily return. Thank you to the entire Rixos Premium Belek team for making our family vacation so enjoyable!",6 days ago,2026-07-29,,"Dear Hassoon Jaber,

Thank you for choosing Rixos Premium Belek and for sharing your valuable feedback.

We are delighted to know that you and your family enjoyed your holiday, our facilities, dining experiences, and the welcoming atmosphere of our resort. Your kind words about our team’s service are greatly appreciated.

We are especially pleased to hear that Elena from our Guest Relations team supported you throughout your stay and made a positive difference with her attentive approach. We will gladly share your compliments with her.

Thank you once again for your feedback. We look forward to welcoming you and your family back to Rixos Premium Belek for another memorable stay.

Kind regards,

Rixos Premium Belek Hotel Management",Local Guide · 12 reviews · 29 photos,Ci9DQUlRQUNvZENodHljRjlvT2tsQ01VdFliMUF3WkRWSmRHSmpkRlZaVWtwcmJYYxAB
bourgi hussein,5.0,Good experience,6 days ago,2026-07-29,,"Dear Guest,

Thank you for your kind feedback. We are delighted to know that you had a good experience at Rixos Premium Belek.

It was a pleasure to have you as our guest, and we look forward to welcoming you back for another memorable stay.

Kind regards,
Rixos Premium Belek Hotel Management",1 review,Ci9DQUlRQUNvZENodHljRjlvT2kxU1JXbHBNRlpUTjBJd1pHOWtVbE5uTjAxaU1WRRAB
Ben Gorry,5.0,AIZIREK was fantastic and the service was top class,6 days ago,2026-07-29,,"Dear Ben Gorry,

Thank you for choosing Rixos Premium Belek and for sharing your valuable feedback with us.

We are delighted to hear that you were pleased with our service. Your kind words are greatly appreciated, and we will be happy to share your compliments.

We look forward to welcoming you back to Rixos Premium Belek for another memorable stay.

Kind regards,

Rixos Premium Belek Hotel Management",Local Guide · 86 reviews · 17 photos,Ci9DQUlRQUNvZENodHljRjlvT25KWllsSjRWVmhqVW01R2MwNVFWVVZ2TFhKcFRYYxAB
L.m,5.0,,6 days ago,2026-07-29,,"Dear Guest,

Thank you for your rating and for choosing Rixos Premium Belek. We truly appreciate your support and are pleased to receive your positive evaluation.

We look forward to welcoming you back in the future and providing you with another memorable experience.

Kind regards,
Rixos Premium Belek Hotel Management",2 reviews,Ci9DQUlRQUNvZENodHljRjlvT2s5WU1VZHFXbHBoVlZGTmRVVnBUbUpUVVZORllsRRAB
Fatih Okumuş,5.0,,6 days ago,2026-07-29,,"Dear Mr. Fatih Okumuş,

Thank you for your valuable feedback. We are pleased that you chose Rixos Premium Belek and shared your experience with us through your rating.

We look forward to welcoming you again in the future and providing you with an unforgettable stay.

Sincerely,
Rixos Premium Belek Hotel Management",2 reviews,Ci9DQUlRQUNvZENodHljRjlvT2xOa0xYSm1Oak5sZFVsZlgwUnZVeTFuV1d4cFpXYxAB
Mohanad Shaheen,5.0,"The service is wonderful, excellent, and very professional. The hotel is beautiful and luxurious. A special thanks to Anita at the front desk—she has made everything much easier for me and has been extremely helpful and amazing.",6 days ago,2026-07-29,,"Dear Mr. Shaheen,

Thank you very much for sharing your wonderful feedback. We are delighted to hear that you enjoyed the exceptional service, professional approach of our team, and the luxurious atmosphere of Rixos Premium Belek.

We are especially pleased to receive your kind words about Anita from our Front Office team. Your appreciation of her helpfulness and dedication will be shared with her as a great motivation.

We look forward to welcoming you back to Rixos Premium Belek and providing you with another memorable experience.

Kind regards,
Rixos Premium Belek Hotel Management",1 review,Ci9DQUlRQUNvZENodHljRjlvT2xveGRVTldYelpxVjE5c2JUUlNjVEYwVGtKTFpFRRAB
Department of international relations,5.0,"We really enjoyed our stay at Rixos. We lost our bag, and they quickly got it back. Thank you. The atmosphere was pleasant.",a week ago,2026-07-28,,"Dear guest,

Thank you for your kind words. We are delighted that you enjoyed your stay at Rixos Premium Belek and the atmosphere of our hotel.

We are especially pleased that our team was able to promptly assist you with your lost bag. Ensuring the comfort and peace of mind of our guests is one of our top priorities.

We look forward to welcoming you back to Rixos Premium Belek and offering you even more wonderful experiences.

Sincerely,
Rixos Premium Belek Hotel Management",1 review,Ci9DQUlRQUNvZENodHljRjlvT21KaFptMVVZM28yTkhOR1NXUlBabTVJU0hCZlJFRRAB
CAFER KARATAŞ,5.0,"We were staying at the Kingdom Hotel, but we only used our day entry permit. The Premium Hotel had a better concept and service than the Kingdom Hotel. We will definitely come back to the Premium Hotel next time.",a week ago,2026-07-28,,"Dear Mr. Cafer Karataş,

Thank you very much for your valuable feedback. We are very pleased that you were satisfied with your day trip experience at Rixos Premium Belek and that you appreciated our concept and service quality.

We would be delighted to welcome you as our guest on your next vacation and to allow you to experience the privileged Rixos Premium Belek experience for an even longer time.

We look forward to seeing you again soon.

Sincerely,
Rixos Premium Belek Hotel Management",Local Guide · 193 reviews · 226 photos,Ci9DQUlRQUNvZENodHljRjlvT2tNdFVHcG1ha2MxTlhaMGQyYzJSa0ZaT0ZGV1FtYxAB
Nazli Kurudere,5.0,"Everything was great, we liked the hotel.",a week ago,2026-07-28,,"Dear Ms. Nazlı Kurudere,

Thank you for your valuable feedback and for choosing Rixos Premium Belek.

We are very happy that you enjoyed your stay. Your kind feedback is a great source of motivation for our team.

We would be delighted to welcome you again.

Sincerely,
Rixos Premium Belek Hotel Management",11 reviews,Ci9DQUlRQUNvZENodHljRjlvT205bFpEUlJWVTR0Y1V4UGFUZG1OMnRTZUROU1NWRRAB
Ganime Can Koçaslan,5.0,"It's definitely a hotel with very high service quality, and it's very suitable for a family vacation.",a week ago,2026-07-28,,"Dear Ganime Can Koçaslan,

Thank you for your valuable feedback and for choosing Rixos Premium Belek.

We are very pleased that you were satisfied with our service quality and your family vacation. Your kind feedback is a great source of motivation for our team.

We would be delighted to welcome you and your family again.

Sincerely,
Rixos Premium Belek Hotel Management",Local Guide · 3 reviews · 202 photos,Ci9DQUlRQUNvZENodHljRjlvT20xYVVHNVZkMDlZYzFRME1rWllaWFZ1Y2xOMFNGRRAB
Mehmet Koçaslan,5.0,,a week ago,2026-07-28,,"Dear Mr. Mehmet Koçaslan,

Thank you for your five-star review of Rixos Premium Belek.

Your support and expression of satisfaction are very valuable to us. We would be delighted to welcome you again.

Sincerely,
Rixos Premium Belek Hotel Management",5 reviews · 4 photos,Ci9DQUlRQUNvZENodHljRjlvT2pkRFlsSkljV1kxTjFsVU9XWklkblF6Wm1aWFNrRRAB
Alper Yüce,5.0,,a week ago,2026-07-28,,"Dear Mr. Alper Yüce,

Thank you for your valuable feedback. We are pleased that you chose Rixos Premium Belek and shared your experience with us through your rating.

We look forward to welcoming you again in the future and providing you with an unforgettable stay.

Sincerely,
Rixos Premium Belek Hotel Management",1 review,Ci9DQUlRQUNvZENodHljRjlvT2tkcVdERndWMWgxVTA1RGN5MVhaaTF2TFRWTWFuYxAB
milk&black,5.0,,a week ago,2026-07-28,,"Dear Guest,

Thank you for your five-star rating and for choosing Rixos Premium Belek.

We truly appreciate your support and are delighted to know that you had a positive experience with us.

We look forward to welcoming you back for another memorable stay.

Kind regards,

Rixos Premium Belek Hotel Management",,Ci9DQUlRQUNvZENodHljRjlvT2pkUVQwWnZZV1puZGpOSE1FWnFSMlp5YjA4NVRtYxAB
Елизавета Орлова,5.0,,a week ago,2026-07-28,,"Dear Elizaveta,

Thank you for your excellent review and for choosing Rixos Premium Belek. We truly appreciate your trust and are pleased that your experience with our hotel was positive.

We look forward to welcoming you back to Rixos Premium Belek and offering you even more wonderful experiences on your future visits.

Sincerely,
Rixos Premium Belek Hotel Management",1 review,Ci9DQUlRQUNvZENodHljRjlvT2psNk5ua3plVWh6Y0dSTU5uRmtibE5PT0RWeFdIYxAB
Samuel Bednár,5.0,,a week ago,2026-07-28,,"Dear Samuel,

Thank you for your five-star rating and for choosing Rixos Premium Belek.

We truly appreciate your support and are delighted to know that you had a positive experience with us.

We look forward to welcoming you back for another memorable stay.

Kind regards,

Rixos Premium Belek Hotel Management",Local Guide · 11 reviews · 4 photos,Ci9DQUlRQUNvZENodHljRjlvT21GbExWZ3dZVVZTWXpoYVVEZFJSSHBwVjBFeExYYxAB
Mete Gencarslan,2.0,"Everything went well until the last day of the holiday. First, I ended up at the doctor myself because I couldn't stop vomiting. It turned out to be food poisoning from the hotel. My two roommates developed exactly the same symptoms the next day.",a week ago,2026-07-28,,"Dear Mete,

Thank you for sharing your experience. We are truly sorry to learn that you and your travel companions felt unwell during your stay.

Please be assured that food safety and hygiene are among our highest priorities. We operate in accordance with strict HACCP food safety standards and conduct regular independent laboratory testing of food, water, and ice. Following all inspections and laboratory analyses, no evidence has been identified linking any illness to our food or hotel operations, and no irregularities have been detected.

Every concern is taken seriously and investigated thoroughly based on documented procedures and official reports.

We sincerely wish you and your companions a full and speedy recovery and thank you for taking the time to share your feedback.

Kind regards,
Rixos Premium Belek Management",Local Guide · 33 reviews · 8 photos,Ci9DQUlRQUNvZENodHljRjlvT2tWYVIxRlRPVmwwUjA1S1RVOW9aVTFRTldaV1MzYxAB
Sultanah _d,1.0,,a week ago,2026-07-28,,"Dear  Sultanah _d,

Thank you for your feedback.

We are sorry to learn that your experience did not meet your expectations. Unfortunately, we were unable to locate a reservation under the name provided.

We kindly invite you to contact us directly at premiumbelek@rixos.com and share your reservation details so that we can investigate your concerns thoroughly and assist you accordingly.

We look forward to hearing from you.

Kind regards,
Rixos Premium Belek Management",1 review · 23 photos,Ci9DQUlRQUNvZENodHljRjlvT2tkd1dtNVVUM0V5U0VoWFFtZFlkVEl5UzFCUFNrRRAB
Abdulaziz Abdullah,1.0,"Overcrowded, Accessibility Issues & Poor Management
​I had high expectations for Rixos Premium Belek, but my stay was deeply disappointing. While I acknowledge the hard work of the staff, this resort operates at a 4-star level at best.
​Check-in & Reception: We arrived at 2:00 PM, but reception staff wasted a lot of time. Our room was still not ready even after we returned from lunch. They tried to present our assigned room as an ""upgrade,"" but it was actually a downgrade from what we booked.
​Accessibility & Room Condition: We booked a Legendary Suite (Garden View). Shockingly, it was only accessible via stairs—there was NO elevator or escalator. This crucial detail is not mentioned on their official website, which is unacceptable for a resort claiming 5-star standards. The room itself is outdated, and the AC was poorly balanced (one room was freezing while the other was hot).
​Food Quality: Focuses strictly on quantity rather than quality. There are large spreads, but the taste and culinary quality are below expectations.
​Severe Overcrowding: The resort was uncomfortably crowded. You have to waste effort and time just hunting for an empty sunbed by the pool or waiting for a basic table to be prepared at the restaurant.
​Overall, charging 5-star prices for outdated facilities, poor accessibility, and overcrowded spaces is unacceptable. I would not recommend it in its current state.",Edited a week ago,2026-07-28,,"Dear Abdulaziz Abdullah,

Thank you for taking the time to share your detailed feedback regarding your recent stay with us.

We are sincerely sorry to learn that your experience did not meet your expectations. At the same time, we appreciate your kind recognition of our team's efforts.

Please accept our apologies for the inconvenience you experienced during check-in and for your dissatisfaction with the room assigned. We also regret that certain aspects of the room, including accessibility and air conditioning, did not provide the comfort you expected.

Your comments regarding the dining experience, resort occupancy, and overall guest comfort have been carefully noted and shared with the relevant departments for review. Constructive feedback such as yours is valuable in helping us continuously evaluate and improve our services.

We appreciate your time in bringing these matters to our attention and hope to have the opportunity to welcome you again in the future for a much-improved experience.

Kind regards,

Rixos Premium Belek Management",6 reviews,Ci9DQUlRQUNvZENodHljRjlvT2w5M2EzRjViWGRqWm1OdFVsSk1WbVZSVkY4ellVRRAB
Abdulaziz almuserea,1.0,"Extremely disappointing experience that fell far below the standards expected from a luxury hotel. Our stay was affected by repeated service failures, poor coordination, and a lack of accountability.

The problems started on the first night when a mosquito inside our room kept my family awake from around 3:00 a.m. Despite reporting it immediately, the issue was not resolved, and we had to endure three nights before being moved to another room.

The hotel later offered complimentary lunch and dinner as compensation, but the process was chaotic. We were told to wait for a golf cart at the pool, then instructed to go to the lobby instead. When we arrived at the restaurant, the staff had no record of the invitation, forcing us to repeatedly explain the situation in front of other guests, which was embarrassing.

Even simple requests such as cold water or ice cream for the children became unnecessarily difficult. In total, we lost nearly two hours of our vacation, had to cancel our plans, and there was no manager available to resolve the situation.

Mistakes can happen at any hotel, but the way they are handled makes all the difference. Unfortunately, every attempt to fix one problem created another. This experience left a lasting negative impression on my family and does not reflect the reputation or standards this hotel claims to offer.",a week ago,2026-07-28,,"Dear Abdulaziz Almuserea,

Thank you for taking the time to share your feedback.

We are sincerely sorry to learn that your experience did not meet your expectations. Please accept our apologies for the inconvenience you encountered during your stay.

Your comments have been shared with our management team and the relevant departments for careful review, as guest feedback is extremely valuable to us and helps us improve the quality of our services.

We appreciate you bringing these matters to our attention and hope you will consider giving us another opportunity to provide you with the level of hospitality for which Rixos Premium Belek is known.

Kind regards,

Rixos Premium Belek Management",Local Guide · 5 reviews,Ci9DQUlRQUNvZENodHljRjlvT2s5RlkzUTJjVTFNTFZsVmNsVnJXbEZWVkRkVE5FRRAB
Baris ay,2.0,He definitely doesn't deserve the money he's getting.,a week ago,2026-07-28,,"Dear Mr. Barış Ay,

Thank you for sharing your feedback with us.

We are sorry to learn that your experience did not meet your expectations. Your opinions are very important to us. If you could share the situation and the reasons for your dissatisfaction in detail via email, we would be happy to investigate the matter and assist you.

You can reach us at premiumbelek@rixos.com with your reservation information.

We look forward to hearing from you and hope to better understand you.

Sincerely,
Rixos Premium Belek Management",7 reviews · 3 photos,Ci9DQUlRQUNvZENodHljRjlvT2tkR2RXTlhkVGhzV0d0V2RFTjNaVGRQUm5SQk4yYxAB
Rinor Shkodra,4.0,,a week ago,2026-07-28,,"Dear Rinor,

Thank you for choosing Rixos Premium Belek.

We truly appreciate your support and look forward to welcoming you back for another memorable stay.

Kind regards,

Rixos Premium Belek Hotel Management",Local Guide · 19 reviews · 11 photos,Ci9DQUlRQUNvZENodHljRjlvT2xKVVIxVTFjalZCVW5aa0xYUnZia1ZqTVY5VlVVRRAB
Azizaxon Odilbekova,5.0,"The club is very good, the children liked it.",a week ago,2026-07-28,,"Dear guest,

Thank you for your kind words and positive feedback.

We are delighted to hear that your children enjoyed our Kids Club. Thank you for sharing your experience. We look forward to welcoming you back to Rixos Premium Belek.

Sincerely,

Rixos Premium Belek Hotel Management",2 reviews,Ci9DQUlRQUNvZENodHljRjlvT2xsVlNuUlVUa05SUlMxMGVXSnViVGhmWW5VMGRGRRAB
info alkhaleel,1.0,"I was truly surprised and disappointed by the lack of attention we experienced from the moment we checked into the hotel today.

We, a family of 14 including our children, booked 5 rooms for 5 nights at your hotel. During check-in, we were assigned a staff member named Serdar. He later said that another lady would contact us shortly to assist us. However, hours passed and no one contacted us.

Upon this, I called Serdar to remind him of the situation. I was told that they would contact me again. Despite this, there was still no response. When I called Serdar again, my calls went unanswered.

Frankly, I did not expect such a lack of attention at a prestigious hotel like Rixos. Especially with a large family booking of 5 rooms for 5 nights, I believe guests should receive the necessary attention.

At the very least, we would have expected a guest representative to introduce the facility, explain the restaurants, activities, children's programs, and services offered in detail, preferably someone who speaks Arabic. Unfortunately, we didn't experience any of that.

It wasn't just a lack of information; we felt like we weren't guests at all, but rather forgotten. It's truly upsetting to have had such an impression on the very first day of our holiday.",a week ago,2026-07-28,,,,Ci9DQUlRQUNvZENodHljRjlvT2xFeFEwUmhlR1ZQTTJGWWRIQm9iazl6WVhKWFlXYxAB
Serdar Akpinar,3.0,"After two weeks at the Rixos Belek, I have very mixed feelings.

Unfortunately, the hotel wasn't worth the money, even though it's not a bad hotel.

We were bothered by the constant attempts to charge extra at every turn. Whether it was in the à la carte restaurants for ""special"" dishes, better seating, or loungers in the ""Infinia"" program (no idea what that's supposed to be). Upon arrival, we were called to reception with a fantastic offer: for just €6,000 more, we could upgrade to a suite... okay... what's the big deal? :-D

The hotel itself is clean and well-maintained, and the grounds are enormous. Enormous, but pointlessly so; there's a lack of space in the restaurants and pools. Instead, there are lots of lawns in places you'll hardly ever see. In the main restaurant, there's an 16+ section that's practically right next to the usual canteen madness, with open walls. It was impossible for me to eat inside because of the noise. There are only about 20 tables on the terrace for 1500 guests; that's simply impossible...

Vacation is always a socially unusual situation, and here in particular, there's the contact with some extremely wealthy people who arrive with nannies, talk about their McLaren collections, and there are also a lot of ""influencers,"" women who have all been to the same surgeon, a great many Russians and Arabs of all kinds, some Turkish, and some Western European guests. About 80% are families with children. Unfortunately, there are also the usual alcoholics, plate hogs, and sunbed hogs.

The food is standard for an upscale Turkish vacation, as you would expect from other 5-star hotels. Nothing special, but not bad either. It's clear, as in every hotel in Turkey, that they skimp on meat because it's simply very expensive.

The drinks selection is also good, but nothing special.

The QR pool service was significantly faster and better than in other hotels. Kudos to them.

The service staff were mostly very friendly and helpful. Nothing to complain about! CRM is taken very seriously; it's very professional.

However, it didn't quite click for us because we've experienced all of this for half the price at other hotels.

I can't say why the hotel has to be so expensive. It's huge, lots of superficial ostentation, but there's no substance beneath the facade. The fancy ""French"" street with the Starbucks is a dark hall with overpriced, fake shops that are always empty.

Half the machines in the arcade are broken and probably over 10 years old. I played OutRun 2 as a kid...

The free visit to Land of Legends is great in theory. We took the earliest bus at 10:00 AM. Here, too, there are only enough loungers for guests of the hotel; everyone else is fighting for far too few loungers by the pools and slides.

At 10:20 AM, it was so crowded that the wait times for the slides were over 40 minutes. We only managed to use one slide. A complete waste of time. The wave pool feels much smaller in real life than it does in pictures and videos, and the waves aren't anything special... better to go to the sea.

Otherwise, it's absolutely overcrowded. The pools are smaller than at the hotel, and there are thousands of people...

We spent over €100 there on five non-alcoholic drinks. :-D

A taxi back costs €35 if you don't want to wait for the buses.",Edited a week ago,2026-07-28,,"Dear Serdar Akpinar,

Thank you for taking the time to share your impressions of your stay with us.

We are pleased to read that you appreciated the cleanliness of our hotel and the spacious, well-maintained grounds. At the same time, we regret that certain aspects of your stay did not meet your expectations.

We carefully consider all guest feedback, as it helps us to continuously review and improve our services. Our guests' satisfaction is our highest priority, and we strive to create a pleasant holiday experience for every guest.

Thank you again for your candid feedback, and we wish you all the best for your future travels.

Sincerely,

Rixos Premium Belek Management",Local Guide · 24 reviews · 27 photos,Ci9DQUlRQUNvZENodHljRjlvT21rek0xZE1VVVp1TFRCTGNHZEZUWE5YY1dGeWRIYxAB
Mathis TEBIB,5.0,"One of the best hotels we’ve ever stayed at. The pool is amazing, and the quality of the food is excellent. We especially appreciated the staff, who were always friendly and attentive. We really enjoyed our stay and would definitely recommend this hotel.",a week ago,2026-07-28,,"Dear Mathis,

Thank you for your wonderful feedback.

We are delighted to know that you enjoyed your stay and appreciated our facilities, culinary offerings, and the dedication of our team. Your kind words are a great motivation for us.

We look forward to welcoming you back to Rixos Premium Belek for another memorable experience.

Kind regards,

Rixos Premium Belek Hotel Management",2 reviews,Ci9DQUlRQUNvZENodHljRjlvT21ObGVHeEVkM1p1UTA0d09IbGxkRWxFUW1kVlgzYxAB
Özlem “OZZY” İNANÇ,5.0,"It was an extraordinary holiday experience. The Italian restaurant and Peoples restaurant offered fine dining, while the à la carte restaurants were legendary, especially the Evening Restaurant, which stood out with its food, presentation, and top-notch service. Live music, shows, Godiva, Starbucks, and much more... Lands of Legend was also very enjoyable; the dolphin show was fantastic, but there were no elevators in the aquapark, which made it very tiring, and of course, it was very crowded.",a week ago,2026-07-28,,"Dear Ms. Özlem İnanç,

Thank you so much for choosing Rixos Premium Belek and for sharing your valuable experience with us.

We are extremely pleased that you described your holiday as an ""extraordinary experience."" We especially thank you for your valuable feedback regarding our Italian Restaurant, People's Restaurant, and à la carte restaurants. The fact that the flavors, presentations, and high-level service of the Akşam Restaurant left such a positive impression on you will be a great source of motivation for our relevant teams.

We are also pleased that you enjoyed our live music, shows, the Godiva Café, Starbucks experience, and your visit to The Land of Legends. We are delighted that the dolphin show is among your unforgettable memories.

Thank you also for sharing your concerns about the lack of elevators and the fatigue you experienced due to the crowds at the Aquapark. Your valuable feedback will be shared with the relevant teams and will be taken into consideration in our evaluations aimed at improving the guest experience.

We look forward to welcoming you back to Rixos Premium Belek soon.

Sincerely,

Rixos Premium Belek Hotel Management",Local Guide · 44 reviews · 1 photo,Ci9DQUlRQUNvZENodHljRjlvT2xOU1dubGlVbXc1ZDNwRk5FbEJkekpoUVhOVVZtYxAB
Mehmet Ökçün,5.0,"Spend time without thinking about anything in this amazing atmosphere, perfect for a real vacation.",a week ago,2026-07-28,,"Dear Mr. Mehmet Ökçün,

Thank you for choosing Rixos Premium Belek and sharing your valuable feedback.

We are delighted that you described it as ""a real vacation"" and that you enjoyed our hotel's ambiance so much. Our greatest goal is to provide our guests with a peaceful and enjoyable vacation experience, allowing them to escape the hustle and bustle of daily life and leave everything else undisturbed. Seeing that we have achieved this goal is a great source of motivation for our entire team.

Thank you again for your kind review, and we look forward to welcoming you back to Rixos Premium Belek.

Sincerely,

Rixos Premium Belek Hotel Management",Local Guide · 40 reviews · 4 photos,Ci9DQUlRQUNvZENodHljRjlvT21aU2RGUTFXRjh3Vm5wNGF5MVpkWEpKTVVWb1FrRRAB
Anoo Alrubaei,5.0,Everything was great thank you Nebila for your help.,a week ago,2026-07-28,,"Dear Anoo Alrubaei,

Thank you very much for your wonderful review and for choosing Rixos Premium Belek.

We are delighted to know that you had a great stay with us. Your kind words mean a lot to our team.

A special thank you for recognizing Nebila. We are proud to have dedicated team members like her, and we will be delighted to share your appreciation with her. We are sure your thoughtful feedback will be a great source of motivation.

We look forward to welcoming you back to Rixos Premium Belek for another memorable holiday in the near future.

Kind regards,

Rixos Premium Belek Hotel Management",1 review,Ci9DQUlRQUNvZENodHljRjlvT21VMlIxcE1WMjB3TjFscGNtaENiQzFGTUhGNFEyYxAB
Yana Synus,5.0,Simply Rixos!!! Our place on Earth,a week ago,2026-07-28,,"Dear Yana Synus,

Thank you so much for your wonderful review and for your heartfelt words.

Reading that Rixos Premium Belek is ""your place on Earth"" is one of the greatest compliments we could receive. Knowing that our hotel has become such a special destination for you brings immense joy to our entire team.

Thank you for your trust and loyalty. We truly appreciate your support and look forward to welcoming you back to your ""home away from home"" for many more unforgettable holidays.

Kind regards,

Rixos Premium Belek Hotel Management",5 reviews,Ci9DQUlRQUNvZENodHljRjlvT25kWlRUWkVUa3hWYm5oMmNsQnpZVGhxVmpOclgzYxAB
Mehmet yıldız,5.0,"The friendliness and attentiveness of the staff at Akşam Restaurant truly makes a difference. Thank you to the entire team for the fast service, delicious food, and lovely atmosphere!",a week ago,2026-07-28,,"Dear Mr. Mehmet Yıldız,

Thank you very much for choosing Rixos Premium Belek and for sharing your valuable feedback with us.

We are extremely pleased that you were satisfied with your experience at the Evening Restaurant. Your comments, particularly highlighting the friendliness and hospitality of our staff, are very valuable to us. Your kind words about our fast service, delicious food, and warm atmosphere will be gladly shared with our relevant team.

Your kind feedback is a great source of motivation for all our colleagues.

We would be delighted to welcome you back to Rixos Premium Belek.

Sincerely,

Rixos Premium Belek Hotel Management",3 reviews,Ci9DQUlRQUNvZENodHljRjlvT2pOVFExaEdUSFYyVEVOb2JFbFdOMEo1T1hSVU9YYxAB
Vinod Kumar,5.0,"One of the best steak restaurants in Turkey, AKSAM RESTAURANT, amazing service, great staff, excellent food…. The lamb chops, beef tongue and the entrecôte excellent!",a week ago,2026-07-28,,"Dear Vinod Kumar,

Thank you very much for your outstanding review and for sharing your dining experience at Akşam Restaurant.

We are truly honored by your words, especially your description of Akşam Restaurant as ""one of the best steak restaurants in Turkey."" Such high praise is a wonderful recognition of our chefs' passion and our team's commitment to delivering exceptional culinary experiences.

It is a pleasure to know that you enjoyed our lamb chops, beef tongue, and entrecôte, and that both the food and the service exceeded your expectations. Your kind compliments will be shared with our culinary and restaurant teams, who will be delighted to know their efforts made your visit so memorable.

Thank you once again for your generous recommendation. We look forward to welcoming you back to Rixos Premium Belek and Akşam Restaurant for many more exceptional dining experiences.

Kind regards,

Rixos Premium Belek Hotel Management",Local Guide · 16 reviews · 19 photos,Ci9DQUlRQUNvZENodHljRjlvT2kxMVEzcGtTVUZSV0dWRVltTk1TVmRzWlVOUE5WRRAB
Saad Al Janabi,5.0,"Very good Rixy Club was fantastic, we had a wonderful time and participated in great activities. Thank you to Fatma and Elife for their warm welcome at all times.",a week ago,2026-07-28,,"Dear Saad Al Janabi,

Thank you for your wonderful review. We are delighted to hear that you had a fantastic time at Rixy Club and enjoyed the activities.

We truly appreciate your kind words and will be pleased to share your thanks with Fatma and Elife. We look forward to welcoming you back to Rixos Premium Belek for another memorable stay.

Kind regards,

Rixos Premium Belek Hotel Management",7 reviews · 1 photo,Ci9DQUlRQUNvZENodHljRjlvT2w5YVVuRnBaa3BHVDJKbFRUVkljbEozUm1sc1EyYxAB
Recep POLAT,5.0,"The food, presentation, and service at the restaurant in the evening were wonderful. We would especially like to thank Mr. Mustafa and Ms. Güldane for their attention and friendly demeanor.",a week ago,2026-07-28,,"Dear Mr. Recep Polat,

We sincerely thank you for your valuable comment and kind words. We are extremely pleased that you were satisfied with the taste, presentation, and quality of service at our restaurant this evening.

We will gladly share your kind thanks with Mr. Mustafa and Ms. Güldane. Your appreciation of their dedication to creating unforgettable experiences for our guests is a great source of motivation for us.

We look forward to welcoming you back to Rixos Premium Belek soon.

Sincerely,

Rixos Premium Belek Hotel Management",2 reviews · 1 photo,Ci9DQUlRQUNvZENodHljRjlvT21Wc2NISTRRbE00TWxCTVptdFdZMVJzWjFWTVlXYxAB
Nasser B,5.0,,a week ago,2026-07-28,,"Dear Guest,

Thank you for choosing Rixos Premium Belek and for sharing your valuable rating with us.

We truly appreciate your support and hope to have the pleasure of welcoming you back in the future for another enjoyable stay.

Kind regards,

Rixos Premium Belek Hotel Management",,Ci9DQUlRQUNvZENodHljRjlvT21ZeldsaFRibFZZVkVSSlpGZDVSVU5NYkhjM2RVRRAB
Gökhan Çakıl,5.0,,a week ago,2026-07-28,,"Dear Gökhan Çakıl,

Thank you for choosing Rixos Premium Belek and for your valuable rating.

Your support is very important to us. We would be delighted to welcome you again in the future and offer you an unforgettable stay.

Sincerely,

Rixos Premium Belek Hotel Management",6 photos,Ci9DQUlRQUNvZENodHljRjlvT2xNMFZVOWpkakpWYmxoVWFUQm1hazV1YW5SNVMxRRAB
Tomasz Zając,5.0,Sebastina is very helpful and he is the best!,a week ago,2026-07-28,,"Dear Tomasz,

Thank you for your kind feedback.

We are pleased to hear about your positive experience and your appreciation of Sebastian’s support. Your kind words will be shared with him and our team.

We look forward to welcoming you back to Rixos Premium Belek.

Kind regards,

Rixos Premium Belek Hotel Management",1 review,Ci9DQUlRQUNvZENodHljRjlvT25GUk1qUndRbkZsTlZwVlUwYzBWR1Z3U210eVZFRRAB
Kelly,5.0,,a week ago,2026-07-28,,"Dear Kelly,

Thank you for your valuable rating and for choosing Rixos Premium Belek.

We truly appreciate your support and hope to have the pleasure of welcoming you back for another memorable stay.

Kind regards,

Rixos Premium Belek Hotel Management",12 reviews,Ci9DQUlRQUNvZENodHljRjlvT2twcWFFSmtTMFUwTlZoalExWldiR2xGZFhreWFHYxAB
Henning Moe,5.0,"Å perfect entertainment svhedul for younger guests, keeping them busy with games and creative projects all day😅🙏",a week ago,2026-07-28,,"Dear Henning,

Thank you for your kind feedback.

We are delighted to know that our entertainment activities for younger guests contributed to an enjoyable holiday experience. Your appreciation means a lot to our team.

We look forward to welcoming you and your family back to Rixos Premium Belek.

Kind regards,

Rixos Premium Belek Hotel Management",1 review,Ci9DQUlRQUNvZENodHljRjlvT25Wa2VHRTJaVGhTZW5sTldpMVdTRXBKVGt4cVdHYxAB
brrn Kvl,5.0,"The kids entertainment club is exceptionally well-run, and our children were always happy and well-supervised!!! Our children absolutely loved the creative entertainment activites provided by the staff in the kids club!!!!!",a week ago,2026-07-28,,"Dear Guest,

Thank you for sharing your valuable feedback with us.

We are delighted to know that your children enjoyed the activities and services provided by our Kids Club. Your kind words are greatly appreciated and will be shared with our team.

We look forward to welcoming you and your family back to Rixos Premium Belek in the future.

Kind regards,

Rixos Premium Belek Hotel Management",6 reviews · 1 photo,Ci9DQUlRQUNvZENodHljRjlvT2toUVVuVllielZTZG1OTmVURkxaR2d6TFhaRGVGRRAB
Gareth Shaw,5.0,"This hotel is first class. Service is excellent, food is excellent,  lots of different options for a la canteen restaurant. We will be back. The staff are first class.",a week ago,2026-07-28,,"Dear Gareth,

Thank you for your valuable feedback and for choosing Rixos Premium Belek.

We are delighted to know that you enjoyed your stay and appreciated our services and hospitality. Your kind words regarding our team are highly appreciated.

We look forward to welcoming you back in the future.

Kind regards,

Rixos Premium Belek Hotel Management",7 reviews · 1 photo,Ci9DQUlRQUNvZENodHljRjlvT2xORmFESjJYMWxWVG5BM0xVTTVNbGhmV0hneFpWRRAB
Terri Andrews,5.0,Lovely hotel. Great service all day around the pool. Restaurant food is 10/10 and kids club and entertainment also fab. Would come back! Must go to the Greek restaurant the show is great!,a week ago,2026-07-28,,"Dear Terri,

Thank you very much for your lovely review and for sharing your experience at Rixos Premium Belek.

We are delighted to know that you enjoyed our services, gastronomy, entertainment, and family-friendly facilities. Your kind words are highly appreciated and will be a great motivation for our team.

We would be very happy to welcome you back for another wonderful holiday experience.

Kind regards,

Rixos Premium Belek Hotel Management",1 review · 3 photos,Ci9DQUlRQUNvZENodHljRjlvT21aUFZtVnVabU52VDJwTmFIQldTbTlVV1hOM1JXYxAB
Vedat Olgun,5.0,"First of all, I would like to thank all the staff for their friendly and excellent service. The facility is absolutely perfect, and I would also like to extend my thanks to Fettah Tamince. Every penny I paid was well worth it, absolutely 4/4.",a week ago,2026-07-28,,"Dear Mr. Vedat,

Thank you very much for your kind review and valuable rating of Rixos Premium Belek.

We are delighted that the friendly service of our entire team and the experience we offer at our facility have left a positive impression on you. We will be happy to share your kind words with our team members.

We look forward to welcoming you back to Rixos Premium Belek and ensuring you experience the same satisfaction again.

Sincerely,

Rixos Premium Belek Hotel Management",3 reviews,Ci9DQUlRQUNvZENodHljRjlvT2xKWlgyWlZkMjVsV21OdWEwOXFTVkJwUm1Fd1dVRRAB
Sümeyra Yeşim KARABÖCEK,5.0,,a week ago,2026-07-28,,"Dear Ms. Sümeyra,

Thank you for your interest in Rixos Premium Belek and for your valuable feedback.

Our guests' satisfaction is our greatest source of motivation. We look forward to welcoming you back and helping you create more pleasant memories.

Sincerely,

Rixos Premium Belek Hotel Management",3 reviews,Ci9DQUlRQUNvZENodHljRjlvT2t4T1NuVlNUWFk0VFVWdlFtSnhZVnBFUzFWSE1HYxAB
Racha Ajami,5.0,,a week ago,2026-07-28,,"Dear Racha Ajami,

Thank you very much for your 5-star rating.

We truly appreciate you taking the time to share your positive evaluation of Rixos Premium Belek. It is a pleasure to know that you chose our resort, and we hope you had a memorable stay with us.

We look forward to welcoming you back again in the near future.

Kind regards,

Management Team
Rixos Premium Belek",,Ci9DQUlRQUNvZENodHljRjlvT205b09ESnRjRjlPU0ZBNVNHaFFjM0JoWjE5Nk5uYxAB
Retteam 74,5.0,"Room 2145 M Mistry.
Amazing hotel. Amazing assistants Mediya and Emine took care of everything for us. We had disabled family members and young children and a heavily pregnant daughter with us. They helped us to make sure our holiday was peaceful, perfect 👌🏼
Thank you.",a week ago,2026-07-28,,"Dear Mr. Mistry,

Thank you very much for your wonderful review and for choosing Rixos Premium Belek.

We are truly delighted to know that you and your family had such a peaceful and enjoyable holiday with us. It is especially rewarding to hear that Mediya and Emine provided exceptional care and support throughout your stay, ensuring that every member of your family—including your disabled family members, young children, and heavily pregnant daughter—was well looked after.

Your kind words will be shared with Mediya and Emine, who will be thrilled to know they made such a positive difference to your holiday.

Thank you once again for your trust and your thoughtful feedback. We look forward to welcoming you and your family back to Rixos Premium Belek for another memorable stay.

Kind regards,

Management Team
Rixos Premium Belek",2 reviews,Ci9DQUlRQUNvZENodHljRjlvT2sxRVdVaG9Obk5rYkc5S1ZqVnhiR1JHVW1Fek5GRRAB
Jochen,5.0,Very nice resort with excellent service in a beautiful beachfront location.,a week ago,2026-07-28,,"Dear Jochen,

Thank you very much for your wonderful 5-star review.

We are delighted to hear that you enjoyed our beautiful beachfront location and experienced the excellent service our team strives to provide every day.

Your kind words are greatly appreciated and serve as a wonderful motivation for all of us.

We look forward to welcoming you back to Rixos Premium Belek for another memorable stay.

Kind regards,

Management Team
Rixos Premium Belek",1 review,Ci9DQUlRQUNvZENodHljRjlvT21OQkxXSlJlbk16WkdsYVlYRTFhV2htTFcxVmFWRRAB
Esen Genç,5.0,"This is our 7th visit to this hotel, and as always, the rooms are very clean, and the restaurants and bars are of very high quality. I would recommend it to everyone.",a week ago,2026-07-28,,"Dear Esen Genç,

First of all, we sincerely thank you for choosing us and sharing your valuable feedback with us.

Your continued trust and loyalty over the years is a great honor for us and one of our most important sources of motivation. Providing you with the same high quality of service during each visit is of great importance to us.

We are extremely pleased that you were satisfied with the cleanliness of our rooms and the quality of our restaurants and bars. Your recommendation is one of the most valuable compliments we could receive.

We look forward to welcoming you back to Rixos Premium Belek and hope to see you again on many more wonderful holidays.

Sincerely,

Rixos Premium Belek Management",4 reviews,Ci9DQUlRQUNvZENodHljRjlvT2xwTmFUQnFTblo0VkhJek5XTjZSRXh2U0RZNFpIYxAB
Adam Malkin,5.0,,a week ago,2026-07-28,,"Dear Adam Malkin,

Thank you very much for your 5-star rating.

We truly appreciate you taking the time to share your positive evaluation of Rixos Premium Belek. It is a pleasure to know that you chose our resort, and we hope you had a memorable stay with us.

We look forward to welcoming you back again in the near future.

Kind regards,

Management Team
Rixos Premium Belek",2 reviews,Ci9DQUlRQUNvZENodHljRjlvT21sTFJ5MUhOekZOWDNneVR6TTRUVmt3T1RKMFNWRRAB
Ayşe Burçin Genç,5.0,"Everything was great, and the staff were so attentive.",a week ago,2026-07-28,,"Dear Ms. Ayşe Burçin Genç,

Thank you so much for your valuable 5-star rating and kind comment.

We are extremely pleased that you were satisfied with everything during your stay and especially appreciated the attention of our team. Seeing these kind words as a reward for the care we take to provide our guests with an unforgettable holiday experience is our greatest source of motivation.

Thank you again for your kind feedback, and we hope to welcome you back to Rixos Premium Belek soon.

Sincerely,

Rixos Premium Belek Management",3 reviews,Ci9DQUlRQUNvZENodHljRjlvT2xsVWQwWnNNSE01WDJ0VmEwbzRhelZZZW5GMFlVRRAB
Flamur Abdyli,5.0,,a week ago,2026-07-28,,"Dear Flamur Abdyli,

Thank you very much for your 5-star rating.

We truly appreciate you taking the time to share your positive evaluation of Rixos Premium Belek. It is a pleasure to know that you chose our resort, and we hope you had a memorable stay with us.

We look forward to welcoming you back again in the near future.

Kind regards,

Management Team
Rixos Premium Belek",1 review,Ci9DQUlRQUNvZENodHljRjlvT2xsQlJtbERiamhVY1Y5RE5XZEpYMDFFWkU1V2RFRRAB
Hina Mistry,5.0,"One thing over everything stands out for this Rixos. The assistants! We stay at many Rixos over the world. This one has an edge… Emine and Mediya!
They have made our stay incredible. So much so that we know we will be coming back every year with our family.
We had 4 rooms, family of 10. Nothing was too much trouble for them to support, advise and provide for us.
Thank you and bless you both for making our stay unforgettable.🥰🫶🏼🙏🏼",a week ago,2026-07-28,,"Dear Hina Mistry,

Thank you very much for taking the time to share such a heartfelt review.

We are truly honored to know that, among the many Rixos resorts you have visited around the world, Rixos Premium Belek stood out because of our Holiday Assistants. Your wonderful words about Emine and Mediya mean a great deal to us.

It is incredibly rewarding to hear that they were able to support your family of 10 throughout your stay and help make your holiday so memorable. Knowing that their care and dedication have inspired you to return every year is one of the greatest compliments we could receive.

We will proudly share your kind words with Emine and Mediya, who will be delighted to know they made such a positive impact on your family's holiday.

Thank you once again for your trust and your lovely feedback. We look forward to welcoming you and your family back to Rixos Premium Belek for many more unforgettable stays.

Kind regards,

Management Team
Rixos Premium Belek",7 reviews · 2 photos,Ci9DQUlRQUNvZENodHljRjlvT21aM1NUWnVVakJhTjNac1VrMUxXa2QzVkRWTlFXYxAB
Carl lomasney,5.0,,a week ago,2026-07-28,,"Dear Carl Lomasney,

Thank you very much for your 5-star rating.

We truly appreciate you taking the time to share your positive evaluation of Rixos Premium Belek. It is a pleasure to know that you chose our resort, and we hope you had a memorable stay with us.

We look forward to welcoming you back again in the near future.

Kind regards,

Management Team
Rixos Premium Belek",1 review,Ci9DQUlRQUNvZENodHljRjlvT25NMFVXWkpUblExWjNWTldFSjVVVkJKVmw4eGNIYxAB
J Mobes,5.0,,a week ago,2026-07-28,,"Dear  J Mobes,

Thank you very much for your 5-star rating.

We truly appreciate you taking the time to share your positive evaluation of Rixos Premium Belek. It is a pleasure to know that you chose our resort, and we hope you had a memorable stay with us.

We look forward to welcoming you back again in the near future.

Kind regards,

Management Team
Rixos Premium Belek",Local Guide · 4 reviews · 56 photos,Ci9DQUlRQUNvZENodHljRjlvT25oWFQyOVBTamxPY0ZNMU9DMDVaMVZsTmtKdFFWRRAB
Nataliya Dudnik,5.0,,a week ago,2026-07-28,,"Dear Nataliya Dudnik,

Thank you very much for your 5-star rating.

We truly appreciate you taking the time to share your positive evaluation of Rixos Premium Belek. It is a pleasure to know that you chose our resort, and we hope you had a memorable stay with us.

We look forward to welcoming you back again in the near future.

Kind regards,

Management Team
Rixos Premium Belek",3 reviews,Ci9DQUlRQUNvZENodHljRjlvT2xkRVVYcFRVR1JvWDJselptUnNlVlkxTW5KUGNIYxAB
james ramsdale,5.0,,Edited a week ago,2026-07-28,,"Dear James Ramsdale,

Thank you for taking the time to share your kind review.

We are delighted to know that you enjoyed our service and had a pleasant stay at Rixos Premium Belek. Your positive feedback is a wonderful motivation for our entire team.

We look forward to welcoming you back for another memorable holiday in the near future.

Kind regards,

Rixos Premium Belek Hotel Management",1 review,Ci9DQUlRQUNvZENodHljRjlvT2taNWRsUnpWRTB5ZDBoWUxWWmllVUZNTFdGbFRuYxAB
Serkan Arslan,5.0,,a week ago,2026-07-28,,,1 review,Ci9DQUlRQUNvZENodHljRjlvT2xkME9Hc3RPR3hLUVZOc2FGWjZaSFZPUVRSalpYYxAB
Serkan Arslan,5.0,"It was a wonderful experience, thank you Rixos Belek.",a week ago,2026-07-28,,"Dear Serkan Arslan,

Thank you very much for your kind comment and thoughtful thanks.

We are delighted to hear that you had a wonderful experience at Rixos Premium Belek. Providing our guests with a comfortable, enjoyable and unforgettable holiday experience is one of our top priorities.

Your valuable feedback is a great source of motivation for our team. We look forward to welcoming you back and ensuring the same satisfaction again.

Sincerely,
Rixos Premium Belek Management",1 review,Ci9DQUlRQUNvZENodHljRjlvT210bGVsaGplVTVKZUZaT1dFZFhlV1phVUdsdlpGRRAB
Den Denis,1.0,"A taxi ordered at the reception desk costs three times as much as one ordered via the app. Payment can only be made in cash, which is very inconvenient.",a week ago,2026-07-28,,"Dear Den Denis,

Thank you for taking the time to share your feedback.

Unfortunately, we were unable to locate your reservation based on the information provided in your review. We would greatly appreciate it if you could contact us directly at premiumbelek@rixos.com and share your reservation details so that we can verify your stay and investigate the matter thoroughly.

We look forward to hearing from you.

Kind regards,",1 review,Ci9DQUlRQUNvZENodHljRjlvT25CV2RFYzFZelY2YzFkMmFtNVZZMTkyTWxZeVJXYxAB
Sasha Jenkins,5.0,"Absolutely amazing, would 100% recommend. It is even more beautiful in person✨",a week ago,2026-07-28,,"Dear Sasha Jenkins,

Thank you very much for your lovely review and for recommending Rixos Premium Belek.

We are delighted to hear that you found our resort absolutely amazing and even more beautiful in person. It is a great pleasure for us to know that our guests enjoy the unique atmosphere, surroundings, and experiences we strive to create.

We truly appreciate your kind words and look forward to welcoming you back for another unforgettable stay.

Kind regards,
Rixos Premium Belek Management",4 reviews · 2 photos,Ci9DQUlRQUNvZENodHljRjlvT2xZdFdFcEdkelpFYW1OWU0yaEpSbE55ZEZoNFgxRRAB
saad saud,5.0,"Excellent place, all services are available, the staff are friendly and eager to help guests, a great place for families.",a week ago,2026-07-28,,"Dear Saad Saud,

Thank you very much for sharing your wonderful feedback with us.

We are delighted to hear that you enjoyed your stay at Rixos Premium Belek and appreciated our wide range of services, the friendliness of our team, and the family-friendly atmosphere of our resort. Providing warm hospitality and creating memorable experiences for our guests are among our highest priorities.

Your kind words will be shared with our colleagues, and we would be pleased to welcome you and your family back for another exceptional stay in the future.

Kind regards,
Rixos Premium Belek Management",7 reviews · 1 photo,Ci9DQUlRQUNvZENodHljRjlvT21KMGJYQkVSakphYkZSR1pXMW9TRGMzYVZkeVMwRRAB
YILDIRIM ACAR,5.0,Everything was beautifully and professionally prepared.,a week ago,2026-07-28,,"Dear Guest,

Thank you very much for your valuable feedback about Rixos Premium Belek.

We are delighted that the services and experiences we offer at our facility have met your expectations. Your appreciation of our professional service approach is a great source of motivation for our entire team.

We look forward to welcoming you back to Rixos Premium Belek.

Sincerely,

Rixos Premium Belek Hotel Management",2 reviews · 2 photos,Ci9DQUlRQUNvZENodHljRjlvT21GWU5qRTBUamxpU1dkRWMzVllXVTU1TlRSdVJWRRAB
Ali Özdemir,5.0,We had a very enjoyable holiday.,a week ago,2026-07-28,,"Dear Guest,

Thank you very much for your kind review of Rixos Premium Belek.

We are very happy that you enjoyed your holiday and left with beautiful memories. Providing our guests with a comfortable and unforgettable experience is one of our top priorities.

Your valuable feedback will be a great source of motivation for our entire team.

We would be delighted to welcome you back to Rixos Premium Belek.

Sincerely,

Rixos Premium Belek Hotel Management",2 reviews,Ci9DQUlRQUNvZENodHljRjlvT2xKdVoyaEdXVlJzZDNneVdGWnZiVEp3V2t0SFoxRRAB
Ruhan Ruhan,1.0,"Your security personnel currently on duty at the door have a problem with their demeanor. First, teach them to use respectful language. You don't use informal language when speaking to guests or their relatives.",a week ago,2026-07-28,,"Dear Mr./Ms. Ruhan,

Thank you for sharing your feedback with us.

We are sorry to hear about your experience. However, based on the information in your comment, we were unable to locate your reservation in our system.

To enable us to thoroughly investigate this matter, we kindly request that you contact us at premiumbelek@rixos.com and share your reservation information and details of the incident.

The quality of service and communication standards provided to our guests are of great importance to us. Based on the information you provide, our relevant departments will conduct the necessary investigation and the matter will be carefully considered.

Thank you again for your feedback, and we look forward to hearing from you.

Sincerely,

Rixos Premium Belek Management",Local Guide · 32 reviews · 35 photos,Ci9DQUlRQUNvZENodHljRjlvT2t0SU9URnhNbmRYYW1jeVREVm9lV0p3Tm1WWWVXYxAB
Ersin Ozata,5.0,,a week ago,2026-07-28,,"Dear Guest,

Thank you very much for your five-star review of Rixos Premium Belek.

Your satisfaction and support are of great value to us. This wonderful review is a great source of motivation for our team in our goal of providing the best possible experience for our guests.

We look forward to welcoming you back to Rixos Premium Belek.

Sincerely,

Rixos Premium Belek Hotel Management",1 review,Ci9DQUlRQUNvZENodHljRjlvT21KbFgwZHRiRTkxTms5amJXbE1SV3htV21abWNXYxAB
Ibrahim Yazar,5.0,,a week ago,2026-07-28,,"Dear Guest,

Thank you very much for your five-star rating of Rixos Premium Belek.

Your satisfaction and support are of great importance to us. Your appreciation of the service provided by our team increases our motivation to provide our guests with the best possible experience.

We would be delighted to welcome you back to Rixos Premium Belek.

Sincerely,

Rixos Premium Belek Hotel Management",4 reviews · 2 photos,Ci9DQUlRQUNvZENodHljRjlvT2tFNVpsWjZVRzFuU0dsalJsUnZSbHAzT1ZGelEyYxAB
Yakın,5.0,,a week ago,2026-07-28,,"Dear Guest,

Thank you very much for your five-star review of Rixos Premium Belek.

Your satisfaction and support are of great importance to us. Your appreciation of the service provided by our team increases our motivation to provide our guests with the best possible experience.

We would be delighted to welcome you back to Rixos Premium Belek.

Sincerely,

Rixos Premium Belek Management",,Ci9DQUlRQUNvZENodHljRjlvT2paNk5FSm9kVGxqT1hOWExUVnJabFptTlVodmNuYxAB
Sebastian Synus,5.0,"In one word: RIXOS! There are newer hotels, but this one is definitely worth avoiding. Good food, plenty of bars.",a week ago,2026-07-28,,"Dear Valued Guest,

Thank you very much for your kind review and for sharing your experience at Rixos Premium Belek.

We are delighted to know that you enjoyed our culinary offerings, bars, and overall atmosphere. Your appreciation means a great deal to us and motivates our team to continue providing memorable experiences for our guests.

We look forward to welcoming you back to Rixos Premium Belek for another enjoyable stay.

Kind regards,

Rixos Premium Belek Management",Local Guide · 171 reviews · 44 photos,Ci9DQUlRQUNvZENodHljRjlvT2padmFUYzBSbXczVDA1MlFubG9ZbHBPWTFoSldWRRAB
Azize ABDYYEVA,5.0,"There's zero chance of leaving unhappy! Especially if you're a family with children...

Because the manager absolutely won't let you leave with a bad impression, so forget about that option! I'd like to thank him here...

At first you might think ""the area is too dark, etc."", but then a huge selection of options appears, so you can avoid places you don't like and focus on the ones you do like. We did that, and they've definitely created areas for everyone: Godiva, Starbucks, Italian restaurants, and the lobby outside.

But I strongly want to call out to the authorities:
EMPLOYEES ARE ENTERING THE ROOMS!!!!

Help!!!

On behalf of the Serdar K. family, we would like to thank the reception staff who tried so hard to make us feel very comfortable, and the Rixos family...",a week ago,2026-07-28,,"Dear Guest,

Thank you very much for your valuable and sincere comments about Rixos Premium Belek.

We are delighted that the attention and support provided by our team throughout your stay resulted in a positive experience for you. We especially appreciate your appreciation of the approach of Serdar K. and our reception team. We will certainly share your kind words with them.

With the diverse areas, restaurants, and services we offer at our resort, we aim to provide our guests with an enjoyable and unforgettable holiday experience. Your valuable feedback has been shared with our relevant departments and noted.

We look forward to welcoming you and your family back to Rixos Premium Belek.

Sincerely,

Rixos Premium Belek Management",3 reviews,Ci9DQUlRQUNvZENodHljRjlvT2pocFpXNUJVMTlVUlVoMlF6VnNabDltTkhCR1QwRRAB
Abeer alaql,5.0,There’s an employee Anita was very good and so helpful,a week ago,2026-07-28,,"Dear Valued Guest,

Thank you very much for your kind review and for sharing your positive experience with us.

We are delighted to hear that Anita provided you with excellent service and helpful support during your stay. Your appreciation will be shared with her, and we are sure it will be a great motivation for her.

At Rixos Premium Belek, we are committed to creating memorable experiences through our dedicated team and personalized service.

We look forward to welcoming you back for another wonderful stay.

Kind regards,

Rixos Premium Belek Management",Local Guide · 13 reviews · 1 photo,Ci9DQUlRQUNvZENodHljRjlvT21oeWNHTkpXR1pUYzBGMk5EVkpiMnQxYVc5a2FXYxAB
Dorota Kuszerska,5.0,,a week ago,2026-07-28,,"Dear Valued Guest,

Thank you very much for your five-star rating and for choosing Rixos Premium Belek.

We are delighted to know that you had a wonderful experience with us. Your appreciation is truly valuable and serves as a great motivation for our team to continue providing exceptional service and creating unforgettable moments for our guests.

We look forward to welcoming you back to Rixos Premium Belek for another memorable stay.

Kind regards,

Rixos Premium Belek Management",,Ci9DQUlRQUNvZENodHljRjlvT25sR1dtVnFibGcxUWpGVVRuZzBNbGhUVW1KSFdHYxAB
Konrad Cwiek,5.0,,a week ago,2026-07-28,,"Dear Valued Guest,

Thank you very much for your five-star rating and for choosing Rixos Premium Belek.

We are delighted to know that you had a wonderful experience with us. Your appreciation is truly valuable and serves as a great motivation for our team to continue providing exceptional service and creating unforgettable moments for our guests.

We look forward to welcoming you back to Rixos Premium Belek for another memorable stay.

Kind regards,

Rixos Premium Belek Management",2 reviews · 1 photo,Ci9DQUlRQUNvZENodHljRjlvT2s1UExYaHJkRVpMZWt0UFRXZHNZbFZGYzNKM2JtYxAB
Terri A,5.0,,a week ago,2026-07-28,,"Dear Terri A,

Thank you very much for your 5-star rating.

We truly appreciate your support and are delighted to know that you had a positive experience at Rixos Premium Belek. Your satisfaction is our greatest motivation.

We look forward to welcoming you back for another memorable stay.

Kind regards,

Rixos Premium Belek Hotel Management",,Ci9DQUlRQUNvZENodHljRjlvT25WRWRYUlZZbGRLUldKelRuZFVaVVZ4TlRCMFZHYxAB
Lídia Cs.,5.0,,a week ago,2026-07-28,,"Dear Lídia Cs.,

Thank you very much for your 5-star rating.

We truly appreciate your support and are delighted to know that you had a positive experience at Rixos Premium Belek. Your satisfaction is our greatest motivation.

We look forward to welcoming you back for another memorable stay.

Kind regards,

Rixos Premium Belek Hotel Management",,Ci9DQUlRQUNvZENodHljRjlvT25WclIzcDRTRlpXYVdkb2NHZHllRkJwWDNGMWFsRRAB
Ali Inal,5.0,,a week ago,2026-07-28,,"Dear Mr. Ali İnal,

Thank you very much for your valuable review and 5-star rating.

Your support for Rixos Premium Belek is a great source of happiness for us. Your satisfaction is the most valuable motivation for our team.

We will be delighted to welcome you again soon.

Sincerely,

Rixos Premium Belek Hotel Management",Local Guide · 24 reviews,Ci9DQUlRQUNvZENodHljRjlvT21kR01tWlpPREJ0VFdWcFQyNXZORWhRTWxwSVJtYxAB
Kevin Zwart,5.0,It’s a nice resort. The persons are good. The room is clean an you can enjoy you’re holiday very well,a week ago,2026-07-28,,"Dear Kevin Zwart,

Thank you very much for your kind review and for choosing Rixos Premium Belek.

We are delighted to hear that you enjoyed our resort, appreciated the hospitality of our team, and found your room clean and comfortable. It is wonderful to know that you had a relaxing holiday with us.

We look forward to welcoming you back for another memorable stay.

Kind regards,

Rixos Premium Belek Hotel Management",6 reviews,Ci9DQUlRQUNvZENodHljRjlvT21wdlp6ZHZOVlkzWW1FM1FtVTFXRWxYTjNveFozYxAB
h mccullagh,5.0,"Fabulous hotel.
Exceptional service from Aria…. Planning our stay at the hotel…",a week ago,2026-07-28,,"Dear Valued Guest,

Thank you for your wonderful review and for choosing Rixos Premium Belek.

We are delighted to know that you had a fabulous stay and that Aria's exceptional service made a positive impression. Your kind words will be shared with her and the entire team with great pleasure.

We truly appreciate your feedback and look forward to welcoming you back for another memorable stay.

Kind regards,

Rixos Premium Belek Management",2 reviews,Ci9DQUlRQUNvZENodHljRjlvT2kxRmVGOVFORkZ2WlhGT1NYVjRZblJtTFd0d1oxRRAB
Florenc Ismaili,5.0,We are lucky to be here. Its totally our favorite hotel!! Special thank to guest relations team 💗,a week ago,2026-07-28,,"Dear Florenc Ismaili,

Thank you very much for your wonderful review and kind words.

We are truly delighted to know that Rixos Premium Belek is your favorite hotel. Your special appreciation for our Guest Relations team means a great deal to us, and we will be pleased to share your compliments with them.

We look forward to welcoming you back for another unforgettable stay.

Kind regards,

Rixos Premium Belek Hotel Management",1 review,Ci9DQUlRQUNvZENodHljRjlvT2xkYWJsTlhRbFp5UlRaa01HSm5SelZ0TW5SamJWRRAB
ADEMI BAIYSBEKOVA,5.0,Everything is great 😍,a week ago,2026-07-28,,"Dear Guest,

Thank you so much for your wonderful review.

We are delighted that you enjoyed your stay at the Rixos Premium Belek. Your kind words and high rating are a great encouragement to us.

We look forward to welcoming you again and offering you even more unforgettable experiences.

Sincerely,

Rixos Premium Belek Hotel Management",2 reviews,Ci9DQUlRQUNvZENodHljRjlvT2tJNFQxWndVMDlGTm5GVmMxb3hlRk5yZDJreU5FRRAB
Alisova,5.0,Everythings amazing. A’la Carte’s services staffa are brilliant. Thanks for all. We will return back,a week ago,2026-07-28,,"Dear Alisova,

Thank you very much for your kind review and positive feedback.

We are delighted to hear that you enjoyed our A’la Carte restaurants, services, and the hospitality of our team. Your appreciation means a great deal to us.

We look forward to welcoming you back to Rixos Premium Belek for another wonderful stay.

Kind regards,

Rixos Premium Belek Hotel Management",2 reviews,Ci9DQUlRQUNvZENodHljRjlvT25oaGNqWnRUMW93UVhBdFNtRllRbkpRWDNwMVdXYxAB
Ben Sufa,5.0,WE ARE SO HAPPY IN THIS HOTEL!! WE ALREADY BOOKED OUR NEXT STAY. WE WILL BE HERE AGAIN IN JANUARY! EVERYONE IS SO HAPPY ITS IMPOSIBBLE TO BE SAD ALSO MISS IREM AND GUEST RELATION STAFF ARE VERY KIND AND HELPFUL SEE YOU SOON MY FAVORITE HOTEL,a week ago,2026-07-28,,"Dear Guest,

Thank you very much for your wonderful and heartfelt review.

We are delighted to hear that you are enjoying your stay at Rixos Premium Belek and that you have already planned your next visit with us. Knowing that our hotel brings happiness and memorable moments to our guests is the greatest reward for our team.

Your kind words about İrem and our Guest Relations team are highly appreciated. We will be pleased to share your compliments with them.

We are looking forward to welcoming you again in January and creating more unforgettable memories together.

Kind regards,

Rixos Premium Belek Hotel Management",2 reviews,Ci9DQUlRQUNvZENodHljRjlvT2twVVNrcHRNV1Z6YzI5eU9YQlVkMVp1V1c4M05XYxAB
Ceren Aydın,1.0,"We have stayed at hotels in both Bodrum and Belek many times over the years, but this year we were not at all satisfied. First of all, insufficient staff, careless food service, delayed room cleaning, the air conditioner malfunction lasting 3 days, the inconsiderate treatment we received despite coming here every summer without fail in this heat, and most importantly, the fact that our room door and the balcony door of our room on the 4th floor did not lock caused me to sleep in constant fear that my 2 and 8-year-old children would come out at any moment. We probably will not be coming back again.",2 weeks ago,2026-07-21,,"Dear Ms. Ceren Aydın,

First of all, thank you for taking the time to share your experience with us.

We are truly saddened that you were not satisfied with your recent stay, despite being a long-time guest of the Rixos family. Failing to meet the expectations of our long-time guests is a matter we take very seriously.

All feedback you have shared is being seriously considered by us. Guest safety, comfort, and service quality are always our top priority. Accordingly, the issues you have raised will be examined by our relevant department managers and the necessary evaluations will be made.

We would like to express our regret for the negative experience you had, and we sincerely hope to have the opportunity to welcome you again in the future and reflect our true service philosophy at Rixos Premium Belek.

Sincerely,

Rixos Premium Belek Management",1 review,Ci9DQUlRQUNvZENodHljRjlvT25GM1ZUaFNUa2x0Vm5sTVNuSnFXREJVYlhSTFRYYxAB
Tuğba ÜLKE,5.0,,2 weeks ago,2026-07-21,,"Dear Ms. Tuğba Ülke,

Thank you very much for your valuable review and 5-star rating.

Your support for Rixos Premium Belek is very valuable to us. We are delighted that our efforts to maintain the highest level of guest satisfaction are appreciated.

We would be delighted to welcome you again.

Sincerely,

Rixos Premium Belek Hotel Management",1 review,Ci9DQUlRQUNvZENodHljRjlvT205WVoxTmpUVzVmUW1nemFXVjRMWFEzTmxORFpXYxAB
Özge ÖZTÜRK,5.0,"Our evening at Rixos Antalya was truly unforgettable. All the dishes in the restaurant were flawless in terms of both presentation and taste. Every detail was carefully considered, and the quality was evident in every bite.

Just as impressive as the food was the friendliness, professionalism, and hospitality of the staff. They truly made us feel valued. We wholeheartedly thank the entire team for providing such high-quality service. Special thanks to Ms. Yıldız; a wonderful team! 👏",2 weeks ago,2026-07-21,,"Dear Ms. Özge Öztürk,

Thank you very much for your valuable comment and kind words.

We are delighted that your evening experience at Rixos Premium Belek was unforgettable and that our meals met your expectations, from presentation to taste. Your appreciation of the care we take to make our guests feel special is very valuable to us.

We will be pleased to share your kind words about our team, especially Ms. Yıldız, with them. We will continue to provide you with the best experience with our friendly and professional service.

We look forward to welcoming you again.

Sincerely,

Rixos Premium Belek Hotel Management",1 review,Ci9DQUlRQUNvZENodHljRjlvT2toalVFcFVZbkJqVW5aT1JWcHdWRTVETjJzMFNIYxAB
cagatay ozturk,5.0,"Even without a holiday in mind, just one evening at the restaurant is worth a delicious feast. Normally, hotel à la carte restaurants don't offer much beyond what's usually available, but this place breaks the mold. I highly recommend it.",2 weeks ago,2026-07-21,,"Dear Mr. Çağatay Öztürk,

Thank you very much for your valuable comment and kind suggestion.

We are very pleased that you were satisfied with your experience at Akşam Restaurant and that you appreciated our culinary approach. It is a great source of happiness for us that our goal of offering our guests unique and special culinary experiences has been realized.

Thank you for your kind suggestion, and we would be delighted to welcome you back to Rixos Premium Belek.

Sincerely,

Rixos Premium Belek Hotel Management",4 reviews,Ci9DQUlRQUNvZENodHljRjlvT21GVFFWbzNaRFZrTVU5dFFXd3RiMFJIWlhOeldVRRAB
Batuhan Acar,5.0,"Everything was thought out down to the finest detail, especially the food, which was delicious throughout the day. Mr. Aria was also very attentive to us; we thank him as well.",2 weeks ago,2026-07-21,,"Dear Mr. Batuhan Acar,

Thank you for your valuable feedback and 5-star rating.

We are delighted that you appreciated our attention to detail, our cuisine, and the quality of our service during your stay at Rixos Premium Belek. We would be pleased to share your kind words about Mr. Aria with him.

We look forward to welcoming you again and providing you with an unforgettable stay.

Sincerely,

Rixos Premium Belek Hotel Management",1 review,Ci9DQUlRQUNvZENodHljRjlvT2xCdE9IUTVaMVpGZFVWclQyZG1aVWRzUjA1SmNVRRAB
Non Non,5.0,"We stayed at a hotel in the reserve and were delighted! The grounds are simply magnificent, and the food is a true culinary journey. We especially loved the Aksam restaurant, where the surrounding nature is simply unforgettable. The service was top-notch: waiter Arpaslan, known as ""Handsome,"" took impeccable care of us, and the receptionist, Guldana, was very welcoming and responsive.
The nature here is unforgettable. This place has become a true oasis of peace and comfort. We will definitely return and recommend it to everyone!",2 weeks ago,2026-07-21,,"Dear Guest,

Thank you very much for your wonderful review and high rating of Rixos Premium Belek.

We are delighted that you had an unforgettable vacation, enjoying the magnificent grounds, the surrounding nature, and our culinary offerings. We are especially pleased that the Aksam restaurant left such a lasting impression on you.

Your kind words about our waiter, Arpaslan, and our receptionist, Guldana, will be sure to pass on to our team. We are truly delighted that their attentiveness and care made your stay even more enjoyable.

Thank you for your recommendation, and we look forward to welcoming you back to Rixos Premium Belek for more unforgettable experiences.

Sincerely,",1 review · 1 photo,Ci9DQUlRQUNvZENodHljRjlvT2s5Q1YxaElWVmhuV2tKTU9HMVFVMUF4VVRBdFRGRRAB
Can,5.0,"I think it's a top hotel, very good service, prices, and staff. The rooms are also really great, especially the service from Aria.",2 weeks ago,2026-07-21,,"Dear Can,

Thank you very much for your wonderful review and kind words about Rixos Premium Belek.

We are delighted to hear that you enjoyed our service, rooms, and the hospitality of our team. Your special appreciation for Aria is highly valued, and we will be happy to share your compliments with her.

Thank you for choosing us, and we look forward to welcoming you back for another excellent stay.

Kind regards,

Rixos Premium Belek Hotel Management",4 reviews,Ci9DQUlRQUNvZENodHljRjlvT2xRd05XeHlka2d3VlhaVU1IZEJNMFpPZUZGMGIzYxAB
Stuart Thirkell,5.0,"First time here last year. Rebooked as soon as we got home.
True quality, fantastic service.",2 weeks ago,2026-07-21,,"Dear Stuart Thirkell,

Thank you very much for your kind review and for choosing Rixos Premium Belek once again.

We are delighted to hear that your first experience with us inspired you to return. Your appreciation of our quality standards and fantastic service means a great deal to our entire team.

We look forward to welcoming you back and creating more unforgettable moments during your future stays.

Kind regards,

Rixos Premium Belek Hotel Management",10 reviews,Ci9DQUlRQUNvZENodHljRjlvT2s5cFFUWlRTVVJxTUZsR0xYcHZMVTVOYUZoM1UzYxAB
Trude Moe,5.0,,2 weeks ago,2026-07-21,,"Dear Trude Moe,

Thank you very much for your 5-star rating.

We truly appreciate your support and are delighted to know that you had a positive experience at Rixos Premium Belek. Your satisfaction is our greatest motivation, and we look forward to welcoming you back for another memorable stay.

Kind regards,

Rixos Premium Belek Hotel Management",,Ci9DQUlRQUNvZENodHljRjlvT20wNGJFdFlVMUp4Y1UxbFNHMU1NRk5sTkd0aE1uYxAB
James Dawson,5.0,Had a very lovely stay here it’s our 2nd visit. Very gorgeous hotel helpful staff. Bilal was very good and made us laugh everyday and looked after us well. Would definitely recommend.,2 weeks ago,2026-07-21,,"Dear James Dawson,

Thank you very much for your kind review and for choosing Rixos Premium Belek for your second visit.

We are delighted to hear that you enjoyed your stay and appreciated our beautiful hotel and the attentive service of our team. Your special compliments for Bilal are greatly appreciated, and we will be happy to share your kind words with him.

Thank you for your recommendation. We look forward to welcoming you back for another wonderful holiday.

Kind regards,

Rixos Premium Belek Hotel Management",6 reviews,Ci9DQUlRQUNvZENodHljRjlvT21WeFJVOUNSVXhYUkUxYWEzcHJUbkpYWmtSU1IyYxAB
Raouche Beirut,2.0,"Hotel is OK, not more. Service in the a la cart Restaurants is good. Service in the buffet restaurant is bad and slow. Always waited to have the table cleaned and to get cutlet. The rooms are old and need renovation. This is in no way a luxury 5 star hotel.

Service besides that very slow and you need to double check often to get your request done. We had 3x negative experiences in our hotelroom, because everything is so old (e.g. power did not work in the room). The service did not help us in a timely manner and I needed to complain multiple times at the reception.
Though the pool and beach area is very nice.

I will not come back to this hotel, because for that price you get way better hotels. This is not a real 5 star experience for me. The hotel feels too large and overcrowded and hence service seems not to care sometimes given the anonymity.",Edited 2 weeks ago,2026-07-21,,"Dear Raouche Beirut,

Thank you for taking the time to share your feedback.

We are truly sorry to learn that your experience did not fully meet your expectations.

We were unable to locate a reservation under your name in our system. In order to investigate the matters you mentioned in detail, we kindly ask you to contact us directly at   premiumbelek@rixos.com  with your reservation details (full name, stay dates, or booking number).

We take all guest feedback seriously and would appreciate the opportunity to review your concerns thoroughly.

We look forward to hearing from you.

Kind regards,

Rixos Premium Belek Hotel Management",Local Guide · 64 reviews,Ci9DQUlRQUNvZENodHljRjlvT2tKNldFMW9lR3gzZEV0SlprZzRiRlJ5WjJ4dU0xRRAB
onur özkaya,5.0,The hotel's location and the staff's attentiveness were excellent. The different concepts and menus were fantastic.,2 weeks ago,2026-07-21,,"Dear Mr. Onur Özkaya,

Thank you for your valuable feedback and 5-star rating.

We are very pleased that you were satisfied with our hotel's location, the hospitality of our staff, and our attentive service. Furthermore, your appreciation of our diverse concepts and carefully prepared menus demonstrates that our goal of providing unforgettable experiences for our guests is being fulfilled.

We look forward to welcoming you back to Rixos Premium Belek soon.

Sincerely,

Rixos Premium Belek Hotel Management",5 reviews,Ci9DQUlRQUNvZENodHljRjlvT2tZelJuTnNRVzFxT1RaRGJrZzJSRTUzVFZsSFJFRRAB
Murilo Oliveira,5.0,"The best luxury resort we have ever experienced.

Rixos Premium Belek exceeded every expectation and is, without question, the best hotel we have ever stayed at. Everything was exceptional—from the beautiful facilities and immaculate rooms to the outstanding food, pools, beach and overall atmosphere. Every detail reflects true luxury and genuine hospitality.

What made our stay unforgettable, however, was the incredible team.

A very special thank you to Hakan and Dogan, who looked after us at Ala Akşam Restaurant in The Land of Legends. Their professionalism, kindness and attention to detail transformed a great dinner into a truly memorable experience. They made us feel genuinely welcome from start to finish.

We are also extremely grateful to Osman Icelli, our waiter at Turquoise Restaurant. His warm personality, outstanding service and constant attention made every meal enjoyable. He consistently went above and beyond to ensure everything was perfect for our family.

Finally, we would like to thank Zhazgul from People Restaurant. She was incredibly kind, attentive and always greeted us with a genuine smile. Her friendliness and dedication made us feel at home every time we visited.

The entire staff deserves recognition. Everyone we met was professional, friendly and always willing to help. This level of hospitality is rare, even among luxury resorts.

Thank you, Rixos Premium Belek, for creating unforgettable memories for our family. We are already looking forward to coming back.

Highly recommended—an easy 10/10.",2 weeks ago,2026-07-21,,"Dear Guest,

Thank you very much for sharing your wonderful review and for your kind words about your experience at Rixos Premium Belek.

We are truly delighted to hear that you enjoyed our facilities, gastronomy, and the overall atmosphere of our resort. Your special appreciation for Hakan, Doğan, Osman İçelli, and Zhazgul is greatly appreciated, and we will be happy to share your compliments with them. Knowing that their attentive service and warm hospitality helped make your holiday unforgettable means a lot to us.

Thank you for choosing Rixos Premium Belek for your family holiday. We look forward to welcoming you back and creating many more memorable experiences in the future.

Kind regards,

Rixos Premium Belek Hotel Management",11 reviews,Ci9DQUlRQUNvZENodHljRjlvT210ck0zWTRVR0ptUnpCcFIxVTRVbUpVYzNFMFprRRAB
Umut Sarıbıyık,5.0,"Showtime, sport, entertainment is really fun and good. Anastasia was so helpfull. We enjoyed beautiful party in bearch bar!!!The variety of entertainment optimist profilden was impressive, enderin that ever guest finds something to enjoy.",2 weeks ago,2026-07-21,,"Dear Umut Sarıbıyık,

Thank you very much for your wonderful 5-star review.

We are delighted to hear that you enjoyed our entertainment, sports activities, and the Beach Bar party. It is especially rewarding to know that Anastasia's helpfulness made your stay even more enjoyable.

We truly appreciate your kind words and look forward to welcoming you back to Rixos Premium Belek for another unforgettable holiday.

Kind regards,

Rixos Premium Belek Hotel Management",8 reviews,Ci9DQUlRQUNvZENodHljRjlvT2xWNFUwazJZblkxU1VkdmRXRjROSEptTmtWcVdFRRAB
hein vermanen,5.0,"We have a good stay, food and service is good. Also my son lost his phone and the staff (Irem) came directly to help and found the phone back ! We enjoying our time here !",2 weeks ago,2026-07-21,,"Dear Guest,

Thank you for your kind review. We are delighted to hear that you are enjoying your stay and are pleased with our food and service.

We are especially happy that İrem could assist you with your son’s lost phone. We will gladly share your appreciation with her and our team.

We wish you a wonderful continuation of your holiday and look forward to welcoming you again.

Kind regards,

Rixos Premium Belek Hotel Management",8 reviews,Ci9DQUlRQUNvZENodHljRjlvT2tOWGQyWkNaR2t5YjBSNVNpMXZaalpWU1dSTE4xRRAB
Thijs van Rhoon,5.0,Great place for all ages. F&B of great quality!,2 weeks ago,2026-07-21,,"Dear Guest,

Thank you very much for your wonderful 5-star review.

We are delighted to hear that you enjoyed Rixos Premium Belek and found it to be a great destination for guests of all ages. We are also pleased that you appreciated the quality of our Food & Beverage services.

Your kind feedback is a great motivation for our entire team. We look forward to welcoming you back for another memorable stay.

Kind regards,

Rixos Premium Belek Hotel Management",3 reviews,Ci9DQUlRQUNvZENodHljRjlvT2pBNWVrZHJlV1pPYkRsMWRrRklTemhHY0dkbk9IYxAB
Zozan Çet,5.0,It was absolutely a wonderful holiday experience. It's great for both relaxing and having fun. Perfect for families with children. The staff are incredibly sweet and friendly. Highly recommended.,2 weeks ago,2026-07-21,,"Dear Zozan Çet,

Thank you very much for choosing Rixos Premium Belek and sharing your valuable feedback with us.

We are very happy to learn that you were satisfied with your holiday and that you both relaxed and had a pleasant time. In particular, your positive feedback on our staff's friendly service and your decision to make our hotel suitable for families with children is a great source of motivation for us.

Thank you again for your kind recommendation and words, and we would be delighted to welcome you and your loved ones back to Rixos Premium Belek soon.

Sincerely,

Rixos Premium Belek Hotel Management",1 review · 2 photos,Ci9DQUlRQUNvZENodHljRjlvT2tscFJuSmtkbkZEZG1oSmRsUTFUblJrZFZWdVdrRRAB
Cara Hardman,5.0,"Great service from Melike in the Children Activity Centre, she encouraged my little boy to play and made us feel very welcome. Thank you 😊",2 weeks ago,2026-07-21,,"Dear Cara Hardman,

Thank you very much for your wonderful 5-star review.

We are delighted to hear that you had such a positive experience at our Children Activity Centre. We are especially pleased to know that Melike made your little one feel comfortable, encouraged him to join the activities, and helped create a welcoming atmosphere for your family.

We will be happy to share your lovely words with Melike, as your appreciation will be a great motivation for her and our entire team.

It was a pleasure to have you as our guests at Rixos Premium Belek. We look forward to welcoming you and your family back for more joyful and memorable moments.

Kind regards,

Rixos Premium Belek Hotel Management",3 reviews,Ci9DQUlRQUNvZENodHljRjlvT25OWGVrdFRaVXhZTVRaWU1sUmlhRUpOZEhJek5IYxAB
Beth Haines,5.0,"We have just arrived after a long day of travel and welcomed by the most helpful lady on guest relations Melisa, who has sorted some super birthday celebrations for tomorrow!!!! Superstar!",2 weeks ago,2026-07-21,,"Dear Beth Haines,

We are delighted to hear that your stay started on such a positive note and that Melisa from our Guest Relations team made you feel so warmly welcomed after your journey. We will be sure to share your kind words with her—they will mean a great deal.

We hope you have a fantastic birthday celebration and enjoy every moment of your stay at Rixos Premium Belek. It is our pleasure to have you as our guest, and we look forward to creating many more memorable moments for you.

Kind regards,

Rixos Premium Belek Hotel Management",5 reviews · 2 photos,Ci9DQUlRQUNvZENodHljRjlvT21nM1YwcHZUbmhzTmw4eWVtUTNOMFZPVmtsVlNsRRAB
Rema Mawed,5.0,,2 weeks ago,2026-07-21,,"Dear Rema Mawed,

Thank you very much for your 5-star rating.

We truly appreciate your support and are delighted to know that you enjoyed your stay at Rixos Premium Belek. Your positive rating is a wonderful encouragement for our entire team.

We look forward to welcoming you back for another memorable holiday.

Kind regards,

Rixos Premium Belek Hotel Management",,Ci9DQUlRQUNvZENodHljRjlvT21GblgzaDBhRVF6VG1sTWRGVXpZWEYzUnpkbU1VRRAB
Raj Ark,5.0,Wonderful,2 weeks ago,2026-07-21,,"Dear Raj Ark,

Thank you very much for your wonderful 5-star review.

We are delighted to know that you had such a wonderful experience at Rixos Premium Belek. Your kind feedback is truly appreciated and serves as great motivation for our entire team.

We look forward to welcoming you back for another unforgettable holiday.

Kind regards,

Rixos Premium Belek Hotel Management",15 reviews,Ci9DQUlRQUNvZENodHljRjlvT201emQxTlNZamt3VURjemVtaFNZbU50TjFNeFJIYxAB
Alhanouf Mk,5.0,,2 weeks ago,2026-07-21,,"Dear Guest,

Thank you very much for your 5-star rating.

We are delighted to know that you had a pleasant experience at Rixos Premium Belek. Your support and appreciation mean a great deal to our team and inspire us to continue providing exceptional service.

We look forward to welcoming you back for another unforgettable stay.

Kind regards,

Rixos Premium Belek Hotel Management",1 review · 1 photo,Ci9DQUlRQUNvZENodHljRjlvT2xCTFpWVTRhRmszTlVwNGIxTlRjME0zTlhKdkxWRRAB
Antonio Russo,5.0,Very good,2 weeks ago,2026-07-21,,"Dear Antonio Russo,

Thank you for your 5-star rating and your kind comment.

We are delighted to know that you had a very good experience at Rixos Premium Belek. Your feedback means a lot to our team and encourages us to continue delivering exceptional service.

We look forward to welcoming you back for another memorable stay.

Kind regards,

Rixos Premium Belek Hotel Management",2 reviews,Ci9DQUlRQUNvZENodHljRjlvT25WTk15MUliR1ZqYlVONFQwTllXbVZJYjJ4cWJIYxAB
Eylem Savuran,5.0,"We have once again had a fantastic holiday at Rixos Premium Belek. We are travelling with our son who has both a physical disability and autism and the hotel has made a huge difference to us.
The staff are incredibly friendly, welcoming and helpful. You really feel welcome from the moment you arrive.
The swim-up rooms are absolutely fantastic and make the holiday so much easier for our family. One detail we particularly appreciated is the QR codes on the sun loungers. This means we can order drinks directly from our phone without having to leave our son alone to go to the bar. This is a great help for families with children who require extra support.
We are also very happy that there is no loud music in the rooms. The quiet atmosphere means a lot to our son who has autism and is sensitive to noise. This has allowed the whole family to relax and enjoy their holiday.
Many thanks to all the staff for a lovely holiday. We will definitely come again and can highly recommend Rixos Premium Belek, especially for families with children with special needs.",2 weeks ago,2026-07-21,,"Dear Eylem Savuran,

Thank you very much for your valuable review and 5-star rating.

We are very pleased that you enjoyed your stay at Rixos Premium Belek and that you shared your positive comments about our service quality, comfort, and restaurants. It is very important to us that you appreciate the care we take to provide our guests with the best experience.

We look forward to welcoming you back and providing you with another unforgettable holiday experience.

Sincerely,

Rixos Premium Belek Hotel Management",1 review,Ci9DQUlRQUNvZENodHljRjlvT2tKSlowVm9WRmhuUzBoSmVWY3RSRXBTZGxkTmMwRRAB
Ismail Civrilli,5.0,"Highly recommended. Service, friendliness, food, beach, and activity program were all above standard and simply superb. We would love to come back.",2 weeks ago,2026-07-21,,"Dear Guest,

Thank you for your valuable review and kind words. We are delighted that you were satisfied with our service, our team, the dining, the beach, and our activity program.

We look forward to welcoming you back to Rixos Premium Belek soon.

Sincerely,
Rixos Premium Belek Management",7 reviews · 1 photo,Ci9DQUlRQUNvZENodHljRjlvT25kcWNGVkdWRmRDWHpFeGVVcDJVWGRLTTAwNVRsRRAB
Mohammad Bakri,5.0,,2 weeks ago,2026-07-21,,"Dear Guest,

Thank you for your 5-star rating. We truly appreciate your support and are delighted to know that you enjoyed your stay with us.

We look forward to welcoming you back to Rixos Premium Belek for another wonderful experience.

Best regards,
Rixos Premium Belek Management",2 reviews,Ci9DQUlRQUNvZENodHljRjlvT2tFMExYcE9RbXREZG1sVldXSnJZVTVqTkdkcWFGRRAB
Kassem Bilal,5.0,,2 weeks ago,2026-07-21,,"Dear Guest,

Thank you for your 5-star rating. We truly appreciate your support and are delighted to know that you enjoyed your stay with us.

We look forward to welcoming you back to Rixos Premium Belek for another wonderful experience.

Best regards,
Rixos Premium Belek Management",1 photo,Ci9DQUlRQUNvZENodHljRjlvT2tac01pMUNibTk2YmpsNllVNVJOek5KTXpkdlVWRRAB
ðæk Kravc,5.0,Very good❤️,2 weeks ago,2026-07-21,,"Dear Guest,

Thank you very much for your wonderful feedback. We are delighted to hear that you had a very good experience with us. Your kind words and support mean a lot to our team.

We look forward to welcoming you back to Rixos Premium Belek for another memorable stay.

Best regards,
Rixos Premium Belek Management",1 review,Ci9DQUlRQUNvZENodHljRjlvT201b1NGRjFaM2N5YkRKUVoyTkpjM0U0VUVOSlVYYxAB
Eser Bas,5.0,"I've stayed in many hotels throughout my life, but this one truly exceeded my expectations. The rooms are spotlessly clean, the food is delicious and prepared with care every day. All the staff are friendly, attentive, and make guests feel truly valued. We felt right at home. Everything was perfect, from the cleanliness and service quality to the activities and atmosphere. We sincerely thank the entire team for their efforts. This is definitely a hotel we will return to and wholeheartedly recommend to everyone. Best regards, Aras Eser",2 weeks ago,2026-07-21,,"Dear Aras Eser,

Thank you very much for your kind comment and sincere feedback.

We are very pleased that you were so satisfied with your stay at Rixos Premium Belek, and we appreciate your valuable comments about our rooms, our cuisine, our service quality, and our team. Our greatest motivation is to ensure our guests feel at home and leave with unforgettable memories.

On behalf of our entire team, we thank you and look forward to welcoming you back and offering you the same warm and high-quality holiday experience.

Sincerely,

Rixos Premium Belek Hotel Management",1 review,Ci9DQUlRQUNvZENodHljRjlvT2taeVIwc3hWRzVxU0Vaa1preFdNekJMWmtRNGRXYxAB
umut adıgüzel,5.0,Everything was perfect. Especially People's restaurant.,2 weeks ago,2026-07-21,,"Dear Umut Adıgüzel,

Thank you very much for your kind comment and valuable feedback.

We are very happy that you enjoyed your holiday at Rixos Premium Belek and especially your experience at People's Restaurant. We will be pleased to share your kind words with our relevant team members.

We look forward to welcoming you again and providing you with another unforgettable holiday experience.

Sincerely,

Rixos Premium Belek Hotel Management",4 reviews · 5 photos,Ci9DQUlRQUNvZENodHljRjlvT201NGRWUkpPRmhxWjBSTWRrdHNWWE5mZFVsTE1tYxAB
Can Aydın,5.0,,2 weeks ago,2026-07-21,,"Dear Can Aydın,

Thank you very much for your valuable review and 5-star rating.

We are very pleased that you were satisfied with your holiday at Rixos Premium Belek and that you commented positively on our service quality, comfort, and restaurants. It is very valuable to us that the care we take to provide our guests with the best experience is appreciated.

We look forward to welcoming you again and providing you with another unforgettable holiday experience.

Sincerely,

Rixos Premium Belek Hotel Management",6 reviews,Ci9DQUlRQUNvZENodHljRjlvT2t4MFRXZzNSR0pJUVUxak9WUTNURWxGUld0M1QyYxAB
Rasha Abd elqader,5.0,"I had a wonderful stay at the hotel, the staff was incredible friendly, welcoming and always ready to help, and rixy  club was amazing.",2 weeks ago,2026-07-21,,"Dear Valued Guest,

Thank you very much for your wonderful review. We are delighted to hear that you had a wonderful stay at Rixos Premium Belek.

It is a pleasure to know that you appreciated the friendliness and hospitality of our team, as well as the experience at Rixy Club. Your kind words are a great motivation for us to continue providing exceptional service.

We look forward to welcoming you and your family back for another memorable stay.

Best regards,
Rixos Premium Belek Management",3 reviews,Ci9DQUlRQUNvZENodHljRjlvT2tvMmJFcE9ZakExU0Y5TmEwUXlkR1ZvTm1WRFVWRRAB
Francisco Lobbosco,5.0,"Fantastic family holiday at Rixos Premium Belek. The hotel, service, and facilities were excellent, and the Kids Club was a real highlight. A special thank you to Sudem for taking such great care of our children—she was kind, caring, and made their stay even more enjoyable. We would definitely come back!",2 weeks ago,2026-07-21,,"Dear Valued Guest,

Thank you very much for your wonderful review. We are delighted to hear that you and your family had a fantastic holiday at Rixos Premium Belek.

It is a pleasure to know that you enjoyed our hotel, services, facilities, and especially our Kids Club. We will be happy to share your kind words with Sudem; your appreciation will be a great motivation for her and our entire team.

We look forward to welcoming you and your family back for another unforgettable stay.

Best regards,
Rixos Premium Belek Management",1 review,Ci9DQUlRQUNvZENodHljRjlvT214M1ZqZFpSR2RoVW1kcWVXTnFPVk5PUzFCMFVVRRAB
Lela Kovalevskaya,5.0,Rixy Kid’s club is exceptional. Magnate workshop and different activities are very good. Big thanks to the team!,2 weeks ago,2026-07-21,,"Dear Lela Kovalevskaya,

Thank you very much for your wonderful review.

We are delighted to hear that you enjoyed the Rixy Kids Club and its activities, especially the Magnate Workshop. Your kind words and appreciation for our team mean a lot to us, and we will be happy to share your compliments with them.

We look forward to welcoming you and your family back to Rixos Premium Belek for another memorable holiday.

Warm regards,

Rixos Premium Belek Hotel Management",3 reviews,Ci9DQUlRQUNvZENodHljRjlvT2xoUGVtTTBaRmxxZGxGcmFFOXllRTFKZVZsV1JGRRAB
Gregory Noordzee,5.0,Top hotel! Personal is very kind and helpful!,2 weeks ago,2026-07-21,,"Dear Gregory Noordzee,

Thank you very much for your wonderful review and five-star rating.

We are delighted to hear that you enjoyed your stay at Rixos Premium Belek and appreciated the kindness and helpfulness of our team. Your kind words are a great motivation for us to continue providing exceptional service to our guests.

We look forward to welcoming you back for another unforgettable experience.

Warm regards,

Rixos Premium Belek Otel Yönetimi",4 reviews,Ci9DQUlRQUNvZENodHljRjlvT2toWFVDMHhNMGR3YWpKSmRtVXdVRVptYm5sWWFsRRAB
funda akkaya,5.0,"Our stay at the Rixos Premium Belek was simply outstanding. The entire hotel is very luxurious, exceptionally clean, and meticulously maintained down to the smallest detail. The service was first-class – the staff were attentive at all times and anticipated our every need. The à la carte restaurants were also excellent and perfectly complemented our stay.",2 weeks ago,2026-07-21,,"Dear Funda Akkaya,

Thank you so much for your wonderful review.

We are delighted to hear that you thoroughly enjoyed your stay at the Rixos Premium Belek and were satisfied with our luxurious ambiance, cleanliness, and attentive service. Your kind words about our team and our à la carte restaurants mean a great deal to us.

We look forward to welcoming you back soon and providing you with another unforgettable holiday experience.

Sincerely,

Rixos Premium Belek Hotel Management",1 review,Ci9DQUlRQUNvZENodHljRjlvT25KNVdFWk5SVFIyTTB0ZlVURnplR2hQVjBKTlVVRRAB
SOLO TURK,5.0,Mr. Mustafa and Mr. Hamza at the reception do a great job.,2 weeks ago,2026-07-21,,"Dear Guest,

Thank you very much for your kind review.

We will be happy to share your valuable feedback about Mr. Mustafa and Mr. Hamza from our reception team with them. It is very important to us that you appreciate their attention and care towards our guests.

We would be delighted to welcome you back to Rixos Premium Belek and provide you with an unforgettable holiday experience.

Sincerely,

Rixos Premium Belek Hotel Management",1 review,Ci9DQUlRQUNvZENodHljRjlvT25KdWN6ZDFlall6VkZoMFZUZHdVa05RVkVkSlMzYxAB
Maya Akduman,5.0,I had so much fun at Rixy Kids Club. There were different activities every day and I never got bored. I really enjoyed the Just Dance and sports activities. There were also PlayStation areas for the younger kids. A big thank you to Fatma and Deniz for their attention and friendly smiles. I want to come again!,2 weeks ago,2026-07-21,,"Dear Maya Akduman,

Thank you so much for your kind review.

We are delighted that you enjoyed your time at Rixy Kids Club, and that you were pleased with the various activities, Just Dance, sports activities, and play areas. We will definitely share your positive comments about Fatma and Deniza's attentiveness and friendly demeanor with them.

We look forward to welcoming you and your family back to Rixos Premium Belek and helping you create new beautiful memories.

Sincerely,

Rixos Premium Belek Hotel Management",3 reviews · 1 photo,Ci9DQUlRQUNvZENodHljRjlvT21kQ1ZVZHRSakZoWlRkZmNsSTRXbXRFY2w5UGRHYxAB
Sakina Dewji,5.0,,2 weeks ago,2026-07-21,,"Dear Sakina Dewji,

Thank you for your five-star rating and for choosing Rixos Premium Belek.

We are delighted to receive your positive feedback. Your support means a lot to our team and encourages us to continue providing exceptional experiences for our guests.

We look forward to welcoming you back for another wonderful stay.

Warm regards,

Rixos Premium Belek Management",,Ci9DQUlRQUNvZENodHljRjlvT25sTldUWktWbTlDV0haamEwWnhVWEpGVjJoTU1uYxAB
Ahmet Han CEBESOY,5.0,"It was a wonderful experience, I recommend it to everyone.",2 weeks ago,2026-07-21,,"Dear Ahmet Han Cebesoy,

Thank you very much for your kind comment and thoughtful recommendation.

We are delighted to hear that you had a wonderful experience at Rixos Premium Belek. Your satisfaction is very important to us.

We look forward to welcoming you back and providing you with another unforgettable holiday experience.

Sincerely,

Rixos Premium Belek Hotel Management",3 reviews · 1 photo,Ci9DQUlRQUNvZENodHljRjlvT21SeVJsVTRSMlV3VEMwd05VZDZiRUpNVkRKa1dFRRAB
Firdavs Muradov,1.0,"Our stay at the Rixos Premium Belek left an extremely negative impression.

We chose this hotel expecting a high level of service, especially since the booking was linked to the Accor program, and I'm an ALL Accor Platinum member. Unfortunately, we received no benefits or recognition based on our status. Furthermore, from the moment we checked in, the reception was cold and indifferent.

Before our trip, our circumstances changed, and we were forced to bring another child with us. Instead of trying to find a reasonable solution, the hotel charged us an additional $2,900 on top of the reservation amount already paid. We repeatedly asked for a manager to help resolve the situation, but the reception staff showed no interest in addressing the issue. The Russian-speaking receptionist was particularly unpleasant; she behaved unprofessionally and showed no desire to help. We didn't receive even a basic apology throughout the entire stay.

The condition of the hotel itself was equally disappointing. The rooms are in dire need of renovation: the furniture and decor are noticeably worn, the carpeting has an unpleasant odor, and the mattress in our room emitted such a strong odor that it seriously impacted our comfort. The bathroom also looked outdated, with numerous signs of wear and tear.

Considering the price, our expectations were completely different. In our opinion, the price-to-quality ratio here is completely inadequate for a five-star premium resort.

Unfortunately, our stay was a major disappointment. We will not choose the Rixos Premium Belek again and cannot recommend it to other travelers.",2 weeks ago,2026-07-21,,"Dear Firdavs,

Thank you for taking the time to share your feedback.

We sincerely apologize that your stay at the Rixos Premium Belek did not meet your expectations. We regret that you were disappointed with the check-in process, the condition of your room, and the level of service provided.

Please be assured that your feedback has already been forwarded to the hotel management for detailed review. All comments you have made will be carefully reviewed by the relevant departments.

Thank you for your feedback. Our guests' opinions are very important to us and help us improve the quality of our services.

Sincerely,",3 reviews · 1 photo,Ci9DQUlRQUNvZENodHljRjlvT2xFdFNqVnRabmhaV1V3MlYwNHRlVXc0YzBObldHYxAB
Jayden Lendhra,5.0,,2 weeks ago,2026-07-21,,"Dear Jayden Lendhra,

Thank you for your 5-star rating and for choosing Rixos Premium Belek.

We truly appreciate your support and are delighted to know you had a positive experience with us. We look forward to welcoming you back for another memorable stay.

Kind regards,
Rixos Premium Belek Hotel Management",1 review,Ci9DQUlRQUNvZENodHljRjlvT21wTlMzTnhWblpOYVZaVFgxQTBSeTFGTW1GbmVtYxAB
Raymond Upham,5.0,,2 weeks ago,2026-07-21,,"Dear Raymond Upham,

Thank you for your 5-star rating and for choosing Rixos Premium Belek.

We truly appreciate your support and are delighted to know you had a positive experience with us. We look forward to welcoming you back for another memorable stay.

Kind regards,
Rixos Premium Belek Hotel Management",5 reviews,Ci9DQUlRQUNvZENodHljRjlvT21wMldrRlNTbXRQYmpaUWRtUlVWVGQwTTIwMGIyYxAB
Fatih Sertdemir,5.0,Perfect!,2 weeks ago,2026-07-21,,"Dear Fatih Sertdemir,

Thank you for your wonderful 5-star review and for sharing your kind feedback.

We are delighted to know that you had a perfect experience at Rixos Premium Belek. Your satisfaction is the greatest reward for our team and inspires us to continue delivering exceptional service.

We look forward to welcoming you back for another unforgettable stay.

Kind regards,

Rixos Premium Belek Hotel Management",3 reviews,Ci9DQUlRQUNvZENodHljRjlvT21vdFVEWlRTV3BFYWsxd1puSXpVbXN5VVVJek9FRRAB
gokhan oguz,5.0,A superb hotel.,2 weeks ago,2026-07-21,,"Dear Gökhan Oğuz,

Thank you very much for choosing Rixos Premium Belek and sharing your wonderful review with us.

Your comment, ""A superb hotel,"" is a great source of motivation for our entire team. We are delighted if we were able to provide you with an unforgettable holiday experience.

We look forward to welcoming you back to Rixos Premium Belek soon.

Sincerely,

Rixos Premium Belek Hotel Management",Local Guide · 14 reviews,Ci9DQUlRQUNvZENodHljRjlvT2xsdVYwMVNPSGRHTkVSNmNIRmxSVWxMTm5OWGRsRRAB
çağrı karadağ,5.0,"We had an unforgettable experience staying at this hotel as a honeymoon couple. From the very first moment, we were greeted warmly and sincerely. Upon entering our room, we were welcomed with champagne, desserts, and cake specially prepared for honeymooners. This thoughtful surprise truly delighted us.

Our birthday celebration was also not forgotten. The attention and care shown by the staff, especially in the à la carte restaurants, for both our honeymoon and birthday, made us feel truly special. Furthermore, the evening restaurant exceeded our expectations. The taste, variety, and quality of the food were truly wonderful. We enjoyed every evening and were very pleased with the attention from the restaurant staff.

Thanks to the smiles, hospitality, and attention to detail of all the staff, our holiday far exceeded our expectations. We sincerely thank the entire hotel team for creating such beautiful memories for us. This is a wonderful hotel that can be confidently chosen for a honeymoon or a special celebration.",2 weeks ago,2026-07-21,,"Dear Çağrı Karadağ,

We sincerely thank you for choosing Rixos Premium Belek for your honeymoon and for sharing your heartfelt and detailed feedback with us.

We are delighted to have hosted one of the most special moments of your life, such as your honeymoon and birthday. Knowing that the surprises prepared for you in your room, your special celebrations, and the attention of our team in our à la carte restaurants added value to your holiday is our greatest reward.

We are also pleased that the flavors, presentation, and hospitality of our Evening Restaurant exceeded your expectations. At Rixos Premium Belek, we aim to offer our guests not only comfortable accommodation but also special memories that will be cherished for years to come. Seeing that we have achieved this goal thanks to your valuable comments is a great source of motivation for us.

We will gladly share your kind words with all our team members. We would be honored to welcome you back to Rixos Premium Belek for your future celebrations and unforgettable holidays.

Sincerely,

Rixos Premium Belek Hotel Management",5 reviews,Ci9DQUlRQUNvZENodHljRjlvT25wclZXOHRURGhMYUZsNlgwSkNWMVJKT0ZSRk5WRRAB
Hazal Gungor,5.0,This is one of the best hotels to choose from for an all-inclusive concept. It has a concept that will delight guests with children. I especially recommend that guests try the à la carte restaurants. I would say the evening restaurant is one of the best.,2 weeks ago,2026-07-21,,"Dear Hazal Güngör,

Thank you for choosing Rixos Premium Belek and for sharing your valuable experience with us.

We are very pleased that you were satisfied with our all-inclusive concept and especially with the services we offer to families with children. Providing our guests with an unforgettable holiday experience where guests of all ages can enjoy themselves is our top priority.

Your recommendations for our à la carte restaurants and especially your kind words about our Evening Restaurant are very valuable to us. We will gladly share your valuable comments with our relevant teams.

We look forward to welcoming you back to Rixos Premium Belek soon.

Sincerely,

Rixos Premium Belek Hotel Management",8 reviews,Ci9DQUlRQUNvZENodHljRjlvT2kxU2JWUlhOWFIzWVRKdVVIazJNWEkxYVZCSk9WRRAB
Aşkı Fettah Aydın,5.0,"The food quality and room cleanliness are excellent.
The Kyrgyz service staff are wonderful people, friendly and positive.
The sea is often cloudy because it's sandy. The à la carte restaurants are fantastic.",2 weeks ago,2026-07-21,,"Dear Aşkı Fettah Aydın,

Thank you for choosing Rixos Premium Belek and sharing your valuable feedback with us.

We are extremely pleased with your kind words regarding the quality of our food, room cleanliness, and à la carte restaurants. Your satisfaction with the friendliness, hospitality, and positive approach of our service team is a great source of motivation for us in our goal of providing the best experience for our guests.

We also thank you for your comment regarding the occasional cloudiness of the sea due to the sandy texture. We carefully consider all feedback from our guests to continuously improve the quality of our services.

We look forward to welcoming you back to Rixos Premium Belek soon.

Sincerely,

Rixos Premium Belek Hotel Management",Local Guide · 259 reviews · 135 photos,Ci9DQUlRQUNvZENodHljRjlvT2pOcmJsbE1kMnhsTURGUlRIQnFOMjF2VEhCd1NuYxAB
BADER TAREQ,5.0,We came me and my family and we had fun it was amazing Thanks to rioxs and rixy team and Ilya animator and deniz chief in teen zone,Edited 2 weeks ago,2026-07-21,,"Dear Bader Tareq,

Thank you very much for your kind review.

We’re delighted to hear that you and your family had such a fun and amazing experience with us. Your special thanks to the Rixy Team, our animator Ilya, and Deniz, the chef in the Teen Zone, have been shared with them — and they truly appreciate your kind words.

We look forward to welcoming you and your family back for another unforgettable holiday.

Warm regards,
Hotel Management
Rixos Premium Belek",7 reviews,Ci9DQUlRQUNvZENodHljRjlvT2pOdmVTMUdkbmxCYm5WeE4zWm9kR294Y0ZkcmNuYxAB
Khs_travel,5.0,"A very, very, very beautiful hotel, Rixos for everyone",2 weeks ago,2026-07-21,,"Dear Guest,

Thank you very much for your wonderful review and for choosing Rixos Premium Belek.

We are truly delighted to know that you had such a positive experience and that you enjoyed your stay with us. Your kind words are a great source of motivation for our entire team.

We look forward to welcoming you back to Rixos Premium Belek for another memorable holiday.

Kind regards,

Rixos Premium Belek Hotel Management",2 reviews,Ci9DQUlRQUNvZENodHljRjlvT2xaV2FGUXhObmxPTUVVd1dGQlFVMUl6UTJSbE5HYxAB
Aytac Balaban,5.0,,2 weeks ago,2026-07-21,,"Dear Aytac Balaban,

Thank you for your 5-star review and for choosing Rixos Premium Belek.

Your support is invaluable to us. Knowing that you had a pleasant stay at our hotel makes us extremely happy. We look forward to welcoming you back to Rixos Premium Belek for another unforgettable holiday.

Sincerely,

Rixos Premium Belek Hotel Management",Local Guide · 7 reviews · 1 photo,Ci9DQUlRQUNvZENodHljRjlvT2pWNVRuSllPVVp0VFdoamMxVjBOazlNZEdRMVpFRRAB
Tugba Balaban,5.0,"Everything was premium quality, thank you.",2 weeks ago,2026-07-21,,"Dear Tuğba Balaban,

Thank you for choosing Rixos Premium Belek and sharing your kind review with us.

We are extremely pleased that you stated the services we offer at our facility are of ""premium quality"". Providing you with a holiday experience that exceeded your expectations is the greatest source of happiness and motivation for our entire team.

Thank you again for your kind words, and we would be delighted to welcome you back to Rixos Premium Belek soon.

Sincerely,

Rixos Premium Belek Hotel Management",2 reviews · 1 photo,Ci9DQUlRQUNvZENodHljRjlvT2tNMlNtZG5ZWFJ6T1ZKUWIwOTNkVEF3WDJwQ1luYxAB
Шмегуль,5.0,,2 weeks ago,2026-07-21,,"Dear Guest,

Thank you for your 5-star rating and for choosing Rixos Premium Belek.

We truly appreciate your support and are delighted to know you had a positive experience with us. We look forward to welcoming you back for another memorable stay.

Kind regards,
Rixos Premium Belek Hotel Management",2 reviews,Ci9DQUlRQUNvZENodHljRjlvT25KWVlsaHFObmR1WW1KcGF6Sk1ORmRpWTBRMmNGRRAB
Pınar Kopuz,4.0,"Unfortunately, the hotel fell short of our expectations. The à la carte options and the fact that they're free are nice, but the buffet and à la carte menus are inadequate. It's illogical that everything except dinner and check-in is chargeable at Land of the Island. The lack of adult-only areas in the pool and beach sections is a drawback. The nightlife is weak. The minibar and bathroom amenities in the room weren't properly replenished; we constantly had to call and request them. The hotel bars close early, and the lobby bar, which is only open after midnight, doesn't have a terrace.",Edited 2 weeks ago,2026-07-21,,"Dear Ms. Pınar Kopuz,

Thank you for choosing Rixos Premium Belek and for sharing your valuable feedback with us.

We are sorry that your stay did not fully meet your expectations. All your comments and suggestions will be carefully considered by our relevant teams to further improve our service quality.

We aim to always provide our guests with the highest service standards, and we consider feedback an important part of our development.

We hope to welcome you back to Rixos Premium Belek in the future and offer you an even more satisfying holiday experience.

Sincerely,

Rixos Premium Belek Hotel Management",Local Guide · 22 reviews,Ci9DQUlRQUNvZENodHljRjlvT2t0ZlQzRlRkbFp1UW1ReFowWkJjRVZXY25aSWNrRRAB
Ali Han Aydin,5.0,"I am very pleased with the staff at every level. They do their jobs very well. Ms. Anıta, in particular, was very attentive. All the staff, especially Ms. Anıta, made us love the hotel very much. Thank you to all of them.",2 weeks ago,2026-07-21,,"Dear Ali Han Aydın,

We sincerely thank you for your valuable comment and kind words. Your appreciation of the service philosophy and attention shown to our guests by all our team members is a great source of happiness and motivation for us.

We will gladly share your kind thoughts, especially regarding Ms. Anita, with her and our team. Providing you with a pleasant holiday experience at Rixos Premium Belek is our greatest reward.

We look forward to welcoming you back to Rixos Premium Belek soon.

Sincerely,
Rixos Premium Belek Hotel Management",Local Guide · 26 reviews,Ci9DQUlRQUNvZENodHljRjlvT20xb09IZDZNRVl5TldoaWMxSkxlV2Q0VkdwR1kzYxAB
Meryem AYDİN,5.0,"The staff at every level were excellent, friendly, helpful, and had great communication. I especially greeted Anita every day; it was a very high-quality and wonderful holiday, I was very pleased.",2 weeks ago,2026-07-21,,"Dear Meryem Aydın,

Thank you for your kind comment. We are very happy that our team's smiles, hospitality, and service contributed to your holiday.

We will gladly share your kind words about Ms. Anita with her. We would be delighted to welcome you back to Rixos Premium Belek.

Sincerely,
Rixos Premium Belek Hotel Management",1 review,Ci9DQUlRQUNvZENodHljRjlvT25sWmFVVkhRWE5EYkd0V1luSjNNWGQwVFhGUGVGRRAB
Jana Todd,5.0,"Rixos hotel in Belek, Turkey is our best hotel so far! The service, the food, the room, the beach, activities......all amazing. Hot and cold drinks brought to you ar any time of the day. Super friendly and kind staff everywhere!! We are happy we booked here and will do so again.",2 weeks ago,2026-07-21,,"Dear Jana Todd,

Thank you for your wonderful review. We are truly delighted to hear that Rixos Premium Belek has been your best hotel experience and that you enjoyed our service, culinary offerings, facilities, and the hospitality of our team.

Your kind recommendation means a great deal to us. We look forward to welcoming you back again soon.

Kind regards,
Rixos Premium Belek Hotel Management",9 reviews,Ci9DQUlRQUNvZENodHljRjlvT25rd05tTlVWMHRwYWpJMVIzYzFNamh3V1RrNGJIYxAB
sara abdullah,5.0,"We had a wonderful stay at Rixos Hotel. The service was professional and attentive, the rooms were clean and comfortable, and the overall atmosphere was relaxing and luxurious. The staff were friendly and always ready to help, which made the experience even more enjoyable. The facilities, food, and attention to detail were excellent. I would gladly recommend Rixos to anyone looking for a high-quality and memorable hotel stay.",2 weeks ago,2026-07-21,,"Dear Sara Abdullah,

Thank you for your wonderful review and kind recommendation. We are delighted to know that you enjoyed your stay at Rixos Premium Belek and appreciated our service quality, comfortable rooms, facilities, and culinary offerings.

Your kind words about our team and their attentive approach are highly appreciated. We are pleased to have contributed to a relaxing and memorable holiday experience.

We look forward to welcoming you back to Rixos Premium Belek in the future.

Kind regards,
Rixos Premium Belek Hotel Management",9 reviews · 1 photo,Ci9DQUlRQUNvZENodHljRjlvT2sxQk1XNTZaVEJIV0Vsb1MyaHpjbXBoVmxkUlVtYxAB
Markus Fleischmann,5.0,"very good location. very good service. high quality of food.
and fantastic waiters (especially Baki Candan)",2 weeks ago,2026-07-21,,"Dear Markus Fleischmann,

Thank you for your kind review. We are delighted to hear that you enjoyed our location, service quality, and culinary offerings.

Your special compliments for Baki Candan are highly appreciated, and we will be pleased to share your kind words with him.

We look forward to welcoming you back to Rixos Premium Belek.

Kind regards,
Rixos Premium Belek Hotel Management",1 review · 3 photos,Ci9DQUlRQUNvZENodHljRjlvT21kVWNHNXVNVUk0ZDIxUFJFaGplVVZqTlhKRWIzYxAB
Burcu Turan,4.0,,2 weeks ago,2026-07-21,,"Dear Burcu Turan,

Thank you for your review and for choosing Rixos Premium Belek.

Your support is invaluable to us. We are extremely happy to know that you had a pleasant stay at our facility. We look forward to welcoming you back to Rixos Premium Belek for another unforgettable holiday.

Sincerely,

Rixos Premium Belek Hotel Management",1 review,Ci9DQUlRQUNvZENodHljRjlvT25oTFZteG5UM3ByUjB3NVNWRlVabGhRTmpscFpYYxAB
Osman Söylemez,5.0,"The waiters are very attentive.
The food is very delicious.
The presentation is excellent.
The chocolate yogurt dessert was exceptionally good.",2 weeks ago,2026-07-21,,"Dear Mr. Osman Söylemez,

Thank you for your kind comment. We are very pleased with your positive feedback regarding the attentiveness of our waiters, the deliciousness of our food, and our presentation.

We are especially delighted that you enjoyed our chocolate yogurt dessert. We would be pleased to welcome you back to Rixos Premium Belek.

Sincerely,
Rixos Premium Belek Hotel Management",1 review,Ci9DQUlRQUNvZENodHljRjlvT2taMGRWWkNWalJOUTA1ck5XZDBXa3cwZW1GVE0zYxAB
Sinan Celik,5.0,"We had a wonderful stay at the Rixos Premium Belek and can wholeheartedly recommend the hotel.

We were particularly impressed by the high quality of the food. The buffet offers a wide selection, but the numerous à la carte restaurants are a real highlight and offer a very high culinary standard.

A big thank you also goes to the staff. The entire team is extremely friendly, attentive, and helpful. Our personal assistants, Emine and Mediya, in particular, made our stay even more enjoyable. They were always available, took care of all our requests immediately, and provided excellent service.

While the rooms could use a renovation, they are very clean and are thoroughly cleaned daily. The included premium beverages in glass bottles are also a big plus and contribute to the hotel's overall high-quality feel.

An absolute highlight is the free access to Land of Legends (including shuttle service). The park is impressive and offers fun for the whole family. The restaurants on site are also excellent and make the trip a truly special experience.

Overall, we had a fantastic vacation and would definitely return to the Rixos Premium Belek.",2 weeks ago,2026-07-21,,"Dear Guests,

Thank you so much for your detailed and kind review. We are delighted that you enjoyed your stay at the Rixos Premium Belek and especially appreciated our food, à la carte restaurants, and the quality of our service.

We will gladly pass on your kind words about Emine and Mediya, as well as our entire team. We will also share your feedback regarding the rooms with the relevant departments.

We are pleased that you also enjoyed the Land of Legends experience and our services, and we would be delighted to welcome you back to the Rixos Premium Belek anytime.

Sincerely,

Rixos Premium Belek Hotel Management",10 reviews · 10 photos,Ci9DQUlRQUNvZENodHljRjlvT25aRGFGZGFWVlpNVkUxT05qaDRPWGQxU0RaUFVtYxAB
Yusuf Gürsoy,5.0,"A fantastic hotel, a must-experience at least once in your lifetime. The evening meal is the best of the à la carte options. The food and service are excellent. Many thanks to Mr. Alparslan there.",2 weeks ago,2026-07-21,,"Dear Yusuf Gürsoy,

Thank you for your kind comment and valuable advice. We are very pleased that you were satisfied with your Rixos Premium Belek experience, and especially that you appreciated the quality of our food and service in our à la carte restaurants.

We will gladly share your kind thanks with Mr. Alparslan. Your appreciation of the attentive service our team provides to our guests is a great source of motivation for us.

We look forward to welcoming you back to Rixos Premium Belek.

Sincerely,
Rixos Premium Belek Hotel Management",8 reviews,Ci9DQUlRQUNvZENodHljRjlvT2tsd01IVmpYMWhoVGpGSWRtZHZZbU52UW10VE4xRRAB
Jen Seed,5.0,"A great all inclusive resort, attentive staff, clean rooms and great facilities. Would highly recommend.",2 weeks ago,2026-07-21,,"Dear Guest,

Thank you for your kind review and recommendation. We are delighted to know that you enjoyed our all-inclusive concept, attentive service, clean rooms, and facilities.

Your satisfaction is our greatest motivation, and we look forward to welcoming you back to Rixos Premium Belek in the future.

Kind regards,
Rixos Premium Belek Hotel Management",2 reviews,Ci9DQUlRQUNvZENodHljRjlvT25Sa2JGVnNkbmcwVkZSblVVbDNTbTlxTkhCNmQyYxAB
Özgür,5.0,The hotel is very well-maintained and clean. The staff are very attentive.,2 weeks ago,2026-07-21,,"Dear Mr. Özgür,

Thank you for your kind review. We are very pleased with your positive feedback regarding the cleanliness, maintenance, and attentiveness of our hotel staff.

We continue to work with the same dedication to provide our guests with a comfortable and enjoyable experience. We would be delighted to welcome you back to Rixos Premium Belek.

Sincerely,
Rixos Premium Belek Hotel Management",5 reviews,Ci9DQUlRQUNvZENodHljRjlvT2t4d1IybEJPVkZ2VEhCc1JGRkJiRTFNTlVoUVluYxAB
Daniela Zelezic,5.0,"We were able to use the hotel for a day as part of the Nickelodeon experience!

Beautiful pool area - great beach and excellent service!",2 weeks ago,2026-07-21,,"Dear Daniela Zelezic,

Thank you so much for your positive review and for sharing your impressions with us. We are delighted that you enjoyed our pool area, the beach, and our service.

We would be pleased to welcome you back to the Rixos Premium Belek on another occasion.

Sincerely,

Rixos Premium Belek Hotel Management",3 reviews,Ci9DQUlRQUNvZENodHljRjlvT25kb2JGRldhemRIVUhONk5UTjVkbEppVjE5dmJVRRAB
Medet gürnal,5.0,"I'm in a really great place. Every single employee is so friendly, loves their job, and goes out of their way to help with everything you need. They never turn anything down. Perfectooo.
The hardworking staff are 5 stars. Heart heart heart. The food and drinks are 5 stars.
The activities, especially for children, are 5 stars.
Security, walking and sports, pool, cleanliness.... 5 stars.
However (there should be a but) they need to improve in terms of standard rooms.
You can easily take advantage of all the hotel's facilities.
They have surpassed the service sector!!!",2 weeks ago,2026-07-21,,"Dear Medet Gürnal,

We sincerely thank you for your valuable and detailed feedback. We are delighted that you appreciate our team's friendliness, hospitality, and service, and that you are satisfied with our food, beverages, children's activities, cleanliness, security, and the facilities offered by our hotel.

We will carefully consider your constructive feedback regarding our standard rooms and share it with our relevant teams. Your opinions are of great importance to us in order to improve the guest experience in all areas.

We look forward to welcoming you back to Rixos Premium Belek.

Sincerely,
Rixos Premium Belek Hotel Management",5 reviews,Ci9DQUlRQUNvZENodHljRjlvT2pKVmExSlNPRTV1TlU5U1pIa3hWR1ZEYkhoT2JGRRAB
ozgur Unlu,5.0,Everything is great and the staff are happy to help.,2 weeks ago,2026-07-21,,"Dear Guest,

Thank you for your kind review. We are very pleased that you were satisfied with our services and appreciated the attention of our team.

We look forward to welcoming you back to Rixos Premium Belek.

Sincerely,
Rixos Premium Belek Hotel Management",1 review,Ci9DQUlRQUNvZENodHljRjlvT2tGTmNISjFibEJQVFd3d05VOUlMWGxQYUdsdmIzYxAB
Niraj Thakerar,5.0,"Great hotel came here in 2023 was brilliant then so we came back again for this summer.

So far it’s our second day this time round and all I can say is it’s still kept the same high standards. Great for kids and adults!!",2 weeks ago,2026-07-21,,"Dear Niraj Thakerar,

Thank you for choosing Rixos Premium Belek once again and for your continued trust in us. We are delighted to know that your second stay has been just as enjoyable and that our high standards continue to meet your expectations.

We look forward to welcoming you and your family back again soon.

Kind regards,
Rixos Premium Belek Hotel Management",4 reviews,Ci9DQUlRQUNvZENodHljRjlvT21WZlFpMUlUazlXWTJkVlJEWmhiVmRLTmxsR0xYYxAB
Cemil Kaya,5.0,"Everything was very enjoyable and wonderful, it's a hotel I can recommend. I would also like to thank Mr. Aria for his attention and care.",2 weeks ago,2026-07-21,,"Dear Cemil Kaya,

Thank you for your kind comment and recommendation. We are very happy that you were satisfied with your holiday. We will gladly share your kind words with Mr. Aria.

We hope to welcome you back to Rixos Premium Belek soon.

Sincerely,
Rixos Premium Belek Hotel Management",2 reviews,Ci9DQUlRQUNvZENodHljRjlvT2pCU2NsbE9jbUowWTBOWVNIZHVVMlZYWVVOUWFrRRAB
Noi Doi,5.0,,2 weeks ago,2026-07-21,,"Dear Noi Doi,

Thank you for your 5-star rating and for choosing Rixos Premium Belek.

We truly appreciate your support and are delighted to know you had a positive experience with us. We look forward to welcoming you back for another memorable stay.

Kind regards,
Rixos Premium Belek Hotel Management",3 reviews,Ci9DQUlRQUNvZENodHljRjlvT21OMlFsZzBSME5aY1ZFMFMzUm5jelpvVkdOclNrRRAB
Rebecca Garland,5.0,Amazing experience. All of the staff couldn’t do enough to help us. We have had the best holiday and will return. Thank you!,2 weeks ago,2026-07-21,,"Dear Rebecca Garland,

Thank you very much for your wonderful 5-star review and for your kind words.

We are truly delighted to hear that you had such an amazing experience at Rixos Premium Belek. Knowing that our team made you feel well cared for throughout your stay and contributed to making your holiday so enjoyable is the greatest reward for us.

Your intention to return is the highest compliment we could receive, and we sincerely look forward to welcoming you back for another unforgettable holiday.

Warm regards,

Rixos Premium Belek Management",5 reviews,Ci9DQUlRQUNvZENodHljRjlvT2xwT1ZURkJURGxsVDNKaWRVazFMWGREZVZKMVptYxAB
Morteza D,5.0,"Clean, professional, food is great for an all inclusive and kids will never get bored.
Concierge very helpful, especially Aria who helped us with a couple of issues.",2 weeks ago,2026-07-21,,"Dear Morteza D,

Thank you very much for your wonderful 5-star review and for sharing your experience with us.

We are delighted to know that you enjoyed the cleanliness of our hotel, our professional service, the variety of our cuisine, and the family-friendly facilities we offer. It is especially rewarding to hear that your children had a great time during your stay.

Your special thanks to our Concierge team, especially Aria, mean a great deal to us. We will be delighted to share your kind words with her, and we are sure she will be pleased to know she made a positive difference during your holiday.

Thank you for choosing Rixos Premium Belek. We look forward to welcoming you and your family back for another unforgettable stay.

Warm regards,

Rixos Premium Belek Management",9 reviews,Ci9DQUlRQUNvZENodHljRjlvT2xWVVowa3pjWGgyTVhKamRIcDVhRXhpTFVsSWNrRRAB
Amin Esfandiary,5.0,"This is our first stay at this hotel and we have had the best experience ever. From when we were first greeting upon our arrival until the check in, the staff were amazing and all throughout our stay the level of service was nothing but exceptional. Our guest relation agent Anita went the extra mile to provide ensure we had the best experience during our stay.
I would highly recommend this hotel for anybody looking for a family holiday as there staff and the facilities are just amazing.",2 weeks ago,2026-07-21,,"Dear Amin Esfandiary,

Thank you very much for your outstanding 5-star review and for sharing your wonderful experience with us.

We are truly delighted to know that your first stay at Rixos Premium Belek exceeded your expectations. It is especially rewarding to hear that from the moment of your arrival through to the end of your stay, our team made you feel genuinely welcomed and well cared for.

Your special recognition of our Holiday Assistant, Anita, means a great deal to us. We will be delighted to share your kind words with her, and we are certain she will be thrilled to know that she contributed to making your holiday so memorable.

Thank you for your recommendation and for choosing Rixos Premium Belek for your family holiday. We sincerely look forward to welcoming you and your family back for another unforgettable stay.

Warm regards,

Rixos Premium Belek Management",2 reviews,Ci9DQUlRQUNvZENodHljRjlvT25CVmVEWkhTVzQ1YkVKQ05tdFRWazR5T0d4TldrRRAB
Hatice ONUR,5.0,"Everything was beyond perfect; the food, cleanliness, and service were fantastic. The yoga and Pilates classes my daughter and I attended were very professional. It's a place where you can find both activities and a peaceful environment when you want. I would definitely recommend it.",2 weeks ago,2026-07-21,,"Dear Ms. Hatice,

Thank you so much for your kind comment and valuable feedback.

We are very pleased that you enjoyed your pleasant holiday at Rixos Premium Belek and that you spoke so highly of our food, cleanliness standards, service quality, and activities. Your enjoyment of the yoga and pilates experience is especially valuable to us, as it demonstrates your appreciation for the services our team provides.

Our top priority is to offer you a holiday experience filled with both active activities and peaceful moments.

Thank you for your kind recommendation, and we would be delighted to welcome you and your daughter back to Rixos Premium Belek in the future.

Sincerely,",5 reviews,Ci9DQUlRQUNvZENodHljRjlvT2xWMmNVTlBjVlpsUzNocE1VZFVlbEJ6WVVSallYYxAB
zzz Асауленко,5.0,,2 weeks ago,2026-07-21,,"Dear Guest,

Thank you for your high rating and 5 stars for the Rixos Premium Belek.

We are delighted that you had a pleasant stay. We look forward to welcoming you back and providing you with an unforgettable experience.

Sincerely,
Rixos Premium Belek Hotel Management",,Ci9DQUlRQUNvZENodHljRjlvT21zd1pGbE5WVzVWT1dKaVdVOVNkemhGUkhaVVVHYxAB
Mark Everard,5.0,"Exceptional hotel. 5 stars all day. Spacious, lovely food, perfect",2 weeks ago,2026-07-21,,"Dear Mark Everard,

Thank you very much for your exceptional 5-star review and for sharing your kind feedback.

We are delighted to know that you had such a wonderful stay at Rixos Premium Belek. It is especially rewarding to hear that you enjoyed our spacious facilities, delicious cuisine, and the overall experience. Knowing that you consider our hotel worthy of five stars is a true compliment to our entire team.

Thank you once again for choosing Rixos Premium Belek. We sincerely look forward to welcoming you back for another perfect holiday.

Warm regards,

Rixos Premium Belek Management",Local Guide · 44 reviews · 4 photos,Ci9DQUlRQUNvZENodHljRjlvT2psalRtbE1NRnBrVGtKSGQwaFZWR2gxWkZjNVFtYxAB
Baby Face,5.0,,2 weeks ago,2026-07-21,,"Dear Guest,

Thank you for your 5-star rating and for choosing Rixos Premium Belek.

We truly appreciate your support and are delighted to know you had a positive experience with us. We look forward to welcoming you back for another memorable stay.

Kind regards,
Rixos Premium Belek Hotel Management",,Ci9DQUlRQUNvZENodHljRjlvT25GSlIwNDNkblZ3UTIxeFdubG5ZekprTkVkWFkyYxAB
Kelly Dawes,5.0,Amazing hotel and amazing staff!!! Especially our what’s app assistant Mediya!! Would highly recommend and can’t wait to book again!!,2 weeks ago,2026-07-21,,"Dear Kelly Dawes,

Thank you very much for your wonderful review and for taking the time to share your experience with us.

We are truly delighted to know that you had such an amazing stay at Rixos Premium Belek and that our team helped make your holiday so memorable. Your special recognition of our Holiday Assistant, Mediya, means a great deal to us, and we will be delighted to share your kind words with her. We are certain she will be thrilled to know she made such a positive impact on your stay.

Your recommendation is one of the greatest compliments we could receive, and we are especially pleased to hear that you are already looking forward to returning.

We sincerely thank you for choosing Rixos Premium Belek and look forward to welcoming you back for another unforgettable holiday.

Warm regards,

Rixos Premium Belek Management",5 reviews,Ci9DQUlRQUNvZENodHljRjlvT2sxdVgxRnZWWEZpTWxkQlFsSjVOV2x0WW5CUlluYxAB
Clare Wilding,5.0,"A fantastic holiday, amazing facilities and food.  Great assistance from our hotel rep xx",2 weeks ago,2026-07-21,,"Dear Clare Wilding,

Thank you for your wonderful 5-star review and for sharing your kind feedback with us.

We are delighted to hear that you had a fantastic holiday at Rixos Premium Belek and that you enjoyed our facilities and culinary offerings. It is also a pleasure to know that our Holiday Assistant provided you with great support throughout your stay, helping to make your experience even more enjoyable.

Your kind words are greatly appreciated and serve as a wonderful motivation for our entire team.

Thank you for choosing Rixos Premium Belek. We look forward to welcoming you back for another unforgettable holiday in the near future.

Warm regards,

Rixos Premium Belek Management",2 reviews · 4 photos,Ci9DQUlRQUNvZENodHljRjlvT21odlNESjFiRVl6VFdkb1VHdzBSRFpNUlhCSFgyYxAB
sufian al.shihabi,5.0,,2 weeks ago,2026-07-21,,"Dear Sufian Al.shihabi,

Thank you for your 5-star rating and for choosing Rixos Premium Belek.

We truly appreciate your support and are delighted to know you had a positive experience with us. We look forward to welcoming you back for another memorable stay.

Kind regards,
Rixos Premium Belek Hotel Management",Local Guide · 6 reviews · 7 photos,Ci9DQUlRQUNvZENodHljRjlvT2xWbk9HeHNNbkYwYkd4Nk1FaEhkMXA1TlRGVFpIYxAB
Aashvi Patel,5.0,great service … 5 star,2 weeks ago,2026-07-21,,"Dear Aashvi Patel,

Thank you for your wonderful 5-star review.

We are delighted to know that you enjoyed our service and that your experience at Rixos Premium Belek met your expectations. Your kind words are truly appreciated and serve as a great motivation for our entire team to continue delivering exceptional hospitality.

Thank you for choosing Rixos Premium Belek. We look forward to welcoming you back for another memorable stay in the near future.

Warm regards,

Rixos Premium Belek Management",2 reviews,Ci9DQUlRQUNvZENodHljRjlvT21sMlEweDJTM1o2U0VGNlJWSk1TbFJ1VG1wSk1uYxAB
Aaraav Ltd,5.0,Great place to stay and service 5 star!!!,2 weeks ago,2026-07-21,,"Dear Aaraav ,

Thank you very much for your fantastic 5-star review and for your kind words.

We are delighted to hear that you enjoyed your stay at Rixos Premium Belek and found both our service and overall experience worthy of five stars. Your appreciation is a wonderful reward for our team and motivates us to continue providing exceptional hospitality to all our guests.

Thank you for choosing Rixos Premium Belek. We sincerely look forward to welcoming you back for another unforgettable holiday.

Warm regards,

Rixos Premium Belek Management",3 reviews,Ci9DQUlRQUNvZENodHljRjlvT2psV01FdHlObU5aUlZSNFlYSlZkQzFUV25ScGVXYxAB
Ellie Topp,5.0,,2 weeks ago,2026-07-21,,"Dear Ellie Topp,

Thank you for your 5-star rating and for choosing Rixos Premium Belek.

We truly appreciate your support and are delighted to know you had a positive experience with us. We look forward to welcoming you back for another memorable stay.

Kind regards,
Rixos Premium Belek Hotel Management",,Ci9DQUlRQUNvZENodHljRjlvT2xaNWNHRnViemd6V1RaRFRscDVkbE5EY2tsclJFRRAB
Ben Jackson,5.0,Shamzing it’s so cool dudes 😎,2 weeks ago,2026-07-21,,"Dear Ben Jackson,

Thank you for your awesome 5-star review!

We are delighted to know that you had such a great time at Rixos Premium Belek. Your enthusiastic feedback truly made us smile, and we're thrilled that you enjoyed your holiday with us.

Thank you for choosing Rixos Premium Belek. We can't wait to welcome you back for another amazing stay filled with unforgettable moments.

Warm regards,

Rixos Premium Belek Management",3 reviews,Ci9DQUlRQUNvZENodHljRjlvT2xKWlYwNVBObFpDUW5acVVqbExhVU5zWlY4eE4wRRAB
S,5.0,"From the moment the holiday begins, the welcome and meal services are top-notch. I definitely recommend it.",2 weeks ago,2026-07-21,,"Dear Guest,

Thank you for choosing Rixos Premium Belek and for leaving us this valuable 5-star review.

We are extremely pleased that you were satisfied with our welcome, our meals, and the quality of service we provided from the very beginning of your holiday. Providing our guests with a flawless and unforgettable holiday experience at every stage is our top priority.

Your confident recommendation is one of the most valuable compliments we could receive. Your kind comment will be a great source of motivation for our entire team.

We look forward to welcoming you back to Rixos Premium Belek soon.

Sincerely,

Rixos Premium Belek Management",2 reviews · 4 photos,Ci9DQUlRQUNvZENodHljRjlvT2pKRWVsbzNMWGcxUWxCVVMwaDZaamRSZDA5b2RGRRAB
David Senra,5.0,,2 weeks ago,2026-07-21,,"Dear David Senra,

Thank you for your awesome 5-star review!

We are delighted to know that you had such a great time at Rixos Premium Belek. Your enthusiastic feedback truly made us smile, and we're thrilled that you enjoyed your holiday with us.

Thank you for choosing Rixos Premium Belek. We can't wait to welcome you back for another amazing stay filled with unforgettable moments.

Warm regards,

Rixos Premium Belek Management",,Ci9DQUlRQUNvZENodHljRjlvT2tJekxWSXlURXd0V25Oa04zRkxXVko2U1RKT2FWRRAB
FaZe Inceptionz,5.0,,2 weeks ago,2026-07-21,,"Dear Guset,

Thank you for your awesome 5-star review!

We are delighted to know that you had such a great time at Rixos Premium Belek. Your enthusiastic feedback truly made us smile, and we're thrilled that you enjoyed your holiday with us.

Thank you for choosing Rixos Premium Belek. We can't wait to welcome you back for another amazing stay filled with unforgettable moments.

Warm regards,

Rixos Premium Belek Management",,Ci9DQUlRQUNvZENodHljRjlvT21FMVZWazNVSFUxVkVGaVN6UmhTMHBtVlVocFltYxAB
Lucy French,5.0,"Fantastic hotel, staff are brilliant",2 weeks ago,2026-07-21,,"Dear Lucy French,

Thank you very much for your fantastic 5-star review.

We are delighted to hear that you had a wonderful stay at Rixos Premium Belek and that you found both our hotel and our team to be exceptional. Your kind words about our staff are truly appreciated and will be shared with the entire team, as they serve as a great source of motivation.

Thank you for choosing Rixos Premium Belek. We look forward to welcoming you back for another unforgettable holiday.

Warm regards,

Rixos Premium Belek Management",3 reviews,Ci9DQUlRQUNvZENodHljRjlvT2xrMGFtbG5aMGRJYWtGTE1EaE9XbmN3U1U1c2NsRRAB
Mahfouz Bawyan,1.0,"I have stayed from the 15th of July and staying until the 18th of July, and the customer experience and the reception are really bad, I arrived from my honeymoon and the room ac is not working in the summer time, and they kept pushing me aside everything I go to the reception with very bad attitude, I would recommend the resort at all!",2 weeks ago,2026-07-21,,,Local Guide · 29 reviews · 2 photos,Ci9DQUlRQUNvZENodHljRjlvT2xsbFRIUkVTVzFWVG1ONk1WcG9aRWwzYUdWSGFuYxAB
Nouran Ashraf,5.0,,2 weeks ago,2026-07-21,,"Dear  Nouran Ashraf,

Thank you for your awesome 5-star review!

We are delighted to know that you had such a great time at Rixos Premium Belek. Your enthusiastic feedback truly made us smile, and we're thrilled that you enjoyed your holiday with us.

Thank you for choosing Rixos Premium Belek. We can't wait to welcome you back for another amazing stay filled with unforgettable moments.

Warm regards,

Rixos Premium Belek Management",,Ci9DQUlRQUNvZENodHljRjlvT201WVVqRkhiM05SVWpaTVpqRmZjMmxrZURoaFNIYxAB
Ashley Crasto,5.0,Everything is very beautiful.,2 weeks ago,2026-07-21,,"Dear Ashley Crasto,

Thank you for choosing Rixos Premium Belek and sharing your wonderful 5-star review with us.

Reading your comment, ""Everything was wonderful,"" made us extremely happy. Receiving such kind words as a reward for our efforts to provide our guests with an unforgettable holiday experience is our greatest source of motivation.

We look forward to welcoming you back to Rixos Premium Belek soon.

Sincerely,

Rixos Premium Belek Management",Local Guide · 53 reviews · 16 photos,Ci9DQUlRQUNvZENodHljRjlvT2pNNFRFVklVRU5xYnkxd1QwRnhiVE5zYVVsdlVIYxAB
Sachin Patel,5.0,,2 weeks ago,2026-07-21,,"Dear Sachin Patel,

Thank you for your awesome 5-star review!

We are delighted to know that you had such a great time at Rixos Premium Belek. Your enthusiastic feedback truly made us smile, and we're thrilled that you enjoyed your holiday with us.

Thank you for choosing Rixos Premium Belek. We can't wait to welcome you back for another amazing stay filled with unforgettable moments.

Warm regards,

Rixos Premium Belek Management",,Ci9DQUlRQUNvZENodHljRjlvT2xsVVQxVXpVVlZXYURGTVJVVm9iak5oV1RGSU9HYxAB
Sarah Ratra,5.0,,2 weeks ago,2026-07-21,,"Dear Sarah Ratra,

Thank you for your awesome 5-star review!

We are delighted to know that you had such a great time at Rixos Premium Belek. Your enthusiastic feedback truly made us smile, and we're thrilled that you enjoyed your holiday with us.

Thank you for choosing Rixos Premium Belek. We can't wait to welcome you back for another amazing stay filled with unforgettable moments.

Warm regards,

Rixos Premium Belek Management",,Ci9DQUlRQUNvZENodHljRjlvT214cmEydDBZVzV6UjNOVVRVMU9iekJNWmtOaFZuYxAB
Shreya,5.0,,2 weeks ago,2026-07-21,,"Dear Shreya,

Thank you for your awesome 5-star review!

We are delighted to know that you had such a great time at Rixos Premium Belek. Your enthusiastic feedback truly made us smile, and we're thrilled that you enjoyed your holiday with us.

Thank you for choosing Rixos Premium Belek. We can't wait to welcome you back for another amazing stay filled with unforgettable moments.

Warm regards,

Rixos Premium Belek Management",,Ci9DQUlRQUNvZENodHljRjlvT2tjeFQwVXdkMnQxWW1ZME5GSTBZa3B0Y1VWbmQwRRAB
Shipra Deb,5.0,,2 weeks ago,2026-07-21,,"Dear Shipra Deb,

Thank you for your awesome 5-star review!

We are delighted to know that you had such a great time at Rixos Premium Belek. Your enthusiastic feedback truly made us smile, and we're thrilled that you enjoyed your holiday with us.

Thank you for choosing Rixos Premium Belek. We can't wait to welcome you back for another amazing stay filled with unforgettable moments.

Warm regards,

Rixos Premium Belek Management",4 reviews · 1 photo,Ci9DQUlRQUNvZENodHljRjlvT25wMWJqQk5UWGxZWkU1eWJVeHVhSFpLYkdwbldHYxAB
Emel Gürnal,5.0,,2 weeks ago,2026-07-21,,"Dear Guest,

Thank you very much for your valuable feedback and for reviewing us.

We are extremely pleased that you were satisfied with your stay at Rixos Premium Belek. Your appreciation of the care we take to provide you with a comfortable, enjoyable, and unforgettable holiday experience is a great source of motivation for our entire team.

We look forward to welcoming you back to Rixos Premium Belek in the future and providing you with the same high-quality service.

Sincerely,

Rixos Premium Belek Hotel Management",,Ci9DQUlRQUNvZENodHljRjlvT2t0SVFWZzJibGN3ZGtKZlpXeGxjWHBMVVROMGEwRRAB
özgül erbaş,5.0,"Absolutely amazing, everything is like a dream! I've never seen anything better, I'll definitely be choosing this place frequently.",2 weeks ago,2026-07-21,,"Dear Ms. Özgül Erbaş,

We would like to express our sincere thanks for your valuable and heartfelt comments.

Your wonderful expressions such as ""beyond amazing,"" ""everything was like a dream,"" and ""I've never seen anything better"" have made us extremely happy. The fact that your holiday exceeded your expectations and that you stated you will frequently choose Rixos Premium Belek is our greatest source of motivation.

We will be delighted to welcome you back to Rixos Premium Belek as soon as possible.

Sincerely,
Rixos Premium Belek Hotel Management",2 reviews,Ci9DQUlRQUNvZENodHljRjlvT2xsck1tNDFVakpsTjJSV09IUjRhM0YyZG1SclZXYxAB
R “RFANA”,4.0,"The hotel is really lovely. It has a lot of facilities. Several points could be addressed however namely the booking system for the à la carte restaurants. Almost impossible to book and the application crashes. Raised this with hotel however they have noted it has a been an issue they know of but haven’t solved it. Also had issues with my son who needed medication, concierge were incredible at helping us source medication and deliver it to us although they charged a very high fee for this.",2 weeks ago,2026-07-21,,"Dear Guest,

Thank you for taking the time to share your feedback.

We are delighted to hear that you enjoyed our hotel and its facilities. We also appreciate your comments regarding the à la carte reservation system and apologize for the inconvenience you experienced. Your feedback has been shared with the relevant team as we continuously work to improve our services.

We are pleased that our Concierge team was able to assist you when your son needed medication, and we truly appreciate your kind words about their support.

Thank you once again for choosing Rixos Premium Belek. We hope to welcome you back again soon.

Warm regards,

Rixos Premium Belek Management",Local Guide · 9 reviews · 7 photos,Ci9DQUlRQUNvZENodHljRjlvT2xKak4wWTBhbkZmTm1WV1N6STFiMkpLWTFOblptYxAB
Adrian Flükiger,5.0,"Great for kids and adults. Never gets boring.

Good entertainment and good service.

Many thanks to Aria.",2 weeks ago,2026-07-21,,"Dear Mr. Adrian Flükiger,

Thank you very much for your wonderful five-star review.

We are delighted to know that both you and your family had such an enjoyable stay at Rixos Premium Belek. It is a pleasure to hear that you appreciated our entertainment, service, and the variety of experiences we offer for both children and adults.

Your special thanks to Aria are greatly appreciated. We will be delighted to share your kind words with her, and we are sure she will be pleased to know that she helped make your holiday even more enjoyable.

Thank you once again for your kind feedback. We look forward to welcoming you back to Rixos Premium Belek for another memorable stay.

Kind regards,
Rixos Premium Belek Management",1 review,Ci9DQUlRQUNvZENodHljRjlvT25kek5HZDZMVmxJWDFKQ2RHdFZOVkZpTTB4aVpGRRAB
Andrew Rimmer,5.0,"Absolutely perfect holiday, service immense, highest quality food and cleanliness

We will definitely be returning",2 weeks ago,2026-07-21,,"Dear Mr. Andrew Rimmer,

Thank you very much for your wonderful five-star review.

We are truly delighted to know that you had an absolutely perfect holiday at Rixos Premium Belek. Your kind words about our service, the quality of our cuisine, and the cleanliness of our resort are greatly appreciated and will be shared with our entire team.

Knowing that you plan to return is the greatest compliment we could receive. We sincerely look forward to welcoming you back to Rixos Premium Belek for another exceptional holiday in the near future.

Kind regards,
Rixos Premium Belek Management",4 reviews,Ci9DQUlRQUNvZENodHljRjlvT2t0eGEyOTVZVk5xTW5WMVNFMXdZemR5T0VSVU0xRRAB
Dan Owens,5.0,"Brilliant hotel and staff, always on hand to help, would definitely recommend.",2 weeks ago,2026-07-21,,"Dear Mr. Dan Owens,

Thank you very much for your wonderful five-star review.

We are delighted to hear that you had such a positive experience at Rixos Premium Belek. Your kind words about our hotel and the dedication of our team are truly appreciated. Providing attentive and exceptional service is our greatest priority, and it is rewarding to know that our colleagues were always there to assist you.

Thank you for your recommendation. We look forward to welcoming you back to Rixos Premium Belek for another memorable holiday.

Kind regards,
Rixos Premium Belek Management",2 reviews,Ci9DQUlRQUNvZENodHljRjlvT2tWc05IWkpiVGhsVms5T2VHZHBiamRNZVd0dWFVRRAB
Aylin Süzen,5.0,Everything was perfect. Guests were treated individually. A big thank you to Mr. Aria as well. The entire service was wonderful.,2 weeks ago,2026-07-21,,"Dear Aylin Süzen,

Thank you for sharing your valuable feedback with us and for choosing Rixos Premium Belek.

We are very pleased that everything met your expectations and that you were satisfied with the service we provided to our guests. It is a great source of motivation for us that the efforts of our team, who take great care to provide personalized attention to our guests, are appreciated.

We will gladly share your special thanks with Mr. Aria. He will be very happy to receive your kind words.

We look forward to welcoming you back to Rixos Premium Belek soon.

Sincerely,
Rixos Premium Belek Hotel Management",11 reviews · 3 photos,Ci9DQUlRQUNvZENodHljRjlvT2tWV09FSkNXVVZTVVVwdloyNUdOMUZUYVRCRVNXYxAB
Frankie Jones,5.0,"This hotel is absolutely incredible. The food, the staff, the cleanliness is top tier! We have 2 children with us, and the staff go above and beyond 👏🏻 You will not be disappointed. We have been here for 3 days and already want to book for a future holiday. There is so much to do and nowhere feels crowded! Amazing, amazing place.",2 weeks ago,2026-07-21,,"Dear Ms. Frankie Jones,

Thank you very much for your wonderful five-star review.

We are truly delighted to know that you and your family are having such an incredible stay at Rixos Premium Belek. It is especially rewarding to hear your compliments about our food, cleanliness, and the dedication of our team, who always strive to provide exceptional service to every guest.

We are also pleased that you have found plenty of activities to enjoy and that the resort has provided a comfortable and relaxing atmosphere without feeling crowded. Knowing that after just a few days you are already planning to return is the greatest compliment we could receive.

Thank you once again for your kind recommendation. We look forward to welcoming you and your family back to Rixos Premium Belek for another unforgettable holiday.

Kind regards,
Rixos Premium Belek Management",3 reviews · 3 photos,Ci9DQUlRQUNvZENodHljRjlvT2xobFIyTkRhblpKT0ZKR1pqY3lUMm80U1ZGQ2VVRRAB
Razzamataz Leighton Buzzard,5.0,"Absolutely amazing hotel! It is so beautiful, clean, amazing food, one of the best hotels we have ever stayed in. It’s amazing for the kids, so much to do, doesn’t feel too busy and would highly recommend!",2 weeks ago,2026-07-21,,"Dear Valued Guest,

Thank you very much for your wonderful five-star review.

We are thrilled to hear that Rixos Premium Belek is one of the best hotels you have ever stayed in. Your kind words about our beautiful resort, cleanliness, culinary offerings, and family-friendly atmosphere mean a great deal to us.

It is especially rewarding to know that your children had so much to enjoy and that you appreciated the spacious atmosphere of the resort. Providing memorable experiences for guests of all ages is one of our greatest priorities.

Thank you for your recommendation. We look forward to welcoming you and your family back to Rixos Premium Belek for another unforgettable holiday.

Kind regards,
Rixos Premium Belek Management",5 reviews · 1 photo,Ci9DQUlRQUNvZENodHljRjlvT25SeExXdGZOMjl5Wld0cU1VOVlTbTlaWms1dWVrRRAB
Sem Cayhan,5.0,"We stayed for 3 days for a business meeting; it's a fantastic hotel for those seeking a nature-focused luxury vacation.

The hotel is located within the Olympos Beydağları National Park, surrounded by beautiful pine trees. Behind it are the Taurus Mountains, and in front is a wide, clean, blue-flag beach. The green areas and landscaping of the resort are extremely well-maintained and spacious.

The Rixy Kids Club is a true paradise for families with children. It has a very rich kids' club program. The large water park within the hotel was also a favorite among children and teenagers.

The free entry and transfer to The Land of Legends theme park for guests makes the vacation even more attractive, especially for children.

The food quality, variety of ingredients, and presentation at the main restaurant, Turquoise, and the à la carte restaurants are excellent. The presence of an original Starbucks within the resort is a big plus.

Because the resort is very large and has a high bed capacity, there can be significant crowds at the main restaurant, on the pier at the beach, and especially at the Starbucks queue.",2 weeks ago,2026-07-21,,"Dear Guest,

Thank you for your valuable feedback and for choosing Rixos Premium Belek.

We are very pleased to hear your positive comments regarding our hotel's natural location, green spaces, restaurants, Rixy Kids Club, and the facilities we offer. Ensuring our guests have a pleasant experience during both business and leisure stays is of utmost importance to us.

Thank you also for your valuable suggestions and observations. Your feedback is invaluable to us in continuously improving our service quality.

We would be delighted to welcome you back to Rixos Premium Belek.

Sincerely,
Rixos Premium Belek Hotel Management",Local Guide · 317 reviews · 426 photos,Ci9DQUlRQUNvZENodHljRjlvT2s4elRUQTRMVEZyUlVKcFVuTnZlV3hGTmtkMFNXYxAB
Faten A. A. A.,5.0,"My stay at Rixos Premium Antalya was an exceptional experience beyond words 😭 I originally booked two swim-up rooms, but they overwhelmed us with their generosity and sophistication and upgraded us to a stunning, luxurious villa. The …",2 weeks ago,2026-07-21,,,,ChZDSUhNMG9nS0VOSGFzT0d2cXVHQU53EAE
Karan A.,5.0,"Fantastic location, unlimited food and drinks (very delicious), friendly staff, very comfortable rooms, and an endless food buffet.",2 weeks ago,2026-07-21,,,,ChdDSUhNMG9nS0VJT0d3NFd0dnBmVjNnRRAB
fatih koca,5.0,"We planned a 5-night vacation with our family in July 2026. Both the ambiance and the service truly give a premium feel. While the children spent time in the kids' club, we experienced different world cuisines at the à la carte restaurants. The daytime entry to Land of Legends also added excitement to the vacation. Thank you to everyone.

Also, the children had a wonderful time at Rixy Kids. They enjoyed various activities during the day and evening, while also participating in educational workshops. You can entrust your children to them with confidence, as the entire team works with dedication and selflessness.",Edited 2 weeks ago,2026-07-21,,"Dear Fatih Koca,

Thank you very much for your kind review and 5-star rating.

We are delighted that you enjoyed the premium atmosphere, quality of service, the Rixy Kids Club experience, and our à la carte restaurants offering diverse international cuisines at Rixos Premium Belek during your family vacation. We are also pleased to hear that your Land of Legends experience added joy and excitement to your holiday.

Your valuable feedback is a great source of motivation for our team. We would be delighted to welcome you and your family again in the future.

Sincerely,

Rixos Premium Belek Hotel Management",Local Guide · 9 reviews · 23 photos,Ci9DQUlRQUNvZENodHljRjlvT2xkeFYzY3lTM2RIVTNoalprRmxkbkJPVUV4amNXYxAB
caner demirdoven,5.0,"I would like to extend my special thanks to the kind lady working in the seafood section for her attention and hospitality. The service quality was amazing, and she organized a birthday celebration for my 8-year-old daughter after she was impressed by the five birthday celebrations at other tables. Thank you so much, Ms. Nazik…",2 weeks ago,2026-07-21,,"Dear Mr. Caner Demirdöven,

Thank you for your valuable feedback and for choosing Rixos Premium Belek.

We are very pleased that you were satisfied with the attentive and friendly service of Ms. Nazik from our Seafood team. The care shown to make your daughter's birthday celebration a special memory made you happy, and this is very valuable to us.

We will be happy to share your kind words with Ms. Nazik and our team. We look forward to welcoming you and your family again.

Sincerely,
Rixos Premium Belek Hotel Management",Local Guide · 9 reviews,Ci9DQUlRQUNvZENodHljRjlvT25sRVEwVlZNMUZqZUdwR1dGQkxNVWxpUVVwS0xXYxAB
Karan Aydın,5.0,absolutely perfect,2 weeks ago,2026-07-21,,"Dear Karan Aydın,

Thank you for your kind review and for choosing Rixos Premium Belek.

We are extremely pleased to learn that your experience was absolutely perfect. Your valuable feedback is a great source of motivation for us. We look forward to welcoming you back soon.

Sincerely,
Rixos Premium Belek Hotel Management",1 review,Ci9DQUlRQUNvZENodHljRjlvT25aNldIRm5aVlZ5VkZSWVdub3dlbkJ4WlRoMFZYYxAB
Selin Çınar Ateş,5.0,"We were impressed by the cleanliness of the rooms at this hotel. The food was also excellent, both in terms of taste and variety. The children's play areas were also very pleasing for guests with children.",2 weeks ago,2026-07-21,,"Dear Selin Çınar Ateş,

Thank you for sharing your kind review with us.

We are very pleased that you were satisfied with the cleanliness of our rooms, the delicious and varied cuisine, and our children's play areas. Your valuable feedback is a great source of motivation for our team.

We would be delighted to welcome you and your family back to Rixos Premium Belek.

Sincerely,

Rixos Premium Belek Hotel Management",1 review,Ci9DQUlRQUNvZENodHljRjlvT2pjd2RVTnNURFpTWmt0QkxVY3libTFqWm1nNFRFRRAB
Jason Chong,5.0,"We had a fantastic holiday at Rixos Premium Belek. The hotel was clean spacious and the pool areas were great, we never had a problem finding a sunbed.

The food choices were excellent, and the à la carte restaurants made a nice change from the buffet.

Land of legends access was a nice addition as we two enjoyable days there with complimentary buses.

Would highly recommend for families with teenagers.",2 weeks ago,2026-07-21,,"Dear Jason Chong,

Thank you for sharing your wonderful experience with us.

We are delighted to hear that you and your family had a fantastic holiday and enjoyed our facilities, culinary experiences, and the added benefit of complimentary access to Land of Legends. It is especially rewarding to know that you would recommend our resort to families with teenagers.

We look forward to welcoming you back to Rixos Premium Belek for another memorable stay.

Warm regards,

Rixos Premium Belek Hotel Management",4 reviews,Ci9DQUlRQUNvZENodHljRjlvT2xCblFYcHZZbVZWTUhaM04xbHhWSHB0U21oMk9GRRAB
Shireen Azzeddin,5.0,"Our stay at Rixos has been exceptional from start to finish, and the experience has exceeded all of our expectations.

A special mention has to go to the Rixy Kids Club, which has been nothing short of outstanding. Our four-year-old daughter has absolutely loved every moment she has spent there. The team are incredibly kind, caring, attentive and genuinely passionate about what they do. From the moment we arrived, they made her feel welcome, safe and excited to join in with the wide range of activities on offer.

The level of care and attention given to each child is truly remarkable. The staff create such a warm, fun and nurturing environment that allows children to build confidence, make friends and create wonderful holiday memories. It is clear that they go above and beyond to ensure every child has an unforgettable experience, and that made a huge difference to our holiday as a family.

The Rixy Kids Club is genuinely second to none and is one of the very best children's clubs we have ever experienced. It is a real credit to the hotel and its fantastic team.

Thank you to everyone at Rixos for making our family holiday so special. We leave with wonderful memories and will most certainly be returning. We would highly recommend this hotel to any family looking for exceptional service and an unforgettable holiday experience.",3 weeks ago,2026-07-14,,"Dear Shireen Azzeddin,

Thank you for your wonderful 5-star review and for your kind words.

We are truly delighted to hear that your family had such a memorable stay and that your daughter enjoyed every moment at the Rixy Kids Club. Your appreciation of our team's dedication and care means a great deal to us, and we will be sure to share your compliments with them.

It was a pleasure to host your family, and we sincerely look forward to welcoming you back to Rixos Premium Belek for another unforgettable holiday.

Warm regards,

Rixos Premium Belek Hotel Management",1 review,Ci9DQUlRQUNvZENodHljRjlvT21VMVdFa3hhRFJ0VHpObWJGbE5NVWxvZG1KNGEzYxAB
Marina Gourgis,5.0,,3 weeks ago,2026-07-14,,"Dear Guest,

Thank you for your wonderful 5-star rating and for choosing Rixos Premium Belek.

We are delighted to know that you had a pleasant stay with us. Your support and kind appreciation mean a great deal to our team.

We look forward to welcoming you back for another memorable holiday.

Warm regards,

Rixos Premium Belek Hotel Management",2 reviews,Ci9DQUlRQUNvZENodHljRjlvT2tKSlJsZFlSek5hU1RSVFMzaHJaRTFrY1d0RE1XYxAB
Rami Hazime,5.0,"Beautiful resort by all means, excellent service, and very friendly staff. The hotel is so beautiful it makes you even think twice before deciding to leave to explore Antalya - they have daily shows at the clubs, for adults as well as for kids so everyone is well entertained. The only drawback I had was that the rooms are small despite the fact that I had taken a suite for me and my family - with that said, overall I would definitely highly recommend it.",3 weeks ago,2026-07-14,,"Dear Rami Hazime,

Thank you for your wonderful 5-star review and for your kind recommendation.

We are delighted to hear that you enjoyed our beautiful resort, the friendly service provided by our team, and the entertainment experiences for both adults and children. Your kind words are truly appreciated and serve as great motivation for all of us.

It was a pleasure to host you and your family, and we look forward to welcoming you back to Rixos Premium Belek for another memorable stay.

Warm regards,

Rixos Premium Belek Hotel Management",Local Guide · 18 reviews,Ci9DQUlRQUNvZENodHljRjlvT21SR1ZIcDVTamhvYjNGS1pHVktPRU5CTUVKVFoyYxAB
Данил,5.0,"Rixy Kids Club made our holiday even better. They had wonderful programs prepared for our children; the mini disco and evening activities were very fun, and they had a friendly team. Thank you for everything!",3 weeks ago,2026-07-14,,"Dear Guest,

Thank you for your wonderful 5-star review.

We are delighted to hear that your children enjoyed the Rixy Kids Club activities and that our team contributed to making your holiday more enjoyable.

We look forward to welcoming you and your family back to Rixos Premium Belek.

Warm regards,

Rixos Premium Belek Hotel Management",1 review,Ci9DQUlRQUNvZENodHljRjlvT21kVFdGOU9iMlkwYzBFd2RsbFJiME52UTE4NVZYYxAB
Sandra Anthamatten,5.0,"An absolutely fantastic hotel. The service, the food, and the staff are all incredibly attentive throughout your stay. You'll also have access to Land of Legend during your stay, with a bus transfer included.
Don't hesitate to book this magnificent place.",3 weeks ago,2026-07-14,,"Dear Sandra Anthamatten,

Thank you for your wonderful 5-star review and kind recommendation.

We are delighted to hear that you enjoyed our service, culinary experiences, and the attention of our team. We are also pleased that your Land of Legends experience added extra enjoyment to your stay.

Your kind words mean a lot to us, and we look forward to welcoming you back to Rixos Premium Belek for another unforgettable holiday.

Warm regards,

Rixos Premium Belek Hotel Management",Local Guide · 15 reviews,Ci9DQUlRQUNvZENodHljRjlvT2xCYWNqQnZkamR4UVdseVpXRjNRbXN5ZVRocmNsRRAB
Eugen K,5.0,"Everything was fantastic. From check-in, to the grounds, service, bars, restaurants, beach, and sports activities. We'll be happy to come back. Thanks to the staff at the Emre, Bektur, and Sania hotels!",3 weeks ago,2026-07-14,,"Dear guest,

Thank you very much for your wonderful review and high rating.

We are delighted that you were satisfied with your stay, the service, the hotel grounds, the restaurants, the beach, and the sports activities. Your kind words to Emre, Bektur, and Sania will be sure to be passed on to them—they will be delighted to receive such a high rating.

We look forward to welcoming you back to Rixos Premium Belek for another unforgettable experience.

Sincerely,
Rixos Premium Belek Hotel Management",1 review,Ci9DQUlRQUNvZENodHljRjlvT2tKbVdHUmxabXhOUldSSFJsSTJPVm93TVV4VWVIYxAB
Carole Greenall,5.0,Beautiful hotel and the staff were brilliant. Highly recommend 👌,3 weeks ago,2026-07-14,,"Dear Carole Greenall,

Thank you very much for your wonderful 5-star review and kind recommendation.

We are delighted to hear that you enjoyed our beautiful hotel and the service provided by our team. Your kind words are greatly appreciated and motivate us to continue creating memorable experiences for our guests.

We look forward to welcoming you back to Rixos Premium Belek in the future.

Warm regards,

Rixos Premium Belek Hotel Management",1 review,Ci9DQUlRQUNvZENodHljRjlvT21SRVYycG1jV3BYYlVSU2NWUkpSMWcyWVdsRVVIYxAB
Wieslawa Krentowska,5.0,,3 weeks ago,2026-07-14,,"Dear Wieslawa Krentowska,

Thank you very much for your 5-star rating.

We truly appreciate your support and are delighted to know that you had a positive experience with us. We look forward to welcoming you back to Rixos Premium Belek for another memorable stay.

Warm regards,

Rixos Premium Belek Hotel Management",1 review,Ci9DQUlRQUNvZENodHljRjlvT21WbllXZHJhMkpuVGpKNWFucHdkMkl3UnpremVFRRAB
Marc Santschi,5.0,,3 weeks ago,2026-07-14,,"Dear Marc Santschi,

Thank you very much for your 5-star rating.

We truly appreciate your support and are delighted to know that you had a positive experience with us. We look forward to welcoming you back to Rixos Premium Belek for another memorable stay.

Warm regards,

Rixos Premium Belek Hotel Management",,Ci9DQUlRQUNvZENodHljRjlvT2xaaFlUZE9iMkpvYlVOQ1kyWndibmRQZGkxcFZrRRAB
India Jeynes,5.0,"We are only a couple days into our holiday at this point but everything is exceeding our already high expectation, the hotel is wonderful and full of amazing staff who cannot do enough. Couldn’t recommend the place high enough!! We look forward to the remainder of the holiday",3 weeks ago,2026-07-14,,"Dear India Jeynes,

Thank you very much for your wonderful review and kind words.

We are delighted to hear that your holiday has already exceeded your expectations and that you are enjoying our hotel and the service provided by our dedicated team. Your appreciation means a lot to us.

We hope you continue to have a fantastic stay and create many more unforgettable memories with us at Rixos Premium Belek.

Warm regards,

Rixos Premium Belek Hotel Management",4 reviews,Ci9DQUlRQUNvZENodHljRjlvT2pNNWREaFhhQzFDYjJGc1VFVkZhRkJ4WW05V01uYxAB
Larissa Stegmüller,5.0,"I can 100% recommend the facility for autumn, because there are too few trees to provide shade during the hot summer months.",3 weeks ago,2026-07-14,,"Dear Larissa Stegmüller,

Thank you so much for your wonderful review and recommendation.

We are delighted that you enjoyed your stay with us and especially appreciated the atmosphere of our resort in autumn. Your feedback regarding the need for shade during the summer months is very valuable to us and will be gladly taken into consideration.

We hope to welcome you back to the Rixos Premium Belek soon and provide you with another wonderful holiday experience.

Sincerely,

Rixos Premium Belek Hotel Management",1 review,Ci9DQUlRQUNvZENodHljRjlvT205UWNHbFpWMkpNWlhGTFRERkdXRkZMUkZOcGJuYxAB
Fahda Almadi,5.0,hamza was the best!! he made the experience 100% better,3 weeks ago,2026-07-14,,"Dear Fahda Almadi,

Thank you very much for your wonderful 5-star review.

We are delighted to hear that Hamza contributed to making your experience even more enjoyable. Your kind words will be shared with him, and we are sure he will be happy to know that his service was appreciated.

We look forward to welcoming you back to Rixos Premium Belek for another memorable stay.

Warm regards,

Rixos Premium Belek Hotel Management",2 reviews,Ci9DQUlRQUNvZENodHljRjlvT2pSU1dIQTJiVlpGV25VeE1rdzJNSE14TFZrMFNsRRAB
George,5.0,"Amazing stay, great food, top amenities. Have to give a special shoutout to our assistant Valeria, who was always precise and immensely helpful. Would happily come back again",3 weeks ago,2026-07-14,,"Dear George,

We are delighted to hear that you had an amazing stay and enjoyed our culinary experiences and facilities. Your special appreciation for Valeria is greatly appreciated, and we will be happy to share your kind words with her.

We look forward to welcoming you back to Rixos Premium Belek for another unforgettable holiday.

Warm regards,

Rixos Premium Belek Hotel Management",4 reviews,Ci9DQUlRQUNvZENodHljRjlvT2poSmVUWlZWVUUxTmt4V2NVOW9NbTF5WWtsd1VHYxAB
Gabriele I. W.,5.0,One of the best hotels we have visited,3 weeks ago,2026-07-14,,,,ChZDSUhNMG9nS0VQcmdpZFdyOVlialBREAE
halil çoşkun,5.0,"It's great that à la carte restaurants are offered free of charge to guests; it's truly a guest-focused establishment. The food and beverage quality is kept premium, and they work hard to please you…",3 weeks ago,2026-07-14,,"Dear Halil Coşkun,

We sincerely thank you for your valuable comment and kind thoughts.

We are delighted that you appreciated our à la carte restaurants, which we offer free of charge to our guests, our premium food and beverage quality, and our service philosophy. Our entire team continues to work with dedication to make you feel special and to make every moment enjoyable.

We were very pleased to have hosted you at Rixos Premium Belek. We hope to welcome you again soon and to provide you with another unforgettable holiday experience.

With love and respect,

Rixos Premium Belek Hotel Management",8 reviews · 1 photo,Ci9DQUlRQUNvZENodHljRjlvT21GWWIzVldkVWRNZFRnemFEQlBVMU56UmtwMlRuYxAB
Sultan Sa,5.0,Nice Service & Activities.,3 weeks ago,2026-07-14,,"Dear Sultan,

Thank you for your kind review. We are delighted to hear that you enjoyed our service and activities.

We look forward to welcoming you back to Rixos Premium Belek for another memorable stay.

Kind regards,

Rixos Premium Belek Hotel Management",13 reviews,Ci9DQUlRQUNvZENodHljRjlvT2sxSmIxcFFRblV4YzBaWWQyUjNjV1JEVkd0MWEyYxAB
Ola Daqa,5.0,,Edited 3 weeks ago,2026-07-14,,"Dear Ola Daqa,

Thank you very much for your 5-star rating!

We truly appreciate your support and are delighted that you chose Rixos Premium Belek. It was a pleasure to have you as our guest, and we look forward to welcoming you back for another memorable holiday.

Warm regards,
Rixos Premium Belek Hotel Management",3 photos,Ci9DQUlRQUNvZENodHljRjlvT2t4b05tRnZiVlpyUlMxNmEzQjBkRTlVUTFOc2MxRRAB
Mubina Yardamjonova,5.0,"We recently returned from this hotel and were pleasantly impressed. We had a family vacation.
The grounds are spacious, everything is green and beautiful, there's a large pool and several larger pools. Food and drinks are always available, and there's a wide selection. The staff is very friendly and pleasant, always smiling. The hotel is always fun, with shows and activities. I'd like a little more variety in the bar's drink selection.
I recommend it to families with children and will definitely return.",3 weeks ago,2026-07-14,,"Dear Mubina Yardamjonova,

Thank you very much for your wonderful review and for sharing your impressions of your stay at Rixos Premium Belek.

We are truly delighted to learn that your family vacation left you with the most pleasant memories. We are especially pleased that you highly appreciated the spacious and well-maintained hotel grounds, the swimming pools, the variety of food and drinks, the friendliness of our staff, and the extensive entertainment program and activities. Your recommendations for families with children are a great honor for us.

We also appreciate your valuable feedback regarding the variety of drinks in the bars. We will be sure to pass your feedback on to the relevant department to further improve the quality of our services.

We look forward to welcoming you and your family back to Rixos Premium Belek and making your next vacation even more comfortable and unforgettable.

Sincerely,

Rixos Premium Belek Hotel Management",1 review,Ci9DQUlRQUNvZENodHljRjlvT21aWldsaFphamw1V25SYU9EWkJNRE01TTBadVZuYxAB
Nora Alqhtani,5.0,,3 weeks ago,2026-07-14,,"Dear Nora Alqhtani,

Thank you very much for your 5-star rating!

We truly appreciate your support and are delighted that you chose Rixos Premium Belek. It was a pleasure to have you as our guest, and we look forward to welcoming you back for another memorable holiday.

Warm regards,
Rixos Premium Belek Hotel Management",Local Guide · 74 reviews · 21 photos,Ci9DQUlRQUNvZENodHljRjlvT25SUU1VcHVaMEZoY1V0UWFIRkVPVXA1T0ZjeGFFRRAB
Asis,4.0,"The rooms are a bit old, but the staff are very dedicated.",3 weeks ago,2026-07-14,,"Dear Asis,

Thank you for your valuable feedback and for choosing Rixos Premium Belek.

We are extremely pleased that you appreciated the friendly, attentive, and dedicated service of our staff. Our team works with great dedication to maintain the highest level of guest satisfaction.

We also value your opinion about our rooms and would like you to know that we will share your feedback with our relevant departments. All feedback from our guests is of great importance to us in order to continuously improve the quality of our services and facilities.

We look forward to welcoming you back to Rixos Premium Belek in the future.

Sincerely,

Rixos Premium Belek Hotel Management",Local Guide · 12 reviews · 8 photos,Ci9DQUlRQUNvZENodHljRjlvT2kxVVVqSnFRazh6WHpjeWNsbHRjMUpVYlVscWEzYxAB
Kerry Comley,5.0,"Brilliant hotel, with so much for kids. Food is amazing especially the à la carte restaurants. Rixy Kids Club is fab. Having all inclusive access to Starbucks and Govida is so good!",3 weeks ago,2026-07-14,,"Dear Kerry Comley,

Thank you very much for your wonderful review and for choosing Rixos Premium Belek.

We are delighted to know that you and your family had such an enjoyable stay. It is especially rewarding to hear that you appreciated the wide range of facilities for children, our delicious culinary offerings, and our à la carte restaurants. We are also pleased that Rixy Kids Club, as well as the all-inclusive Starbucks and Godiva experiences, made your holiday even more memorable.

Your kind words are truly appreciated and serve as great motivation for our entire team.

We look forward to welcoming you and your family back to Rixos Premium Belek for another unforgettable holiday.

Kind regards,

Rixos Premium Belek Hotel Management",9 reviews · 1 photo,Ci9DQUlRQUNvZENodHljRjlvT2psMFRWOUVkaTFGY1hsT1JYZEdXSFowY2tGSk1uYxAB
khawla alq,5.0,,3 weeks ago,2026-07-14,,"Dear Khawla Alq,

Thank you very much for your 5-star rating!

We truly appreciate your support and are delighted that you chose Rixos Premium Belek. It was a pleasure to have you as our guest, and we look forward to welcoming you back for another memorable holiday.

Warm regards,
Rixos Premium Belek Hotel Management",3 reviews · 1 photo,Ci9DQUlRQUNvZENodHljRjlvT2tWWlpISjBNRGxEUjBwWWQxVTNRbWRhVFhaWWJtYxAB
Nouf,5.0,,3 weeks ago,2026-07-14,,"Dear Nouf,

Thank you very much for your 5-star rating!

We truly appreciate your support and are delighted that you chose Rixos Premium Belek. It was a pleasure to have you as our guest, and we look forward to welcoming you back for another memorable holiday.

Warm regards,
Rixos Premium Belek Hotel Management",5 reviews,Ci9DQUlRQUNvZENodHljRjlvT2pWUE1VOWliekZxTTNoaVowUllZMkZWU1ZOdFExRRAB
Ehab Alghanim,5.0,,3 weeks ago,2026-07-14,,"Dear Ehab Alghanim,

Thank you very much for your 5-star rating!

We truly appreciate your support and are delighted that you chose Rixos Premium Belek. It was a pleasure to have you as our guest, and we look forward to welcoming you back for another memorable holiday.

Warm regards,
Rixos Premium Belek Hotel Management",Local Guide · 31 reviews · 1 photo,Ci9DQUlRQUNvZENodHljRjlvT25sZlFtTlFaR2w2VkdSc01VdGZPV3REWjNZeGJGRRAB
Ahmed Alghamdi,5.0,"The experience is good, although sometimes there is a delay in responding to some requests.",3 weeks ago,2026-07-14,,"Dear Ahmed Alghamdi,

Thank you for taking the time to share your feedback about your stay at Rixos Premium Belek.

We are pleased to know that you had an overall good experience with us. At the same time, we sincerely appreciate your comments regarding the delay in responding to some of your requests. Please accept our apologies for any inconvenience this may have caused.

Your feedback is valuable to us and has been shared with the relevant team as we continuously strive to improve the quality and efficiency of our service.

We hope to have the pleasure of welcoming you back to Rixos Premium Belek and providing you with an even better experience on your next visit.

Kind regards,

Rixos Premium Belek Hotel Management",1 review · 1 photo,Ci9DQUlRQUNvZENodHljRjlvT2w5MFVIaG9kbUZoWW5aRFpWWkROWGd6UkVsdGNtYxAB
Bernard Yeboah,5.0,Fantastic service and excellent hospitality.,3 weeks ago,2026-07-14,,"Dear Bernard Yeboah,

Thank you very much for your wonderful review and for choosing Rixos Premium Belek.

We are delighted to know that you enjoyed our service and experienced the hospitality we strive to provide to every guest. Your kind words are a great source of motivation for our entire team.

It was a pleasure to have you with us, and we look forward to welcoming you back to Rixos Premium Belek for another unforgettable holiday.

Kind regards,

Rixos Premium Belek Hotel Management",4 reviews,Ci9DQUlRQUNvZENodHljRjlvT25rM1drVTFaV3B0V0RkcmJqbDJUMlJUU2xkMU4wRRAB
Ufuk Erzincan,5.0,"Everything was great, your staff were all understanding and very fast.",3 weeks ago,2026-07-14,,"Dear Mr. Ufuk Erzincan,

Thank you for your valuable feedback and for choosing Rixos Premium Belek.

We are extremely pleased that you enjoyed your stay and especially appreciated the understanding, friendly, and prompt service of our staff. On behalf of our entire team, who strive to maintain the highest level of guest satisfaction, we thank you for your kind words.

We look forward to welcoming you back to Rixos Premium Belek soon.

Sincerely,

Rixos Premium Belek Hotel Management",1 review,Ci9DQUlRQUNvZENodHljRjlvT2xWdmFtOTVNR3AxTFRseWJHdFpSRXB3TkVoNlQzYxAB
Abbes Affafsa,5.0,A very beautiful hotel 👍👍👍👍👍👍🇩🇿🇩🇿🇩🇿🇩🇿🇩🇿,3 weeks ago,2026-07-14,,"Dear Abbes Affafsa,

Thank you very much for your kind review and for choosing Rixos Premium Belek.

We are delighted to hear that you found our hotel beautiful and that you enjoyed your stay with us. Your kind words mean a great deal to our entire team and encourage us to continue delivering exceptional experiences.

We look forward to welcoming you back to Rixos Premium Belek for another memorable holiday.

Kind regards,

Rixos Premium Belek Hotel Management",1 review,Ci9DQUlRQUNvZENodHljRjlvT210ek4ybExNbUpYWVd4VWFsZ3dWekZXVlhSTU1uYxAB
Mehmet İlter Akyilmaz,5.0,"In a word, the hotel is perfect, and Land of Legends is fantastic.",3 weeks ago,2026-07-14,,"Dear Mr. Mehmet İlter Akyılmaz,

Thank you for your valuable comments and kind evaluations.

Your words, ""The hotel is excellent,"" made us extremely happy. We are also delighted that you were satisfied with your Land of Legends experience.

We were delighted to host you at Rixos Premium Belek. We look forward to welcoming you again soon and providing you with another unforgettable holiday experience.

Sincerely,

Rixos Premium Belek Hotel Management",2 reviews,Ci9DQUlRQUNvZENodHljRjlvT21VdGJIZFhWbXRqZVdOQ2JUSkhiMVpMWkdGSFNIYxAB
iherb_dom 1,5.0,Rixi Club has great entertainers and interesting games and workshops!,3 weeks ago,2026-07-14,,"Dear Guest,

Thank you for your wonderful review and for sharing your experience at Rixos Premium Belek.

We are delighted to hear that your time at Rixy Kids Club was so enjoyable and that you appreciated our enthusiastic entertainment team, engaging games, and creative workshops. Creating unforgettable experiences for our youngest guests is one of our greatest priorities, and your kind feedback means a lot to us.

We truly appreciate your support and look forward to welcoming you and your family back for another memorable holiday.

Kind regards,

Rixos Premium Belek Hotel Management",1 review · 10 photos,Ci9DQUlRQUNvZENodHljRjlvT214UFIwUTBhSEI0V21wVVVtTlZUSGRHVHpGTUxVRRAB
Kamilla dr. Kásler-Tupcsa,5.0,"Amazing place, Mr. Bektur was super helpful & friendly.",3 weeks ago,2026-07-14,,"Dear Kamilla Dr. Kásler-Tupcsa,

Thank you for your wonderful review and for sharing your experience at Rixos Premium Belek.

We are delighted to know that you had an amazing stay with us. It is especially rewarding to hear your kind words about Mr. Bektur. We will be pleased to share your compliments with him, and we are sure he will be delighted to know that his friendly and helpful service made a positive impact on your stay.

We truly appreciate your feedback and look forward to welcoming you back to Rixos Premium Belek for another memorable holiday.

Kind regards,

Rixos Premium Belek Hotel Management",10 reviews · 8 photos,Ci9DQUlRQUNvZENodHljRjlvT2tzMVluQTFTazlUV25CVWJGRXhYMmRCYW1GamMyYxAB
Fakhera Almazrouei,5.0,"Kids club is one of the best kids club I have ever been to and the kids club team are wonderful, the kids enjoyed the kids festival so much. Definitely coming back again.",3 weeks ago,2026-07-14,,"Dear Fakhera Almazrouei,

Thank you very much for your wonderful review and for sharing your experience at Rixos Premium Belek.

We are truly delighted to hear that you consider our Rixy Kids Club to be one of the best you have ever visited. It is especially rewarding to know that your children had such a great time with our Kids Club team and thoroughly enjoyed the Kids Festival.

Your kind words are a great source of motivation for our team. We are thrilled to know that you are planning to return, and we look forward to welcoming you and your family back for another unforgettable holiday.

Kind regards,

Rixos Premium Belek Hotel Management",2 reviews,Ci9DQUlRQUNvZENodHljRjlvT2xoVlZIZzRWMUo1TkRSUVVYbEdkM1pMUzNjdE1VRRAB
Hupfeld Alexandra,5.0,"It was a wonderful vacation! Great hotel, superb service, and excellent food.

Sebastian (manager of the cabanas) and his team are also doing a fantastic job. Ulugbeg (the waiter on the beach) is very attentive, unobtrusive, and professional.

Highly recommended!!",3 weeks ago,2026-07-14,,"Dear Hupfeld Alexandra,

Thank you for taking the time to share your wonderful feedback about your stay at Rixos Premium Belek.

We are delighted to know that you had such a beautiful holiday and that you enjoyed our hotel, service, and excellent culinary experiences. Your recommendation means a great deal to us.

We are especially pleased to hear your kind recognition of Sebastian and his cabana team, as well as Ulugbek for his attentive, professional, and discreet service on the beach. Your compliments will certainly be shared with them, and we are confident they will be delighted to know they helped make your stay so memorable.

It was a pleasure to have you as our guest, and we look forward to welcoming you back to Rixos Premium Belek for another unforgettable holiday.

Kind regards,

Rixos Premium Belek Hotel Management",7 reviews · 1 photo,Ci9DQUlRQUNvZENodHljRjlvT2tsbWMxZEVVMjlsV1c1UFluTkVhelU0ZG1sVGJsRRAB
jenan aljubair,5.0,I will thanks kadeja in kids clubs,3 weeks ago,2026-07-14,,"Dear Jenan Aljubair,

Thank you very much for your 5-star rating!

We truly appreciate your support and are delighted that you chose Rixos Premium Belek. It was a pleasure to have you as our guest, and we look forward to welcoming you back for another memorable holiday.

Warm regards,
Rixos Premium Belek Hotel Management",3 reviews,Ci9DQUlRQUNvZENodHljRjlvT2xGb2RUVnRhMll0TTJJMmMyNDRSRFp2VTJsSFMyYxAB
Paulius K,5.0,Best holiday ever. We have amazing holiday. Cabana Manager Sebestian is professional. We want to try Rixos Bodrum . All rixos are amazing,3 weeks ago,2026-07-14,,"Dear Paulius K,

Thank you very much for your wonderful review and for your kind words about Rixos Premium Belek.

We are thrilled to hear that you had your best holiday ever and that your experience was so memorable. Your special recognition of Cabana Manager Sebastian is truly appreciated, and we will be delighted to share your compliments with him.

Thank you for your trust in the Rixos brand—we look forward to welcoming you again at Rixos Premium Belek or another Rixos destination for many more unforgettable holidays.

Kind regards,

Rixos Premium Belek Management",1 review · 1 photo,Ci9DQUlRQUNvZENodHljRjlvT2tOeWNEbExTREF5ZFZaTVowWmtjMlUwZGpGbk4yYxAB
Joni-Joonas Honkanen,5.0,We really loved here and definetely come back again. We tried all alacartes  Zasya is my favourite . Best part cabana we enjoyed here especially. Mr Sebestian he is very proffessional Hamza guest relations very helpfull and Mrs Aliya Manager Guest relations the best,3 weeks ago,2026-07-14,,"Dear Joni-Joonas,

Thank you very much for your wonderful review and kind words.

We are delighted to hear that you had a memorable stay at Rixos Premium Belek and enjoyed our à la carte experiences, especially Z’Asya and the cabana service. Your special compliments for Mr. Sebastian, Mr. Hamza, and Mrs. Aliya are greatly appreciated, and we will be happy to share your kind feedback with them.

We look forward to welcoming you back soon for another unforgettable holiday experience.

Warm regards,

Rixos Premium Belek Management",1 review · 1 photo,Ci9DQUlRQUNvZENodHljRjlvT2pSeWFUTm5VelJGWTJaWVZsbDBOV042VFRKWGJtYxAB
VIP Rent,5.0,"Amazing place, we had a blast, everybody was super friendly and nice, this is not our first time here and for sure not our last time! I absolutely recommend it",3 weeks ago,2026-07-14,,"Dear Guest,

Thank you very much for your wonderful review and for choosing Rixos Premium Belek once again.

We are delighted to know that you had another amazing stay and that our friendly team helped make your holiday so enjoyable. It is especially rewarding to hear that you continue to choose our hotel and that you would recommend us to others.

We truly appreciate your loyalty and look forward to welcoming you back for many more unforgettable holidays.

Kind regards,

Rixos Premium Belek Management",Local Guide · 25 reviews · 1 photo,Ci9DQUlRQUNvZENodHljRjlvT2tKdGRXVjFjRUkwUXpseFVITTNVbEpXU2tOalpIYxAB
ensace Kunststoffverwertung GmbH,5.0,,3 weeks ago,2026-07-14,,"Dear Guest,

Thank you very much for your 5-star rating!

We truly appreciate your support and are delighted that you chose Rixos Premium Belek. It was a pleasure to have you as our guest, and we look forward to welcoming you back for another memorable holiday.

Warm regards,
Rixos Premium Belek Hotel Management",4 reviews,Ci9DQUlRQUNvZENodHljRjlvT2pKVVdHY3pkbkphTVU5S01tRjNWM1JDYjJ0bVprRRAB
Ayça Naz Aytaç,5.0,"Thanks to the activities at the Rixy Club in the hotel, you're never bored. Plus, the staff are very sweet and friendly. I had a lot of fun thanks to Hasan, and I'd like to thank him a lot as well.",3 weeks ago,2026-07-14,,"Dear Ayça Naz Aytaç,

Thank you for your valuable feedback and kind words.

We are very happy that you enjoyed your time at Rixos Club and were pleased with our events. We will gladly share your kind thoughts about Mr. Hasan with him. Creating unforgettable moments for our guests is our greatest pleasure.

We hope to welcome you back to Rixos Premium Belek soon.

Sincerely,

Rixos Premium Belek Hotel Management",1 review,Ci9DQUlRQUNvZENodHljRjlvT2xCamJXaFFVbkZqYlRaRlpuWjVRVkIyUVdVeVJWRRAB
Łukasz Jajeśniak,5.0,"A fantastic family vacation at the Rixos Hotel. My family and I had a wonderful time here. We loved everything. Delicious food, clean rooms, helpful staff, and a huge green area surrounding the hotel. There was never a problem finding a spot by the pool. The kids didn't want to leave. We will definitely be back.",3 weeks ago,2026-07-14,,"Dear Łukasz Jajeśniak,

Thank you very much for taking the time to share your wonderful feedback about your stay at Rixos Premium Belek.

We are delighted to know that you and your family had such a fantastic holiday and enjoyed our delicious cuisine, clean rooms, helpful team, and the beautiful green surroundings of our resort. It is especially rewarding to hear that your children had such a great time and did not want to leave.

Your kind words and your intention to return mean a great deal to all of us. We look forward to welcoming you and your family back to Rixos Premium Belek for another unforgettable vacation.

Kind regards,

Rixos Premium Belek Management",8 reviews · 8 photos,Ci9DQUlRQUNvZENodHljRjlvT2tWTmJ5MVVSbDl4ZDFrMVVFRmZka0ZzYzBJMFJHYxAB
Onur Osman Polat,5.0,The service is excellent and the staff are friendly and professional. Highly recommended.,3 weeks ago,2026-07-14,,"Dear Mr. Onur Osman Polat,

Thank you for your valuable feedback and kind comments.

We are extremely pleased that you were satisfied with our service quality and the friendly and professional approach of our team. Your recommendation and kind words are a great source of motivation for our entire team.

We look forward to welcoming you back to Rixos Premium Belek soon.

Sincerely,

Rixos Premium Belek Hotel Management",3 reviews,Ci9DQUlRQUNvZENodHljRjlvT2twUVRDMXZVbGRwV25CMVRERlVRMVZTVDNSa2NuYxAB
Selcuk Demir,5.0,"The hotel deserves 5 stars for its location, service, and friendly staff; the Peoples Restaurant, in particular, was excellent in terms of presentation and quality.",3 weeks ago,2026-07-14,,"Dear Mr. Selçuk Demir,

Thank you very much for your valuable feedback and 5-star rating.

We are extremely pleased that you were satisfied with our hotel's location, service quality, and friendly staff. Your kind words regarding People's Restaurant and your appreciation for its presentation and quality will be gladly shared with our relevant team.

We look forward to welcoming you back to Rixos Premium Belek soon.

Sincerely,

Rixos Premium Belek Hotel Management",2 reviews · 1 photo,Ci9DQUlRQUNvZENodHljRjlvT2t0cFUwVnRabUpoU25KTVFtcDRiRk5RUVY5SlZIYxAB
London Road Dental Practice,5.0,"What an incredible resort! It has everything you could possibly need in one place. The food was excellent, and the staff were outstanding throughout our stay. We also had access to a dedicated 24-hour WhatsApp concierge who assisted us with all our bookings and requests. We honestly couldn’t fault the resort in any way.",3 weeks ago,2026-07-14,,"Dear Guest,

Thank you for your wonderful review and for your kind words about Rixos Premium Belek.

We are delighted to hear that you enjoyed our culinary offerings, the service provided by our team, and the convenience of our WhatsApp Holiday Assistant service. Your satisfaction is the greatest reward for all of us.

We truly appreciate your recommendation and look forward to welcoming you back for another exceptional stay.

Warm regards,

Rixos Premium Belek Management",2 reviews,Ci9DQUlRQUNvZENodHljRjlvT21Vd05VZGxZVUZYT1daSGRtbFBVelphVlZOSFVsRRAB
Your Mom,5.0,,3 weeks ago,2026-07-14,,"Dear Guest,

Thank you very much for your 5-star rating!

We truly appreciate your support and are delighted that you chose Rixos Premium Belek. It was a pleasure to have you as our guest, and we look forward to welcoming you back for another memorable holiday.

Warm regards,
Rixos Premium Belek Hotel Management",5 reviews,Ci9DQUlRQUNvZENodHljRjlvT2t0SVpIcHZhVzlxWlVoZmFYQlVNMUUwYldGbE1HYxAB
Büşra Ayan,5.0,"This is our second visit to this hotel; we previously tried Regnum, but this one is far superior. The food, the à la carte restaurants, its child-friendly atmosphere, the convenient location, the friendly and sufficient number of staff, their immediate efforts to resolve any issues, and the free access to cafes like Starbucks and Godiva all offer unparalleled service. You can definitely come here with your family.",3 weeks ago,2026-07-14,,"Dear Ms. Büşra Ayan,

Thank you for choosing Rixos Premium Belek again and for sharing your valuable feedback with us.

We are extremely pleased that you were satisfied with your stay at our hotel and that you particularly appreciated our cuisine, à la carte restaurants, child-friendly concept, the comfort of our facilities, and the friendly service of our staff. Your kind words and recommendations are a great source of motivation for our entire team.

We look forward to welcoming you and your family back to Rixos Premium Belek soon.

Sincerely,

Rixos Premium Belek Hotel Management",2 reviews,Ci9DQUlRQUNvZENodHljRjlvT2xsNGEyNDVkbEpKWWtSbGRrcHZjbmQzVUcxMGRtYxAB
Emel Çakmak,5.0,"A magnificent hotel that I consistently choose, proving its quality in every aspect... You won't have any problems, and even if you do, they resolve them immediately. The quality of the food and drinks, the cleanliness, and the fun activities make time fly by...",Edited 3 weeks ago,2026-07-14,,"Dear Guest Emel Çakmak,
Thank you for taking the time to give us your kind feedback regarding your Rixos Premium Belek experience. We would be honored to welcome you back to Rixos Premium Belek, where we always strive for excellence. Sincerely,
Hotel Management",2 reviews · 8 photos,ChZDSUhNMG9nS0VJQ0FnSUQ4X1lYTUxnEAE
Merve Yıldız,5.0,"Service, entertainment, cuisine, and comfort are all meticulously thought out… a destination you can choose again and again for an enjoyable holiday… 🧡",3 weeks ago,2026-07-14,,"Dear Merve Yıldız,

We sincerely thank you for your valuable feedback and kind words.

We are extremely pleased that you appreciated our service, entertainment programs, cuisine, and comfort details. Providing our guests with an unforgettable holiday experience where every detail is carefully considered is our top priority.

Thank you for your kind recommendation and trust, and we look forward to welcoming you back to Rixos Premium Belek soon.

Sincerely,

Rixos Premium Belek Hotel Management",5 reviews · 1 photo,Ci9DQUlRQUNvZENodHljRjlvT20wMk5XMUxjVzlqVDNkalNrOTRTbU5QU2tSNFpHYxAB
Anastasiia M.,4.5,"I loved everything! Beautiful grounds, a great long beach, delicious à la carte restaurants!
I'd like to see the spaces inside the building and the snack area become more …",3 weeks ago,2026-07-14,,,,ChdDSUhNMG9nS0VQbWx2ZERfd1puVjlBRRAB
Hakan S.,4.5,"I came with my friend and we had a great time. Everything (food, drinks, entertainment) was perfect. The staff were incredibly attentive and polite.",3 weeks ago,2026-07-14,,,,ChZDSUhNMG9nS0VLemFfT3JrMnR2T0VREAE
Emre Tan,5.0,"Mirkan Bey from Relation was very helpful and friendly, I thank him very much. Thank you also for your attention :)",3 weeks ago,2026-07-14,,"Dear Mr. Emre Tan,

Thank you for your valuable feedback and kind words.

We will gladly share your kind thoughts regarding Mr. Mirkan, a member of our team dedicated to guest satisfaction. It is a great pleasure for us to have provided you with friendly and attentive service.

As the Rixos Premium Belek family, we hope to welcome you again soon.

Sincerely,

Rixos Premium Belek Hotel Management",2 reviews,Ci9DQUlRQUNvZENodHljRjlvT2taUE1HdG9PR3BXUVhGSFlXcFpWRWN0Y21kc1ZVRRAB
Emili Mohammadi,5.0,,3 weeks ago,2026-07-14,,"Dear Emili Mohammadi,

Thank you very much for your 5-star rating!

We truly appreciate your support and are delighted that you chose Rixos Premium Belek. It was a pleasure to have you as our guest, and we look forward to welcoming you back for another memorable holiday.

Warm regards,
Rixos Premium Belek Hotel Management",6 reviews,Ci9DQUlRQUNvZENodHljRjlvT2tSSE5YTm5TbkJoVDJRM1JYcE9SemswUTA1VVVrRRAB
Rob Williams,5.0,"Excellent hotel, lots to do, food is amazing and staff on point..",3 weeks ago,2026-07-14,,"Dear Rob Williams,

Thank you very much for your wonderful review and for choosing Rixos Premium Belek.

We are delighted to hear that you enjoyed your stay, especially our wide range of activities, exceptional cuisine, and the attentive service provided by our team. Your kind words are a great source of motivation for all of us.

We look forward to welcoming you back to Rixos Premium Belek for another unforgettable holiday.

Kind regards,

Rixos Premium Belek Management",2 reviews,Ci9DQUlRQUNvZENodHljRjlvT2kxRWJtbGtYMUpoVlZWS1JXZGhRMjlvYzJ0c01XYxAB
Lara Steiner,5.0,"Music and Atmosphere (31-40)
The live music entertainment was absolutely elegant and provided the perfect soundtrack for our holiday evenings🤩🫶🏻",3 weeks ago,2026-07-14,,"Dear Lara Steiner,

Thank you very much for sharing your wonderful feedback about your stay at Rixos Premium Belek.

We are delighted to hear that you enjoyed the live music and the atmosphere, and that it made your holiday evenings even more special. Creating memorable experiences for our guests is always our greatest pleasure.

We truly appreciate your kind words and look forward to welcoming you back to Rixos Premium Belek for another unforgettable stay.

Kind regards,

Rixos Premium Belek Management",2 reviews,Ci9DQUlRQUNvZENodHljRjlvT25GMFIxbFdVVlZPY0hKMVdXbHVNMHRCYkRGa1EyYxAB
Mehmet,5.0,Daily boccia games were a fantastic entertainment choice that helped us meet many other friendly guests!,Edited 3 weeks ago,2026-07-14,,"Dear Mr. Mehmet,

Thank you very much for your valuable feedback.

We are very happy that you had a wonderful holiday experience at Rixos Premium Belek. We will gladly share your kind words with our entire team.

We would be delighted to welcome you back to Rixos Premium Belek soon.

Sincerely,
Rixos Premium Belek Hotel Management",Local Guide · 88 reviews · 104 photos,Ci9DQUlRQUNvZENodHljRjlvT21KMlpWRlhWMFZJU2pCbVowNXhTSFk1UVVGU05rRRAB
Pakize Genc,5.0,We really loved the competittive voleyball matches organized by the entwrtainment staff; it was great fun. Thanks Anastasia,3 weeks ago,2026-07-14,,"Dear Pakize Genç,

Thank you very much for your kind review and for sharing your experience at Rixos Premium Belek.

We are delighted to hear that you enjoyed the volleyball tournaments organized by our Entertainment Team and had such a fun time. Your special thanks to Anastasia will be shared with her with great pleasure.

We truly appreciate your kind words and look forward to welcoming you back to Rixos Premium Belek for another memorable holiday.

Kind regards,

Rixos Premium Belek Management",8 reviews,Ci9DQUlRQUNvZENodHljRjlvT21oM1RVWjViUzFtYldSUmQxbFpWMVJ4VjFWeFUxRRAB
Orhan Emir GENC,5.0,"The daily activities and sports games were truly fantastic. It was definitely a great choice. The pools, the atmosphere, everything was legendary.",3 weeks ago,2026-07-14,,"Dear Mr. Orhan Emir Genç,

Thank you for your valuable comments and kind feedback.

We are extremely pleased that you enjoyed our daily activities, sports events, and pool atmosphere. It is a great pleasure for us to have contributed to making your holiday enjoyable and unforgettable.

We look forward to welcoming you back to Rixos Premium Belek soon.

Sincerely,

Rixos Premium Belek Hotel Management",6 reviews,Ci9DQUlRQUNvZENodHljRjlvT2xOUFMyUjVUbmRCYlVWaFJDMUZMVmxaVFhCWE1sRRAB
Anvar Alibayev,5.0,The staff is very polite and always ready to help you in any situations and questions.,3 weeks ago,2026-07-14,,"Dear Anvar Alibayev!

Thank you for your wonderful review and for sharing your impressions of your stay at Rixos Premium Belek.

We are delighted to learn that you highly appreciated the courtesy and responsiveness of our staff. We always strive to provide our guests with genuine care and are ready to assist in any situation.

We look forward to welcoming you back to Rixos Premium Belek and making your next stay just as enjoyable and unforgettable.

Sincerely,
Rixos Premium Belek Management",4 reviews,Ci9DQUlRQUNvZENodHljRjlvT2t3emVFNDNkVTExZFc1VVZqZGFaak5ETlhSeVYxRRAB
Кадирова Дилшода,5.0,,3 weeks ago,2026-07-14,,"Dear Dilshoda Kadyrova!

Thank you for your high rating and 5 stars!

We sincerely appreciate your support and are delighted that you have chosen Rixos Premium Belek. It was a pleasure to have you as our guest, and we look forward to welcoming you back for another unforgettable stay.

Sincerely,
Rixos Premium Belek Management",1 review · 1 photo,Ci9DQUlRQUNvZENodHljRjlvT2xCNFdXOVFOazVHWkU1MVZsTktNR1pOTjNwUWEyYxAB
Rıdvan gulen,5.0,,3 weeks ago,2026-07-14,,"Dear Mr. Rıdvan Gülen,

Thank you very much for your 5-star review!

Your support is very valuable to us. We are delighted that you chose Rixos Premium Belek. It was a privilege to host you at our hotel, and we would be pleased to see you again to ensure you have an unforgettable holiday experience.

Sincerely,
Rixos Premium Belek Hotel Management",4 photos,Ci9DQUlRQUNvZENodHljRjlvT2xkUWREUkNNRzlNUjBka1YxTndXa1ZSUjJweWVWRRAB
badboy,5.0,,3 weeks ago,2026-07-14,,"Dear Guest,

Thank you very much for your 5-star rating!

We truly appreciate your support and are delighted that you chose Rixos Premium Belek. It was a pleasure to have you as our guest, and we look forward to welcoming you back for another memorable holiday.

Warm regards,
Rixos Premium Belek Hotel Management",,Ci9DQUlRQUNvZENodHljRjlvT205TGMwUm1MWGxmVGtoYU0wOVVaelJZVmpkVWIxRRAB
Yazeed Kalaji,5.0,Excellent experience and professional staff! Highly Recommended,3 weeks ago,2026-07-14,,"Dear Yazeed Kalaji,

Thank you very much for your wonderful review and for your recommendation.

We are delighted to hear that you had an excellent experience at Rixos Premium Belek and that our professional team contributed to making your stay enjoyable. Your kind words are greatly appreciated and serve as a wonderful motivation for all of us.

We look forward to welcoming you back to Rixos Premium Belek for another memorable holiday.

Kind regards,

Rixos Premium Belek Management",4 reviews,Ci9DQUlRQUNvZENodHljRjlvT2pCSmJYcENjbkJMUW1ONlRsSXlTblpNUkY5bFExRRAB
Harun Tunç,5.0,,3 weeks ago,2026-07-14,,"Dear Mr. Harun Tunç,

Thank you very much for your 5-star review!

Your support is very valuable to us. We are delighted that you chose Rixos Premium Belek. It was a privilege to host you at our hotel, and we would be pleased to see you again to ensure you have an unforgettable holiday experience.

Sincerely,
Rixos Premium Belek Hotel Management",,Ci9DQUlRQUNvZENodHljRjlvT25aMlpXSnliRk5YVjFsWGJWaFRNRzVhY2xSZk0yYxAB
Nurşen Buyruk,5.0,,3 weeks ago,2026-07-14,,"Dear Ms. Nurşen Buyruk,

Thank you so much for your 5-star review!

Your support is invaluable to us. We are delighted that you chose Rixos Premium Belek. It was a privilege to host you at our hotel, and we would be pleased to welcome you again to ensure you have an unforgettable holiday experience.

Sincerely,
Rixos Premium Belek Hotel Management",2 reviews,Ci9DQUlRQUNvZENodHljRjlvT21WcmIxbE5NMTg0VDJSSGMxRTFZbWQyT1c1a05uYxAB
hande yakut,5.0,The best holiday I've ever had in Antalya was truly premium.,3 weeks ago,2026-07-14,,"Dear Ms. Hande Yakut,

Thank you very much for your valuable comment and kind words.

We are extremely pleased that your holiday at Rixos Premium Belek has become one of your best holidays in Antalya. Providing our guests with a premium holiday experience is our top priority.

We look forward to welcoming you back to Rixos Premium Belek soon.

Sincerely,

Rixos Premium Belek Hotel Management",2 reviews,Ci9DQUlRQUNvZENodHljRjlvT2pWcWJ6UXdVbmxsU2t0bGRrRTJWVU55Vm5CSWRGRRAB
Nes Turson,5.0,Good service 💓💓💓,3 weeks ago,2026-07-14,,"Dear Nes Turson,

Thank you very much for your kind review and for choosing Rixos Premium Belek.

We are delighted to know that you were pleased with our service. Your kind words mean a great deal to our team and inspire us to continue providing exceptional experiences for our guests.

We look forward to welcoming you back to Rixos Premium Belek for another memorable holiday.

Kind regards,

Rixos Premium Belek Management",3 reviews,Ci9DQUlRQUNvZENodHljRjlvT2s4d1dERnZXV0pHYzBGbVdsRXhkRzlXTVVwa1UyYxAB
Mr Harvey,5.0,"Have been here five years in a row. Have always had an incredible time. Food is  truly incredible, beautiful surroundings and excellent service.",3 weeks ago,2026-07-14,,"Dear Mr Harvey,

Thank you very much for your wonderful review and, above all, for your continued loyalty to Rixos Premium Belek.

It is truly an honor to have welcomed you for five consecutive years. We are delighted to know that each stay has been memorable and that you continue to enjoy our exceptional cuisine, beautiful surroundings, and the attentive service provided by our team.

Your trust and support mean a great deal to us, and we look forward to welcoming you back for many more unforgettable holidays.

Kind regards,

Rixos Premium Belek Management",1 review · 13 photos,Ci9DQUlRQUNvZENodHljRjlvT2pGU2NtaFhRWEoyTkZjNFZYZExXR3QzTlVveGNIYxAB
Lauren Sneddon,5.0,"Love this hotel, 5th time visiting",3 weeks ago,2026-07-14,,"Dear Lauren Sneddon,

Thank you very much for your wonderful review and for your continued loyalty to Rixos Premium Belek.

It is a true pleasure to know that you have chosen to stay with us for the fifth time. Your continued trust and support mean the world to us, and we are delighted that you love our hotel.

We sincerely look forward to welcoming you back for your sixth visit and creating many more unforgettable memories together.

Kind regards,

Rixos Premium Belek Management",3 reviews,Ci9DQUlRQUNvZENodHljRjlvT2pkT01HOWFia0ZxTkZOZlIzaHRkbXRZZWpKSk1sRRAB
ayşegül birlik,5.0,"A huge thank you to Rixy Kids Club and Ms. Fatma, everything was wonderful 🌸",3 weeks ago,2026-07-14,,"Dear Ms. Ayşegül Birlik,

Thank you for your valuable comment and kind words.

We are very happy that you had a pleasant time at Rixos Kids Club and that Ms. Fatma's hospitality contributed to your holiday. We will gladly share your kind thoughts with her.

We would be delighted to welcome you and your family back to Rixos Premium Belek soon.

Sincerely,

Rixos Premium Belek Hotel Management",5 reviews,Ci9DQUlRQUNvZENodHljRjlvT25STVZIQjNPWFZzT1VsVlkyUnFVbFZLU2tRMk5HYxAB
Víctor Carmona Martín,5.0,Impeccable attention and care for the children. Fatima was very attentive and helpful.,3 weeks ago,2026-07-14,,"Dear Víctor Carmona Martín,

Thank you very much for your wonderful review!

We are delighted to hear that you appreciated the care and attention provided to your children. A special thank you for recognizing Fatima for her attentiveness and kindness. We will be delighted to share your compliments with her.

We look forward to welcoming you and your family back to Rixos Premium Belek for another unforgettable holiday!

Warm regards,
Rixos Premium Belek Hotel Management",8 reviews,Ci9DQUlRQUNvZENodHljRjlvT2s5TVpFMU9VVGRvYUdoTFFtMWhWMk50UVdWMVJrRRAB
MAIDA NURBAY,5.0,"This holiday was incredibly elegant!
First -
Guest relations communicated with me in my native language! It's Sania and Hakan! Many thanks to the hotel for showing respect to guests from Kazakhstan! I loved the concept of the hotel, where the hotel does not have water attractions, but you can visit the land of legends every day! The architecture and logistics are well thought out so that with the full workload of the hotel, there are always free sun loungers, tables, cozy places for privacy. All guests were friendly to each other. It was felt that there were almost no guests from one aggressive country - for this my special gratitude! Attention to trifles, waiters are extremely helpful in all restaurants. Everything is very clean. There is an application, and AI asistent- it is very convenient. But Sania was always in touch and helped in any matters. I really want to return here again.",3 weeks ago,2026-07-14,,"Dear Maida Nurbay,

Thank you so much for your wonderful and heartfelt review!

We are truly delighted to hear that you had such an enjoyable stay at Rixos Premium Belek. It is especially rewarding to know that you appreciated our hotel concept, the cleanliness, architecture, facilities, and the convenience of our mobile application and AI Assistant.

A special thank you for your kind words about our Guest Relations team members, Sania and Hakan. We will be delighted to share your compliments with them—they will truly appreciate your recognition.

It means a great deal to us that you felt welcomed in your native language and that your stay was comfortable and memorable.

We sincerely appreciate your recommendation and look forward to welcoming you back to Rixos Premium Belek for another unforgettable holiday!

Warm regards,
Rixos Premium Belek Hotel Management",Local Guide · 24 reviews · 34 photos,Ci9DQUlRQUNvZENodHljRjlvT2xoVVJrUlRMVEJmUTFOMGJqTmtYMnd4ZURsTWNVRRAB
Lee Doherty,5.0,,3 weeks ago,2026-07-14,,"Dear Lee Doherty,

Thank you very much for your 5-star rating!

We truly appreciate your support and are delighted that you chose Rixos Premium Belek. It was a pleasure to have you as our guest, and we look forward to welcoming you back for another memorable holiday.

Warm regards,
Rixos Premium Belek Hotel Management",1 review,Ci9DQUlRQUNvZENodHljRjlvT21WMll6QkxWMk4yTWtkcmVVbEVlbVEwWkVWbVMyYxAB
Two Fat Ladies,5.0,"Absolutely stunning hotel.

The buffet restaurant is first class, and possibly one of the best hotel buffet restaurants we have experienced.

There have been no problems booking À la carte restaurants when the times are released at 10am but do you do need to be quick on this.

The staff are fully attentive to every need, and the waiters and waitresses around the pools are there for drinks whenever you need them.

The rooms are spacious and cleaned daily.

Overall on first impressions I woukd be happy visiting this hotel again",3 weeks ago,2026-07-14,,"Dear Guest,
Thank you very much for your wonderful and detailed review!

We are delighted to hear that you enjoyed your stay and that our buffet restaurant, spacious and clean rooms, attentive service, and à la carte dining experience met your expectations.

It is especially rewarding to know that our team made you feel well cared for throughout your stay.

Thank you for choosing Rixos Premium Belek. We truly appreciate your kind recommendation and look forward to welcoming you back for another unforgettable holiday.

Warm regards,
Rixos Premium Belek Hotel Management",3 reviews,Ci9DQUlRQUNvZENodHljRjlvT25CcFJFNUdSa3hVTVhOTGIyOXFiVmRNUXpZdGFIYxAB
Giorgi Gogidze,5.0,,3 weeks ago,2026-07-14,,"Dear Giorgi Gogidze,

Thank you very much for your 5-star rating!

We truly appreciate your support and are delighted that you chose Rixos Premium Belek. It was a pleasure to have you as our guest, and we look forward to welcoming you back for another memorable holiday.

Warm regards,
Rİxos Premium Belek Hotel Management",4 reviews,Ci9DQUlRQUNvZENodHljRjlvT210aWExbzNla3d4VG5SRVgwNXdkR0o0WjNCak4zYxAB
ata mirza,5.0,"Peace, tranquility, and premium service. The amenities offered are of very high quality. A hotel that makes you feel special. The staff at Peoples also deserve special thanks.",3 weeks ago,2026-07-14,,"Dear Mr. Ata Mirza,

Thank you very much for your valuable comment and kind words.

We are extremely pleased that you were satisfied with our peaceful atmosphere, premium service, and the facilities we offer. We will gladly share your kind words about our Peoples team with them.

We look forward to welcoming you back to Rixos Premium Belek soon.

Sincerely,
Rixos Premium Belek Hotel Management",Local Guide · 17 reviews · 8 photos,Ci9DQUlRQUNvZENodHljRjlvT21oRE9VZG9VMm96VVVaa04zSklaREJvVG1KdU1IYxAB
Ahmet Köç,5.0,"It starts when you take your first step, even if unintentionally.",3 weeks ago,2026-07-14,,"Dear Mr. Ahmet Koç,

Thank you for your valuable feedback.

We are pleased that you chose Rixos Premium Belek. We look forward to welcoming you back to our hotel soon and providing you with another unforgettable holiday experience.

Sincerely,
Rixos Premium Belek Hotel Management",8 reviews · 2 photos,Ci9DQUlRQUNvZENodHljRjlvT20xU1FVSTFVRTlqUm0xaWFGWndSbWhGWkZWalYzYxAB
Zuzana Mareckova,5.0,everything is perfect?,3 weeks ago,2026-07-14,,"Dear Zuzana Mareckova,

Thank you very much for your wonderful review!

We are delighted to hear that everything was perfect during your stay. Your kind words are truly appreciated and motivate our team to continue delivering exceptional experiences.

We look forward to welcoming you back to Rixos Premium Belek for another unforgettable holiday.

Warm regards,
Hotel Management Rixos Premium Belek",1 review,Ci9DQUlRQUNvZENodHljRjlvT2pKVVVUaDVNa2d0TmtwWFh6RnBNWEJ6Ym5CTlZtYxAB
ferda koyuncu,5.0,"We were very pleased with Rixy Kids, and we would like to thank Ms. Polen for her attention and care.",3 weeks ago,2026-07-14,,"Dear Ferda Koyuncu,

Thank you very much for your valuable feedback.

We are very pleased that you were satisfied with Rixos Kids Club and especially appreciated the attention of Ms. Polen. We will gladly share your kind words with her.

We would be delighted to welcome you and your family back to Rixos Premium Belek as soon as possible.

Sincerely,
Rixos Premium Belek Hotel Management",1 review,Ci9DQUlRQUNvZENodHljRjlvT2paYU4yZDVTR1ppUm5reGVXdzFjR3REVjJjMFRrRRAB
Lillie Mae,5.0,,3 weeks ago,2026-07-14,,"Dear Lillie Mae,

Thank you very much for your 5-star rating!

We truly appreciate your support and are delighted that you chose Rixos Premium Belek. We look forward to welcoming you back for another memorable holiday.

Warm regards,
Hotel Management Rixos Premium Belek",1 review,Ci9DQUlRQUNvZENodHljRjlvT2taMU9Vd3dRazVoYUVGVlluSmxSekYzVW1WNVUzYxAB
Memo Model,5.0,"the amazing hotel with services with vibes, the organizer of daily programming activities, with food services with complimentary services outdoors, the pool is very clean and big three pools also the terrace of sea 🌊 amazing 🥲 and the night vibes life music Dj , what i like is the security not anyone can enter and its safe , safe for kids and the Rixy kids club i want to tell many thanks for stuff who is there they are so friendly and the club have restaurant cinema infant play ground ,",3 weeks ago,2026-07-14,,"Dear Guest,

Thank you so much for your wonderful and detailed review!

We are delighted to hear that you enjoyed our facilities, delicious food, entertainment program, live music, pools, beautiful seaside atmosphere, and the safe environment we strive to provide for all of our guests.

It is especially rewarding to know that Rixy Kids Club made such a positive impression on you. Your kind words about our team and the facilities for our little guests mean a great deal to us, and we will be happy to share your compliments with them.

We truly appreciate your recommendation and look forward to welcoming you back to Rixos Premium Belek for another unforgettable holiday.

Warm regards,
Hotel Management Rixos Premium Belek",Local Guide · 24 reviews · 24 photos,Ci9DQUlRQUNvZENodHljRjlvT2tSc2VXeDRPWGxPVG5ObFlXbE9URkl3WTBkM1EwRRAB
Tasneem Essack,5.0,,3 weeks ago,2026-07-14,,"Dear Tasneem Essack,

Thank you very much for your 5-star rating!

We are delighted that you chose Rixos Premium Belek and truly appreciate your support. We look forward to welcoming you back for another memorable stay.

Warm regards,
Hotel Management Rixos Premium Belek",,Ci9DQUlRQUNvZENodHljRjlvT21aelEzSjJiazFMVm1jd2VFTnRSa2c0ZFdSMFRuYxAB
Hala D,5.0,Service is amazing :),3 weeks ago,2026-07-14,,"Dear Hala D,

Thank you very much for your wonderful review!

We are delighted to hear that you found our service amazing. Your kind words are a great motivation for our entire team.

We look forward to welcoming you back to Rixos Premium Belek for another unforgettable stay.

Warm regards,
Hotel Management Rixos Premium Belek",4 reviews,Ci9DQUlRQUNvZENodHljRjlvT21oRVJEZ3RUako1YmpWblNWWTRSMVZ4ZERCTGRFRRAB
Patrik Deák,5.0,Vers Happy Wirth Service especially Csaba a Manager Sebastian And guest relations Hamza is helpful,3 weeks ago,2026-07-14,,"Dear Patrik Deák,

Thank you very much for your wonderful review!

We are delighted to hear that you were happy with our service. Your special recognition of Sebastian and our Guest Relations team member Hamza means a great deal to us, and we will be pleased to share your kind words with them.

We look forward to welcoming you back to Rixos Premium Belek for another memorable stay.

Warm regards,
Hotel Management Rixos Premium Belek",Local Guide · 1 review · 29 photos,Ci9DQUlRQUNvZENodHljRjlvT2tVME1EWXdOa1k1VjFkd1MyeGFSVzVvY0ZKMGRVRRAB
Chico Quin,5.0,"Booked a couple of family rooms and a deluxe standard. Was met with a very helpful concierge service upon check-in. Hotel has everything the family was looking for...food and choice of food has been excellent, with staff all particularly helpful. Very pleased 👍",3 weeks ago,2026-07-14,,"Dear Chico Quin,

Thank you very much for your wonderful review!

We are delighted to hear that you and your family had such a positive experience at Rixos Premium Belek. It is especially pleasing to know that variety and quality of our cuisine, and the helpfulness of our staff contributed to an enjoyable stay.

We truly appreciate your kind words and look forward to welcoming you and your family back for another memorable holiday.

Warm regards,
Hotel Management Rixos Premium Belek",1 review,Ci9DQUlRQUNvZENodHljRjlvT2xSbFNUUnFZM2RCZFV0SmVXZG9hWEJvUXpKMGFYYxAB
Luke Scarr,5.0,"Our first time here after a recommendation from friends, the whole experience has been amazing so far with the added bonus of the access to land of legends. Highly recommend for families and couples alike",3 weeks ago,2026-07-14,,"Dear Luke Scarr,

Thank you very much for your wonderful review!

We are delighted to hear that your first stay at Rixos Premium Belek has been such an amazing experience. It is especially pleasing to know that you enjoyed the complimentary access to The Land of Legends and found our resort ideal for both families and couples.

Thank you for your recommendation. We look forward to welcoming you back for another unforgettable holiday.

Warm regards,
Hotel Management Rixos Premium Belek",9 reviews · 2 photos,Ci9DQUlRQUNvZENodHljRjlvT2taV1MzVnpOemt5V0ZOWmQySkhORTlXVFRGT2MxRRAB
Alex Shaalem,5.0,"Excellent service, friendly and helpful staff
Excellent service",3 weeks ago,2026-07-14,,"Dear Alex,

Thank you so much for your wonderful review!

We are delighted that you highly appreciated the quality of our service, as well as the friendliness and responsiveness of our team. Your kind words are the best reward for us all.

We look forward to welcoming you back to Rixos Premium Belek!

Sincerely,
Rixos Premium Belek Hotel Management",1 review,Ci9DQUlRQUNvZENodHljRjlvT2xsUVIwc3phM1ppYmt0S1JYVkJNSEpWWmtvNVZIYxAB
ragip tanli,5.0,"From A to Z, in one word: amazing service, hospitality, comfort, entertainment, and food and drinks.",3 weeks ago,2026-07-14,,"Dear Mr. Ragip Tanli,

Thank you very much for your valuable comment and kind words.

We are extremely pleased that you were satisfied with our service, quality of service, comfort, entertainment programs and gastronomic experience.

We would be delighted to welcome you back to Rixos Premium Belek soon.

Sincerely,
Rixos Premium Belek Hotel Management",1 review,Ci9DQUlRQUNvZENodHljRjlvT2xaUFVWRkxRa1YzZG1OVk9VUXhUV2hKYVhVM1dXYxAB
Derya Kaya,5.0,,3 weeks ago,2026-07-14,,"Dear Derya Kaya,

Thank you very much for rating us with 5 stars.

We were delighted to host you at Rixos Premium Belek. We hope to welcome you back to our hotel soon.

Sincerely,
Rixos Premium Belek Hotel Management",3 reviews,Ci9DQUlRQUNvZENodHljRjlvT2xOclRqZG9hbHB2VjNrMmNrRjVVa3RDVFVSU1VsRRAB
Eda Şirnevai,5.0,"During our stay, Rixos Premium Belek far exceeded our expectations in many ways. The professionalism felt from the moment we arrived, the friendly staff, the meticulously maintained cleanliness, and the value given to guests elevate this place beyond an ordinary holiday hotel.
The quality of the food and beverages, the carefully prepared presentations, the well-maintained landscaping, the comfortable rooms, and the activities that continue throughout the day offer a strong experience that appeals to all age groups. Even in a crowded facility, the fact that order is not disrupted and the team takes care of every detail is truly commendable.
Most importantly, here you feel not just a guest, but a valued visitor. I would like to thank all the employees who contributed to the creation of this understanding and the management that maintains this quality standard.
It is not easy to create a facility that does not compromise on quality and makes you feel the same care with every visit. I hope this consistency continues for many years. It is one of the addresses I can wholeheartedly recommend to those seeking a high-level holiday experience in Antalya.",3 weeks ago,2026-07-14,,"Dear Ms. Eda Şirnevai,

We would like to express our sincere thanks for choosing Rixos Premium Belek and for sharing your valuable, detailed, and heartfelt feedback with us.

We are delighted that we were able to exceed your expectations during your stay. Your kind comments regarding our professional service approach, the hospitality of our team members, our cleanliness standards, our gastronomic experience, our landscaping, our comfortable rooms, and our rich activity program are extremely valuable to us.

In particular, your statement that you felt not just a guest, but a valued visitor, is the most meaningful reward for our entire team. Providing our guests with unforgettable experiences and offering the same high standard of service on every visit is our top priority.

Thank you once again for your trust in our quality, your kind wishes, and for recommending us with confidence. We would be delighted to welcome you back to Rixos Premium Belek soon.

Sincerely,
Rixos Premium Belek Hotel Management",Local Guide · 75 reviews · 21 photos,Ci9DQUlRQUNvZENodHljRjlvT25GUmNsOXRRV0ZHY2tWUFlWQjRSWFJaWVc5RVdtYxAB
Mehmet Goksu,4.0,Guest relations were weak. There should be a wider variety of food. We couldn't fully appreciate the flavors.,3 weeks ago,2026-07-14,,,Local Guide · 328 reviews · 24 photos,Ci9DQUlRQUNvZENodHljRjlvT2xwM1lsSTFTMHhOWTFjMGRETnVZbEZmWDFOU1UwRRAB
duru yeşiltepe,5.0,,3 weeks ago,2026-07-14,,"Dear Ms. Duru Yeşiltepe,

Thank you very much for rating us with 5 stars.

We were delighted to host you at Rixos Premium Belek. We hope to welcome you back to our hotel soon.

Sincerely,
Rixos Premium Belek Hotel Management",2 reviews,Ci9DQUlRQUNvZENodHljRjlvT2xaMmJ6WlZRMlJ2VmpSSFRFbFBTMjh3UkdSRllrRRAB
Rengin Başar,5.0,"The sea, the pool, the boat trip… Everything was amazing, it was the only vacation I’ve wanted to extend in a long time. Many thanks to Mr. Anıl at the Italian à la carte restaurant for the wonderful hospitality.",3 weeks ago,2026-07-14,,"Dear Rengin Başar,

Thank you very much for your valuable comment and kind words.

We are very happy that you enjoyed our sea, pools, and boat tour, and that your holiday was filled with unforgettable memories.

We will also gladly share your kind words about Mr. Anıl from Piazzetta Italian A'la Carte Restaurant with him.

We will be delighted to welcome you back to Rixos Premium Belek as soon as possible.

Sincerely,
Rixos Premium Belek Hotel Management",3 reviews,Ci9DQUlRQUNvZENodHljRjlvT21sSVVsRXdhbFJSTTJGNGFYTk9kVmcyWlcxbFpXYxAB
Kaan Göçen,4.0,not good as hilton,3 weeks ago,2026-07-14,,"Dear Mr. Kaan Göçen,

Thank you for sharing your feedback about Rixos Premium Belek.

We would like to inform you that we are currently unable to access your reservation information in our system. We kindly request that you send your accommodation dates and reservation details to premiumbelek@rixos.com.
This will allow us to thoroughly investigate the matter and take the necessary actions.

Your feedback is valuable to us.

Sincerely,
Rixos Premium Belek Hotel Management",10 reviews · 1 photo,Ci9DQUlRQUNvZENodHljRjlvT21kMk5EWndVR3RwYUUxeVRVNWlkWGgyWjJodmJrRRAB
alper Irmak,5.0,,3 weeks ago,2026-07-14,,"Dear Mr. Alper Irmak,

Thank you very much for rating us with 5 stars.

We were delighted to host you at Rixos Premium Belek. We hope to welcome you back to our hotel soon.

Sincerely,
Rixos Premium Belek Hotel Management",5 reviews · 1 photo,Ci9DQUlRQUNvZENodHljRjlvT21WVFNrcE9WRGhVTVZCYWMweEhkMnRzZVY5Nk0xRRAB
Selman Sezen,2.0,,Edited 3 weeks ago,2026-07-14,,,7 reviews,Ci9DQUlRQUNvZENodHljRjlvT21sb09XSkdkRVZMWlRCWlpGUlNUamxvTFRkclpGRRAB
Gary Chalmers,5.0,Lovely staff.  Very accommodating to dietary requirement also.  Very clean.,3 weeks ago,2026-07-14,,"Dear Gary Chalmers,

Thank you very much for your wonderful review!

We are delighted to hear that you appreciated the friendliness of our team, our attention to your dietary requirements, and the cleanliness throughout the hotel.

We truly look forward to welcoming you back to Rixos Premium Belek for another enjoyable stay.

Warm regards,
Hotel Management Rixos Premium Belek",1 review,Ci9DQUlRQUNvZENodHljRjlvT2pnd2RtdGlUVWhJVFhobWExbFFVMDVXU2tKTVpXYxAB
THE ONLY CRAZY GAMER,5.0,"The variety of entertainment options provided was impressive, ensuring that every guest finds something to enjoy!!!😌😁 The guys are so energizing , there’s something new every day: games, evening shows, everything is so fun and heartwarming. Thanks to the girl Anastasia and boy Bergson🫶🏾",3 weeks ago,2026-07-14,,"Dear Guest,

Thank you so much for your fantastic review!

We are delighted to hear that you enjoyed the variety of our entertainment program and that every day brought new and memorable experiences to your holiday.

A special thank you for recognizing Anastasia and Bergson. We will be delighted to share your kind words with them—they will truly appreciate your recognition.

We look forward to welcoming you back to Rixos Premium Belek for another unforgettable stay!

Warm regards,
Hotel Management Rixos Premium Belek",3 reviews · 11 photos,Ci9DQUlRQUNvZENodHljRjlvT25CUlJ6aHlSalJzVXpWZlMyeHFhM1JvYjFsa2JHYxAB
Raeesa Moosa,5.0,"I have stayed in many hotels, but this is the best entertainment department I have ever encountered, hands down!!!!🥰😍😌",3 weeks ago,2026-07-14,,"Dear Raeesa Moosa,

Thank you so much for your wonderful review!

We are truly delighted to hear that you consider our Entertainment Team the best you have ever experienced. Your kind words are a great source of motivation for our entire team.

We look forward to welcoming you back to Rixos Premium Belek for another unforgettable holiday!

Warm regards,
Hotel Management Rixos Premium Belek",2 reviews,Ci9DQUlRQUNvZENodHljRjlvT25Sb1ZHeHphSEJXYjJKRk5VZDZkSFpRYVY5YVpFRRAB
Serdar Özkan,5.0,"It's a wonderful hotel, we were very pleased with our children. The Rixy Club section is great fun for kids. The programs are quite impressive.",3 weeks ago,2026-07-14,,"Dear Mr. Serdar Özkan,

Thank you very much for your valuable feedback.

We are very pleased that you enjoyed your holiday with your family at Rixos Premium Belek and that you were particularly satisfied with our entertainment programs at Rixy Kids Club.

We would be delighted to welcome you and your family back to Rixos Premium Belek soon.

Sincerely,
Rixos Premium Belek Hotel Management",7 reviews,Ci9DQUlRQUNvZENodHljRjlvT2xkVWEzQjFWMTkwZVV4U1NETmlibnBaUlZkTldtYxAB
Pavel Kiršner,5.0,Great,3 weeks ago,2026-07-14,,"Dear Pavel Kiršner,

Thank you for your wonderful 5-star rating!

We are delighted to know that you had a great experience at Rixos Premium Belek. Your positive feedback means a lot to our team and motivates us to continue delivering exceptional service.

We look forward to welcoming you back for another unforgettable stay in the near future.

Kind regards,

Rixos Premium Belek Hotel Management",1 review,Ci9DQUlRQUNvZENodHljRjlvT21kMWJuWk9hRVV4TjFVeU9UQkdUMFJZYW5scGNFRRAB
Zafer Akman,5.0,,3 weeks ago,2026-07-14,,"Dear Mr. Zafer Akman,

Thank you very much for rating us with 5 stars.

We were delighted to host you at Rixos Premium Belek. We hope to welcome you back to our hotel soon.

Sincerely,
Rixos Premium Belek Hotel Management",,Ci9DQUlRQUNvZENodHljRjlvT25KdlNFNVRRMkpOY0V0aGFHbE9aRnBTTlZsb2VtYxAB
Iran Casa,5.0,We really appreciate your service especially the staff and specially Miss media for her welcoming and nice approach,3 weeks ago,2026-07-14,,"Dear Iran Casa,

Thank you very much for your wonderful review and for taking the time to share your experience with us.

We are delighted to know that you have been satisfied with our service and that our team has contributed to making your stay enjoyable. Your special recognition of Ms. Media is truly appreciated. We will be delighted to share your kind words with her, as they will serve as a great motivation for her and the entire team.

It is our pleasure to provide genuine hospitality, and we sincerely hope to welcome you back to Rixos Premium Belek for another memorable stay.

Kind regards,

Rixos Premium Belek Hotel Management",2 reviews,Ci9DQUlRQUNvZENodHljRjlvT2tSaFRFYzRaM1pRWTFGSFRtRnRVbEp2VEZNNWVsRRAB
Ali Rasoolzadeh,5.0,,3 weeks ago,2026-07-14,,"Dear Ali Rasoolzadeh,

Thank you very much for your 5-star rating! 

We are delighted that you chose Rixos Premium Belek and hope you had a wonderful stay with us.

We look forward to welcoming you back again soon for another memorable holiday.

Warm regards,
Hotel Management Rixos Premium Belek",1 review,Ci9DQUlRQUNvZENodHljRjlvT2xndFRqaEVTRk5UUkZneGNuTlBNVWRwVjNkU09VRRAB
muslum ozaltay,2.0,,3 weeks ago,2026-07-14,,"Dear Mr. Muslum Ozaltay,

Thank you for sharing your feedback about Rixos Premium Belek.

We would like to inform you that we are currently unable to access your reservation information in our system. We kindly request that you send your accommodation dates and reservation details to premiumbelek@rixos.com.
This will allow us to thoroughly investigate the matter and take the necessary actions.

Your feedback is valuable to us.

Sincerely,
Rixos Premium Belek Hotel Management",1 review · 1 photo,Ci9DQUlRQUNvZENodHljRjlvT21KR00yVXphSHBIWmpWMlJXdHVWaTF3U2tkUVduYxAB
Ömer Faruk Yüksel,5.0,,3 weeks ago,2026-07-14,,"Dear Mr. Ömer Faruk Yüksel,

Thank you very much for rating us with 5 stars.

We were delighted to host you at Rixos Premium Belek. We hope to welcome you back to our hotel soon.

Sincerely,
Rixos Premium Belek Hotel Management",Local Guide · 70 reviews · 24 photos,Ci9DQUlRQUNvZENodHljRjlvT2xFM1JsUjZaM3BYVDBKM2IzVlNTamhYYzFCRFNHYxAB
Emre E.,4.0,"While generally satisfactory, the Belek-Premium hotel has some criticisms regarding its inadequate lighting in common areas (creating a dim and gloomy atmosphere), the insufficient service and speed of the main restaurant staff, and the …",3 weeks ago,2026-07-14,,,,ChZDSUhNMG9nS0VQRFBqcFN0OG9ES2NREAE
Kristina Y.,5.0,"A good hotel, everything was generally good for both adults and children! There were a few things we didn't like, which I'll mention below, but overall, they didn't ruin our stay.

Disliked:
- We arrived at the hotel at 2:20 PM and were told to wait a bit, saying check-in was from 2:00 PM to 3:00 PM and that they would send us a message via the app when our room was ready. The lobby was very crowded, so we went to the restaurant, waited a little over an hour, and didn't receive a message. We returned to reception, and no one was checking in or out. The room was ready, of course, but how long would we have been waiting for a message if we hadn't gone and found out for ourselves?!

- I was surprised that in the main restaurant, not a single person at the bar where they made tea and coffee could figure out what decaf was. They kept exchanging glances with each other and the waiters, trying to say they didn't have it, until a Turkish man (also an employee) came over and showed them where it was. And yes, the worst Turkish coffee and tea I've ever had was at this hotel, perhaps because it's not made by Turks themselves, but by people from other countries who mostly serve in the restaurant.

- The pillows in the room are uncomfortable.

- And the most unpleasant moment!!! On one of my first days at the Kids Club. A completely unprofessional and rude entertainer named Sudem. She yanked the joystick out of my child's hands without understanding the situation, then ran around the rooms pointing at the child, nervously saying something in Turkish to another entertainer. I was shocked and simply took my child away. Later, my child said he wouldn't go there again. Since this club hosts all the children's activities, I barely persuaded my child to go there again. When he saw her, he didn't even want to come in. I went in and tried to talk to her, telling her that her behavior was unacceptable. She said she didn't speak Russian, and I started explaining that I wasn't speaking Russian, but English. She got nervous again and said she only understood Turkish. In a hotel that positions itself as premium, it's at least strange that the employee who works directly with children, mostly foreigners, speaks only Turkish. How does she manage to communicate with children and even understand what's going on between them?! But most importantly, how can such an inadequate, unstable person work with children?!",3 weeks ago,2026-07-14,,"Dear Kristina,

Thank you for taking the time to share such a detailed review of your stay at Rixos Premium Belek.

We are delighted to hear that you and your family were overall satisfied with your stay. However, we sincerely regret that some aspects did not meet your expectations.

Please be assured that your comments have been forwarded to the relevant department heads and will be carefully reviewed by our team. Feedback from our guests is extremely important to us, as it helps us continually improve the quality of our services.

We thank you for both your positive impressions and your constructive comments, and we sincerely hope to welcome you back to Rixos Premium Belek for an even more enjoyable stay.

Sincerely,
Rixos Premium Belek Hotel Management",Local Guide · 14 reviews · 3 photos,Ci9DQUlRQUNvZENodHljRjlvT2xwc2RWVkpNMlZtT0ZVMmNXcGtUVXB0ZFZCYVpVRRAB
billy,5.0,"Rixos Premium Belek is wonderful, as always. We are very pleased with the attentiveness and friendliness of the staff. Many thanks to Mr. Onur from Mykorini, Halil İbrahim ATAMAN from Akşam restaurant, Ümit ÇELİKKAYA from Turkuaz, and all the staff.",3 weeks ago,2026-07-14,,"Dear Mr. Billy,

Thank you very much for your valuable comment and kind words.

We are very happy that you had another enjoyable holiday at Rixos Premium Belek and that you were pleased with the attention and friendliness of our team.

We will also gladly share your kind words about Mr. Onur from Mykorini Restaurant, Mr. Halil İbrahim Ataman from Akşam Restaurant, Mr. Ümit Çelikkaya from Turkuaz Restaurant, and our entire team with them.

We will be delighted to welcome you back to Rixos Premium Belek soon.

Sincerely,
Rixos Premium Belek Hotel Management",1 review,Ci9DQUlRQUNvZENodHljRjlvT25scFJEbFNaWFJFYTIxc1JtOUxiMnhhYW5wNVgxRRAB
Ian Mitchell,5.0,Wonderful experience fantastic staff and 1st class food and service. Five stars across the board. Cant wait to return.,3 weeks ago,2026-07-14,,"Dear Ian,

Thank you very much for your fantastic review!

We are delighted to hear that you had a wonderful experience and enjoyed our staff, first-class cuisine, and service. Your kind words and five-star rating mean a great deal to all of us.

We can't wait to welcome you back to Rixos Premium Belek for another memorable stay.

Warm regards,
Hotel Management Rixos Premium Belek",Local Guide · 20 reviews · 2 photos,Ci9DQUlRQUNvZENodHljRjlvT2xobFFVMHhTbWRQYlRkR1ZXTlpMWGhhYUY5TWQwRRAB
gülfadim araslı,5.0,"just like a paradise...we have enjoyed our holiday soooo much, had a lot of fun....tnx for everything....",3 weeks ago,2026-07-14,,"Dear Gülfadim Araslı,

Thank you so much for your lovely review!

We are delighted to hear that you had such a wonderful holiday and that your stay felt like paradise. It means a lot to us that you had so much fun and created beautiful memories with us.

We look forward to welcoming you back to Rixos Premium Belek for another unforgettable stay.

Warm regards,
Hotel Management Rixos Premium Belek",1 review,Ci9DQUlRQUNvZENodHljRjlvT25Ga05YVk9TakZwVEU1blpDMVFPVlZHUlc5dVdsRRAB
Ömer B.,3.0,"We stayed at the hotel for a family vacation from June 28th to July 4th. We were thrilled to return to the hotel, which we had admired so much in the summer of 2015 before its renovations. Unfortunately, our excitement turned into disappointment.

Our check-in, originally scheduled for 2 PM, was only possible at 2:30 PM after much insistence and effort. Had we not insisted, we would have checked in even later.

Because all the aqua park and related attractions have been moved to Land of Legends, you need to use the shuttle service three times a day to access them (departures at 10:00 AM, 12:30 PM, and 7:00 PM; returns at 4:00 PM, 5:00 PM, and 10:00 PM). I think the shuttle times should be increased and adjusted. A small aqua park experience could have been left within the hotel. If you like aqua parks, this hotel doesn't have one. Planning a separate vacation to visit Land of Legends would be more cost-effective. Entry to Land of Legends is free, but you have to pay for food and drinks. Your all-inclusive concept is invalid here.

Tea service at breakfast or after dinner is problematic. Tea usually arrives 10 minutes after ordering, or you have to remind them if it doesn't arrive at all. We tried to get our own tea, but they wouldn't allow it.

The snack areas within the hotel are significantly weaker than before. The number of points and staff must be increased. Also, we loved their gözleme (Turkish flatbread) on our previous visit. The ladies who made gözleme during the day weren't there anymore, which was very disappointing.

I was bothered by the fact that some areas of the hotel were labeled ""members only."" I couldn't understand why such a practice exists in the same hotel, restaurant, or beach.

I was surprised that some staff didn't speak any Turkish. I wonder how we would have communicated if we didn't speak English. Also, I couldn't understand why a children's play in a Turkish hotel would only be performed in English. We've seen similar examples where it's managed in Turkish, English, Russian, or German.

There's not a single negative word to say about the sea. The sea in Belek is magnificent. The pools were also adequate and clean. Lifeguards and sports activities were also sufficient.
However, in the evenings, the sunbeds seemed to have been deliberately wet. We couldn't relax on them while listening to the sound of the waves. Why is that? :)

You need to make reservations at the à la carte restaurants. I had read reviews about problems, but we didn't experience any issues. Reservations opened at 10:00 AM, and we were able to make a reservation for 9:30 PM on the first day (Sunday) around 6:00 PM. The restaurant operations are very different from the hotel. We felt like we had arrived at a completely different place. “Akşam”, “Piazzetta Italiana”, “Z’Asya”, “Mykorini”. All were enjoyable and delicious restaurants.

In short, if I'm sure there have been improvements regarding our feedback, we would consider visiting again. However, I've listed this hotel as one I would never stay at for the same price under the same conditions.",3 weeks ago,2026-07-14,,"Dear Mr. Ömer B.,

Thank you for choosing Rixos Premium Belek and sharing your experience with us.

First of all, we would like to express our regret that we were unable to fully meet your expectations, despite your return visit to our hotel after many years. Your feedback regarding the delay you experienced during check-in and the service process has been carefully considered.

All your comments regarding access to Land of Legends, shuttle services, food and beverage outlets, service speed, staff communication, and children's activities have been shared with our relevant departments and will be taken into account as part of our continuous efforts to improve the guest experience.

However, we are pleased that you were satisfied with our sea, pools, sports activities, and especially our À La Carte restaurants. We will gladly share your valuable comments about our ""Akşam"", ""Piazzetta Italiana"", ""Z'Asya"", and ""Mykorini"" restaurants with our relevant teams.

Thank you once again for your constructive feedback, and we hope to welcome you again in the future to provide you with an even more enjoyable Rixos Premium Belek experience.

Sincerely,

Rixos Premium Belek Management",Local Guide · 15 reviews · 20 photos,Ci9DQUlRQUNvZENodHljRjlvT2pOeVZ6SkhSV2d6VjI1d2RrWnFOMVIzU0RWUVJXYxAB
Barış Yeşiltepe,5.0,"This is Türkiye's best hotel, where you can go for years without getting bored, each time captivating you with its concept and making you feel even happier.",Edited 3 weeks ago,2026-07-14,,"Dear Mr. Barış Yeşiltepe,

Thank you very much for your valuable and heartfelt comment.

It is a great pleasure and source of pride for us that you consider Rixos Premium Belek a hotel that can be enjoyed for years to come and that creates unforgettable memories for its guests every time.

Your kind words are the greatest motivation for our entire team. We look forward to welcoming you back to Rixos Premium Belek as soon as possible.

Sincerely,
Rixos Premium Belek Hotel Management",Local Guide · 46 reviews · 26 photos,ChZDSUhNMG9nS0VJQ0FnSUN3OHNla2ZBEAE
Диана Айсаева,5.0,"Excellent hotel, very good service and facilities.
The sea is very close, the pool is very clean, and the grounds are very well-maintained.",3 weeks ago,2026-07-14,,"Dear Diana,

Thank you so much for your wonderful review!

We are delighted that you highly appreciated the quality of our service, the cleanliness of the pool, the well-maintained grounds, and the hotel's convenient location near the sea.

We look forward to welcoming you back to Rixos Premium Belek and making your next vacation just as enjoyable.

Sincerely,
Rixos Premium Belek Hotel Management",1 review,Ci9DQUlRQUNvZENodHljRjlvT2pKdlpWSkJPSFJvWlhoTmQyNURMVFJpYXpOMlIzYxAB
Mük Sezen,1.0,"The buffet staff is inadequate; they neither clean the tables after someone leaves nor bring new service when you sit down. Our drink orders always arrived towards the end of the meal/breakfast. This isn't the waiters' fault; the hotel and buffet area are very large, and there aren't enough waiters. Unfortunately, I think the waiters weren't very competent either. As someone who has seen many waiters in similar hotels before, this was the least satisfactory service we've received. In similar hotels, a personal assistant is assigned to you upon arrival, and they directly share information about the hotel map, activities during your stay, and kids' club events. This hotel provides an assistant, but you can't reach them directly. You talk to a robot on WhatsApp, and it only redirects you to the assistant if necessary. I think this is done to reduce assistant costs, but for a hotel I'm paying this much money for, I would expect a personal assistant and direct access to hotel information without having to ask. The kids' club is for ages +4. This is a huge negative for us. Most hotels I've been to in summer and winter have kids' clubs for ages +2. Even if there isn't, at least there's a paid babysitting service. There's absolutely nothing like that here. We never got to use the kids club. The hotel rooms have been renovated, but the hotel's age is very noticeable in areas that couldn't be renovated, like the corridors, which greatly diminishes the premium feel. At this price, there are many, many nicer hotel options in Turkey, so I wouldn't go back to this hotel. It wasn't a bad experience, but if you only take one vacation a year and allocate this budget, it's not worth going just for Starbucks/Godiva. In my opinion, there are many more premium hotels available.",3 weeks ago,2026-07-14,,"Dear Mük Sezen,

Thank you for sharing your detailed feedback about Rixos Premium Belek.

First of all, we would like to express our regret that we were unable to fully meet your expectations during your stay. We carefully consider our guests' feedback in order to continuously improve our service quality.

We would like to inform you that we currently do not have access to your reservation information in our system. We kindly request that you send your stay dates and reservation details to premiumbelek@rixos.com. This will allow us to thoroughly review all the issues you have raised with our relevant departments and make the necessary assessments.

Thank you again for sharing your valuable feedback with us, and we look forward to hearing from you.

Sincerely,

Rixos Premium Belek Hotel Management",1 review,Ci9DQUlRQUNvZENodHljRjlvT25sU1NGbzNlbUZEWTJoSVQwZGFiVk5EUWtsSGJXYxAB
Alev T,2.0,"Put your budget to another hotel! My stay at the Rixos Premium Belek was disappointing. The level of service was not up to what one would expect from an establishment of this category. The staff were unavailable and unresponsive to our requests, which made the experience frustrating.
The weak point of this hotel is clearly the staff, from reception to the beach staff! Double billing from the hotel, nonexistent restaurant staff, 20-minute waits for a drink, repetitive buffet, and Annual Passes that aren't really Annual Passes. I advise management to train the staff in customer service. You're just a number, nothing more, nothing less; there's no consideration for the customer or for customer service. We've stayed in many luxury hotels in Turkey and elsewhere, and you can easily find better in Turkey for this price! Rixos is still benefiting from its reputation, but for how much longer? I think they only treat influencers well, so be wary of positive reviews.

We felt that the problems we encountered weren't taken seriously, and the service clearly lacked professionalism. It's a shame, because the hotel has many advantages (infrastructure and cleanliness), but the poor quality of the welcome and service severely marred our stay.

Based on my experience, I wouldn't recommend this establishment, and please don't respond with a bland review. Invest your time in making a real effort and earn the price you pay.",3 weeks ago,2026-07-14,,"Dear Alev T.,

Thank you for taking the time to share your feedback regarding your recent stay at Rixos Premium Belek.

We are sincerely sorry to learn that your experience did not meet your expectations. Please accept our apologies for the shortcomings you encountered, particularly regarding the level of service and the impression it left during your stay. Your comments have been shared with the relevant department managers and will be carefully reviewed as part of our continuous efforts to improve the quality of our services.

At the same time, we appreciate your positive remarks about our hotel's infrastructure and cleanliness. Constructive feedback such as yours is valuable and helps us identify areas where we can do better.

We regret that we were unable to provide the experience you had anticipated and hope to have the opportunity to welcome you again in the future to offer you the level of hospitality that Rixos Premium Belek strives to deliver.

Kind regards,

Rixos Premium Belek Management",Local Guide · 12 reviews,Ci9DQUlRQUNvZENodHljRjlvT21OWE0zQlFWMDVxYmtSbldrZDNjMFZHUXpsTGRHYxAB
Buket Karatas Dan,5.0,"We have come to Rixos many times and each time we leave very satisfied. Everything is very good, especially the staff are very friendly and helpful.
We understood even better how fast time passes here, especially my son's time spent full of activities and his sadness at leaving shows the importance of this place.
Finally, I would like to thank Kaan Bey and Melisa Hanım, who were very helpful in guest relations.",3 weeks ago,2026-07-14,,"Dear Buket Karataş Dan,

Thank you for choosing Rixos Premium Belek again and for sharing your valuable feedback with us.

We are extremely pleased that you leave satisfied with each visit and that your time at our hotel is filled with unforgettable memories for you and your family. The fact that your son enjoyed the activities so much and was sad to leave is one of the best indicators of the experience we strive to provide for our guests.

We will gladly share your kind thanks to Mr. Kaan and Ms. Melisa from our Guest Relations team. Your kind words will be a great source of motivation for our entire team.

We look forward to welcoming you and your family back to Rixos Premium Belek soon.

Sincerely,

Rixos Premium Belek Hotel Management",5 reviews,Ci9DQUlRQUNvZENodHljRjlvT25rNWNFWnpiMFpxWW5sNGJsSlBTM05uT1UxbFRXYxAB
Selçuk Morkan,5.0,We were very pleased and hope to come again. I definitely recommend it.,4 weeks ago,2026-07-07,,"Dear Mr. Selçuk Morkan,

Thank you very much for your valuable comment and kind advice.

We are very happy that you were satisfied with your holiday at Rixos Premium Belek and that you are considering visiting us again.

We look forward to welcoming you back soon.

Sincerely,
Rixos Premium Belek Hotel Management",Local Guide · 4 reviews,Ci9DQUlRQUNvZENodHljRjlvT2pOd1VXRndYME5uYm5SbFdGYzFPVUl4UTNORVZsRRAB
Çınar Aktaş,5.0,The experience we had was truly wonderful and special. A huge thank you to everyone who helped us and made this environment so much better.,4 weeks ago,2026-07-07,,"Dear Mr. Çınar Aktaş,

Thank you very much for your valuable comment and kind words.

We are delighted that your experience at Rixos Premium Belek was special and enjoyable for you. It is our greatest motivation that our team was able to provide you with an unforgettable holiday.

We would be pleased to welcome you back to Rixos Premium Belek soon.

Sincerely,
Rixos Premium Belek Hotel Management",1 review,Ci9DQUlRQUNvZENodHljRjlvT25KcVZURTNhbmxZUVcxekxVSnFPVGxXWVhCeFkwRRAB
Sonya Rahmani,5.0,"Everything was amazing. Excellent service, vibe, location, and food! Great entertainment and Aria provided excellent hospitality!",4 weeks ago,2026-07-07,,"Thank you very much for your wonderful review!

We are delighted to hear that you enjoyed your stay and appreciated our service, atmosphere, location, food, and entertainment.

It is especially rewarding to know that Aria made your experience even more memorable with his excellent hospitality. We will be delighted to share your kind words with him.

We look forward to welcoming you back to Rixos Premium Belek for another unforgettable holiday.

Warm regards,
Hotel Management Rixos Premium Belek",1 review,Ci9DQUlRQUNvZENodHljRjlvT2paVlVHVldSVmxOY1ZSME1HaERjME55YkdwR1ZFRRAB
Ivanka Özdemir,5.0,Intertaiment program is cool. Good kids club!!! Nice show time and good alive music😊👍 We are delighted with Rixos🎉,4 weeks ago,2026-07-07,,"Dear Ivanka,

Thank you very much for your wonderful review!

We are delighted to hear that you enjoyed our entertainment program, Rixy Kids Club, live music, and evening shows. It is truly rewarding to know that you had such a memorable holiday with us.

We sincerely appreciate your kind words and look forward to welcoming you back to Rixos Premium Belek for another fantastic stay.

Warm regards,
Hotel Management Rixos Premium Belek",1 review,Ci9DQUlRQUNvZENodHljRjlvT2tWV1IyaHFWM0ZPWjNsak1tUXdMVmxOZUc1NlNHYxAB
Roa Harbi,5.0,Rixy club was amazing Friendly staff fun activities and great experience. Fatma and Hatice for your kidness and care we had a great time with you!,4 weeks ago,2026-07-07,,"Dear Roa Harbi,

Thank you very much for taking the time to share your wonderful feedback.

We are delighted to hear that you and your family had such a fantastic experience at the Rixy Club. It is especially rewarding to know that Fatma and Hatice made your visit even more memorable with their kindness, care, and dedication. Your kind words will certainly be shared with them, and they will be thrilled to know they contributed to your enjoyable holiday.

We truly appreciate your recommendation and look forward to welcoming you and your family back to Rixos Premium Belek for many more unforgettable moments.

Kind regards,

Rixos Premium Belek Management",1 review,Ci9DQUlRQUNvZENodHljRjlvT2xKaVlqbGhMWGx3UVVwRU4zRllORmhOVEVOTVJHYxAB
Hüseyin Aytaç,5.0,The menu and service offered at the à la carte restaurant in the evening surpassed even the high quality of service provided throughout the hotel. Many thanks to all the staff for their friendly service and excellent guidance.,Edited 4 weeks ago,2026-07-07,,"Dear Guest Hüseyin Aytaç,
Thank you for taking the time to give us your kind feedback regarding your Rixos Premium Belek experience. We are very happy to hear that you had a wonderful and enjoyable holiday. We would be honored to welcome you back to Rixos Premium Belek, where we always strive for the best. Sincerely,
Hotel Management",Local Guide · 97 reviews · 185 photos,ChZDSUhNMG9nS0VJQ0FnSUNFdV96UEd3EAE
Cristian Bragau,5.0,The People’s restaurant is a must try the food is great and the services are amazing!,4 weeks ago,2026-07-07,,"Dear Cristian Bragau,

Thank you very much for your wonderful review and for recommending People's Restaurant.

We are delighted to hear that you enjoyed the delicious food and the excellent service. Your kind words are truly appreciated and will be shared with our culinary and service teams, who will be pleased to know they contributed to your memorable dining experience.

We look forward to welcoming you back to Rixos Premium Belek for another exceptional holiday and many more enjoyable culinary experiences.

Kind regards,

Rixos Premium Belek Hotel Management",4 reviews · 1 photo,Ci9DQUlRQUNvZENodHljRjlvT2pkMWRHeEVVa1JUVlhnNVREbEtObmQzYjBKVmFIYxAB
Ö Misir,5.0,"Great hotel!
Highly recommended! Excellent food and drinks, very friendly and helpful staff.",4 weeks ago,2026-07-07,,"Dear Ö Misir,

Thank you very much for your wonderful review and for recommending Rixos Premium Belek.

We are delighted to know that you enjoyed your stay and appreciated our delicious food and beverages, as well as the friendliness and attentiveness of our team. Your kind words are a great source of motivation for all of us.

It was our pleasure to host you, and we look forward to welcoming you back to Rixos Premium Belek for another unforgettable holiday.

Kind regards,

Rixos Premium Belek Hotel Management",7 reviews · 2 photos,Ci9DQUlRQUNvZENodHljRjlvT21aa1lVRjFVWFUwVDBkcWFHcElNRVJ6YTFsNFZXYxAB
Кук Му,5.0,Everything is great,Edited 4 weeks ago,2026-07-07,,"Dear guest,

Thank you for your wonderful review and high rating of Rixos Premium Belek.

We are delighted to learn that you enjoyed your stay at our hotel and that you highly praised the variety of children's activities, the spacious beach, the cleanliness of the pools, and the quality of our food.

We are especially pleased to read your kind words about our animators, Veronica and Kutay. We will be sure to pass on your thanks to them – feedback like this is the best motivation for our entire team.

We are delighted that you loved our mini club and had an unforgettable vacation with us.

We look forward to welcoming you back to Rixos Premium Belek!

Sincerely,

Hotel Management
Rixos Premium Belek",1 review,Ci9DQUlRQUNvZENodHljRjlvT21KNVRXRkxNRmt5VFRST1RHSjNUblIxU0c5cWJXYxAB
Aram Hamza,5.0,"We would like to give special thanks to Melisa from the Kids Zone. She is an amazing member of your team—always kind, caring, and welcoming. She takes wonderful care of the children, is incredibly helpful, and always has a warm smile on her face. Her positive attitude and genuine care made our children feel happy, safe, and excited to spend time at the Kids Zone. She truly made our family’s stay even more enjoyable. Thank you, Melisa, for your outstanding work!",4 weeks ago,2026-07-07,,"Dear Aram Hamza,

Thank you very much for your wonderful review and for sharing your experience at Rixos Premium Belek.

We are truly delighted to hear that your family had such an enjoyable stay and that Melisa from our Kids Zone made such a positive impression. It is especially rewarding to know that her kindness, care, and warm personality helped your children feel happy, safe, and excited during their time with us.

Your heartfelt compliments will be shared with Melisa, who will be thrilled to know that her dedication contributed to making your family's holiday even more memorable.

Thank you once again for your kind words. We look forward to welcoming you and your family back to Rixos Premium Belek for another unforgettable stay.

Kind regards,

Rixos Premium Belek Hotel Management",1 review · 2 photos,Ci9DQUlRQUNvZENodHljRjlvT2xBNGVsUnFkRmxMWkZOMmMwSjFRMWRLTFhGemRIYxAB
Ф Б,5.0,"A great place for families with children – a large green area, varied cuisine, swimming pools, and a children's water park, which is meticulously kept clean.
I'd also like to give a special mention to the Rixy Club, especially the entertainer, Anastasia, who became a true friend to my children. She always genuinely enjoyed spending time with them, engaging them with board games, and even practicing their English in between – the children always looked forward to meeting her!",4 weeks ago,2026-07-07,,"Dear F.B.,

Thank you so much for your wonderful review and for sharing your impressions!

We are delighted that you highly appreciated our green spaces, varied cuisine, swimming pools, children's water park, and the family-friendly atmosphere. We are especially pleased to hear that your children have such fond memories of the Rixy Club.

Special thanks to our colleague Anastasia for her kind words. We will certainly convey your gratitude to her – this is the best motivation for our team to continue providing unforgettable experiences for our young guests.

We look forward to welcoming you and your family back to Rixos Premium Belek!

Sincerely,

Rixos Premium Belek Hotel Management",3 reviews,Ci9DQUlRQUNvZENodHljRjlvT2pVMldqbFljRWR5VDFCb2NFTm5kbXRNYUZsbExVRRAB
Firat Yalcin,5.0,,4 weeks ago,2026-07-07,,"Dear Firat Yalcin

Thank you very much for your 5-star rating!

We truly appreciate you taking the time to rate your stay at Rixos Premium Belek. Your support means a great deal to our team and motivates us to continue delivering exceptional experiences.

We look forward to welcoming you back for another memorable holiday.

Kind regards,

Rixos Premium Belek Hotel Management",Local Guide · 31 reviews · 13 photos,Ci9DQUlRQUNvZENodHljRjlvT21oSk9GZzRORFpXYmxweU9HaHZWMXBUUVVWUVNYYxAB
kady,5.0,"Excellent service, and I thank Melissa for her help.",4 weeks ago,2026-07-07,,"Dear Kady,

Thank you for your kind review!

We are delighted to know that you were pleased with our service. Your special thanks to Melissa mean a lot to us, and we will be happy to share your wonderful feedback with her.

We look forward to welcoming you back to Rixos Premium Belek for another exceptional stay.

Kind regards,

Rixos Premium Belek Hotel Management",3 reviews,Ci9DQUlRQUNvZENodHljRjlvT21WYVpsaHZWMjVIYkhoNFZHZHhWRlZMWVRCRWFYYxAB
Ghadi Alsmaani,4.0,"Hello, I'd like to thank Sister (Sudam) in the children's section. She treats the children well and plays with the food, both young and old. Thank you to her! 🌷 …",4 weeks ago,2026-07-07,,"Dear Ghadi Alsmaani,

Thank you very much for your kind review!

We are delighted to hear that you had such a positive experience at our Rixy Kids Club. Your special appreciation for Sudam means a lot to us, and we will be sure to share your thoughtful compliments with her. She will be delighted to know that her care and dedication made a difference to your family's stay.

We truly appreciate your feedback and look forward to welcoming you back to Rixos Premium Belek for another memorable holiday.

Kind regards,

Rixos Premium Belek Hotel Management",5 reviews,Ci9DQUlRQUNvZENodHljRjlvT2xBNFZYUnhkVEV3VVVSdVVra3ljVTFsVHpab1IwRRAB
будерброт,5.0,"the best hotel and rixy club is amazing, kids are always happy",4 weeks ago,2026-07-07,,"Dear Guest,

Thank you very much for your wonderful review!

We are delighted to hear that you consider Rixos Premium Belek the best hotel and that your children had such a fantastic time at our Rixy Kids Club. Knowing that our little guests leave happy is the greatest reward for our team.

We truly appreciate your kind words and look forward to welcoming you and your family back for another unforgettable holiday.

Kind regards,

Rixos Premium Belek Hotel Management",1 review,Ci9DQUlRQUNvZENodHljRjlvT2pReGVrNVZUakZJYzBkalgwaDVNa1l3VG5JNVYzYxAB
Bekir Bucak,5.0,"Rixy club has so much fun, the activities are very enjoyable, thank you!",4 weeks ago,2026-07-07,,"Dear Mr. Bekir Bucak,

Thank you very much for your valuable comment and kind words.

We are very happy to learn that you enjoyed the activities offered at Rixos Club and had a fun time. On behalf of our team, who work to create unforgettable memories for our guests, we thank you for your kind feedback.

We hope to welcome you and your family back to Rixos Premium Belek soon.

Sincerely,

Rixos Premium Belek Hotel Management",2 reviews,Ci9DQUlRQUNvZENodHljRjlvT205UWJXbEZabGxmWm1OR1p5MUVaSEF5VEVaaGRIYxAB
ayse daylan,5.0,It was good.,4 weeks ago,2026-07-07,,"Dear Ms. Ayşe Daylan,

Thank you for your valuable feedback.

We are delighted that you enjoyed your stay. We would be delighted to welcome you back to Rixos Premium Belek soon.

Sincerely,

Rixos Premium Belek Hotel Management",1 review,Ci9DQUlRQUNvZENodHljRjlvT2psT1dEWkxWVTlFYVVoYVZUZ3RSVFp3U25SdGJuYxAB
Işıl Sağlam,5.0,Everything is wonderful.,4 weeks ago,2026-07-07,,"Dear Ms. Işıl Sağlam,

Thank you so much for your valuable and kind comment.

Hearing your words, ""Everything was wonderful,"" made us extremely happy. Being able to provide you with an unforgettable holiday experience is our greatest motivation.

We look forward to welcoming you back to Rixos Premium Belek soon.

Sincerely,

Rixos Premium Belek Hotel Management",1 review,Ci9DQUlRQUNvZENodHljRjlvT2pNeGNtb3hPV05HVTNCNmVUVlFiVE5hTW1KcVRtYxAB
Kaan Tosya,5.0,,4 weeks ago,2026-07-07,,"Dear Mr. Kaan Tosya,

Thank you so much for your 5-star review!

We are delighted that you took the time to review your stay at Rixos Premium Belek. Your support is invaluable to our team and motivates us to always provide the highest level of service to our guests.

We look forward to welcoming you back to our hotel for another unforgettable holiday experience.

Sincerely,

Rixos Premium Belek Hotel Management",5 reviews,Ci9DQUlRQUNvZENodHljRjlvT2tWcGRVRkhZMWsxUkhKQ1FtUmpSMmxVVFhoT1RXYxAB
Jodie Garland,5.0,Excellent,4 weeks ago,2026-07-07,,"Dear Jodie Garland,

Thank you very much for your excellent review!

We are delighted to know that you had a wonderful experience at Rixos Premium Belek. Your kind feedback is truly appreciated and motivates our team to continue delivering exceptional service.

We look forward to welcoming you back for another memorable stay.

Kind regards,

Rixos Premium Belek Hotel Management",4 reviews,Ci9DQUlRQUNvZENodHljRjlvT21WWFdYcHRkazQwYWtsMlkzbEZOVGhvYlhacmNFRRAB
Sevi Yaşar,5.0,,4 weeks ago,2026-07-07,,"Dear Sevi Yaşar,

Thank you so much for your 5-star review!

We are delighted that you took the time to review your stay at Rixos Premium Belek. Your support is invaluable to our team and motivates us to always provide the highest level of service to our guests.

We look forward to welcoming you back to our hotel for another unforgettable holiday experience.

Sincerely,

Rixos Premium Belek Hotel Management",2 reviews,Ci9DQUlRQUNvZENodHljRjlvT2xGT2RVNU1iVGhoZG5jeldHUk5ZMWhhVEd0NVRYYxAB
Olcay Ayata,5.0,,4 weeks ago,2026-07-07,,"Dear Mr. Olcay Ayata,

Thank you so much for your 5-star review!

We are delighted that you took the time to review your stay at Rixos Premium Belek. Your support is invaluable to our team and motivates us to always provide the highest level of service to our guests.

We look forward to welcoming you back to our hotel for another unforgettable holiday experience.

Sincerely,

Rixos Premium Belek Hotel Management",1 review,Ci9DQUlRQUNvZENodHljRjlvT2xnNVgyOXVSbTFTZWxvNWNtTXdORGxRUzE5S1pWRRAB
Mohammed Rajab,5.0,"Our second stay at the Rixos – and certainly not our last!

This was our second time at the Rixos, and we were once again absolutely delighted. We were already impressed on our first visit, and this time our expectations were even exceeded. We will definitely be back!

We were particularly pleased that our room requests were taken into account, and we received exactly the room we had hoped for. It's wonderful to see that guest wishes are taken seriously and actively considered.

We would also like to extend a huge thank you to our Rixos assistant, Emre Yıldırım. He was always eager to accommodate our requests, was consistently friendly and helpful, and made our stay even more enjoyable with his outstanding service.

We would especially like to highlight the exceptional cleanliness throughout the entire hotel. Everything is immaculate and well-maintained at all times, so you feel comfortable from the moment you arrive.

The selection of restaurants is impressive and offers something for every taste. The culinary offerings are also incredibly diverse and of outstanding quality – there's something new to discover every day.

This hotel is ideal for families with children. The children's entertainment program is varied and thoughtfully designed. At the same time, there's a wide range of sports and leisure activities for adults, so there's truly something for everyone.

Special praise goes to the entire service team. The staff are consistently friendly, attentive, and helpful. The service is simply phenomenal and makes the stay truly special.

Many thanks to the entire Rixos team – we're already looking forward to our next stay!",4 weeks ago,2026-07-07,,"Dear Mohammed Rajab,

Thank you very much for your heartfelt and detailed review.

It is a true pleasure to welcome you back to Rixos Premium Belek, and we are honored to know that your second stay exceeded your expectations. Knowing that you plan to return is the greatest compliment we could receive.

We are especially delighted that your room preferences were met and that you enjoyed the cleanliness of our resort, the variety of our restaurants, the culinary experiences, our family-friendly facilities, sports activities, and the attentive service provided by our team.

Your special recognition of our Rixos Assistant, Emre Yıldırım, is sincerely appreciated. We will be delighted to share your kind words with him, as they will certainly be a great source of motivation.

Thank you once again for your trust and loyalty. We look forward to welcoming you and your family back to Rixos Premium Belek for many more unforgettable holidays.

Kind regards,

Rixos Premium Belek Hotel Management",Local Guide · 8 reviews · 21 photos,Ci9DQUlRQUNvZENodHljRjlvT25CeFJERk5PVjgzUkhWdU9GOUxPRUZtT1hOT1YzYxAB
Denis Yildiz,2.0,"Honestly, I don't understand why this hotel has so many positive reviews. After our stay, I simply can't comprehend the high overall rating.

I give it 2.5 out of 5 stars.

For the price, I had significantly higher expectations. Overall, the hotel was a disappointment.

The hotel was very crowded during our stay, which often made the service seem overwhelmed. The cleanliness of the room was particularly disappointing. We accidentally left a small toothpaste stain on the floor, which was still there four days later. This gave us the impression that the room hadn't been cleaned thoroughly.

Another major point of criticism was the bed. One side of the mattress was so soft and saggy that you practically sank into it. The other side, however, was perfectly fine. As a result, my wife and I had to alternate nights on the good side of the bed because a restful sleep was virtually impossible on the other side. We asked the hotel five consecutive days to either replace the mattress or find another solution. Unfortunately, no satisfactory solution was offered in response to our request.

During our vacation, I also became ill and asked the hotel to get me ibuprofen from a pharmacy. We were charged €70 for this. This price was completely unreasonable and I was very disappointed.

The food was generally good and of perfectly acceptable quality. The buffet restaurants were decent. However, the reservation system for the à la carte restaurants was disappointing. You had to log in every morning at 10:00 a.m. sharp to even have a chance of getting a table. Despite this, most restaurants were fully booked within a very short time. This regularly led to frustration. The only restaurant we were able to visit without any problems was People's, as no reservation was required there. We enjoyed this one.

Another point of criticism was the atmosphere at the pool and on the beach. Very loud music played there all day, so there were hardly any quiet areas to relax. According to the hotel description, we had expected a family hotel, but in reality, during the day it felt more like a party hotel. That was a real shame for us.

On a positive note, I'd like to highlight the arcade. The pinball machines, basketball hoops, and many other games were free to use – that was a really great idea and we enjoyed it a lot.

Overall, there are definitely some positive aspects. The food was good, and the free arcade was a real plus. However, for me, the price-performance ratio is completely off. Based on our experience, I wouldn't book this hotel again.",a month ago,2026-07-05,,"Dear Denis,

Thank you for taking the time to share your feedback with us.

We are very sorry to read that your stay at the Rixos Premium Belek did not meet your expectations. Please be assured that we take your comments very seriously and will share them with the relevant departments. Our guests' satisfaction and a high standard of service and quality are always our top priorities.

At the same time, we are pleased that you enjoyed some aspects of your stay, such as the quality of our food and our entertainment area.

We sincerely regret that we were unable to fully satisfy you this time. We would be delighted to welcome you back in the future and give you the opportunity to experience a truly enjoyable stay.

Sincerely,

Hotel Management
Rixos Premium Belek",Local Guide · 57 reviews · 65 photos,Ci9DQUlRQUNvZENodHljRjlvT2xWc04zVjJWV2h2UTIxa1JtdHhNa1Z2Y210UlJYYxAB
ismail hakkı tunç,5.0,"The rooms are small and old compared to competing hotels, and the service is a bit slow due to the hotel's occupancy, but my complaint isn't about the slow service but about the surly attitude of the foreign staff. The location is Belek, which is pretty much the same as you'd expect. This hotel lags behind its competitors in Belek, but with this season's pricing, I think it's excellent value for money. If the pricing policy doesn't change, I would come again. Overall, we were satisfied.",a month ago,2026-07-05,,"Dear Mr. İsmail Hakkı Tunç,

Thank you for sharing your valuable feedback with us.

We are delighted that you were satisfied with your overall stay and that you are considering choosing our hotel again.

However, your opinions and suggestions are of great importance to us. All feedback is carefully evaluated by our relevant departments in order to continuously improve the quality of our services.

We would be pleased to welcome you back to Rixos Premium Belek in the future and wish you an even more enjoyable next visit.

Sincerely,

Rixos Premium Belek Hotel Management",Local Guide · 50 reviews,Ci9DQUlRQUNvZENodHljRjlvT25FM1gzVklTemQ1WjFGU1YzTjFXSFZRWDAxbE9YYxAB
Karol 1689,5.0,"Overall, the hotel is very nice. We just arrived, but the service is truly worthy of an All Exclusive experience. In the evening, waiter Ferit Bey at the restaurant, Güldane Hanım at the welcome, and especially the staff, the chefs, everyone was excellent. We would also like to thank the Zasya team for their suggestions and quality service.",a month ago,2026-07-05,,"Dear Mr. Karol,

Thank you very much for your valuable feedback and kind words.

We are extremely pleased that you were satisfied with your stay at Rixos Premium Belek and that you appreciated the quality of our service. Your kind thoughts, especially regarding Mr. Ferit, Ms. Güldane, and our team member Zasya, will be gladly shared with our relevant team members. Appreciating their dedication to providing our guests with an unforgettable experience will be a great source of motivation for them.

We look forward to welcoming you back to Rixos Premium Belek soon.

Sincerely,

Rixos Premium Belek Hotel Management",1 review · 1 photo,Ci9DQUlRQUNvZENodHljRjlvT2pWclFXNW1SR3RNVEd4U1VqWlZMWGszT0dWYWRsRRAB
Silvia Danaj,5.0,,a month ago,2026-07-05,,"Dear Silvia Danaj

Thank you very much for your 5-star rating!

We truly appreciate you taking the time to rate your stay at Rixos Premium Belek. Your support means a great deal to our team and motivates us to continue delivering exceptional experiences.

We look forward to welcoming you back for another memorable holiday.

Kind regards,

Rixos Premium Belek Hotel Management",Local Guide · 9 reviews · 2 photos,Ci9DQUlRQUNvZENodHljRjlvT21jeVF6VTBjM2t5V1VoUU5DMXpTR3BWVld0VVZXYxAB
Çiğdem Deniz,5.0,"Everything was wonderful, everyone was so friendly, the entertainment, the food, the drinks, everything was fantastic 💛",a month ago,2026-07-05,,"Dear Ms. Çiğdem Deniz,

Thank you so much for your kind comment and thoughtful words.

We are extremely pleased that you enjoyed your stay at Rixos Premium Belek, and that you appreciated our team's friendly service, our entertainment programs, and our delicious food and drinks.

It is our greatest pleasure to have provided you with an unforgettable holiday experience. We will gladly share your valuable feedback with our entire team.

We look forward to welcoming you back to Rixos Premium Belek soon.

Sincerely,

Rixos Premium Belek Hotel Management",Local Guide · 93 reviews · 17 photos,Ci9DQUlRQUNvZENodHljRjlvT2xaeWFIQjJPVEpVZUdKaWJsUTVjazVsYjB0bVRtYxAB
Bianca Pichler,5.0,,a month ago,2026-07-05,,"Dear Bianca Pichler

Thank you very much for your 5-star rating!

We truly appreciate you taking the time to rate your stay at Rixos Premium Belek. Your support means a great deal to our team and motivates us to continue delivering exceptional experiences.

We look forward to welcoming you back for another memorable holiday.

Kind regards,

Rixos Premium Belek Hotel Management",3 reviews · 2 photos,Ci9DQUlRQUNvZENodHljRjlvT2twMmRuWTBibEJ0V0dSVlVscEJRVk5tV2xVMGQxRRAB
Duygu Tahan,5.0,,a month ago,2026-07-05,,"Dear Duygu Tahan,

Thank you so much for your 5-star review!

We are delighted that you took the time to review your stay at Rixos Premium Belek. Your support is invaluable to our team and motivates us to always provide the highest level of service to our guests.

We look forward to welcoming you back to our hotel for another unforgettable holiday experience.

Sincerely,

Rixos Premium Belek Hotel Management",1 review,Ci9DQUlRQUNvZENodHljRjlvT25kTExVOUpTMUJqTlhNd09XRnVXRGRmTWpSSGNWRRAB
Inci Deveci,5.0,,a month ago,2026-07-05,,"Dear Ms. Inci Deveci,

Thank you so much for your 5-star review!

We are delighted that you took the time to review your stay at Rixos Premium Belek. Your support is invaluable to our team and motivates us to always provide the highest level of service to our guests.

We look forward to welcoming you back to our hotel for another unforgettable holiday experience.

Sincerely,

Rixos Premium Belek Hotel Management",3 reviews,Ci9DQUlRQUNvZENodHljRjlvT2tWSE1ubHlaRTFuVUdGSU5IaENTV2RpUnpWdVpHYxAB
R.S Tosun,5.0,"We had a truly wonderful stay and can wholeheartedly recommend this hotel.

A special thank you goes to Bektur Muratov and Emre Yıldırım. They were our personal contacts throughout our stay and made our vacation as enjoyable as possible. Both were always friendly, helpful, and professional, and we are very grateful for their service.

The food was excellent, varied, and of the highest quality. The service throughout the hotel is first-class. Despite the size of the resort, everything is superbly organized, and there's something for everyone, whether families, couples, or solo travelers.

We were particularly impressed by the on-site Starbucks right in the hotel—a fantastic extra that you don't find everywhere.

Another huge plus is the free access to Land of Legends. This combination of a luxury vacation and an amusement park makes the stay truly special.

We have stayed in many all-inclusive hotels, especially in Antalya, including several well-known 5-star resorts. In our personal experience, the value for money, service, and food quality at the Rixos Premium Belek are significantly superior. The overall package impressed us more than in many other hotels in this category.

The rooms are clean and well-maintained. While they could benefit from some modernization to meet current standards, this didn't detract from our holiday in any way.

The beach is beautiful, the beach bar is excellent, and the à la carte restaurants are simply fantastic.

We have been delighted guests at Rixos hotels for years, whether in Dubai, Istanbul, or Antalya. At Rixos, you always feel very well taken care of and experience the same high standards of quality and exceptional hospitality everywhere.

Many thanks to the entire team; we will definitely be back! ⭐⭐⭐⭐⭐",a month ago,2026-07-05,,"Dear R.S. Tosun,

Thank you so much for taking the time to share your wonderful experience at the Rixos Premium Belek with us.

We are delighted to read that you had a truly enjoyable stay with us and would wholeheartedly recommend our hotel. Your kind words about our service, the quality of our food, our à la carte restaurants, and the overall atmosphere of our hotel mean a great deal to us.

A special thank you for your appreciation of our team members Bektur Muratov and Emre Yıldırım. We will gladly pass on your kind words to both of them. It is wonderful to know that they were able to enhance your stay with their attentiveness and professionalism.

We are also very pleased that you enjoyed our Starbucks offerings, access to the Land of Legends, and our beach and beach bar. That you compare us to your numerous stays at other Rixos hotels and particularly highlight our overall offering is both a great honor and a source of motivation for us.

Thank you also for your constructive feedback on our rooms. Guest feedback is invaluable to us and helps us to continuously improve our services.

We look forward to welcoming you back to the Rixos Premium Belek soon and creating more unforgettable holiday moments for you.

Sincerely,

Hotel Management
Rixos Premium Belek",Local Guide · 9 reviews · 8 photos,Ci9DQUlRQUNvZENodHljRjlvT25kTVkzZHlibVZQWjFKa05YZDNlbWswVUU4eFdsRRAB
İrem Yıldız,5.0,Everything was very pleasant and enjoyable. Mr. Aria was very attentive to us. Thank you for everything.,a month ago,2026-07-05,,"Dear Ms. Irem Yıldız,

Thank you for choosing Rixos Premium Belek and sharing your valuable feedback with us.

We are delighted that you enjoyed your stay. We will gladly share your kind words about Mr. Aria with him.

We look forward to welcoming you back to Rixos Premium Belek soon.

Sincerely,
Rixos Premium Belek Hotel Management",5 reviews · 1 photo,Ci9DQUlRQUNvZENodHljRjlvT2tORWVqWlRkMDlFTmxsVWIwVmtjVGc0WlROWFdsRRAB
Paul Watts,5.0,"If you are looking for luxury then look no further than further!
We visited as a party of 4, from the moment we arrived this place The Rixos blew every other hotel I have stayed in out of the water.

The Hotel was stunning, impeccably clean.

The room was beautiful, incredibly spacious with mini bar restocked everyday.

Food, so much choice and verity the salads were so fresh.

The service we received was the real stand out, big thank you to Hamza and the team for all the help and assistance.
It was a magical holiday we will not be forgetting anytime soon.

If you do choose to visit this wonderful hotel, then the Greek Night is a MUST, hopefully you be served by Mustafa. A real credit to the resort.

Should also probably mention we got engaged during our stay, not all four of us that would be mental 🤣

Will definitely be heading back after our wonderful stay!

11 out of 10 holiday

☀️ ☀️ ☀️",Edited a month ago,2026-07-05,,"Dear Paul Watts,

Thank you very much for taking the time to share such a wonderful review of your stay at Rixos Premium Belek.

We are absolutely delighted to hear that your holiday exceeded your expectations and that you enjoyed every aspect of your stay, from your spacious room and the variety of our dining options to the cleanliness of our resort and the attentive service provided by our team.

It is especially rewarding to know that Hamza, Mustafa, and the rest of our colleagues helped make your experience so memorable. We will be delighted to share your kind words with them, as they will certainly appreciate your recognition.

Congratulations on your engagement! We are truly honored that such a special milestone took place during your stay with us, and we wish you both a lifetime filled with love, happiness, and unforgettable moments together.

Thank you once again for your generous recommendation and your amazing ""11 out of 10"" rating. It was our pleasure to welcome you, and we sincerely look forward to hosting you again at Rixos Premium Belek for many more magical holidays.

Kind regards,
Rixos Premium Belek Hotel Management",4 reviews · 20 photos,Ci9DQUlRQUNvZENodHljRjlvT2xsMmRsRkpUR1JXTFZKZlFqVlVXVEIxYlVSUWFWRRAB
Andreas Zeitelberger,5.0,"This is our third consecutive family stay at this hotel, and we can only say: if we're going to Turkey, then Rixos is the only place to go!

Absolutely outstanding service in every respect – whether at reception, in the sports area (unique range of sports!), in the various restaurants, or in housekeeping! Hospitality and customer satisfaction are truly top priorities here!",a month ago,2026-07-05,,"Dear Andreas Zeitelberger,

Thank you so much for choosing Rixos Premium Belek again and for taking the time to share your wonderful review with us.

It fills us with great joy to know that you have spent your family vacation with us for the third time in a row and that we have been able to delight you each time. Your kind words about our service, our diverse range of sports activities, our restaurants, housekeeping, and the hospitality of our entire team mean a great deal to us.

Such positive feedback is the greatest motivation for our entire team to continue providing our guests with unforgettable vacation experiences.

Thank you again for your trust and loyalty. It was a great pleasure to welcome you and your family back. We look forward to welcoming you back to Rixos Premium Belek again soon.

Sincerely,

Rixos Premium Belek Hotel Management",1 review,Ci9DQUlRQUNvZENodHljRjlvT21OblRXaEtlRTVJWVRoVVVsZGFiM1pVUjFsZk5IYxAB
Yıldız öztorun,5.0,"Everything was wonderful, but on our last day, we experienced the pinnacle of quality at the Rixos Premium Belek Evening Restaurant :) Both the food and the service captivated us :) A huge thank you to Mr. Tuna and Ms. Azra, we will definitely choose this hotel again because of them :)",a month ago,2026-07-05,,"Dear Ms. Yıldız Öztorun,

Thank you for choosing Rixos Premium Belek and sharing your valuable feedback with us.

We are delighted that you enjoyed your stay and had an unforgettable experience, especially at the Akşam Restaurant. We will gladly share your kind words about Mr. Tuna and Ms. Azra with them.

We look forward to welcoming you back to Rixos Premium Belek and wish you continued success in creating beautiful memories.

Sincerely,

Rixos Premium Belek Hotel Management",3 reviews · 1 photo,Ci9DQUlRQUNvZENodHljRjlvT21sRlJuaGFPRk54Y1c1TlZtTk5hVjkxVlVGcVoyYxAB
Murathan Köse,5.0,"We had a very satisfying holiday at Rixos Premium Belek, I would give it a 5 out of 5.

First of all, our room was quite nice and met our expectations in terms of comfort. There were a couple of minor issues, but after reporting them via the AI-powered help application, the matter was resolved very quickly.

The hotel's facilities are truly excellent. The quality of the drinks was particularly noteworthy; products like water, Schweppes, and beer were served in bottles. We didn't see any use of plastic cups or low-quality products. The availability of a free Starbucks was also a nice bonus for us.

The food was generally very good. We had the opportunity to try all the à la carte restaurants and liked the evening restaurant the most. The staff's attentiveness, their recommendations, and the quality of the food were all excellent. Mustafa Bey (the handsome guy) was especially attentive to us, his recommendations regarding our food choices were very good, and made our evening even more enjoyable.

The hotel's sea and beach were also very beautiful; they offered a clean and pleasant environment.

However, the evening activities felt a little quieter to us due to the hotel's general guest profile. The entertainment aspect was slightly below our expectations due to the low number of young guests. However, this did not negatively affect our overall experience.

Overall, I would confidently recommend Rixos Premium Belek as a holiday hotel I would choose again.",a month ago,2026-07-05,,"Dear Mr. Murathan Köse,

Thank you so much for sharing your detailed experience of your stay at Rixos Premium Belek and for choosing us.

We are extremely pleased that you were generally satisfied with your stay. We are delighted that you enjoyed the comfort of your room, the quality of our food and beverages, our à la carte restaurants, our beach, and the facilities offered by our hotel.

We are also pleased that the minor issues you experienced were resolved quickly. We will gladly share your valuable comments, especially your kind words about the Akşam Restaurant team and Mr. Mustafa, with them.

Thank you also for your feedback regarding the evening entertainment. Our guests' opinions are of great importance to us in improving our services.

Thank you once again for your valuable comments and suggestions, and we would be delighted to welcome you back to Rixos Premium Belek soon.

Sincerely,

Rixos Premium Belek Hotel Management",1 review,Ci9DQUlRQUNvZENodHljRjlvT2w5Qk1GVnVVblJPVlRjeVlVTkZSVzVaYzFoRFJGRRAB
Ольга Федотова,5.0,"Wonderful hotel, I especially want to mention the Rixy kids club, the staff is wonderful, the child really likes everything ❤️ the staff is attentive, there are lots of games and entertainment",a month ago,2026-07-05,,"Dear Olga,

Thank you so much for taking the time to share your wonderful review of your stay at the Rixos Premium Belek.

We are truly delighted to hear that you enjoyed your stay at our hotel. We are especially pleased to hear that your child had such a positive experience at the Rixy Kids Club. We are delighted to know that our team was able to make our little guests' stay interesting, fun, and comfortable.

Your kind words are the best reward for our entire team.

Thank you for your high rating. It was a pleasure hosting you, and we look forward to welcoming you and your family back to the Rixos Premium Belek.

Best regards,

Rixos Premium Belek Hotel Management",1 review,Ci9DQUlRQUNvZENodHljRjlvT21WZmFERjJWRVIxTjJSTVdtRkZXaTEwT0ZaTlpuYxAB
Anna Arsh,5.0,"I stayed at the Rixos Premium Belek with my child.

For me, the main advantage of this hotel is its children's concept. The Rixy Kids Club is truly fantastic: spacious grounds, plenty of entertainment, great programs for children, and very attentive nannies. The kids' club was a huge plus for my child, and the parents were able to relax a bit. If you're choosing a hotel specifically for a family vacation, this is a strong point of Rixos.

There are à la carte restaurants, but the reservation system is very inconvenient. You have to book a reservation at 10:00 AM sharp every day, and by 11:30 AM or 12:00 PM, there are practically no seats left. When on vacation, you don't want to live by an alarm clock just to get into a restaurant, so I'd like to change this.

The hotel does have a lot of staff. However, I can't say I was impressed with the level of cleanliness or service. Everything is fine, but there are hotels with better service and greater attention to detail.

Overall, I was left with the impression that this hotel's highlight is its children's facilities.",a month ago,2026-07-05,,"Dear Anna,

Thank you for taking the time to share your impressions of your stay at Rixos Premium Belek.

We are delighted to learn that your overall stay was a pleasant one and that you highly appreciated our family-friendly concept. We also sincerely thank you for all your comments and suggestions. Our guests' opinions are very important to us, as it is through this feedback that we continue to improve the quality of our services and level of service.

We will certainly take your comments into consideration and forward them to the appropriate departments for further review.

Thank you for choosing Rixos Premium Belek. We look forward to welcoming you back to our hotel and making your next stay even more comfortable and enjoyable.

Sincerely,

Hotel Management
Rixos Premium Belek",5 reviews · 1 photo,Ci9DQUlRQUNvZENodHljRjlvT2tvdE4zRXRhWGQ1ZEc1UGNtUXpSMFZHYW0xWFJFRRAB
Sebastiao C. F.,4.5,"I stayed for 6 days and 5 nights with my wife and daughter. The entire lodging experience was wonderful. After some minor check-in issues, we were able to enjoy everything this resort offers in terms of comfort, food, and leisure.",a month ago,2026-07-05,,,,ChZDSUhNMG9nS0VNLXVzNFhlczQyV0tREAE
U N S T O P P A B L E,1.0,"First of all, this review is purely our personal opinion. We booked a room for a week as a honeymoon couple. When we arrived at the hotel, our room was a standard room, and there were no special decorations or celebrations for honeymooners. When we mentioned this to guest relations, they apologized and said they had given us a paid cabana (100€) on the beach as a gift. We accepted this to avoid spoiling our holiday and continued with our vacation. We also pointed out that there was a door leading to the adjacent room, but we didn't see any correction. Anyone would have reacted the same way, but we continued our holiday without saying anything. On the second day of our holiday, after returning from the sea, our room was decorated, and they sent a bottle of champagne, a fruit plate, and small macarons as gifts. Although it was late, we chose to thank them. On the fourth day of our holiday, our air conditioner broke down, and when we tried to call reception using the phone, it wasn't working. When we contacted the hotel reception online, they immediately said they would help us. Thankfully, they managed to get us to the first floor in 43 minutes and resolved the issue. On our last day, while we were at the beach, a hotel employee came and asked about our satisfaction and whether we liked the hotel. We shared our thoughts with him. Afterwards, he said he wanted us to give the hotel 5 stars based on Google reviews, and in return, he would help us (what good would help on the last day do?). These experiences might be coincidences or bad luck, we don't know, but that's the situation.

On the positive side; the food is excellent. The à la carte restaurants, Mikorini and Akşam, received full marks from us and we highly recommend trying them. The appetizers, main courses, and especially the service are fantastic.

Finally, it's a great stroke of luck to have such a hotel in our country, which is a paradise on all sides, but due to your greed for profiting from foreigners rather than your own people, it's very difficult to find staff who can speak and communicate in Turkish. We have nothing else to add; hopefully, those who read this comment and are on vacation won't forget these things.",Edited a month ago,2026-07-05,,"Dear Guest,

First of all, thank you for taking the time to share your experience with us.

We sincerely apologize for not being able to fully meet your expectations during one of the most special moments of your life, such as your honeymoon, at our hotel.

Following your review, we attempted to review your stay through our system; however, we were unable to access your reservation using the username you provided. To allow us to thoroughly evaluate your experience and conduct the necessary investigations, we kindly request that you contact us via email with your reservation details at premiumbelek@rixos.com.

Furthermore, thank you for your kind comments regarding our meals, especially our Mykorini and Evening À la Carte restaurants. We will gladly share this valuable feedback with our teams.

Sincerely,

Rixos Premium Belek Hotel Management",9 reviews · 2 photos,Ci9DQUlRQUNvZENodHljRjlvT25waFJVSmxWbGh0WjNwZmJuRXlRbUUwYm1oS1ExRRAB
Rabia Akdeniz,4.0,"My daughter, my wife, and I stayed here. First of all, I would like to thank the team that welcomed us. From the moment we arrived, the attention and friendliness were truly wonderful. The hotel's location, nature, and tranquility are a great advantage for those who want to relax.
However, the sunbathing area in the bay did not fully meet our expectations. I think it could be made more comfortable. Besides the sea and the pool, evening entertainment is also an important part of a holiday. In this regard, the stage performances, except for the Necati Saykolar group, were unfortunately not professional enough. Reviewing the entertainment program would increase guest satisfaction.
We also took a boat tour. The bays we visited were really beautiful, but the boat needs serious improvement in terms of hygiene. The tables and the floor were not clean, and the flies crawling on the food did not create a pleasant sight.
At the People Restaurant on the beach section of the hotel, we experienced problems with the service. It would be beneficial for the waiters to monitor the guests more closely. We had to call a waiter every time, and our orders were incorrect several times. Also, the lamb chops we ordered twice were quite tough and unfortunately we couldn't eat them. Overall, the hotel's atmosphere, location, and welcome are very good. However, I believe that improvements, especially in evening entertainment, hygiene standards during the boat tour, and the quality of service at People Restaurant, would elevate the guest experience to a much higher level. I wanted to share this review as constructive feedback because I believe the hotel has very high potential.",a month ago,2026-07-05,,"Dear Rabia Akdeniz,

Thank you for sharing your valuable feedback with us after your stay.

First of all, our team was pleased to hear your positive comments regarding the natural environment, location, and overall peaceful atmosphere of our hotel. We especially thank you for your kind words to our reception team.

However, we are sorry for your dissatisfaction regarding the beach sunbathing area, evening entertainment, and the service process at People Restaurant. All feedback you shared regarding hygiene standards, service tracking, order accuracy, and food quality has been shared with our relevant department managers, and the necessary evaluations will be made.

Also, it appears that no reservation with your last name can be found in our system. To enable us to conduct a more thorough investigation, please share your reservation details with us via this email: premiumbelek@rixos.com

Such constructive feedback is extremely valuable to us in terms of improving our service quality.

We apologize again for any negative experiences you had and thank you for your feedback.

Sincerely,
Rixos Premium Belek Hotel Management",2 reviews,Ci9DQUlRQUNvZENodHljRjlvT25WbFlsUXRjMlZEWWs5d1R6RXpUbXd6TFdGc2FsRRAB
Sorin Racean,1.0,"Don't go to this hotel, it's a waste of money.",a month ago,2026-07-05,,"Dear Sorin Racean,

Thank you for taking the time to share your feedback with us.

We are sincerely sorry to learn that your experience did not meet your expectations and that you left with such an impression. This is certainly not the experience we aim to provide to our guests.

We would appreciate the opportunity to better understand the details of your experience and review the concerns you may have encountered. To assist us in investigating and addressing the matter properly, our team will be in contact with you.

Your feedback is valuable to us and helps us improve our services and guest experience.

Kind regards,
Rixos Premium Belek Hotel Management",4 reviews · 1 photo,Ci9DQUlRQUNvZENodHljRjlvT2xKVFQwdG5SVFJIVUVoSGVEQmtSSEZXUmw5Tk5IYxAB
Dmitrii K.,5.0,"We stayed from June 12th to 22nd. Everything was top-notch, as always. The room was excellent, cleaned regularly, and there was also turndown service in the evening. The minibar was regularly refilled. It was great that almost all the staff …",a month ago,2026-07-05,,,,ChdDSUhNMG9nS0VNM3d3N2Fwakx6Vm13RRAB
Sonata,5.0,,a month ago,2026-07-05,,"Dear Sonata,

Thank you very much for your 5-star rating!

We truly appreciate you taking the time to rate your stay at Rixos Premium Belek. Your support means a great deal to our team and motivates us to continue delivering exceptional experiences.

We look forward to welcoming you back for another memorable holiday.

Kind regards,

Rixos Premium Belek Hotel Management",Local Guide · 14 reviews · 92 photos,Ci9DQUlRQUNvZENodHljRjlvT2tkbWJXNXRiRlUzY2pkbE5VWkRiamRCU0VsclVXYxAB
Muhammed Halil,5.0,,a month ago,2026-07-05,,"Dear Muhammed Halil,

Thank you very much for your 5-star rating!

We truly appreciate you taking the time to rate your stay at Rixos Premium Belek. Your support means a great deal to our team and motivates us to continue delivering exceptional experiences.

We look forward to welcoming you back for another memorable holiday.

Kind regards,

Rixos Premium Belek Hotel Management",Local Guide · 3 reviews · 1 photo,Ci9DQUlRQUNvZENodHljRjlvT2tGSGRtcEZWelZLVDBaMVlqbGxTRWxPWlRsdU1sRRAB
Ali Albalushi,5.0,Amazing location  with extremely helpful staff in every corner of the hotel.,a month ago,2026-07-05,,"Dear Ali Albalushi,

Thank you very much for sharing your wonderful feedback.

We are delighted to hear that you enjoyed our beautiful location and that our team made such a positive impression during your stay. Providing attentive and genuine hospitality in every corner of the hotel is what we continuously strive for, and your kind words are truly rewarding for all of us.

It was a pleasure to welcome you to Rixos Premium Belek, and we sincerely look forward to hosting you again for another memorable stay.

Warm regards,
Hotel Management
Rixos Premium Belek",4 reviews,Ci9DQUlRQUNvZENodHljRjlvT20xR055MHhTa1ZoTlRsWGFGQjZVSGx2Y1V4UFEyYxAB
sanaa aguedid,5.0,everything was perfect..our holiday was exacrly what we hoped it would be..kids happy beyong belief,a month ago,2026-07-05,,"Dear Sanaa Aguedid,

Thank you very much for taking the time to share your lovely feedback.

We are truly delighted to know that everything was perfect and that your holiday turned out exactly as you had hoped. Knowing that your children were so happy makes your comments even more special, as creating memorable family experiences is one of our greatest priorities.

It was a pleasure to welcome you to Rixos Premium Belek, and we sincerely hope to have the opportunity to host you and your family again for another unforgettable holiday.

Warm regards,
Hotel Management
Rixos Premium Belek",13 reviews,Ci9DQUlRQUNvZENodHljRjlvT2xndGR5MW1UVjltU25wYU1IcE1aakUyZW1wWGQwRRAB
Mohamad Rajabi,5.0,,a month ago,2026-07-05,,"Dear Muhammed Halil,

Thank you very much for your 5-star rating!

We truly appreciate you taking the time to rate your stay at Rixos Premium Belek. Your support means a great deal to our team and motivates us to continue delivering exceptional experiences.

We look forward to welcoming you back for another memorable holiday.

Kind regards,

Rixos Premium Belek Hotel Management",1 review,Ci9DQUlRQUNvZENodHljRjlvT2xSTGNrSlFTMnBJWm0xRGFVMU9WelJzYTJrM2IwRRAB
Rasul Maidanov,5.0,,a month ago,2026-07-05,,"Dear Rasul Maidanov,

Thank you very much for your 5-star rating!

We truly appreciate you taking the time to rate your stay at Rixos Premium Belek. Your support means a great deal to our team and motivates us to continue delivering exceptional experiences.

We look forward to welcoming you back for another memorable holiday.

Kind regards,

Rixos Premium Belek Hotel Management",,Ci9DQUlRQUNvZENodHljRjlvT2tWaFFtaFBkbFZoVjFsb1JXNXFYMGxNUnpsWVdVRRAB
Amina Yergeshbay,5.0,,a month ago,2026-07-05,,"Dear Amina Yergeshbay,

Thank you very much for your 5-star rating!

We truly appreciate you taking the time to rate your stay at Rixos Premium Belek. Your support means a great deal to our team and motivates us to continue delivering exceptional experiences.

We look forward to welcoming you back for another memorable holiday.

Kind regards,

Rixos Premium Belek Hotel Management",1 review,Ci9DQUlRQUNvZENodHljRjlvT21FMFEyOTRReloyYVRoVmVYSlhNWGR5U3pCeE4wRRAB
Defne Harmancı,5.0,,a month ago,2026-07-05,,"Dear Defne Harmancı,

Thank you very much for your 5-star rating!

We truly appreciate you taking the time to rate your stay at Rixos Premium Belek. Your support means a great deal to our team and motivates us to continue delivering exceptional experiences.

We look forward to welcoming you back for another memorable holiday.

Kind regards,

Rixos Premium Belek Hotel Management",3 photos,Ci9DQUlRQUNvZENodHljRjlvT2psSk1tMVlabFpLUm5CeVVHY3pZVTU2V1dwNGJFRRAB
Didem Selma HARMANCI,5.0,,a month ago,2026-07-05,,"Dear Didem Selma HARMANCI,

Thank you very much for your 5-star rating!

We truly appreciate you taking the time to rate your stay at Rixos Premium Belek. Your support means a great deal to our team and motivates us to continue delivering exceptional experiences.

We look forward to welcoming you back for another memorable holiday.

Kind regards,

Rixos Premium Belek Hotel Management",,Ci9DQUlRQUNvZENodHljRjlvT2tKc01taFBUaTFhU0ZkMU1UQmZPV0o2VVhsZmExRRAB
Ece Harmancı,5.0,,a month ago,2026-07-05,,"Dear Ece Harmancı,

Thank you very much for your 5-star rating!

We truly appreciate you taking the time to rate your stay at Rixos Premium Belek. Your support means a great deal to our team and motivates us to continue delivering exceptional experiences.

We look forward to welcoming you back for another memorable holiday.

Kind regards,

Rixos Premium Belek Hotel Management",1 review,Ci9DQUlRQUNvZENodHljRjlvT2xkRlpEZHRZVVYwWWpRMWFIcHZSWFZSVEhSc2RIYxAB
Adam Pettitt,5.0,,a month ago,2026-07-05,,"Dear Adam Pettitt,

Thank you very much for your 5-star rating!

We truly appreciate you taking the time to rate your stay at Rixos Premium Belek. Your support means a great deal to our team and motivates us to continue delivering exceptional experiences.

We look forward to welcoming you back for another memorable holiday.

Kind regards,

Rixos Premium Belek Hotel Management",1 review,Ci9DQUlRQUNvZENodHljRjlvT213NExXeE1aWHBTVGpWaVNqaHhXVkF4Y1dwbFkxRRAB
Kutsi Kosar,5.0,,a month ago,2026-07-05,,"Dear Kutsi Kosar,

Thank you very much for your 5-star rating!

We truly appreciate you taking the time to rate your stay at Rixos Premium Belek. Your support means a great deal to our team and motivates us to continue delivering exceptional experiences.

We look forward to welcoming you back for another memorable holiday.

Kind regards,

Rixos Premium Belek Hotel Management",1 review,Ci9DQUlRQUNvZENodHljRjlvT25nNU5FRnhMV2RDTlc1T1l5MUpSMVpYZWxaQmFWRRAB
nuray kosar,5.0,"A perfect hotel... we loved everything about it: the service, the rooms, the food...",a month ago,2026-07-05,,"Dear Ms. Nuray Koşar,

Thank you very much for sharing your valuable feedback with us.

We are extremely pleased that you rated our hotel as excellent and that you were satisfied with our services, rooms, and meals. Your positive feedback is a key part of our motivation to provide our guests with unforgettable experiences.

We were delighted to host you at Rixos Premium Belek. We look forward to seeing you again soon and providing you with another enjoyable holiday experience.

Sincerely,
Hotel Management
Rixos Premium Belek",3 reviews,Ci9DQUlRQUNvZENodHljRjlvT2tFdFRsQkNTV2RaU2psRVRsbHZVUzFVUkdSUmFFRRAB
Diclehan Komus,5.0,,a month ago,2026-07-05,,"Dear Diclehan Komus,

Thank you very much for your 5-star rating!

We truly appreciate you taking the time to rate your stay at Rixos Premium Belek. Your support means a great deal to our team and motivates us to continue delivering exceptional experiences.

We look forward to welcoming you back for another memorable holiday.

Kind regards,

Rixos Premium Belek Hotel Management",1 review,Ci9DQUlRQUNvZENodHljRjlvT214ZmNVbHNlVEpxUlZBMFUyNDFSbGs0ZVhoTWRGRRAB
EROL KÖMÜS,5.0,,Edited a month ago,2026-07-05,,"Dear Valued Guest Mr. Erol Kömüs,

Thank you for taking the time to give us your kind feedback regarding your Rixos Premium Belek experience. We would be honored to welcome you back to Rixos Premium Belek, where we always strive for excellence.

Sincerely,
Hotel Management",,ChdDSUhNMG9nS0VJQ0FnSURKdEwySXR3RRAB
Vincent Mans,5.0,,a month ago,2026-07-05,,"Dear Vincent Mans,

Thank you very much for your 5-star rating!

We truly appreciate you taking the time to rate your stay at Rixos Premium Belek. Your support means a great deal to our team and motivates us to continue delivering exceptional experiences.

We look forward to welcoming you back for another memorable holiday.

Kind regards,

Rixos Premium Belek Hotel Management",Local Guide · 27 reviews · 1 photo,Ci9DQUlRQUNvZENodHljRjlvT214MVpEazJaVEJzUnpGRmNteGhka1l0ZUZWSWFuYxAB
Fay9_al S,5.0,We are happy with everything and the food in aksam restoran was amazing thank you for alpsalan,a month ago,2026-07-05,,"Dear Guest,

Thank you very much for sharing your wonderful feedback with us.

We are delighted to hear that you were happy with every aspect of your stay and especially enjoyed your dining experience at Akşam Restaurant. Your kind words about the food and your special thanks to Alpaslan are truly appreciated, and we will be pleased to share your compliments with him.

It was a pleasure to welcome you to Rixos Premium Belek, and we look forward to hosting you again for another memorable holiday.

Warm regards,
Hotel Management
Rixos Premium Belek",13 reviews · 7 photos,Ci9DQUlRQUNvZENodHljRjlvT20xeE4zTnRaVU42VmpOTVkzQmpNMHd3V0ZFM01VRRAB
Josh Leahy,5.0,,a month ago,2026-07-05,,"Dear Josh Leahy,

Thank you very much for your 5-star rating!

We truly appreciate you taking the time to rate your stay at Rixos Premium Belek. Your support means a great deal to our team and motivates us to continue delivering exceptional experiences.

We look forward to welcoming you back for another memorable holiday.

Kind regards,

Rixos Premium Belek Hotel Management",3 reviews,Ci9DQUlRQUNvZENodHljRjlvT2xGRVNIZFhXR2RETkU5VFMzVm9hRmxYVFVodE4xRRAB
Lauren Devlin,5.0,,a month ago,2026-07-05,,"Dear Lauren Devlin,

Thank you very much for your 5-star rating!

We truly appreciate you taking the time to rate your stay at Rixos Premium Belek. Your support means a great deal to our team and motivates us to continue delivering exceptional experiences.

We look forward to welcoming you back for another memorable holiday.

Kind regards,

Rixos Premium Belek Hotel Management",,Ci9DQUlRQUNvZENodHljRjlvT2pOUGNGZG9UbTB6Y0hwcWRXdFBVa1pOWmxOSE5XYxAB
Jasmin Rosner,5.0,"A truly perfect vacation! The Rixos Premium Belek exceeded our expectations in every way. The entire resort is beautifully maintained, modern, and spotlessly clean. The food was varied, high-quality, and excellent at any time of day.

We would especially like to highlight the exceptionally friendly and attentive service – every member of staff was always helpful and ensured we felt completely at ease. The rooms were spacious, comfortable, and thoroughly cleaned daily.

The pool area, the private sandy beach, and the diverse entertainment program were also first-class. Whether for relaxation or for families – this hotel is highly recommended.

We had an unforgettable time and have already booked again for the fall. Many thanks to the entire team for this wonderful stay!",a month ago,2026-07-05,,"Dear Jasmin Rosner,

Thank you so much for your detailed and wonderful review.

It fills us with great joy to read that your stay at the Rixos Premium Belek exceeded your expectations in every way and that you were able to enjoy a truly perfect holiday with us.

Your kind words about our well-maintained grounds, the quality and variety of our culinary offerings, our comfortable rooms, and our pool and beach areas mean a great deal to us. We are especially proud of your praise for our team – it is our daily goal to provide our guests with attentive, warm, and unforgettable service.

The fact that you felt completely at ease during your stay and have already decided to visit us again in the autumn is the greatest recognition and motivation for us.

We sincerely thank you for your trust and look forward to welcoming you back to the Rixos Premium Belek soon.

Sincerely,
Hotel Management
Rixos Premium Belek",2 reviews,Ci9DQUlRQUNvZENodHljRjlvT2kwM09EYzBSRE55UVU1Zk9GZDFUa0ZIVVVsRlozYxAB
Анастасия,5.0,"We stayed from June 12th to 22nd. Everything was top-notch, as always. The room was excellent, cleaned regularly, and there was also turndown service in the evening. The minibar was regularly refilled. It was great that almost all the staff spoke Russian, meaning there were absolutely no problems asking for, ordering, or saying anything. The children's entertainment was excellent; from morning until late at night, they were constantly busy, sculpting, competing, drawing, dancing, and so on. Special thanks for the availability of game consoles. The sea was warm, the pools were comfortable, and the food was delicious. The only thing I did find was less seafood this time, but it wasn't a big deal.",a month ago,2026-07-05,,"Dear Anastasia,

Thank you for choosing Rixos Premium Belek again and sharing such a detailed and warm review.

We are delighted to learn that your stay, as always, was exceptional. We are delighted that you were satisfied with your room, the quality of housekeeping, the turndown service, the regularly refilled minibar, the warm sea, the pools, and the variety of food options.

We are especially pleased that you highly appreciated our team's work, the ability to communicate in Russian, and the Rixy Club program. We are delighted that your children had such a wonderful experience and enjoyed participating in our activities.

Thank you also for your comment regarding the seafood selection. We will be sure to pass it on to our team, as our guests' opinions help us become even better.

We look forward to welcoming you and your family back to Rixos Premium Belek and offering you even more unforgettable experiences.

Sincerely,

Rixos Premium Belek Management",3 reviews,Ci9DQUlRQUNvZENodHljRjlvT2xveE4wZHpUbFpFU0c1aVNIVjRVa3RSUmpVNVdrRRAB
Laura A. Y.,5.0,"We visited as a family, it was our first time to Turkey and to this resort. 
On arrival we were impressed with how friendly and professional the staff were and this continued throughout the whole of our stay. The staff all went above and …",a month ago,2026-07-05,,,,ChdDSUhNMG9nS0VON3JuZHVTb3B6MmxnRRAB
evre çanakç ı,5.0,Ibrahim Atalan and all the staff are all high-quality and valuable people; they are the ones who make the hotel and restaurant so beautiful. Thank you very much.,a month ago,2026-07-05,,"Dear Evre Çanakçı,

Thank you very much for sharing your valuable feedback with us.

Your kind words about our entire team, especially İbrahim Atalan, have made us extremely happy. It is our greatest pleasure that the service provided by our staff added value to your holiday.

We will gladly share your positive feedback with Mr. İbrahim and all our team members.

We look forward to welcoming you back to Rixos Premium Belek soon.

Sincerely,

Rixos Premium Belek Hotel Management",1 review · 2 photos,Ci9DQUlRQUNvZENodHljRjlvT2twRVlVbEtlV2w0ZG1oSWRWZFNUR056VUcxa2VuYxAB
maha Elbrini,5.0,"We had a wonderful stay in Rixos. Everything was perfect thanks to Nabila. Her smile, kindness, and warm welcome truly touched us. Thank you from the bottom of our hearts for your kindness. We will cherish the beautiful memories of this hotel, and especially of you. I wish you much happiness and success.",a month ago,2026-07-05,,"Dear Maha Elbrini,

Thank you very much for taking the time to share your heartfelt review.

We are truly delighted to know that you had a wonderful stay at Rixos Premium Belek. It is especially rewarding to hear that Nabila's warm welcome, kindness, and genuine hospitality made your experience so memorable. 
Your thoughtful words will be shared with her. 

Thank you once again for choosing Rixos Premium Belek. We sincerely look forward to welcoming you back and creating many more wonderful memories together.

Kind regards,

Rixos Premium Belek Hotel Management",1 review,Ci9DQUlRQUNvZENodHljRjlvT25wdlRVRnZiMDlZUmxwWlgwUlNUMjlMWm1aRmRsRRAB
LINA RYAD,5.0,"Beautiful hotel, amazing experience and great service, with a special mention for Nabila who was very professional and super nice.",a month ago,2026-07-05,,"Dear Lina Ryad,

Thank you very much for your wonderful review and for choosing Rixos Premium Belek.

We are delighted to hear that you had an amazing experience and enjoyed our hotel and the service provided by our team.

Your heartfelt recognition of Nebila means a great deal to us. We are proud to have dedicated team members like her, and we will be delighted to share your wonderful comments with her.

We sincerely look forward to welcoming you back to Rixos Premium Belek for another memorable stay.

Kind regards,

Rixos Premium Belek Hotel Management",1 review,Ci9DQUlRQUNvZENodHljRjlvT2tacFRERlVSRWhDUTJoTlZsVXhiMng1TlRCRFVsRRAB
Younes Lahlou,5.0,"We had a fantastic stay at Rixos Premium Belek thanks to Nabila, who was absolutely exceptional. Thank you, Nabila, for your professionalism, your attentiveness, and your help throughout our stay.",a month ago,2026-07-05,,"Dear Younes Lahlou,

Thank you very much for taking the time to share your wonderful feedback.

We are delighted to hear that you had a fantastic stay at Rixos Premium Belek. It is especially rewarding to know that Nebila made such a positive impact on your holiday with her dedicated support throughout your stay.
We will be pleased to share your kind words with her.

We truly appreciate your recommendation and look forward to welcoming you back to Rixos Premium Belek for another unforgettable holiday.

Kind regards,

Rixos Premium Belek Hotel Management",14 reviews,Ci9DQUlRQUNvZENodHljRjlvT2tKMVZGTjVWblE1VEVJNFgxTXdPRGRQU3pCcWMyYxAB
Ольга Чумак,5.0,A truly wonderful place. We vacationed with our children. There were plenty of activities for children. A fantastic kids' club. The animators were professionals!,a month ago,2026-07-05,,"Dear Olga,

Thank you for taking the time to share your impressions of your stay at Rixos Premium Belek.

We are delighted to hear that you and your family had a wonderful holiday, and that our children's entertainment and Rixy Club met your expectations. We are especially pleased to hear your praise for our entertainment team – we will be sure to pass on your kind words to them.

We look forward to welcoming you and your family back to Rixos Premium Belek for another unforgettable experience.

Sincerely,

Rixos Premium Belek Management",1 review,Ci9DQUlRQUNvZENodHljRjlvT2s0eGJ6Tk9Ua1JoT1ZOUk1FOVFTblE1UzNWNWFFRRAB
Adem,5.0,"Everything was great, the waiters were very attentive.",a month ago,2026-07-05,,"Dear Mr. Adem,

Thank you for your valuable feedback and kind comments.

We are very pleased that you were satisfied with everything and that you had a pleasant experience, especially thanks to the attention of our team. We will gladly share your kind words with our relevant team members.

We would be delighted to welcome you again.

Sincerely,
Rixos Premium Belek Management",1 review,Ci9DQUlRQUNvZENodHljRjlvT2pONkxVVjJORTlPVkRsc2NEVkNOM0pFTm0xVlpHYxAB
Mahmut Tas,5.0,"Everything was wonderful, the welcome, the food, the friendliness of the staff, everything was top-notch.",a month ago,2026-07-05,,"Dear Mr. Mahmut Taş,

Thank you for your valuable feedback.

We are very pleased that you were satisfied with the guest reception, the food, and the warm approach of our staff. Your positive feedback is a great source of motivation for our team.

We would be delighted to welcome you again.

Sincerely,
Rixos Premium Belek Management",1 review,Ci9DQUlRQUNvZENodHljRjlvT2tKbVozQjVOR1o0VUZwSWRVRmpjV1paWVRKWFdtYxAB
Simon Duong,5.0,Lovely facilities. Great Staff. Would highly recommend!,a month ago,2026-07-05,,"Dear Simon Duong,

Thank you very much for your kind feedback.

We are delighted to hear that you enjoyed our facilities and that our team contributed positively to your stay. Your recommendation means a great deal to us and serves as a wonderful motivation for our staff.

We look forward to welcoming you back again in the future.

Kind regards,
Rixos Premium Belek Management",Local Guide · 23 reviews · 12 photos,Ci9DQUlRQUNvZENodHljRjlvT205MlExTkhRbkJzUjFaS1oxOXFWbVprWVZSWmJYYxAB
SORIN NEACSU,5.0,,a month ago,2026-07-05,,"Dear SORIN NEACSU,

Thank you very much for your 5-star rating!

We truly appreciate you taking the time to rate your stay at Rixos Premium Belek. Your support means a great deal to our team and motivates us to continue delivering exceptional experiences.

We look forward to welcoming you back for another memorable holiday.

Kind regards,

Rixos Premium Belek Hotel Management",1 review,Ci9DQUlRQUNvZENodHljRjlvT21Gb2NtTTNjMWhRY0hGcU5tMHdVWHBhVlUxVWNsRRAB
Dida Lu,5.0,"⭐⭐⭐⭐⭐

We stayed at Rixos Premium Belek in mid-May.

From the moment we arrived, the service made a huge difference. We initially had a small issue with the cleanliness of our room, but the hotel handled everything immediately and with great professionalism.

A very special thank you to Filiz, who truly went above and beyond for us. She was incredibly kind, always available via the hotel app, and responded to every request quickly and attentively. She genuinely cared about making sure our family was happy and comfortable.

Even though the initial room change to a suite was not ideal for us due to traveling with friends, she kept searching for the right solution and eventually arranged for us to view a beautiful villa, which was perfect.

Thanks to Filiz and the entire team, what could have been a disappointing start turned into a wonderful holiday. The level of service and personal care was outstanding, and we will definitely return. Highly recommended!",a month ago,2026-07-05,,"Dear Dida Lu,

Thank you very much for your kind and detailed feedback.

We are delighted to hear that, despite the initial issue, our team was able to respond promptly and turn your experience into a memorable holiday. Your special recognition of Filiz is truly appreciated, and we will gladly share your wonderful comments with her and the entire team.

It is our pleasure to know that you enjoyed your stay and that our service and attention to detail met your expectations. We sincerely look forward to welcoming you and your family back again in the future.

Kind regards,
Rixos Premium Belek Management",5 reviews,Ci9DQUlRQUNvZENodHljRjlvT2xsZk9WZHphVTlGUlRNdFdqZzVjbFZCU1VVelMwRRAB
Cristi Prislopeanu,5.0,"Go, enjoy restaurants with good food and service, spa, heated pools, bars ready for ""party people"", the youthful atmosphere.",Edited a month ago,2026-07-05,,"Dear Cristi,

Thank you very much for your excellent review and kind recommendation. We are delighted to know that you enjoyed our restaurants, spa facilities, heated pools, and lively atmosphere.

Your appreciation of our service and vibrant ambiance truly motivates our team to continue delivering unforgettable experiences for our valued guests.

We look forward to welcoming you again soon for another enjoyable and relaxing stay at Rixos Premium Belek.

Kind regards,
Rixos Premium Belek Hotel Management",Local Guide · 40 reviews · 108 photos,Ci9DQUlRQUNvZENodHljRjlvT2paS1JXaGxjV2hHTm13dFVWTjRabmhVUmkxa2FVRRAB
vali prislopeanu,5.0,,a month ago,2026-07-05,,"Dear Guest,

Thank you very much for your 5-star rating!

We truly appreciate you taking the time to rate your stay at Rixos Premium Belek. Your support means a great deal to our team and motivates us to continue delivering exceptional experiences.

We look forward to welcoming you back for another memorable holiday.

Kind regards,

Rixos Premium Belek Hotel Management",2 reviews,Ci9DQUlRQUNvZENodHljRjlvT20xTk5USkdkbWxWWnpCelNrZEJjWFpQWWpsck5WRRAB
Cheryl Pettitt,5.0,We come to Rixos Premium Belek every year and one of the reasons is the Rixy Club we love it and the girls are just amazing we absolutely love Melike - she is so kind to our son and we just love that we get to see her each year. The activities they do are just out of this world ❤️,a month ago,2026-07-05,,"Dear Cheryl Pettitt,

Thank you very much for your kind and heartfelt feedback.

We are truly delighted to hear that Rixy Club continues to be a special part of your stays with us each year. It is especially wonderful to know that Melike has made such a positive impact on your son’s experience. Your kind words will be shared with her and the entire Rixy Club team with great pleasure.

We sincerely appreciate your loyalty and look forward to welcoming you and your family back again very soon.

Kind regards,
Rixos Premium Belek Management",2 reviews,Ci9DQUlRQUNvZENodHljRjlvT2pjd2RFZzBMV2x0Y0c5S2NtbDJYMWgzY1ZoNVRtYxAB
Ahmad Alsaif,3.0,"Rooms are old need to be renewed
It took so long to check in the room
The price is not suitable for the service and the hospitality",a month ago,2026-07-05,,"Dear Ahmad Alsaif,

Thank you for taking the time to share your feedback.

We are sorry to hear that some aspects of your stay did not fully meet your expectations, particularly regarding the room condition, check-in experience, and your perception of value for money. Please be assured that your comments have been shared with the relevant departments for immediate review and improvement.

Guest satisfaction is very important to us, and we regret that we were not able to deliver the level of service and hospitality you expected on this occasion.

We appreciate your feedback and hope to have the opportunity to welcome you again in the future for a much improved experience.

Warm regards,
Rixos Premium Belek Hotel Management",Local Guide · 12 reviews · 23 photos,Ci9DQUlRQUNvZENodHljRjlvT2pWMFRGRlphbFYyTmpSdFpISmZlbVZ6Y1ZoRFQxRRAB
İbrahim Doğdaş,5.0,"We stayed as a group of 4, 2 adults and 2 children. It was a fantastic, 7-star premium holiday for us. The staff and the entire team were wonderful.

Thank you for everything 🤗",a month ago,2026-07-05,,"Dear Mr. Ibrahim Doğdaş,

Thank you very much for sharing your valuable feedback with us.

We are extremely pleased that your stay with your family at Rixos Premium Belek was rated as ""10 out of 10, 7-star premium."" Your kind words about our staff and our entire team are a great source of motivation for us.

We were very pleased to host you and your family. Thank you again for your wonderful feedback, and we look forward to seeing you again at Rixos Premium Belek soon.

Sincerely,
Rixos Premium Belek Hotel Management",2 reviews,Ci9DQUlRQUNvZENodHljRjlvT25KWlJHVk9NWFJEVjJsQlZYZDNiRTVKYWtONFdsRRAB
Me Me,4.0,"Great hotel, especially I liked that unattended towels on sun beds are constantly picked up making beds available to all. Great restaurants and bars staff and waiters very helpful and knowledgeable.

The only strange thing is that Reception staff don’t know anything. Seems like they are only checking in/out and unable to answer questions such as how to make a restaurant booking, timing restrictions etc.

Concierge is never at the desk- he must be very busy elsewhere.

Cabana beds are good but their manager is constantly sitting on freshly prepared beds, on the white mattress covers. For 100€ a bed you wouldn’t want to share the bed with strangers.",a month ago,2026-07-05,,"Dear Guest,

Thank you very much for sharing your feedback.

We are pleased to hear that you enjoyed your stay at Rixos Premium Belek and appreciated our restaurants, bars, and the attentiveness of our service team.

At the same time, we are sorry to learn that certain aspects of your experience did not fully meet your expectations, particularly regarding reception assistance, concierge availability, and cabana service. Please be assured that your comments have been noted and shared with the relevant departments for review and improvement.

For further assistance or if you would like to share more details about your experience, we kindly ask you to contact us via email so our team can review your case and support you accordingly. premiumbelek@rixos.com

Warm regards,
Rixos Premium Belek Hotel Management",Local Guide · 32 reviews,Ci9DQUlRQUNvZENodHljRjlvT25aek5XWndaMUJJUVVKd1QwMVpOVlJtYWtKdlMxRRAB
Ursu Vlad,4.0,"We had a wonderful stay at Rixos. The staff was friendly, the food was excellent, and the facilities were outstanding.",a month ago,2026-07-05,,"Dear Guest,

Thank you very much for your wonderful review!

We are delighted to hear that you had a wonderful stay at Rixos Premium Belek. It is a pleasure to know that you enjoyed our friendly staff, excellent food, and outstanding facilities.

Your kind words are greatly appreciated and serve as a wonderful motivation for our entire team.

We look forward to welcoming you back to Rixos Premium Belek for another memorable holiday.

Kind regards,

Rixos Premium Belek Hotel Management",3 reviews · 1 photo,Ci9DQUlRQUNvZENodHljRjlvT2t4Zk9XRkJZekZUVDFkRmFtNXpZVFV0VjNGNWMyYxAB
Tili Smaka,5.0,"Everything was perfect . I dont have word to describe ! For family for couples for kids here was just amazing, clean and fresh and good eating everything was 11/10 ! Nisa and Eren helped as o lot with every detail for my wife birthday and they make as upgrade room , and late check in ! I dont know i am very happy i was here ! Thank u rixos",a month ago,2026-07-05,,"Dear Tili,

Thank you so much for your amazing review!

We are truly delighted to know that you had such a wonderful stay and that your experience exceeded your expectations. It is especially rewarding to hear that our hotel was the perfect choice for families, couples, and children.

A special thank you for recognizing Nisa and Eren. We will be delighted to share your kind words with them. They will be very happy to know that they helped make your wife's birthday celebration even more special.

It was a pleasure to welcome you to Rixos Premium Belek, and we sincerely look forward to hosting you again for another unforgettable holiday.

Kind regards,

Rixos Premium Belek Hotel Management",1 review · 4 photos,Ci9DQUlRQUNvZENodHljRjlvT2prMWNYVnpVa3RwUTI1SlZVbDJTV0pJUkZadE1rRRAB
Bilal Akhtar,5.0,Amazing service and hospitality by all staff especially for children and the Rixy club staff members .,a month ago,2026-07-05,,"Dear Bilal,

Thank you very much for your wonderful review!

We are delighted to hear that you enjoyed the service and hospitality provided by our team. It is especially rewarding to know that our staff, particularly the Rixy Club team, helped make your family's holiday even more enjoyable.

Your kind words are greatly appreciated and will be shared with our team.

We look forward to welcoming you and your family back to Rixos Premium Belek for another unforgettable stay.

Kind regards,

Rixos Premium Belek Hotel Management",5 reviews,Ci9DQUlRQUNvZENodHljRjlvT2kxWU16ZG1hMHBITkRaRGJrSjVTbUZYYkZSVmVWRRAB
Alakh Patel,5.0,Highly recommend for family vacation,Edited a month ago,2026-07-05,,"Dear Alakh Patel,

Thank you very much for your kind recommendation.

We are delighted to hear that you enjoyed your family vacation and that Rixos Premium Belek met your expectations. Creating memorable experiences for families is one of our greatest priorities.

Thank you once again for choosing us. We look forward to welcoming you and your family back for another wonderful stay.

Warm regards,
Hotel Management
Rixos Premium Belek",4 reviews,Ci9DQUlRQUNvZENodHljRjlvT2pkWFNrRlVUMGxFWTB3emFsVkdlRk14ZVZoMlVYYxAB
Evre Çanakçı Yücedağ,5.0,I was impressed by both the comfort of the hotel and the friendly and professional approach of the staff; I will definitely return.,a month ago,2026-07-05,,"Dear Evre Çanakçı Yücedağ,

We sincerely thank you for your kind review and for choosing us.

We are extremely pleased that you were satisfied with the comfort of our hotel and the friendly and professional approach of our staff. It is our greatest pleasure to have provided you with an unforgettable holiday experience.

We look forward to welcoming you back to Rixos Premium Belek soon.

Sincerely,

Rixos Premium Belek Hotel Management",1 review,Ci9DQUlRQUNvZENodHljRjlvT2pkd1NIbGlOR1JaY1VrNGMycEdabGRYTmtwMk5tYxAB
Josie Pumalo,5.0,Rixy club is absolutely amazing the staff are kind attentive and truly care about the children .There are plenty of fun creative and educational activities every day making it a perfect place for kids to enjoy their holiday,a month ago,2026-07-05,,"Dear Josie,

Thank you very much for your wonderful review!

We are delighted to hear that your children had such a great time at our Rixy Club. It is especially rewarding to know that our team’s kindness, attentiveness, and genuine care made such a positive impression on your family.

We are also pleased that you enjoyed the variety of fun, creative, and educational activities we offer for our young guests.

Your kind words mean a great deal to us, and we look forward to welcoming you and your family back to Rixos Premium Belek for another unforgettable holiday.

Kind regards,

Rixos Premium Belek Hotel Management",1 review,Ci9DQUlRQUNvZENodHljRjlvT2pCRFRtZFhUVVpxWVRWdFNYRmxSelZUVkhoM1EyYxAB
Begum Aslan,5.0,"Staying at Rixos Belek was a pleasure. Every area of ​​the hotel was very pleasant, clean and elegant, the food was delicious, the service was high-quality, and the staff were friendly. There are activities to suit every taste throughout the hotel. We were very satisfied and recommend it to everyone. Thank you.",a month ago,2026-07-05,,"Dear Begum Aslan,

We sincerely thank you for your valuable feedback and kind words.

We are extremely pleased that you enjoyed your stay at Rixos Premium Belek and were satisfied with the cleanliness of our hotel, our delicious food, our quality service, our friendly staff, and the activities we offer.

Being able to satisfy you is our greatest reward. Thank you again for your valuable recommendation and for choosing us, and we hope to welcome you back to Rixos Premium Belek soon.

Sincerely,

Rixos Premium Belek Hotel Management",15 reviews,Ci9DQUlRQUNvZENodHljRjlvT2tWR2RrZGhSVU4xVEd0a2MzRk9ValZzY25KQ2QxRRAB
barisbentline,1.0,"We stayed here for 3 nights and had many problems, but I will mention some of them. When I arrived, they said there was a minor renovation going on in the room. I told them not to give us the room if it was problematic. After we settled into the room, it flooded, and we had to change rooms. The number of staff is insufficient, and most of them are foreigners who don't understand the questions you ask. The service is very poor.
The food is tasteless compared to the hotel's quality, and we were not satisfied with the à la carte options. Compared to the Rixos hotels I've stayed in before, this was a complete disappointment.",a month ago,2026-07-05,,"Dear Guest,

Thank you for sharing your feedback with us.

We are sorry to learn that your stay did not meet your expectations and that you experienced some negative experiences. Your comments regarding room condition, service quality, communication, and restaurant experience have been carefully reviewed and shared with the relevant departments.

Guest satisfaction is very important to us, and we are sorry that we were unable to provide the experience you expected during this stay.

Thank you for your feedback, and we hope to welcome you back with a better experience in the future.

Sincerely,
Rixos Premium Belek Hotel Management",Local Guide · 53 reviews · 1 photo,Ci9DQUlRQUNvZENodHljRjlvT2sxS01reERaSFl3U2kxQmRYTTVhbWwzVGxOR04wRRAB
Kamil Głowacki,5.0,"Great hotel. Great food and drinks. Large, spacious rooms, very comfortable beds—everything works. Excellent restaurants, both a la carte and buffet. The entire facility is spacious and well-maintained. I recommend it.",a month ago,2026-07-05,,"Dear Kamil,

Thank you very much for your wonderful review and recommendation!

We are delighted to hear that you enjoyed our food and beverages, spacious rooms, comfortable beds, À La Carte restaurants, buffet, and the overall atmosphere of our resort.

Your kind words are a great motivation for our entire team. We truly appreciate you taking the time to share your experience.

We look forward to welcoming you back to Rixos Premium Belek for another memorable stay.

Kind regards,

Rixos Premium Belek Hotel Management",Local Guide · 102 reviews · 15 photos,Ci9DQUlRQUNvZENodHljRjlvT25CbWFuRk5NbU0yWldKUU16bGllbVZXTWxKRFVFRRAB
Fatih Gören,4.0,"Unfortunately, the hotel was very crowded, and the struggle to grab a sun lounger was intense, which is unbecoming of a premium hotel. The online system for à la carte reservations is only accessible at 10 am, and it fills up instantly, so reservation problems can occur. This system urgently needs to be changed. The food and drinks were excellent. Special thanks to Uğur Tuncar, who served us at the à la carte restaurant in the evening, and to a lifeguard from Trabzon on the beach. Staff who love their jobs, do their work well, and make you happy with their energy are a great asset to the establishment; these qualities cannot be bought with money, it's a matter of character. A special thank you to them.",a month ago,2026-07-05,,"Dear Mr. Fatih Gören,

Thank you for choosing Rixos Premium Belek and for sharing your feedback with us.

We have carefully noted your experience during your stay, and especially your comments regarding the crowd density, sun lounger usage, and the à la carte reservation system. This type of feedback is very valuable to us in terms of improving our service quality and will be shared with our relevant departments.

Furthermore, we are very pleased that you were satisfied with the quality of our food and beverages, and that you made kind remarks to our team member Uğur Tuncar and our beach lifeguard team. These will be conveyed to them, and we will appreciate their efforts being recognized.

We would be delighted to welcome you back to Rixos Premium Belek.

Sincerely,
Hotel Management
Rixos Premium Belek",7 reviews · 2 photos,Ci9DQUlRQUNvZENodHljRjlvT2t0RWQzZzVNbWxaZEVKSk56ZDNVRkZxVjBSR1kyYxAB
Ali Hamit,5.0,,a month ago,2026-07-05,,"Dear  Ali Hamit,

Thank you for taking the time to rate your experience at Rixos Premium Belek.

We are delighted to receive your 5-star rating and truly appreciate your support. Knowing that you enjoyed your stay is a great source of motivation for our entire team.

We hope to have the pleasure of welcoming you back again for another memorable holiday in the near future.

Kind regards,

Rixos Premium Belek Hotel Management",,Ci9DQUlRQUNvZENodHljRjlvT2xwQ1VVUm5WemxFVTJsTkxVbE1kbnA2TTAxWVMxRRAB
Svetlana Porsneva,5.0,"We are at the Rijos Hotel, we really liked it, thank you Sabana, the service is very good, we will come back to you, thank you Hamza, you were very helpful",a month ago,2026-07-05,,"Dear Svetlana Porsneva,

Thank you for sharing your impressions of your vacation.

We are delighted to hear that you enjoyed your stay at the Rixos Premium Belek and were satisfied with the level of service. We are especially pleased to receive your warm words about the Kaban team and a special thank you to Hamza for his assistance and attentive service.

Your kind words will be shared with our colleagues.

Thank you for your trust, and we look forward to welcoming you back to the Rixos Premium Belek.

Sincerely,
Hotel Management
Rixos Premium Belek",2 reviews · 1 photo,Ci9DQUlRQUNvZENodHljRjlvT21jMU0zY3pVVU16T0ZwRU4yMWlNRkZrTkZScU5IYxAB
Bashair Aziz,4.0,"The resort is a truly family-friendly destination, comprehensive in every way. The food is generally excellent and delicious, though it varies. The restaurants offer Asian, Greek, Turkish, and Italian cuisine. Reservations are required, but you can book once through the app. For longer stays, you can make reservations through the app. There are also three restaurants outside the resort, located in The Land of Legends, which are also included. Some restaurants offer buffets without reservations, and there's even a 24-hour restaurant. The events and activities are numerous and varied, making it impossible to experience them all. A stay at this resort is practically a one-stop shop. However, the downsides are: the rooms are very worn, the soundproofing is very poor, and check-in was delayed. The service is the worst aspect of the resort. While the app is great for communication, the response is automated. If the app doesn't have an answer, it forwards the question to an employee, and the response is extremely delayed. You might have to wait around an hour for a response to any important request or inquiry! And even when you do receive a response, it's often insufficient, forcing you to wait even longer! Communication is very weak, and they may not have enough staff, even though it is an easy and beautiful technology that they did not use in an excellent way. You ask and request, and the answer is brief, but their delay requires the person to leave his room or return from a distant external area to the building where the reception is located in order to submit his request!! Or to file a complaint about an urgent matter..",a month ago,2026-07-05,,"Dear Bashair Aziz,

Thank you for taking the time to share your detailed feedback following your recent stay with us.

We are pleased to hear that you enjoyed our family-friendly concept, wide range of dining options, activities, and overall resort experience. Your kind words regarding the variety and quality of our restaurants are truly appreciated.

At the same time, we sincerely regret to learn about the aspects of your stay that did not meet your expectations, particularly regarding room condition, sound insulation, check-in experience, and communication through our application. Please be assured that your comments have been shared with the relevant departments for careful review, as guest feedback is essential for us to continuously improve our services.

We truly value your constructive observations, and we hope to have the opportunity to welcome you again in the future and provide you with a much smoother and more seamless experience.

Warm regards,
Hotel Management
Rixos Premium Belek",Local Guide · 101 reviews · 27 photos,Ci9DQUlRQUNvZENodHljRjlvT2pSR1ZGSktjRVJ0U0c5Vk5ISktabFJPVjFOaFNHYxAB
John McMahon,5.0,,a month ago,2026-07-05,,"Dear John McMahon,

Thank you for taking the time to rate your experience at Rixos Premium Belek.

We are delighted to receive your 5-star rating and truly appreciate your support. Knowing that you enjoyed your stay is a great source of motivation for our entire team.

We hope to have the pleasure of welcoming you back again for another memorable holiday in the near future.

Kind regards,

Rixos Premium Belek Hotel Management","Local Guide · 38 reviews · 2,743 photos",Ci9DQUlRQUNvZENodHljRjlvT2w5R1drMUhhbFJuTm1ZMlEyVjJRbHBtTlZaM1ZGRRAB
Rose G,5.0,"Best all inclusive we’ve ever been to, the kids club was more than what we expected and our 3 year old loved all the fun activities throughout the day. Quality of the food and drinks were impressive and the service fantastic. We will definitely be returning!",a month ago,2026-07-05,,"Dear Rose G,

Thank you very much for taking the time to share your wonderful feedback.

We are truly delighted to hear that your stay was the best all-inclusive experience you have ever had. It is especially rewarding to know that your little one enjoyed the Kids Club and the daily activities, and that both the quality of our food and beverages and the service provided by our team met your expectations.

Your kind words are a great motivation for all of us. We are very happy to know that you are considering returning, and we will be looking forward to welcoming you and your family back for another memorable holiday at Rixos Premium Belek.

Warm regards,
Hotel Management
Rixos Premium Belek",Local Guide · 16 reviews · 21 photos,Ci9DQUlRQUNvZENodHljRjlvT21sc0xWZGZWMEZ4WlhadmN6bFBUbTVEWlhFNWVrRRAB
Антон Баранов,5.0,"Excellent hotel, service, and especially the desserts❤️
We'll definitely be back.
Thanks for a great vacation!",a month ago,2026-07-05,,"Dear Anton,

Thank you for sharing your wonderful review.

We are delighted to hear that you were pleased with the hotel, the level of service, and especially our desserts. Your kind words are a great encouragement to us.

We look forward to welcoming you again at Rixos Premium Belek.

Sincerely,
Hotel Management
Rixos Premium Belek",Local Guide · 9 reviews,Ci9DQUlRQUNvZENodHljRjlvT2psUFQwbG9hRlJVVEVSTWIydHhaUzEwUVZoQ1RsRRAB
Andrea O'Brien,3.0,"Hotel grounds and facilities are wonderful for families with kids.
Rooms are quite dated, we are in a villa which is quite far from everything and although it is clean - beds and pillows and bathrooms need updated as well as general decor.
We had a wonderful server on roller blades by the pool but the bar staff were quite dismissive and under a lot of stress.
The customer service in general is very bad considering how expensive it is per night.
The Italian restaurant and Greek restaurant onsite have been fabulous but the 24hr restaurant is terrible. The buffet breakfast has lots of variety but not the best quality food.
Overall we are having are great time with all the facilities and most of the hotel is asthetically pleasing but alot of improvements need to happen with especially with the staff and rooms.",Edited a month ago,2026-07-05,,"Dear Andrea O'Brien,

Thank you very much for taking the time to share your impressions during your stay with us.

We are pleased to know that you and your family are enjoying the hotel grounds, facilities, and dining experiences, and that several aspects of your holiday have contributed to creating memorable moments.

At the same time, we sincerely appreciate your comments regarding areas where you feel improvements can be made. Guest feedback is extremely valuable to us and has been shared with the relevant teams for review and consideration as part of our continuous efforts to enhance the overall guest experience.

Thank you once again for choosing Rixos Premium Belek. We hope to continue making the rest of your stay enjoyable and look forward to welcoming you again in the future.

Warm regards,
Hotel Management",11 reviews · 1 photo,Ci9DQUlRQUNvZENodHljRjlvT214R05EUlhkVlZVZUd0MU5UVjVjVEYyT0ZSME1FRRAB
Jan Peeters,5.0,"We are currently enjoying a wonderful stay at Rixos Premium Belek and have been thoroughly impressed by every aspect of the resort. The overall quality is outstanding, and the level of service throughout the hotel is truly exceptional.

A special mention goes to the à la carte restaurants, which we can highly recommend. The food is excellent, diverse, and prepared to a very high standard. The staff are consistently attentive, friendly, and professional, making every dining experience memorable.

The resort offers an incredible variety of activities, entertainment, and dining options, ensuring there is always something to enjoy. Everything is exceptionally well organized and maintained, creating a relaxing and luxurious atmosphere. Overall, this is a fantastic resort that exceeds expectations in terms of quality, hospitality, and guest experience. We would gladly return and highly recommend it to anyone looking for a first-class holiday experience. ★★★★★",a month ago,2026-07-05,,"Dear Jan Peeters,

Thank you very much for taking the time to share your wonderful feedback while still enjoying your stay with us.

We are truly delighted to hear that you are impressed with every aspect of the resort and that our overall quality and service have exceeded your expectations. Your kind words regarding our à la carte restaurants, food quality, variety, and the professionalism of our team are greatly appreciated and will be shared with our colleagues.

It is also a pleasure to know that you are enjoying the wide range of activities, entertainment, and dining options we offer, and that this contributes to a relaxing and luxurious experience.

Your recommendation means a great deal to us. We look forward to continuing to make the rest of your stay just as enjoyable, and to welcoming you back again in the future for another memorable holiday at Rixos Premium Belek.

Warm regards,
Hotel Management
Rixos Premium Belek",Local Guide · 17 reviews · 1 photo,Ci9DQUlRQUNvZENodHljRjlvT2tkRVRVdHNkSFF3UlZwNE5HRkNhM1pzWlZkRk5VRRAB
Feyzanur Dogan Gönen,5.0,"We are very pleased with our holiday. Guest relations are really helpful, especially Hamza, a fantastic employee. The guest relations manager, Ms. Aliya, is very helpful and a wonderful representative for the hotel. Mr. Sebastian at Kabanada is doing a great job.",a month ago,2026-07-05,,"Dear Feyzanur Doğan Gönen,

Thank you for choosing Rixos Premium Belek and for sharing your wonderful feedback with us.

We are extremely pleased that you enjoyed your holiday and especially for your kind words about Hamza from our Guest Relations team, our Guest Relations Manager Ms. Aliya, and Mr. Sebastian in the cabana area. It is a great source of motivation for us to see the service provided by all our team members to our guests appreciated.

We would be happy to share your valuable comments with them.

We would be delighted to welcome you back to Rixos Premium Belek.

Sincerely,
Hotel Management
Rixos Premium Belek",7 reviews · 1 photo,Ci9DQUlRQUNvZENodHljRjlvT21OMFpXd3RUbXB0WlhKWVJqSkZRazFPWkRJNFRuYxAB
Laurentiu Pricop,5.0,,a month ago,2026-07-05,,"Dear Laurentiu Pricop,

Thank you for taking the time to rate your experience at Rixos Premium Belek.

We are delighted to receive your 5-star rating and truly appreciate your support. Knowing that you enjoyed your stay is a great source of motivation for our entire team.

We hope to have the pleasure of welcoming you back again for another memorable holiday in the near future.

Kind regards,

Rixos Premium Belek Hotel Management",Local Guide · 28 reviews · 235 photos,Ci9DQUlRQUNvZENodHljRjlvT2xKbVREWjJZM0pPZVRaSFZ6WlFOMnhZWlU1cE4wRRAB
Ann-Christin Karzig,2.0,"Unfortunately, it was one of the worst vacations we've ever had, even though we were really looking forward to it. On the first night at the resort, I was struggling with nausea, and the second night ended with me in the hospital, presumably due to food poisoning. We called reception in the middle of the night and asked for a doctor, but it would have taken over three hours to arrive. Two days later, my boyfriend also became ill. This almost ruined our vacation. On the positive side, there was a shuttle service that got us medication (cost: €20).

Otherwise, the hotel is extremely noisy. It's really nicely designed for children, but rather unsuitable for adults and couples. It's loud and hectic everywhere (mini-disco, restaurants, pool, fitness classes).

The food was tasty, but be warned! You have to reserve the à la carte restaurants by 10:00 AM for the entire day. The system was overloaded from 10:00 AM onwards, and getting a table was nearly impossible. We experienced this on four different days. However, the food there was very good. The waiters were very friendly.

The waiters at the beach bar were unfortunately overwhelmed. When ordering via QR code, we sometimes waited over 40 minutes and eventually gave up. However, this worked well on some days.

The café was very nice, but the food wasn't fresh, and we suspect half of it was from the breakfast buffet. At least, that's how it tasted.

Unfortunately, we were very disappointed and wouldn't return. However, it might be perfect for families. We weren't able to participate in the other activities…",a month ago,2026-07-05,,"Dear Ann-Christin Karzig,

Thank you for taking the time to share your detailed feedback with us.

We are very sorry to hear that you experienced health problems during your stay, which significantly impacted your trip. We sincerely wish you and your partner a speedy and full recovery.

At the same time, we would like to assure you that the Rixos Premium Belek adheres to strict hygiene and food safety standards in accordance with international HACCP guidelines. These include, among other things, continuous temperature monitoring, vetted and approved suppliers, regular microbiological testing of food and water, and independent external and governmental audits that confirm compliance with all safety standards.

Our cleaning and disinfection processes, as well as our strict staff hygiene protocols, are also regularly monitored, documented, and audited by our quality management team and external testing bodies.

We take your feedback very seriously and have already forwarded your comments to the relevant departments for internal review.

We are sorry that your stay did not meet your expectations. We would still be delighted to welcome you back in the future and offer you a significantly more positive experience.

Sincerely,
Hotel Management",3 reviews,Ci9DQUlRQUNvZENodHljRjlvT2tWMVgxRjNZVTVaYTFSVE1GcDNOMHhNVHpsSGEyYxAB
Bilal Moussa,5.0,Everything was good,a month ago,2026-07-05,,"Dear Bilal Moussa,

Thank you for taking the time to share your feedback.

We are delighted to hear that you enjoyed your stay and that everything met your expectations. Your satisfaction is the greatest reward for our team and motivates us to continue delivering exceptional experiences to our guests.

We look forward to welcoming you back to Rixos Premium Belek in the future.

Kind regards,

Rixos Premium Belek Hotel Management",1 review,Ci9DQUlRQUNvZENodHljRjlvT2xsRk5YaDRXRTVuUlZObVJ6bGlZVEZXWldWVWVuYxAB
Eylül Dede,5.0,"We loved Rixy Club and will definitely come again. My siblings had a great time. Ms. Elif was very attentive and friendly, thank you!",a month ago,2026-07-05,,"Dear Eylül Dede,

Thank you so much for sharing your valuable feedback with us.

We are very happy that you fondly remember your time at Rixos Premium Belek and that you were particularly pleased with your Rixy Club experience. It is also a great pleasure for us that your siblings had such an enjoyable time.

We will gladly share the kind words you conveyed on behalf of Ms. Elif with her and our relevant team. It is very valuable to us that the attention we pay to creating sincere and unforgettable moments for our guests is recognized.

We look forward to welcoming you again and wish you the same wonderful experiences on your next visit.

Sincerely,
Hotel Management
Rixos Premium Belek",1 review,Ci9DQUlRQUNvZENodHljRjlvT2tzNGRrVjJRelZwV0hGVVZUYzFlSEJJY2kxcU9GRRAB
Zehra Tasasız,5.0,"Rixy club was great, the activities were sufficient. Many thanks to Elif Hanım.",a month ago,2026-07-05,,"Dear Zehra Tasasız,

Thank you very much for your valuable comments and kind feedback.

We are very pleased that you were satisfied with your Rixy Club experience at Rixos Premium Belek and found the activities sufficient. Providing fun, safe, and enjoyable moments for our children and families is one of our top priorities.

We will gladly share your kind words about Ms. Elif with her and our relevant team. It is very valuable to us to see the efforts of our team members who contribute to guest satisfaction appreciated.

We would be delighted to welcome you again and look forward to your next visit.

Sincerely,
Hotel Management
Rixos Premium Belek",1 review,Ci9DQUlRQUNvZENodHljRjlvT20xU1ZtTmhhVmxET1V4dmJrVkpiVXhwTXpNMVVHYxAB
Pınar Şener,5.0,,a month ago,2026-07-05,,"Dear Pınar Şener,

Thank you very much for your 5-star rating and for choosing Rixos Premium Belek.

We truly appreciate your support and are delighted to know that you enjoyed your stay with us. Your positive rating is a great motivation for our entire team.

We look forward to welcoming you back again soon for another memorable holiday experience.

Kind regards,

Rixos Premium Belek Hotel Management",,Ci9DQUlRQUNvZENodHljRjlvT2xCU05FNDNWRW81TW00MlEzZHNRVEJaWTJneU4yYxAB
Faruk Aksu,5.0,"As always, it's fantastic!",a month ago,2026-07-05,,"Dear Mr. Faruk Aksu,

Thank you very much for your valuable comment and kind words.

We are very happy to learn that your experience at Rixos Premium Belek was as wonderful as ever. Your satisfaction and your repeat visits are one of the greatest sources of motivation for our team.

We are delighted to continue being a part of your beautiful memories and look forward to welcoming you again soon.

Sincerely,
Hotel Management
Rixos Premium Belek",2 reviews · 8 photos,Ci9DQUlRQUNvZENodHljRjlvT2w5VGVEaFdMVEJFV1RaUFdXRk1lbWxqZWpJeE4yYxAB
Julija Tsetlina,5.0,,a month ago,2026-07-05,,"Dear Julija Tsetlina,

Thank you very much for your 5-star rating and for choosing Rixos Premium Belek.

We truly appreciate your support and are delighted to know that you enjoyed your stay with us. Your positive rating is a great motivation for our entire team.

We look forward to welcoming you back again soon for another memorable holiday experience.

Kind regards,

Rixos Premium Belek Hotel Management",,Ci9DQUlRQUNvZENodHljRjlvT2tGM1N6ZGZSVEp2YTJwak9IcGpjRUpmUkVSRlNuYxAB
rhys prigmore,5.0,"Very nice hotel , excellent food , amazing experience",a month ago,2026-07-05,,"Dear Rhys Prigmore,

Thank you very much for sharing your wonderful feedback with us.

We are delighted to know that you enjoyed our hotel, appreciated the quality of the food, and had an amazing experience during your stay at Rixos Premium Belek.

Your kind words are truly appreciated and serve as a great motivation for our entire team to continue creating memorable experiences for our guests.

We look forward to welcoming you again soon for another exceptional stay.

Warm regards,
Hotel Management
Rixos Premium Belek",1 review,Ci9DQUlRQUNvZENodHljRjlvT2taRVMyd3RhRGxqVG5JNVRERXpVMWRJZEZkalZHYxAB
RIAD YAHYA ABOU HIJAYLI,5.0,Great hotel,a month ago,2026-07-05,,"Dear Riad Yahya Abou Hijayli,

Thank you very much for your kind feedback.

We are pleased to hear that you had a great experience at Rixos Premium Belek. Your satisfaction means a lot to our entire team and motivates us to continue delivering high-quality service to all our guests.

We look forward to welcoming you back again in the near future.

Warm regards,
Hotel Management
Rixos Premium Belek",3 reviews · 23 photos,Ci9DQUlRQUNvZENodHljRjlvT2s5YVFqRXlPWFY2UTJkNVVYZG9WR0ZTTW5kQ2VuYxAB
N A,5.0,Nabilah is the best worker in the hotel she is super kind and nice.,a month ago,2026-07-05,,"Dear  Guest,

Thank you very much for your kind feedback.

We are delighted to hear your wonderful comments about Nabilah. It is always a pleasure for us to know that our team members are making a positive difference in our guests’ experience. Your kind words will be shared with her and the relevant department with great appreciation.

We look forward to welcoming you again at Rixos Premium Belek.

Warm regards,
Hotel Management
Rixos Premium Belek",11 reviews,Ci9DQUlRQUNvZENodHljRjlvT2tGVFdrVlBaMjVJT1VGMU0yRmFjVVpuV0c1cmNYYxAB
Razan Alfarra,5.0,We Love Nabila!,a month ago,2026-07-05,,"Dear Razan Alfarra,

Thank you very much for your kind feedback.

We are delighted to hear your lovely comments about Nabila. It is always a pleasure for us to know that our team members contribute positively to our guests’ experience. Your kind words will be shared with her and the relevant team with great appreciation.

We look forward to welcoming you again at Rixos Premium Belek.

Warm regards,
Hotel Management
Rixos Premium Belek",3 reviews,Ci9DQUlRQUNvZENodHljRjlvT2sxWFdXa3RhSE5sUlZWV1MzUm1UVTV6WVdzM1JYYxAB
Fatma sude Soydan,5.0,"Rixy club was a lot of fun, the activities were great, Elif took such good care of us, we love her and thank you!",a month ago,2026-07-05,,"Dear Fatma Sude Soydan,

Thank you very much for your valuable feedback.

We are very happy that you enjoyed your time at Rixy Club and found our activities enjoyable. We are especially pleased that you were pleased with Ms. Elif's attention and support. We will happily share your kind words with her.

We look forward to welcoming you back to Rixos Premium Belek and creating many more fun memories for our children.

Sincerely,

Rixos Premium Belek Hotel Management",1 review,Ci9DQUlRQUNvZENodHljRjlvT2tGUVpFRXdNbmx3YjBscFVFdHBWbTl4TUhsQ01tYxAB
Erhan Yartım,5.0,,a month ago,2026-07-05,,"Dear Mr. Erhan Yartım,

Thank you for taking the time to review your experience at Rixos Premium Belek.

We are very pleased with your 5-star rating. Your satisfaction is the greatest source of motivation for our entire team.

We look forward to welcoming you back to Rixos Premium Belek soon and providing you with an unforgettable holiday experience.

Sincerely,

Rixos Premium Belek Hotel Management",2 reviews,Ci9DQUlRQUNvZENodHljRjlvT2xSSGJVNXJaRFpVY1VwdlQyNHpRVE5sU1Zoa1JXYxAB
Владимир Волощук,5.0,,a month ago,2026-07-05,,"Dear Vladimir Voloshchuk,

Thank you for your excellent rating and for choosing Rixos Premium Belek.

We are delighted that your stay left a positive impression. Your feedback is a great encouragement to our entire team.

We look forward to welcoming you back to Rixos Premium Belek and making your next vacation even more unforgettable.

Sincerely,

Rixos Premium Belek Management",,Ci9DQUlRQUNvZENodHljRjlvT2xwSVZtVTBaM2hJUlhKSmQzTXlPVkZIYzBJeFduYxAB
Денис Сахаров,4.0,,a month ago,2026-07-05,,"Dear Denis Sakharov,

Thank you for choosing Rixos Premium Belek and taking the time to review your stay with us.

We are pleased that your overall experience was positive. We always strive for excellence, so we would appreciate any additional comments you might have about how we could make your stay even more enjoyable.

We look forward to welcoming you back to Rixos Premium Belek.

Best regards,

Rixos Premium Belek Management",,Ci9DQUlRQUNvZENodHljRjlvT25vMFNtRm9iR1UxT1RWUGQxQTJPWGMyTFRBeVgxRRAB
Rudolf B.,5.0,"We have been going to the hotel for 17 years, at least 2 times a year.
The hotel has never disappointed, great service and approach.
They are constantly renovating the hotel and we have experienced several general …",a month ago,2026-07-05,,,,ChdDSUhNMG9nS0VNVEwtS2ZVb3B2U2t3RRAB
Rashed Edrees,5.0,"This was my second stay at the hotel, and I was genuinely impressed by the significant improvements in both the services and overall guest experience. Everything was well organized, smooth, and enjoyable.

One of the best enhancements I noticed was the introduction of the hotel mobile application, especially its AI-powered features, which made communication, requests, and accessing services much more convenient and efficient.

Another outstanding improvement was the Personal Assistant service. We had the pleasure of being assisted by Nabila, who was exceptional throughout our stay. She was professional, attentive, courteous, and always willing to help with a smile. Her dedication, hospitality, and attention to detail truly made a difference and added a personal touch to our experience.

Thank you to the entire team for the excellent service and continuous improvements. I look forward to visiting again.",a month ago,2026-07-05,,"Dear Rashed Edrees,

Thank you very much for taking the time to share such a detailed and thoughtful review of your second stay at Rixos Premium Belek.

We are delighted to hear that you noticed and appreciated the improvements we have made to our services and overall guest experience. It is especially rewarding to know that our mobile application and its AI-powered features contributed to a more convenient and enjoyable stay.

We are also truly grateful for your kind recognition of our Personal Assistant service, and especially of Nabila. Your compliments regarding her professionalism, attentiveness, hospitality, and dedication will be shared with her personally. We are proud to have team members who create such memorable experiences for our guests.

Thank you once again for your valuable feedback and continued trust in Rixos Premium Belek. We look forward to welcoming you back for your third stay and another exceptional holiday experience.

Kind regards,

Rixos Premium Belek Hotel Management",9 reviews,Ci9DQUlRQUNvZENodHljRjlvT2xCSk1GZEpTbnBVTFdJellVaDNObXczTjBRd00zYxAB
Ashley Hoban,5.0,,a month ago,2026-07-05,,"Dear Ashley Hoban,

Thank you very much for your 5-star rating and for choosing Rixos Premium Belek. … More",,Ci9DQUlRQUNvZENodHljRjlvT2sxWlRuTmtlRmhtUkZJM05GODVjV1EyTFV0T1VtYxAB
David Dunmore,5.0,Best Hotel ever! Never been to a hotel like this in my life!,a month ago,2026-07-05,,"Dear David Dunmore,

Thank you very much for your amazing review and kind words. … More",2 reviews,Ci9DQUlRQUNvZENodHljRjlvT2t0TmJETmtjVmxHWms5Q2VrRnhjSEptYjJOaWFXYxAB
Lola Er,5.0,,a month ago,2026-07-05,,"Dear Lola Er,

Thank you very much for your 5-star rating and for choosing Rixos Premium Belek. … More",,Ci9DQUlRQUNvZENodHljRjlvT2taQ2RGQldia1JrUjIxU1UxVmFTbTAyUTJwaVZHYxAB
Peter Haas,5.0,We like everything,a month ago,2026-07-05,,"Dear Peter Haas,

Thank you very much for your wonderful review and 5-star rating. … More",2 reviews,Ci9DQUlRQUNvZENodHljRjlvT2pKNk5ucERNRlpGY0ZwQmFWVlNVWEEzZDNkaVFWRRAB
Gabriel Aydin,5.0,Great hotel for families with small children,a month ago,2026-07-05,,"Dear Gabriel Aydin,

Thank you so much for your wonderful review and kind words. … More",Local Guide · 15 reviews · 2 photos,Ci9DQUlRQUNvZENodHljRjlvT2kxR2FGSlBOMnhFWTJseE9EUndOMWR0VERaVmVVRRAB
George Skinner,5.0,Fantastic service!,a month ago,2026-07-05,,"Dear George Skinner,

Thank you very much for your kind review and 5-star rating. … More",1 review,Ci9DQUlRQUNvZENodHljRjlvT25ZemFYZDBOR2hXTW5wdWRrWmpZV1o0Um04NVpsRRAB
James Manning,5.0,Proper service. Can’t fault it.  Medìa should get a pay rise,a month ago,2026-07-05,,"Dear James Manning,

Thank you very much for your wonderful review and kind words. … More",6 reviews,Ci9DQUlRQUNvZENodHljRjlvT2paeFRESktUMFJZTTJSWVozWmhZekpsVm05U2QyYxAB
Courtney Anderson,5.0,Nuraiym has been extremely helpful and has been an asset to the resort. When we requested food and drinks she personally sorted this out for us! She also made sure our stay at pool side was a great experience,a month ago,2026-07-05,,"Dear Courtney Anderson,

Thank you very much for your wonderful review and kind words. … More",13 reviews,Ci9DQUlRQUNvZENodHljRjlvT25KWVpGVlJNSEIwTWxkc1VHODJlRWRLY2xCNloyYxAB
jens pieper,5.0,We like peoples restaurants service food and the manager Türker bey and Mansoor they have amazing service and thank you for our assistant Nebila is very helpful.,a month ago,2026-07-05,,"Dear Jens Pieper,

Thank you very much for your wonderful review and for sharing your experience at … More",1 review,Ci9DQUlRQUNvZENodHljRjlvT2pobGRXVldRM0kxVm1seWFHbDBSMVY0VFVRMlFXYxAB
Iulian Tinca,5.0,,a month ago,2026-07-05,,"Dear Iulian Tinca,

Thank you very much for your 5-star rating and for choosing Rixos Premium Belek. … More",1 photo,Ci9DQUlRQUNvZENodHljRjlvT2tkVVRVNW5WaTFRTmxWa2JscHFTVlJVY0hjNVUyYxAB
khaled alshanqiti,5.0,"One of the best hotel and services

Value for money

And you are going to have unforgettable memories with your family

Many thanks for all team members

Including Mr.Mutsafa , Sardar

And all other team members in the hotel",a month ago,2026-07-05,,"Dear Khaled Alshanqiti,

Thank you very much for your wonderful review and kind words.

We are delighted to hear that you enjoyed our services and found your stay to be great value for money. Creating unforgettable family memories is exactly what we strive for, and it is a pleasure to know that we succeeded in making your holiday special.

We also greatly appreciate your recognition of Mr. Mustafa, Sardar, and all our team members. Your compliments will be shared with them and the entire team.

Thank you for choosing Rixos Premium Belek. We look forward to welcoming you and your family again in the future.

Kind regards,

Rixos Premium Belek Hotel Management",3 reviews,Ci9DQUlRQUNvZENodHljRjlvT2xCNlgyRlRNRXB0VEZCdWFXVjBVMDFOWWt0dVMxRRAB
sadece zulal,5.0,"We were very pleased with the staff's attentiveness, the cleanliness, and the food at both the buffet and à la carte restaurants. There's a different event every evening, so you have a very enjoyable time. The venues are nice, the staff are friendly, and we will probably come again :)",a month ago,2026-07-05,,"Dear Zulal,

Thank you so much for your kind review. … More",1 review · 3 photos,Ci9DQUlRQUNvZENodHljRjlvT2xaVFNEaHFiWEZUVTJWVGNXTldlRVp2TWxoS1RFRRAB
Iuliia S.,4.5,"I liked everything except for restaurant reservations, it’s difficult to book.",a month ago,2026-07-05,,,,ChZDSUhNMG9nS0VOM240S2VTZ1BmOVZ3EAE
Sohrab Bahri,4.0,"Rixos Premium Belek is a beautiful and high-quality hotel with excellent facilities. The resort offers great amenities, including large swimming pools and a private beach bar, which make the stay very enjoyable.

The rooms are clean and well-maintained, and the overall hygiene standards are good. The variety of food is also impressive, with plenty of options available throughout the day.

The only downside was that a couple of staff members were not very friendly or professional, but overall the experience was still very good.",a month ago,2026-07-05,,"Dear Sohrab Bahri,

Thank you for your valuable feedback and for taking the time to share your experience at Rixos Premium Belek.

We are delighted to hear that you enjoyed our facilities, cleanliness, food variety, swimming pools, and beach area. It is always a pleasure to know that our guests have had an enjoyable stay with us.

We also appreciate your comments regarding the service experience. Guest feedback is extremely important to us, as it helps us continuously improve our standards and services.

Thank you once again for your kind words and recommendation. We look forward to welcoming you back to Rixos Premium Belek in the future.

Kind regards,

Rixos Premium Belek Hotel Management",Local Guide · 101 reviews · 561 photos,Ci9DQUlRQUNvZENodHljRjlvT2xVeGRXZ3dTRzQzVTFrMlRXMVZWeTFITmw5VGFrRRAB
Sean Hutchinson,5.0,"Been 3 times now, hotel is impeccable in every department, staff friendly and helpful, food fantastic and facilities are great too",a month ago,2026-07-05,,"Dear Sean Hutchinson,

Thank you very much for your wonderful review and for choosing Rixos Premium … More",1 review,Ci9DQUlRQUNvZENodHljRjlvT2tGclVGQlRaa2t6WjNCWVpWZExhalF0YkRZeWVuYxAB
Pawel Muzykiewicz,5.0,Perfect!,a month ago,2026-07-05,,"Dear Pawel Muzykiewicz,

Thank you so much for your 5-star rating and positive feedback. … More",1 review · 4 photos,Ci9DQUlRQUNvZENodHljRjlvT25WWmJ5MTRjMmhWVURWWGNYQXdPVTFqYkZoVFdsRRAB
Jovana Grozdanic,5.0,,a month ago,2026-07-05,,"Dear Jovana Grozdanic,

Thank you very much for your 5-star rating and for choosing Rixos Premium Belek. … More",1 review · 1 photo,Ci9DQUlRQUNvZENodHljRjlvT25GTFVuQlhjWGhtV2xocWN5MXlNWEp4UWxGMFVGRRAB
Sandrushka,5.0,"I love this hotel! It's like a whole country, and everything runs smoothly. You're really in very good hands here! ❤️🇹🇷💪🏽 …",a month ago,2026-07-05,,"Dear Sandrushka,

Thank you so much for your wonderful review and kind words! … More",5 reviews,Ci9DQUlRQUNvZENodHljRjlvT2xVelRtMHRaa1JsT1dJMk4wWnNaVk5XV0dKMk0xRRAB
Florian Duderstaedt,5.0,,a month ago,2026-07-05,,"Dear Florian Duderstaedt,

Thank you for your 5-star rating and for choosing Rixos Premium Belek. … More",11 reviews,Ci9DQUlRQUNvZENodHljRjlvT25KSlpubERSM2t5TkhadmVuSlVSWEp1YVVSSWRYYxAB
Tolgahan Deniz,5.0,Super Hotel ❤️❤️❤️,a month ago,2026-07-05,,"Dear Mr. Tolgahan Deniz,

Thank you for your kind review and 5-star rating. … More",10 reviews · 2 photos,Ci9DQUlRQUNvZENodHljRjlvT25samMyTmZWakJ6TVRWTU5FVkROM0pUU3poS1ZsRRAB
Ayşenaz ÇAM (Diyetisyen),5.0,,a month ago,2026-07-05,,"Dear Ayşenaz ÇAM,

Thank you for your 5-star rating of Rixos Premium Belek. … More",,Ci9DQUlRQUNvZENodHljRjlvT21wQmQycEZlVE5zVkZwdmFWWktlSEZCUW5BMlkzYxAB
Limit Agencija,5.0,,a month ago,2026-07-05,,"Dear Guest,

Thank you very much for taking the time to rate your experience at Rixos Premium … More",,Ci9DQUlRQUNvZENodHljRjlvT2xOSll6RkljMWRhTVhWS1EyUTJaRnB3Y1ZCRGQyYxAB
Lehel Burány,5.0,,a month ago,2026-07-05,,"Dear Lehel Burány,

Thank you very much for taking the time to rate your experience at Rixos Premium … More",Local Guide · 38 reviews · 49 photos,Ci9DQUlRQUNvZENodHljRjlvT21OM2VISjBURXhTYldkbFIxSkNTaTFEWVVzMVQzYxAB
Nela Hornjak,5.0,"Service, location...food drink, stuff, enterteiment, beach pavillons. Excellent",Edited a month ago,2026-07-05,,"Dear Nela Hornjak,

Thank you very much for your wonderful review and for awarding us a perfect … More",1 review,ChdDSUhNMG9nS0VJQ0FnSUNPcHUtVnpnRRAB
Gülyüz Topcu,5.0,Everything was wonderful and delicious. Ms. Yıldız took great care of us. Thank you very much.,a month ago,2026-07-05,,"Dear Ms. Gülyüz Topcu,

Thank you for your valuable feedback and kind comments. … More",3 reviews,Ci9DQUlRQUNvZENodHljRjlvT2pOME9XSk5kMUZvU20xNWRVaEZOV2RWYjJVM1ZtYxAB
Emir Yalçı,5.0,"We had a wonderful holiday at the Rixos Hotel.
The activities at Rixy Club were a lot of fun. I especially want to thank Fatma for her attention.",a month ago,2026-07-05,,"Dear Mr. Emir Yalçı,

Thank you for your valuable feedback. … More",1 review,Ci9DQUlRQUNvZENodHljRjlvT2xsdlNqaGxNMjVMZGpWa2VuWnVZVEpIUkdwVVJIYxAB
Стас Дешевой,5.0,"The hotel is simply the best, the staff is kind, they even listened to my story about the man paddling, the rooms are good",Edited a month ago,2026-07-05,1,"Dear Stas Deshevoy,

Thank you for such a warm review of your stay at Rixos Premium! We are delighted … More",2 reviews,ChZDSUhNMG9nS0VJQ0FnSUNMdklqc2JnEAE
Junaid,5.0,Love this place! I also want to say Emine has been very helpful with everything!,a month ago,2026-07-05,,"Dear Junaid,

Thank you very much for taking the time to share your wonderful feedback and for … More",5 reviews,Ci9DQUlRQUNvZENodHljRjlvT2pCQmVXdEpVRUp4TFdOamVHUk1jRXByUkVGUE1rRRAB
Fatjon Hoxhalli,5.0,,a month ago,2026-07-05,,"Dear Fatjon Hoxhalli,

Thank you very much for taking the time to rate your experience at Rixos Premium … More",4 reviews · 8 photos,Ci9DQUlRQUNvZENodHljRjlvT2paUmNFMUpkMEZYZUhvdGF6ZE5hVWQ1TVcxeVVVRRAB
umesha Perera,5.0,,a month ago,2026-07-05,,"Dear Umesha Perera,

Thank you very much for taking the time to rate your experience at Rixos Premium … More",,Ci9DQUlRQUNvZENodHljRjlvT21aUFVFRmljbWN0TTFCcVkybzFTMGRCZW1aTlUwRRAB
Hasret Can,5.0,,a month ago,2026-07-05,,"Dear Hasret Can,

Thank you very much for taking the time to rate your experience at Rixos Premium … More",,Ci9DQUlRQUNvZENodHljRjlvT2twMVpWTktObm93ZW1wRllsWldhalZGWXpkcFJrRRAB
eda tuncay,5.0,The rooms are very nice. The staff are very attentive and friendly.,a month ago,2026-07-05,,"Dear Eda Tuncay,

Thank you for your valuable feedback and for choosing Rixos Premium Belek. … More",3 reviews · 1 photo,Ci9DQUlRQUNvZENodHljRjlvT21KT04waDVWMFJWTUZFd09WWkxPR3RVYUVwWFNXYxAB
erçin erşahin,5.0,,a month ago,2026-07-05,,"Dear Mr. Erçin Erşahin,

Thank you so much for taking the time to review your experience at Rixos Premium … More",,Ci9DQUlRQUNvZENodHljRjlvT2tsRU0xOWhOakZtTms5d01IbHFiRVJJVTBZMGVVRRAB
Seyit Sen,5.0,,a month ago,2026-07-05,,"Dear Mr. Seyit Sen,

Thank you very much for taking the time to review your experience at Rixos … More",Local Guide · 32 reviews · 20 photos,Ci9DQUlRQUNvZENodHljRjlvT25BelRtNVpUMFUwY0c1T1lWUkJjMVpHVWpKZmNrRRAB
nareman bataineh,5.0,,a month ago,2026-07-05,,"Dear Nareman Bataineh,

Thank you very much for taking the time to rate your experience at Rixos Premium … More",2 reviews,Ci9DQUlRQUNvZENodHljRjlvT2xsdVQwdGFZM1E1WkcxSk0zcDNOSEJHZUhac1FrRRAB
Mukesh Talwar,5.0,Great hotel! Fantastic staff who really care about the guests. Lots to do on the resort so you will always be occupied both during the day and night,a month ago,2026-07-05,,"Dear Mukesh Talwar,

Thank you very much for taking the time to share your wonderful feedback and for … More",3 reviews,Ci9DQUlRQUNvZENodHljRjlvT2w4NVowMUxMV1pRZUhsaFZsQXdSWFZaVjI1V1dHYxAB
Jessica Bhaseen,5.0,"Phenomenal stay at such a wonderful hotel

What a fantastic hotel! The staff are amazing and are doing a fabulous job. From the moment you arrive till check out, the staff went above and beyond.

I would definitely be recommending this hotel to family and friends and will be back for a return trip.",a month ago,2026-07-05,,"Dear Jessica Bhaseen,

Thank you very much for taking the time to share your wonderful feedback and for choosing Rixos Premium Belek.

We are truly delighted to hear that you had a phenomenal stay and that our team made such a positive impression on you throughout your visit. Your kind words regarding our staff and their dedication to providing exceptional service mean a great deal to us.

It is especially rewarding to know that you would recommend our hotel to your family and friends and are considering a return visit. Feedback like yours is the greatest motivation for our entire team.

We sincerely look forward to welcoming you back again soon for another memorable stay at Rixos Premium Belek.

Warm regards,
Rixos Premium Belek Management",3 reviews,Ci9DQUlRQUNvZENodHljRjlvT2twSmRVSmxNWEZIVlMxUGJuSkpkMlpPUVVwbFRXYxAB
Onur Keskin,5.0,My family and I came for 5 days and we had a wonderful time.,a month ago,2026-07-05,,"Dear Mr. Onur Keskin,

We are delighted that you and your family enjoyed a pleasant 5 days at Rixos … More",Local Guide · 21 reviews · 3 photos,Ci9DQUlRQUNvZENodHljRjlvT2swelJtRkJiWGR0VlVOdVdubExhbXcwUzFSNlYwRRAB
