Kullanıcı Adı,Puan (Yıldız),Yorum Metni,Tarih (Metin),Tarih (Yaklaşık),Beğeni,İşletme Yanıtı,Kullanıcı Yorum Sayısı,Yorum ID
Lisa,5.0,"Lovely hotel, the service is fantastic and the variety of drinks available is superb. The decor of the hotel is definitely 5 star standard. I would recommend the hotel to anyone.",11 minutes ago,2026-08-04,,,1 review,Ci9DQUlRQUNvZENodHljRjlvT21abFlWbG9Sbkk1WW5OSVdYSXRNREYyUTE5V1VXYxAB
Jenny Birch,4.0,"Lovely hotel, lovely staff, great service, a bit limited in the evenings.",21 minutes ago,2026-08-04,,,,Ci9DQUlRQUNvZENodHljRjlvT2t4cWMyMVpPVjlrVmxKU2VFbHFTMk55YWtOaE9YYxAB
Fiona Berg,5.0,Great hotel with excellent service. 👍 Definitely recommend it!,2 hours ago,2026-08-04,,"Dear Fiona Berg,

First of all, thank you for taking the time to share your valuable feedback with us.
We are delighted to learn that you were satisfied with the services provided by our hotel, the quality of our service, and your overall holiday experience.
It will always be our pleasure to welcome you again, and we hope to see you again in the near future.

Kind regards,
CRM MANAGEMENT",1 photo,Ci9DQUlRQUNvZENodHljRjlvT20xNlgySktRMUF5TUVndFNTMVBRVzEzU1dOdU9VRRAB
pascale wauman,5.0,Large hotel. Very busy though. Friendly welcome. Food good.,13 hours ago,2026-08-03,,"Dear Pascale Wauman,

Thank you very much for taking the time to share your valuable feedback with us.

We are very pleased to hear that you were satisfied with the hospitality of our staff and the quality of the food during your stay, and that you generally enjoyed your holiday.

We would be happy to welcome you back anytime and hope to greet you again in the near future.

Kind regards,

CRM MANAGEMENT",2 reviews,Ci9DQUlRQUNvZENodHljRjlvT21GMlpEaE1PWHBST1VaTVJVRnJaM2xqYldGRlUyYxAB
jack collins,5.0,Lovely stay cannot fault a single thing will definitely be coming back,14 hours ago,2026-08-03,,,1 review,Ci9DQUlRQUNvZENodHljRjlvT2w5NmJrSTJRamxOY1V3NFoyeG9VMmxCVG1vMVJuYxAB
Алла Ким,5.0,,15 hours ago,2026-08-03,,,6 reviews · 15 photos,Ci9DQUlRQUNvZENodHljRjlvT25RMlFWSkxkSGwxZVcxek0zcFdjbEp2UjJOTWVWRRAB
Slm B,1.0,"Avoid this place, reception is awful. Not the place it used to be.
Stayed before in 2019, 2021 and 2022. Our last time is 2026.
We are a family of 5 (2 adults and 3 kids 10, 9 and 3 years old), we booked 2 standard rooms for all of us and the reservation details clearly state that.
At arrival the reception refuses to give us our room keys because they pretend that the reservation of 2 rooms is only for 2 adults. No solution but to pay extra 600 eur.

They are just horrible, and reception is awful.",Edited 16 hours ago,2026-08-03,,,Local Guide · 138 reviews · 53 photos,ChZDSUhNMG9nS0VJQ0FnSUNhbnQzd1B3EAE
Ayşe Acar,5.0,"This was one of the most enjoyable vacations we've had in a long time. Titanic Golf Belek is a hotel that makes its guests feel special from the moment they arrive. First and foremost, they are truly impeccable in terms of cleanliness. The rooms are extremely spacious, airy, and meticulously cleaned every day.

One of the things that impressed us most was the attentiveness of the staff. Without exception, everyone was smiling, polite, and solution-oriented. We thank the entire team for making us feel at home.

The food was simply magnificent. In terms of variety, taste, and presentation, it far surpassed many hotels we've stayed in. We had difficulty deciding what to eat at each meal. At this point, we would especially like to thank Mr. Muharrem, the Manager responsible for the restaurants and à la carte sections. Thanks to his smiling face, attentiveness, and the importance he places on guest satisfaction, we truly felt valued. Businesses with such managers make a difference in every way.

The pools and beach were very clean, tidy, and enjoyable. The hotel's location is also very advantageous. It's a facility where every detail is carefully considered, and guest satisfaction is truly prioritized.

I wholeheartedly recommend it to anyone planning a vacation. As we were leaving, we were discussing when we would return. We sincerely thank the entire Titanic Golf Belek family, especially Mr. Muharrem, for their efforts.",17 hours ago,2026-08-03,,,,Ci9DQUlRQUNvZENodHljRjlvT201NlVHRk1Xa0ZSVGtSMWEyUkVRVkJmY2w5aFluYxAB
Noveed Rehman,5.0,"Great hotel, very large and spacious. Our 4 year old son loved. Elif from guest services was great too! We would definitely come back in a heartbeat next year.",18 hours ago,2026-08-03,,,8 reviews,Ci9DQUlRQUNvZENodHljRjlvT2s1Mk1WVmxWemhvTXpGWE5DMXpiV1kwTjJKbmVHYxAB
Alban Afmeti,5.0,,18 hours ago,2026-08-03,,,Local Guide · 11 reviews · 7 photos,Ci9DQUlRQUNvZENodHljRjlvT2xabFdteFlkSE5oTm5sWVRUUkRjRmw1VTJwRGVVRRAB
Alexandra Baicu,5.0,,18 hours ago,2026-08-03,,,,Ci9DQUlRQUNvZENodHljRjlvT21ZMWMxOW5UeTFsYldGU2QyRk9aVnBrWkVKcFUxRRAB
Felix Miske,5.0,"We (family of three) had a wonderful family vacation at Titanic Deluxe Golf Belek

Our absolute highlight were the beach cabanas. A special thank you to Mustafa, Ali, and the entire team. The service was exceptional from morning until evening.

In fact, there was only one “problem”: the team took such great care of us that we regularly had to tell them, with a smile, that we didn’t need anything just yet. 😅

As someone who usually starts burning the moment I look at the sun, the cabanas were a game changer. Thanks to the shade, the comfortable setup, and the fantastic service, I was finally able to spend entire days at the beach with my family—while rather decadently enjoying snacks and drinks throughout the day.

The resort is beautiful, family-friendly, and the staff genuinely care about making your stay special. We’d happily come back.",18 hours ago,2026-08-03,,,6 reviews · 4 photos,Ci9DQUlRQUNvZENodHljRjlvT25GbVh6UmpRMU5ZVVhZd1UzVkRZa2hQZUc5SE9FRRAB
Rebecca H,5.0,Brilliant holiday!,18 hours ago,2026-08-03,,,,Ci9DQUlRQUNvZENodHljRjlvT2t0UmFWTXphek5DWWpkTFMzaHNSbWhIYlZoUU9HYxAB
D B,1.0,"Avoid this place, reception is awful. Not the place it used to be.
Stayed before in 2019, 2021 and 2022. Our last time is 2026.
We are a family of 5 (2 adults and 3 kids 10, 9 and 3 years old), we booked 2 standard rooms for all of us and the reservation details clearly state that.
At arrival the reception refuses to give us our room keys because they pretend that the reservation of 2 rooms is only for 2 adults. No solution but to pay extra 600 eur.

They are just thieves, and reception is awful.",20 hours ago,2026-08-03,,,Local Guide · 10 reviews,Ci9DQUlRQUNvZENodHljRjlvT2pablIwbENUM3BHVFd4RmNsQjJSSFI0YjJwRWVHYxAB
hakan bozan,1.0,"We stayed at the Titanic Deluxe Golf Belek for 5 nights. We chose this hotel because we thought we would receive quality service for the high price we paid. However, unfortunately, we were greatly disappointed due to many negative experiences we had throughout our stay.

First of all, the food was far below our expectations. The buffet offered almost no change throughout the days. We constantly encountered the same dishes, and they were not satisfying in terms of taste. At this standard and price level, we would expect a much richer, more varied, and higher-quality cuisine.

We constantly encountered a strange situation; it seemed to be the chefs, who were very aggressive and disrespectful to the staff. It was very upsetting.

We experienced another problem by the pool. The number of sunbeds is insufficient for the hotel's capacity. Finding an empty sunbed is almost impossible unless you reserve one early in the morning. Having to constantly search for a sunbed instead of relaxing during your vacation is unacceptable.

The most bothersome issue for me was the valet parking service. Despite specifically requesting that my car not be left in the sun, it was left outdoors in the sun for three full days. Despite repeated reminders, the situation remained unchanged. It was truly disappointing to see such careless valet service at a hotel of this caliber.

Furthermore, the fact that many services were extra charges at this ""all-inclusive"" hotel, which charges quite high prices, was also disappointing. There was a significant difference between the service we expected before our vacation and what we actually experienced.

I am writing this review solely to share our true experience. However, given its current state, I do not intend to choose this hotel again and would advise those planning a vacation on this budget to consider alternative options.",a day ago,2026-08-03,,,5 reviews · 4 photos,Ci9DQUlRQUNvZENodHljRjlvT2xWclQwdFVWR2h6YUdSUU4zUjFWM04yUkhBeGVVRRAB
TUNC BSLP,5.0,"This is a facility we've been visiting regularly for the past 5 years. The quality remains consistent; the service is as friendly as it was on day one, the food is delicious, and the hygiene is meticulously maintained. An additional note regarding the sports team: The team members I've known from previous years, along with the new additions, are always active, friendly, and fun. There are many enjoyable activities with high participation rates; it's unlikely you'll get bored. We'd like to thank Elif Hanım from Guest Services for her assistance.",Edited a day ago,2026-08-03,,"Dear Guest TUNC BSLP,

First of all, thank you for taking the time to share your experiences with us and Google readers. We are very happy that you were satisfied with the facilities and service quality offered by our hotel.
On behalf of the Titanic Deluxe Golf Belek family, we wish you happy and healthy days and would like you to know that we would be delighted to welcome you again.

Sincerely,
CRM MANAGEMENT",1 review,Ci9DQUlRQUNvZENodHljRjlvT25ST056Sm9NRGhwYmtNMGRtY3liM3BKV0ZCc05XYxAB
Rahymberdi Rahiyew,5.0,,a day ago,2026-08-03,,"Dear Rahymberdi Rahiyew ,

First of all, we would like to thank you for taking the time to evaluate your stay at our hotel.
We are delighted to learn that you were satisfied with the services provided during your stay and that you had an enjoyable holiday overall.
It would be our pleasure to welcome you back to our resort at any time.

Kind regards,
CRM MANAGEMENT",3 reviews · 2 photos,Ci9DQUlRQUNvZENodHljRjlvT2twc1RtSkZlVVJrYVhWaFN6Wm1Ua2xQYjBJNFRIYxAB
Dragon_Fire,5.0,"I stayed at the hotel on July 31, 2026. The food was excellent, the rooms were clean, and the staff was friendly. I really enjoyed everything. I'll definitely stay here again in the future.",a day ago,2026-08-03,,,,Ci9DQUlRQUNvZENodHljRjlvT2tsQ01tTXdTM2t6YTAxUVdGcDFXVEpFWlY5dU1VRRAB
LAYTH MOHAMMED,5.0,,a day ago,2026-08-03,,"Dear LAYTH MOHAMMED,

First of all, we would like to thank you for taking the time to evaluate your stay at our resort.
We are delighted to learn that you were satisfied with the services provided during your stay and that you had an enjoyable holiday overall.
It would be our pleasure to welcome you back to our resort at any time.

Kind regards,
CRM MANAGEMENT",2 photos,Ci9DQUlRQUNvZENodHljRjlvT25nelFWb3lYeTE1WlRKbk4xWm5jbHBMTjI1WFJsRRAB
Pinar Pekmez,5.0,,a day ago,2026-08-03,,"Dear Guest, Ms. Pinar Pekmez

Thank you for taking the time to rate our property with a high score. We are very pleased that you were generally satisfied with your stay.

We would be happy to welcome you again soon and hope to see you again...

Sincerely,
CRM MANAGEMENT",1 review,Ci9DQUlRQUNvZENodHljRjlvT2trd2VXUXlUREJVY0ZoWmRWQlFSVE55UVhoSFUwRRAB
Onur Onur,5.0,,a day ago,2026-08-03,,"Dear Guest Mr. Onur Onur,

First of all, thank you for taking the time to review your stay at our facility.
We are very pleased that you were satisfied with the services offered by our facility and your holiday in general.
We would be happy to see you again soon.

Sincerely,
CRM MANAGEMENT",Local Guide · 29 reviews · 6 photos,Ci9DQUlRQUNvZENodHljRjlvT21GSE5HazJha3BZWnpGMVJVVjFOV2gzZEZVdFJYYxAB
Ceyda Keskin,5.0,"Everything was great, we were very pleased.",a day ago,2026-08-03,,"Dear Guest, Ms. Ceyda Keskin

Thank you very much for taking the time to share your feedback with us. We are pleased that you were satisfied with the services offered by our facility and with your holiday in general.

We would be happy to welcome you again soon and hope to see you again...

Sincerely,
CRM MANAGEMENT",,Ci9DQUlRQUNvZENodHljRjlvT2s5MVlYUXRZMWxKV0VOcVdXZGhaREJzUmtGS1VYYxAB
Firat Tapar,5.0,"Everything was great, we were very pleased.",a day ago,2026-08-03,,"Dear Guest, Mr. Firat Tapar

Thank you for taking the time to share your feedback with us. We are very pleased that you were satisfied with the services offered by our facility and with your holiday in general.

We would be happy to welcome you again soon and look forward to seeing you again...

Sincerely,
CRM MANAGEMENT",,Ci9DQUlRQUNvZENodHljRjlvT2w5WVNqRkZXRUYzZFhaU2MxUmFXbVYxYTFRMFdIYxAB
A Google User,5.0,Fantastic meal tonight Hasir al carte tonight server Gulzada absolutely brilliant service!,a day ago,2026-08-03,,"Dear Google Kullanıcısı,

Thank you for taking the time to share your feedback with us. We are delighted to hear that you were satisfied with the services offered by our hotel, the quality of our food, our à la carte restaurant, and the service provided during your stay, and that you enjoyed your holiday overall.

We are always happy to welcome you and look forward to seeing you again in the near future.

Kind regards,
CRM MANAGEMENT",,Ci9DQUlRQUNvZENodHljRjlvT2xKVlRFVkJkMG81V0dORlgxTkZTMmhuTkRnME1WRRAB
Runar Aligozhin,5.0,,a day ago,2026-08-03,,"Dear Guest Mr. Runar Aligozhin

First of all, thank you for taking the time to review your stay at our facility.
We are very pleased that you were satisfied with the services offered by our facility and your holiday in general.
We would be happy to see you again soon.

Sincerely,
CRM MANAGEMENT",,Ci9DQUlRQUNvZENodHljRjlvT2s1SFRHRlBZa3htTFRCM1FtNHdTVjgxUlhKNFRuYxAB
Esma Atmaci,5.0,"We were very pleased with the Kids Club. The children had a great time, everything was wonderful.",a day ago,2026-08-03,,"Dear Guest, Ms. Esma Atmaci

Thank you for taking the time to share your feedback with us. We are very pleased that you enjoyed the Kids Club services offered by our facility and your holiday in general.

We would be happy to welcome you again soon.

Sincerely,
CRM MANAGEMENT",2 reviews,Ci9DQUlRQUNvZENodHljRjlvT2pOWk5WTlpkSFp3WjFkME56Sk5XRmwxZVRSTE1HYxAB
lee,5.0,"Myself and my family had a fantastic holiday at the titanic deluxe and are already planning on returning next year.
Regards, Lee",a day ago,2026-08-03,,"Dear Guest Lee,

Thank you very much for taking the time to share your wonderful feedback with us.

We are delighted to hear that you and your family had such a fantastic holiday at Titanic Deluxe. Knowing that you are already planning to return next year is the greatest compliment we could receive and a true source of motivation for our entire team.

It was our pleasure to host you, and we sincerely appreciate your trust in choosing our hotel for your family holiday. We look forward to welcoming you back next year and providing you with another memorable stay filled with exceptional service and unforgettable experiences.

Kind regards,

CRM Management",,Ci9DQUlRQUNvZENodHljRjlvT2paM1pXSTNVVk01TlhOR2JtNVZjRzFKVm5FMGNIYxAB
Ali anar,5.0,,a day ago,2026-08-03,,"Dear Guest, Mr. Ali Anar

Thank you for taking the time to rate our facility with a high score. We are very pleased that you were generally satisfied with your holiday.
We would be happy to welcome you again soon and hope to see you again in the near future...

Sincerely,
CRM MANAGEMENT",Local Guide · 2 reviews,Ci9DQUlRQUNvZENodHljRjlvT213Mloxb3liemM0ZERkWVIzTTFjblEzWXpkaGFVRRAB
Cüneyt Yatkin,5.0,"The guy working at Emrullah Pool Bar on roller skates was truly amazing! His friendly smile, energy, and quick service made our experience so much more enjoyable. He provides service both professionally and very skillfully on his roller skates. His attention and friendliness towards guests are commendable. Employees like him make a place special. Thank you so much for your hard work, we would love to see you again when we come back. You definitely deserve 5 stars!",a day ago,2026-08-03,,"Dear Guest Cüneyt Yatkin,

First of all, thank you for taking the time to share your experience with us and for your valuable comments.

We are extremely pleased that you were satisfied with the friendly, energetic, and professional service of Emrullah, who works in our Aqua Pool Bar team. It is a great source of motivation for us that you appreciate the efforts of our team members who work selflessly to provide our guests with an unforgettable holiday experience.

We will gladly share your kind words and appreciation with Emrullah. The fact that he provided you with enjoyable moments and that you wish to see him again on your next visit is a source of great happiness for us.

We would be delighted to welcome you again soon and hope to accompany you with the same high-quality service on your next holiday.

Sincerely,

CRM Management",5 reviews,Ci9DQUlRQUNvZENodHljRjlvT2xGSWFVMUJOa2xrWkhoMGMwWlJMVGxFVDFSaWRuYxAB
Volkan,5.0,"A special thank you to Gamze from Pastane Terrace at Titanic Deluxe Golf Belek.

Gamze is always friendly, professional, and incredibly attentive. She immediately asks what we would like to drink and always takes the time to ask my children about their wishes as well. Her excellent service stood out during our stay in 2025, and once again in 2026 she continues to provide the same outstanding hospitality.

She is a true asset to the hotel. Thank you, Gamze!",2 days ago,2026-08-02,,"Dear Volkan ,

Thank you for taking the time to share your feedback with us. We are delighted to hear that you were pleased with the service provided by our team and that you were satisfied with your holiday overall.

We are always happy to welcome you, and we look forward to seeing you again soon.

Kind regards,
CRM MANAGEMENT",Local Guide · 11 reviews · 1 photo,Ci9DQUlRQUNvZENodHljRjlvT2psTFRsWTNSVlYzVWtvMlN6ZFlkVTAwVkU0eVluYxAB
Gizem Ozmen,5.0,"We would especially like to thank Ms. Gamze (pastry shop and terrace). She has been serving with the same cheerful demeanor, professionalism, and hospitality for years.

She always prioritizes customer satisfaction, anticipating and addressing guests' needs even before they are expressed. She constantly monitors empty glasses and clears the table very quickly when necessary. This ensures you always feel valued and comfortable.

She is a hardworking, cheerful, and extremely service-oriented employee who does her job with great care. Such staff are truly a great asset to a business.

Ms. Gamze is truly a star, and she has consistently demonstrated this for years. We believe she deserves recognition for her hard work; she definitely deserves a promotion.

Thank you very much for everything. Thanks to such valuable employees, we want to come back again and again.",2 days ago,2026-08-02,,"Dear Guest, Ms. Gizem Ozmen

Thank you for taking the time to share your feedback with us. We are delighted that you were satisfied with the services offered by our facility, the attention of our staff, and your overall holiday.

We would be happy to welcome you again soon.

Sincerely,
CRM MANAGEMENT",5 reviews,Ci9DQUlRQUNvZENodHljRjlvT25kek5rNTNjbXBxVFRaVU1VeFhWVGhUUTFJdFgxRRAB
gaye ilgöy,1.0,Hookah too expensive! 45 euros for a hookah?!,2 days ago,2026-08-02,,,3 reviews,Ci9DQUlRQUNvZENodHljRjlvT2pWQ1NuQlplWEJHTUdkdVVEbFBTbDlPVldOT2JWRRAB
Bero N,5.0,,2 days ago,2026-08-02,,"Dear Guest, Mr. Bero N.

Thank you very much for taking the time to rate our hotel with a high score. We are very pleased that you were generally satisfied with your stay.

We would be happy to welcome you again. We hope to see you again soon...

Sincerely,
CRM MANAGEMENT",Local Guide · 60 reviews · 36 photos,Ci9DQUlRQUNvZENodHljRjlvT2xwWVRtODBSMUJHUjNSeWNFNDJkbUZSUWpoYWNWRRAB
tuuba ozen,5.0,,2 days ago,2026-08-02,,"Dear Guest, Ms. Tuuba Ozen

Thank you for taking the time to rate our property with a high score. We are very pleased that you were generally satisfied with your stay.

We would be happy to welcome you again. We hope to see you again soon...

Sincerely,
CRM MANAGEMENT",3 reviews,Ci9DQUlRQUNvZENodHljRjlvT2tSM1RVOXRVa2hTV0cwM2FVUkVOMVJrTUhaM1VrRRAB
Seda Belli,5.0,"We went 5 years ago and were very satisfied. We are planning to go again this summer. The only downside is that you have to take a train or a boat to get to the sea, which wasn't a problem for me.",Edited 2 days ago,2026-08-02,,"Dear Valued Guest, Ms. Seda Belli

Thank you for taking the time to share your feedback with us. We are delighted that you were satisfied with the services offered by our facility and with your holiday in general.

We would be happy to welcome you again soon.

Sincerely,
CRM MANAGEMENT",Local Guide · 12 reviews · 8 photos,Ci9DQUlRQUNvZENodHljRjlvT2tkVlF6WkNUVzFSUkZORlJrdE5WbVJKTmxKRFpXYxAB
Fatma Sipahioglu Orman,5.0,Everything was wonderful. The cleanliness and food quality were excellent. The kids club staff were incredibly attentive; the children didn't want to leave the club. It was a hotel experience we would very much like to return to.,2 days ago,2026-08-02,,"Dear Guest, Ms. Fatma Sipahioglu Ormano

Thank you for taking the time to share your feedback with us. We are very pleased that you were satisfied with the services, cleanliness, quality of food and beverages, the attention of our Kids Club team, and your overall holiday during your stay.

We would be happy to welcome you again. We look forward to seeing you again soon...

Sincerely,
CRM MANAGEMENT",3 reviews,Ci9DQUlRQUNvZENodHljRjlvT2s1UFpYQXlVRTl1VTIxRU4wUjZMVGxMY1dGb2RFRRAB
özlem Kacar,1.0,"We stayed at the Titanic Belek Hotel as a family and were extremely disappointed. The hotel and the rooms are completely outdated and run-down – from the bathroom fixtures to the showers.

Particularly shocking and dangerous: On the very first day, as we entered the room, the shower door fell out of the cubicle and landed on my son! Immediately afterward, the safe in the room stopped working. It wasn't just dead batteries – after numerous visits from a technician, the safe ultimately had to be completely replaced. As a result, I had to carry all our passports and all our cash around the hotel for two days.

Furthermore, the room for four people is an absolute disgrace. It's extremely small (estimated at 20 square meters) and offers virtually no space.

The food was somewhat acceptable, but the same thing every day, with no variety.

Overall, a very disappointing stay. We absolutely cannot recommend this hotel!",2 days ago,2026-08-02,,"Dear Guest,

First of all, we would like to thank you for taking the time to share your feedback with us. If we have fallen short of your expectations in any area – even unintentionally – we sincerely apologize.

Before being handed over to our guests, all our rooms are carefully checked for cleanliness and technical functionality. Only after we have confirmed that there are no deficiencies in these areas are the rooms made available for use.

Upon reviewing your reservation documents, we determined that you were assigned the room category you booked, which is 39 m². Nevertheless, we are very sorry that the room size or category did not meet your expectations.

Both positive and critical feedback is very important to us. Your feedback has been forwarded to the hotel management for evaluation and to further improve our service quality.

Sincerely,
CRM Management",1 review,Ci9DQUlRQUNvZENodHljRjlvT2tablVYcFRSREJyYkZaVVEwNW1VMDUzYUVSdVVrRRAB
Saw Post,5.0,"This isn't my first time at the hotel, and one of the biggest advantages is the kids' club, which the kids don't want to leave.
The relatively new internet policy is so-so, as you don't have a room; you feel like a caveman.
And a huge thank you to Tatyana (who is the service representative) who was always helpful with any issues that arose.",2 days ago,2026-08-02,,"Dear Saw Post guest!

Thank you for choosing Titanic Deluxe Golf Belek again and taking the time to share your experience.

We are delighted to hear that your children are enjoying their time in our Kids' Club and are eager to get back to you. Feedback like this is truly a reward for our team.

We also appreciate your feedback regarding internet access prior to your room. We understand that staying connected is important to our guests, and your comment will be passed on to our management for review and evaluation.

We would also like to express our sincere gratitude to our colleague, Tatyana, from the Guest Service Department. We will be sure to pass on your appreciation to her. We are delighted to know that her attentive service and helpfulness made your stay even more enjoyable.

We look forward to welcoming you and your family back to Titanic Deluxe Golf Belek and making your next vacation even more enjoyable.

Sincerely,
CRM Management",1 review · 5 photos,Ci9DQUlRQUNvZENodHljRjlvT2xCT2RFdEhTMjFUZG0wemVXdExYM3AxYjFKRkxWRRAB
Yiğit Gül,5.0,"We were very pleased. The service at the lobby bar was excellent, Mr. Umut, the cocktails were fantastic, and Ms. Elif from guest service was very helpful. Thank you for your hospitality, I will definitely come again.",2 days ago,2026-08-02,,"Dear Valued Guest, Mr. Yiğit Gül

Thank you for taking the time to share your feedback with us. We are delighted that you were satisfied with the services offered by our facility during your stay, especially the quality of service and hospitality, and your overall holiday. We would be happy to welcome you again soon and look forward to seeing you again...

Sincerely,
CRM MANAGEMENT",2 reviews,Ci9DQUlRQUNvZENodHljRjlvT2pCb1FtNTVlaTAyVWxScFFVTjNaelV0YzFOd2JGRRAB
Алина Касимова,5.0,"The hotel is large, beautiful, has a large selection of drinks and delicious food, a great morning program, great animation, and an amazing evening show. I recommend this hotel to everyone. 🫶",2 days ago,2026-08-02,,"Dear guest, Alina Kasimova,

Thank you for taking the time to share your impressions of your stay.

We are truly delighted to learn that you enjoyed our hotel grounds, the variety of drinks, our delicious cuisine, as well as our morning entertainment program and evening shows. Our team greatly appreciates knowing that you were satisfied with your stay and are willing to recommend our hotel to others.

We look forward to welcoming you back to our hotel and making your next vacation just as memorable.

Sincerely,
CRM Management",,Ci9DQUlRQUNvZENodHljRjlvT2xacmVEaEZXVGxoYTJGTVpVbDZZMlZCYlhkUlpWRRAB
Дарья Чегаровская,5.0,Everything is just great!!!! I recommend it,2 days ago,2026-08-02,,"Dear guest, Daria Chegarovskaya,

Thank you for your wonderful review and for recommending Titanic Deluxe Golf Belek to other travelers.

We are delighted to learn that your vacation was wonderful and met your expectations. Your kind words are the best reward for our entire team and inspire us to continue creating unforgettable experiences for our guests.

We look forward to welcoming you back to Titanic Deluxe Golf Belek and making your next vacation just as wonderful.

Sincerely,
CRM MANAGEMENT",,Ci9DQUlRQUNvZENodHljRjlvT2xNelZ6TjFaRzlCU1MxSVltNUNUVTFQV0dScFNWRRAB
Алиса Юркова,5.0,"Excellent hotel, this is our second time on holiday with our family, we like everything!",2 days ago,2026-08-02,,"Dear guest, Alisa Yurkova,

Thank you for choosing Titanic Deluxe Golf Belek and taking the time to share your experience.

We are delighted to learn that this is your second time vacationing with us with your family and that you were delighted with your stay. We are honored to welcome our regular guests again, and your kind words are the best reward for our entire team.

We look forward to welcoming you and your family back to Titanic Deluxe Golf Belek and will do everything we can to ensure your next vacation is just as enjoyable and unforgettable.

Sincerely,
CRM MANAGEMENT",,Ci9DQUlRQUNvZENodHljRjlvT2xodExXbG1WbFZ5VDJobFowZFdPV0Z5Um5WdlgxRRAB
A Ya,2.0,"Two weeks ago, we stayed again at the Titanic Deluxe Belek. We had stayed at this hotel three years ago as well and were quite satisfied then. Therefore, our expectations were quite high this year. Unfortunately, however, the hotel was a big disappointment for us this time.

I think the quality of service has seriously declined in recent years. We unfortunately did not see the service and quality expected from a 5-star hotel this year.

We generally disliked the food this time. We felt that the preparation of the food was not as high-quality and meticulous as before. We were particularly dissatisfied with the service of the waiters in the Hasır Restaurant. Some waiters were quite cold, indifferent, and even arrogant. They gave the impression of considering themselves superior to the guests. Moreover, this attitude was not only towards adults but also towards children.

The hygiene in the restaurant was also a major negative point for us. While eating, we saw food on the floor and even ants crawling on it. Encountering such a sight during a meal was truly unpleasant. We would expect much more attention to cleanliness and hygiene in a 5-star hotel. This is a complete zero for us.

We also had problems with beverage service several times. For example, several people are sitting at a table, and one of us gets up to get food. The waiter comes and asks what we want to drink. For example, we ask for three drinks, but then only two are brought. This happened several times. This gave us the impression that they were trying to save money on beverage service.

Another negative point is that they no longer provide bottled or canned drinks. Drinks are poured into glasses elsewhere and brought to you, and you can't even see what brand they are. Frankly, we expect a much different and higher quality service from a 5-star hotel.

The only positive thing we can say is that the staff at the Kids Club were very friendly and attentive to the children. We thank them for that.

Overall, our experience this year was very different from our experience three years ago. We hope the hotel takes this feedback seriously. Because we think the current service, hygiene, and hospitality are not befitting a 5-star hotel.

We hope these issues will be corrected in the future.",2 days ago,2026-08-02,,"Dear Guest,

First of all, thank you for taking the time to share your feedback regarding your stay.
We sincerely apologize for the fact that we may not have fully met your expectations in some areas during your holiday. Guest feedback is of great importance to us in order to continuously improve the services we offer.
At Titanic Deluxe Golf Belek, we always prioritize the health, safety, and comfort of our guests. In this regard, all our practices regarding hygiene, food safety, and general facility cleanliness are carried out within the framework of international standards; they are regularly inspected by our relevant departments, and all necessary precautions are meticulously implemented.
Regarding the pest issue you mentioned in your feedback, due to the location of our facility in a forested area and by a river, environmental conditions can sometimes cause such situations arising from nature. Although comprehensive pest control and inspection work is carried out regularly by professional and authorized companies, it is unfortunately not possible to completely eliminate the presence of insects and pests, which are a part of natural life. However, we continuously strive to ensure the highest level of comfort for our guests. Your feedback regarding service quality has been carefully considered. Maintaining service standards befitting our brand is one of our top priorities. In this context, necessary evaluations will be conducted with our relevant department managers, and our efforts to continuously improve service quality will continue with determination. In line with our brand's quality policy and feedback from our guests, our facility concept, services, and practices are updated in detail every season; the most up-to-date information is shared with our guests through both our partner agencies and our official communication channels. In addition, our Guest Assistant team is pleased to provide all possible support to guests who may have any requests or expectations during their stay, within the framework of our facility concept. Our aim is to ensure that our guests have the most enjoyable and comfortable holidays. All your opinions and suggestions have been shared with our facility's senior management and relevant departments for evaluation, in accordance with our quality standards. Thank you once again for your feedback, and we hope to have the opportunity to welcome you back to our facility in the future and provide you with an even more enjoyable holiday experience.

Sincerely,
CRM MANAGEMENT",12 reviews · 1 photo,Ci9DQUlRQUNvZENodHljRjlvT2tVMlZXRndPRU14V1dWRFVFRklibTV4VlZWR1VYYxAB
Zeb Mughal,5.0,"So we came in this hotel first time last Saturday the 25th July all i can say is we had a great time from arrival to departure all the staff were amazing including restaurants area, around pools area, and around the beach area everyone gave us warm welcome very very clean, toilets were very clean although hotel was full with guests, we will come back here without any thinking. Thank you so much for all your hospitality.",2 days ago,2026-08-02,,"Dear Zeb Mughal,

Thank you for taking the time to share your feedback with us. We are delighted that you were satisfied with the services offered by our hotel during your stay, especially the cleanliness, hospitality of our team and the overall quality of your holiday. We will be happy to welcome you among us again and look forward to seeing you in the nearest future.

Kind regards,
CRM MANAGEMENT",9 reviews,Ci9DQUlRQUNvZENodHljRjlvT2tkcVQyWmhOVzFVZUdOZmJGZE5NbFpsZHpCQmFsRRAB
Halit Aktas,4.0,"Visited for the second time, unfortunately the staff has deteriorated; they are very uninterested. The first time was much better.",3 days ago,2026-08-01,,"Dear guest Halit Aktaş,

Thank you very much for taking the time to share your experiences with us. We greatly appreciate your feedback.

First of all, we would like to thank you for choosing our hotel again. It is always a great pleasure to welcome our returning guests, and we strive to provide the same high quality of service during every stay.

We are sincerely sorry to hear that your recent experience did not meet your expectations and that you perceived our staff as less engaged than during your first stay. Your comments are of great value to us, as they help us to continuously improve our services.

We would have greatly appreciated it if you had informed us during your stay of the points that required your attention. We could then have taken immediate action to resolve the situation and make your holiday as pleasant as possible.

We sincerely hope that you will give us the opportunity in the future to regain your trust and offer you a stay that fully meets your expectations.

Kind regards,

CRM Management",Local Guide · 17 reviews · 7 photos,Ci9DQUlRQUNvZENodHljRjlvT2xKTk0xODNVaTEzV0doMVExcE9ZbUl4UVZabWRGRRAB
emrah aytemiz,5.0,"The hotel was wonderful in every way, especially we would like to thank Ms. Songül from the animation team.",3 days ago,2026-08-01,,"Dear Guest, Mr. Emrah Aytemiz

Thank you for taking the time to share your feedback with us. We are very pleased that you were satisfied with the services offered by our facility, our animation services, and your holiday in general. We would be happy to welcome you again soon and hope to see you again in the near future...

Sincerely,
CRM MANAGEMENT",5 reviews · 4 photos,Ci9DQUlRQUNvZENodHljRjlvT21OQlZDMHlNRWRQWlhaNVprcERjR1ZhWm5CeFFWRRAB
Sabrina Uteubaeva,5.0,"We had a wonderful time at the hotel. The staff was friendly and helpful, and the service was excellent. Special thanks to the entertainment team – they were energetic, kind, and made our stay even more enjoyable!",Edited 3 days ago,2026-08-01,,"Dear Guest Sabrina Uteubaeva,

Thank you for your positive feedback on your stay at Titanic Deluxe Golf Belek.

We sincerely appreciate your trust and are delighted that you had a wonderful stay.

We look forward to welcoming you back!

Sincerely,
CRM Management",2 reviews · 1 photo,Ci9DQUlRQUNvZENodHljRjlvT21OSFIyTjZWVUZZU0dkd1FVVk5UekJsVGs1alFXYxAB
Liv Dorgee,5.0,"Fantastic hotel, melek on guest services is great.",3 days ago,2026-08-01,,"Dear Guest  Liv Dorgee ,

Thank you very much for your wonderful feedback. We are delighted to hear that you had a fantastic stay with us.

Your kind words about Melek from our Guest Services team mean a great deal. We will be sure to share your compliments with her, as she will be delighted to know that her efforts made a positive impact on your experience.

We truly appreciate your recommendation and look forward to welcoming you back for another memorable stay in the near future.

Kind regards,
CRM Management",1 review,Ci9DQUlRQUNvZENodHljRjlvT214S2NrWnBYMWhXV0ZWdVJXeGFWVmhDV214a2RWRRAB
Sophia Moran,5.0,Thank you so much to this beautiful hotel and their staff for everything they have done in the hotel,3 days ago,2026-08-01,,"Dear Guest Sophia Moran,

Thank you very much for your kind words and for sharing your appreciation with us. We are delighted to hear that you enjoyed your stay and that our hotel and team contributed positively to your experience.

Your satisfaction and happiness are our greatest motivation. We truly appreciate your support and look forward to welcoming you back for another wonderful stay in the future.

Kind regards,
CRM Management",2 reviews,Ci9DQUlRQUNvZENodHljRjlvT2xZeFVVNWtjR3R6YkZGaE1qbGtiVXhRTldsTWVtYxAB
Nuri K,5.0,"The staff is super friendly and attentive to everyone. The rooms are spacious and clean. The food is varied, high-quality, and served hot. The Kikoa Club for kids is definitely recommended for families with children. There are many activities available, and they treat your children with care. The hotel is 100% highly recommended!!",3 days ago,2026-08-01,,"Dear Guest Nuri K,

Thank you very much for your wonderful review and for sharing your experience. We are delighted to hear that you enjoyed the friendliness and attention of our staff, the spacious and clean rooms, and the varied, high-quality meals.

We are especially pleased that your children had a great time in the Kikoa Kids Club. We strive to offer our youngest guests a safe, fun, and unforgettable holiday.

Your recommendation means a lot to us. We hope to welcome you and your family back in the future for an unforgettable stay.

Kind regards,

CRM Management",5 reviews,Ci9DQUlRQUNvZENodHljRjlvT2pWRWFrUmFZMlZ3V2pKelFXdzNSR0pHY21ORVJIYxAB
Tuğçe Akkan,5.0,I'm very pleased with the animators' work; they are very open and responsive. We will definitely be back next year as a family 🫶🏻,3 days ago,2026-08-01,,"Dear Guest Tuğçe Akkan,

Thank you very much for your valuable comment and kind words. We are very happy that you were pleased with our animation team and appreciated their sincere and attentive approach.

We will be delighted to welcome you and your family again next year. We wish you unforgettable memories on your next holiday.

Sincerely,
CRM Management",1 review · 1 photo,Ci9DQUlRQUNvZENodHljRjlvT25KV1drRktiSFpzU0dkc1RVRjJiREJ1UkRWWU5XYxAB
МАГОМЕД ИДРИСОВ,5.0,,3 days ago,2026-08-01,,"Dear Guest Magomed Idrisov,

Thank you for your high rating on Google. We are delighted that your experience at our hotel was positive.

Your support and kind words are greatly appreciated by our entire team. We look forward to welcoming you back and making your next stay even more unforgettable.

Sincerely,
CRM Management",,Ci9DQUlRQUNvZENodHljRjlvT21kdWFtOUlXRUZXT1haWWRsZHVTWEl0U2t4WmVsRRAB
Саид Гаджиев,5.0,,3 days ago,2026-08-01,,"Dear Guest Said Gadzhiev,

We sincerely thank you for your excellent rating and for sharing your experience by leaving us 5 stars on Google. We are honored to receive such high praise from our guests.

We appreciate your trust and support, which inspire our team to continue to provide a high level of service and hospitality.

We look forward to welcoming you back to our hotel and offering you even more wonderful experiences on your next visit.

Sincerely,
CRM Management",,Ci9DQUlRQUNvZENodHljRjlvT2xObVkzTkVlRlozU3pWemRrNXZXR3gwT1RSRE4xRRAB
Riyad Mahrez,5.0,The hotel's animation team is very flexible and friendly. The games are varied and lots of fun.,3 days ago,2026-08-01,,"Dear Guest Riyad Mahrez,

Thank you so much for your wonderful review and for sharing your experience with us. We are delighted to hear that you were satisfied with our animation team and especially appreciated their flexibility, friendliness, and the variety of activities.

Your positive feedback is a great motivation for our entire team. We are very pleased that our offerings contributed to an enjoyable and pleasant stay.

We hope to welcome you back again soon and provide you with more wonderful holiday moments.

Sincerely,

CRM Management",Local Guide · 13 reviews,Ci9DQUlRQUNvZENodHljRjlvT2paMVltUTJNbVpITFd4cFdXc3daRnBPYWxsdlNuYxAB
Emre Baha Cizreli,3.0,"Overall, we had a great time at the resort, but there are some areas that could be improved.

The cocktails at the Pier Bar and Beach Bar were excellent, and the waiters were very attentive. The easy ordering via QR codes on the sun loungers was a really successful and useful feature. Service was generally fast; we waited a maximum of about 15 minutes for our orders. We enjoyed the pizza, pasta, hamburgers, waffles, and ice cream on the beach. The evening shows were also enjoyable; the Ghost House show was particularly successful. The regular collection of used towels was also a nice touch.

However, despite using the same recipes, the quality of the cocktails varied significantly from bar to bar. We found the cocktails at the Olympic Bar particularly poor. There was no waiter service at the salt pool in front of the Bali House swim-up rooms. The room lighting was insufficient, and although the air conditioning was constantly running, the room wasn't as cold as we wanted, and the shower water even splashed inside the room. There were a lot of flies at the resort.

The deli items at breakfast were insufficient. Croissants, pastries, and desserts lacked product names or ingredient information. I couldn't eat an item I bought without knowing it contained cinnamon. Although the main restaurant had many tea and coffee options, they didn't have Turkish coffee. The bread in the snack bar at 24 Bistro was also stale.

At Jacaranda Bar, it was disturbing that a waiter repeatedly ignored us and focused on foreign guests. We also got the impression that foreign guests received more attention throughout the resort, with the expectation of tips.

The map and directions were very inadequate. It was quite difficult for a first-time guest to find their way around the resort. At check-out, we weren't asked how our vacation went or if we had any complaints.

The aquapark was nice, but all the slides were single-person. There could have been options for two-person slides.

Overall, the resort has some positive aspects, but improvements are needed in room comfort, signage, food information, and equal service for all guests.",3 days ago,2026-08-01,,"Dear Guest, Mr. Emre Baha Cizreli;

Thank you for taking the time to share your feedback with us.
We are very pleased that you were satisfied with the services offered by our facility, our bars, the quality of our service, our food and beverage options, our entertainment activities, and your holiday in general.
We apologize if we unintentionally failed to meet your expectations in other areas. Your feedback and suggestions have been carefully reviewed and shared with our relevant departments and senior management to further improve the quality of our services.
We would be happy to welcome you again soon and hope to see you again...

Sincerely,
CRM MANAGEMENT",2 reviews · 1 photo,Ci9DQUlRQUNvZENodHljRjlvT2pkWVkydDFRbVZVWmxaYU5XUjVXVUZ4UlY5eVIwRRAB
Semih,5.0,,3 days ago,2026-08-01,,"Dear Guest, Mr. Semih,

Thank you very much for taking the time to rate our facility with a high score. We are very pleased that you were generally satisfied with your holiday. We would be happy to welcome you again soon and hope to see you again in the near future...

Sincerely,
CRM MANAGEMENT",,Ci9DQUlRQUNvZENodHljRjlvT2xKWlVIWlNiR3MyYm1Wb2JDMHlaMU5OZUhONVNHYxAB
Самира,5.0,The animation team was so fun. The entertainment was also a lot of fun. Thank you for everything.,3 days ago,2026-08-01,,"Dear guest Samira,

Thank you for taking the time to share your impressions of your stay at our hotel.

We are truly delighted to learn that you enjoyed the work of our animation team and that the entertainment program provided you with a wonderful experience. Your kind words are a great encouragement to our colleagues, and we will be sure to convey your gratitude to them.

We look forward to welcoming you back to Titanic Deluxe Golf Belek and making your next vacation just as unforgettable.

Sincerely,
CRM MANAGEMENT",,Ci9DQUlRQUNvZENodHljRjlvT25kb1dUUjZaRlphUVdob01XaFpTSGRIZFdkNU5WRRAB
Амина Байсагурова,5.0,,3 days ago,2026-08-01,,"Dear Amina Baysagurova,

Thank you for your high rating on Google. We are delighted that your experience at our hotel was positive.

Your support and kind words are greatly appreciated by our entire team. We look forward to welcoming you back and making your next stay even more unforgettable.

Sincerely,
CRM Management",,Ci9DQUlRQUNvZENodHljRjlvT25KallVRnRTMk42VHpkT1oxazFiM1ZzVFVsb1FuYxAB
Asya Soylu,5.0,Titanic Deluxe Golf Hotel is everything and more! You physically couldn't ask for anything more from a hotel. Buffet is 10/10 everyday all day. Entertainment team is fantastic and the service is superb. Second time visiting and it definitely did not disappoint.,3 days ago,2026-08-01,,"Dear Asya Soylu,

Thank you for taking the time to share your feedback with us. We are very pleased to hear that you were satisfied with the quality of our food, entertainment services, our staff, and your holiday in general. We are always happy to welcome you, and we hope to see you again very soon.

Kind regards.
CRM MANAGEMENT",1 review,Ci9DQUlRQUNvZENodHljRjlvT2tKUmEycEpTVlEzUlVGemRteHVVblJYTWpJMlFWRRAB
Tilly,5.0,The entertainment was amazing! All the shows that me and my family watched were great and the staff were extremely friendly.,3 days ago,2026-08-01,,"Dear Tilly,

Thank you for taking the time to share your feedback with us. We are very pleased to hear that you were satisfied with our entertainment services, our staff, and your holiday in general. We are always happy to welcome you, and we hope to see you again very soon.

Kind regards.
CRM MANAGEMENT",,Ci9DQUlRQUNvZENodHljRjlvT21KNFUyMUxkelZ0Y1c5U1dFRnBjblpRYkRsYWQxRRAB
Nicola Hughes,5.0,Had a wonderful music lesson with Songul today for my son. He really enjoyed the lesson and has got on so well with her teaching. Very great service x x,3 days ago,2026-08-01,,"Dear Nicola Hughes,

Thank you for taking the time to share your feedback with us. We are very pleased to hear that you were satisfied with our entertainment activities, our staff, and your holiday in general. We are always happy to welcome you, and we hope to see you again very soon.

Kind regards.
CRM MANAGEMENT",2 reviews · 1 photo,Ci9DQUlRQUNvZENodHljRjlvT21kSWNtaHpkR1pOVFdoWmJHRmthbTVuV1hGaGRVRRAB
habib şükür,5.0,,3 days ago,2026-08-01,,"Dear Guest, Mr. Habib Şükür

Thank you for taking the time to share your feedback with us. We are very pleased that you were satisfied with the services provided by our facility, the attention of our staff, and your overall holiday. Your valuable comments and suggestions have been shared with our relevant departments for consideration. We would be happy to welcome you again soon and hope to see you again in the near future...

Sincerely,
CRM MANAGEMENT",2 reviews,Ci9DQUlRQUNvZENodHljRjlvT2tOQmJGQlhiQzF5V0ZwcVEzTlZVRWxDZFdOeVNuYxAB
boliver lubey,5.0,,3 days ago,2026-08-01,,"Dear boliver lubey,

Thank you for taking the time to rate our property so highly. We are delighted to learn that you were generally satisfied with your holiday.

It would be our pleasure to welcome you back at any time, and we look forward to seeing you again in the near future.

Kind regards,
CRM Management",1 review,Ci9DQUlRQUNvZENodHljRjlvT2tkUlgxbHhPWGxyZG10aVh6UjJVbE5mYTNZemIwRRAB
Markyl018,5.0,Very nice!😁 Hüseyin rest waiter (diverso) best waiter. And Rosa best administrator,3 days ago,2026-08-01,,"Dear Markyl018,

 Thank you for taking the time to share your feedback with us. We are very pleased to hear that you were satisfied with the service provided by our staff and your holiday in general. We are always happy to welcome you, and we hope to see you again very soon.

Kind regards.
CRM MANAGEMENT",,Ci9DQUlRQUNvZENodHljRjlvT21KUFFWWklPR1JXVTNSTWRtOW9OVXAyYUVSMlkwRRAB
Caner Ayçiçek,5.0,,3 days ago,2026-08-01,,"Dear Guest, Mr. Caner Ayçiçek

Thank you for taking the time to rate our facility with a high score. We are very pleased that you were generally satisfied with your holiday.
We would be happy to welcome you again soon and hope to see you again in the near future...

Sincerely,
CRM MANAGEMENT",Local Guide · 42 reviews · 72 photos,Ci9DQUlRQUNvZENodHljRjlvT2xjeFZpMVJNbmxRYkZWQ2JGUlhTbUpwU0VRd09YYxAB
Ayhan Üngördü,5.0,"I've been to this hotel many times. It's a hotel I choose because of its spacious grounds, good aqua park, and delicious food. The fact that you can reach the beach by boat or train from the mainland at Beşgöz Stream must be unique to this resort. The large area and the abundance of places to visit are advantages. I recommend it; you'll be satisfied...",4 days ago,2026-07-31,,"Dear Guest, Mr. Ayhan Üngördü

Thank you for taking the time to share your feedback with us. We are very pleased that you were satisfied with the services offered by our facility, our aquapark, the quality of the food, and your overall holiday during your stay.

We would be happy to welcome you again soon and look forward to seeing you again...

Sincerely,
CRM MANAGEMENT",1 review · 2 photos,Ci9DQUlRQUNvZENodHljRjlvT25sNFdFbE5aVU5FYjBob1lWUmxNMjVEUWs5NWIyYxAB
Kos Al,1.0,"We were very disappointed. The hotel and grounds are beautiful, but the service, hygiene, and cleanliness are very poor. The staff are very unprofessional and unfortunately not well-trained. The staff in the mini club stare and laugh at you afterward; this happened very often, as we observed. The pool was very dirty; we all caught a virus. The plates in the main restaurant smelled of eggs. The cleaning lady was very pushy and forced us to leave the room so she could clean. The quality and staff were very poor. It was very disappointing because we were so looking forward to our vacation and needed to relax. Unfortunately, we experienced more stress than relaxation.",4 days ago,2026-07-31,,"Dear Guest,

First of all, we would like to express our regret that we were unable to fully meet your expectations during your stay.

To better understand and thoroughly investigate the points you raised, we would appreciate some further information from you. Unfortunately, the username you provided does not allow us to clearly identify you.

The issues you mentioned are of great importance to us and are taken very seriously in accordance with our quality standards. Therefore, we kindly ask you to update your review and provide us with information that will allow us to identify your profile. Alternatively, you are welcome to contact us directly via our hotel's official email address so that we can discuss your concerns with you personally and review them carefully.

We would greatly appreciate your feedback and thank you in advance for your cooperation.

Sincerely,
CRM Management",Local Guide · 10 reviews,Ci9DQUlRQUNvZENodHljRjlvT2twU1VFZEpRemQ1U21sVWVYRnRSV1Z1YVRGSFNHYxAB
ışıl koçak,4.0,"We stayed at the beginning of July. It's a very nice and clean hotel. The food was really good. The mini club was more than adequate. The only thing I can criticize about the hotel was the attitude of the staff when you went to get something by the pool or the sea. They didn't even respond when you thanked them, and generally they didn't even look at you. This is not befitting a hotel with this concept.
Finally, when we were checking out, they didn't bring our car, saying ""Your car is over there (get it yourselves)"" and left :) In short, we recommend that they choose their staff more carefully. Thank you.",4 days ago,2026-07-31,,"Dear Guest, Ms. Işıl Koçak

Thank you for taking the time to share your feedback with us.
We are very pleased that you were satisfied with the services offered by our facility, the quality of our meals, our Mini Club service, and your holiday in general.
We would like to express our regret regarding the experiences you had at the pool, beach, and during the check-out process. Your valuable feedback has been shared with our relevant departments and is being considered in order to further improve our service quality.
We would be happy to welcome you again soon and hope to see you again...

Sincerely,
CRM MANAGEMENT",Local Guide · 13 reviews,Ci9DQUlRQUNvZENodHljRjlvT2kxUFVWVkdjRGRrUjFVd1VuazFZekYzUVRac1ZuYxAB
Magtymguly Tm,5.0,"The hotel is wonderful, Melek is a super assistant",4 days ago,2026-07-31,,"Dear Guest Magtymguly Tm,

Thank you for your wonderful review and high rating of our hotel. We are very pleased that you enjoyed your stay and appreciated the work of our employee, Melek.

We will be sure to pass on your kind words to her – it is very important for our team to know that your care and attention to our guests is appreciated.

We look forward to welcoming you back to our hotel and making your next stay just as enjoyable and unforgettable.

Sincerely,
CRM Management",,Ci9DQUlRQUNvZENodHljRjlvT2twVlJXOHlYM00wYkcxQmRtVjNVVEU1VW1ZMmEzYxAB
Ömer Horoz,5.0,"I would like to express my sincere thanks to Ms. Betül at the Kids Club who looked after our baby during our Titanic Deluxe Golf Belek experience. Seeing such professional, friendly, and dedicated staff enhances the quality of our vacation. Our baby had a wonderful and fun time with Ms. Betül. We also thank Ms. Yağmur at the Kids Club for her attention and sincerity. Ms. Zeliha at the bar was also very helpful with her smiling face and pleasant conversation. As I mentioned in the reviews, appreciating and increasing the number of staff will lead to a higher level of service quality and a more positive vacation experience for both you and us.",4 days ago,2026-07-31,,"Dear Guest Mr. Ömer Horoz,

Thank you for taking the time to share your feedback with us. We are very pleased that you were satisfied with the services offered by our facility, the attention of our Kids Club team, the hospitality of our staff, and your overall holiday.
We would be happy to welcome you again soon and hope to see you again in the near future...

Sincerely,
CRM MANAGEMENT",1 review,Ci9DQUlRQUNvZENodHljRjlvT2tOdWRGQkxZMDUwY1RoMFlUZEdTMjlvTVhNeFFrRRAB
Hausdesdoenersffm,5.0,The animation team was excellent. Everyone was very attentive. We had a lot of fun at the activities.,4 days ago,2026-07-31,,"Dear Guest Mr./Ms. Hausdesdoenersffm,

Thank you for taking the time to share your feedback with us. We are delighted that you were satisfied with the services offered by our facility, our animation team, our activities, and your holiday in general.
We would be happy to welcome you again soon and look forward to seeing you again...

Sincerely,
CRM MANAGEMENT",,Ci9DQUlRQUNvZENodHljRjlvT21Wek5uTlhTVmRYWlVocU5YWkJkRzV2T1hCTFpVRRAB
Nilay Bodur,5.0,"Great hotel, entertainment is amazing. Kids Club is great for the kids. Food is great in the hotel. Good atmosphere.",4 days ago,2026-07-31,,"Dear Nilay Bodur ,

Thank you for taking the time to share your feedback with us. We are very pleased to hear that you were satisfied with the services offered by our hotel, the entertainment, the Kids Club, the quality of the food, and your overall holiday experience.
We would be delighted to welcome you back again and hope to see you again in the near future...

Kind regards,
CRM MANAGEMENT",3 reviews,Ci9DQUlRQUNvZENodHljRjlvT2pKR1duWnZjWFpmU1ZaeFIwbGlRbmwwYlhseloyYxAB
ömer arda toptaş,5.0,"I've been coming to this hotel for 5 years and I really like it. All the staff are friendly, very good at their jobs, and attentive. But I would like to add that the sports animators' entertainment, inviting us to activities, and encouraging us was wonderful. Thanks to them, we had a great time, both on vacation and doing sports. Thank you very much to the sports animators. And I would like to add that the evening events, DJ performances, and live music were incredibly beautiful and fun. We will continue to come every year.",Edited 4 days ago,2026-07-31,,"Dear Guest Ömer Arda Toptaş,

Thank you for entrusting your holiday to Titanic Deluxe Golf Belek and for sharing your kind feedback with us.

Learning that our guests are satisfied with the services we provide is very motivating for us.

We hope to see you again and wish you a pleasant day.

Sincerely,

CRM MANAGEMENT",1 review,Ci9DQUlRQUNvZENodHljRjlvT25aQmVIQnJZMVpKVFc5SldFUmZVMHRoTkVoRmJIYxAB
Mary McDonnell,5.0,,4 days ago,2026-07-31,,"Dear Mary McDonnell ,

First of all, we would like to thank you for taking the time to evaluate your stay at our resort.
We are delighted to learn that you were satisfied with the services provided during your stay and that you had an enjoyable holiday overall.
It would be our pleasure to welcome you back to our resort at any time.

Kind regards,
CRM MANAGEMENT",1 review,Ci9DQUlRQUNvZENodHljRjlvT21KQmMzVXlVMVkzTUhCYWEzRjBiV3N3VUVrelNsRRAB
Daniel Jacklin,3.0,If you’re looking for a real 5 star this is not for you. The reception / check in let the entire hotel down and this should be the first impression of a hotel which claims to be 5 star. The rest of the staff are brilliant although sometimes towels missing after cleaners have been in etc. The grounds and facility’s are good but maybe a little tired. Make sure you take this all into account when booking compared to what you are paying.,4 days ago,2026-07-31,,"Dear Daniel Jacklin,

Initially we would like to thank you for taking the time to share your feedback with us. We sincerely appreciate your comments and would like to apologize if we were unable to meet your expectations in certain aspects of your stay.
We are delighted to learn that, overall, you were pleased with the hospitality and friendliness of our team members throughout your stay.
According to the information gathered during our internal review, our team contacted you during your stay and discussed the concerns you shared in an effort to address them appropriately.
In line with our quality standards, your valuable feedback has been shared with our senior management team for further evaluation and consideration.
It would be our pleasure to welcome you back in the future and provide you with an even more enjoyable holiday experience.

Kind regards,
CRM MANAGEMENT",2 reviews,Ci9DQUlRQUNvZENodHljRjlvT2xwR2JITlhPRVZFYlhCWVVtUlBOVVpQTVd0VGJXYxAB
Ercan Oymak,1.0,"The best thing about the hotel (this is our 4th visit) is Hakan Gülergün. What a cheerful, kind, polite, and skilled bartender! I'd say don't lose this guy… We're waiting for Hakan to come and drink cocktails with him! ❤️🖐️ I'll leave my other comments in another review so as not to disrespect Hakan.",4 days ago,2026-07-31,,,,Ci9DQUlRQUNvZENodHljRjlvT2s1YVgzbzVSV1ZNZDJWMFp6TmpVVFpQVW1abGRGRRAB
Koray Kacar,1.0,"Disappointment instead of 5-star luxury – outdated, overcrowded, and inadequate service

I absolutely cannot recommend the Titanic Deluxe Golf. Don't be fooled by older, positive reviews – for us as a family of four, the stay was a complete disappointment. You don't feel like a valued guest here, but merely like a number in a mass-market establishment.

The points of criticism in detail:
Unacceptable room size & defects: As a family of four, we were crammed into an extremely small room. Next to the main area, three beds were crammed together – we felt completely trapped. Upon arrival, the safe was broken, and we had to wait ages for a technician instead of being able to enjoy the day by the pool.

Serious safety risk in the bathroom: The most dangerous incident occurred in the shower: The heavy glass door jumped out of its track and almost fell on my son! Furthermore, the ventilation is ineffective, so the entire bathroom is completely soaked and fogged up after every shower. There were also hygiene issues (e.g., dirty light switches/buttons).

Poor service & cleaning: Our assigned ""personal assistant"" merely escorted us to our room – there was no guidance or useful information about the resort. Furthermore, our room wasn't cleaned until 5:00 PM on one occasion, even though we had vacated it at 9:00 AM.

Handling of complaints: Despite numerous serious complaints, the response was laughable. I was simply offered a meal at an à la carte restaurant – and even that was the cheapest of the four restaurants. Given the price range and the issues we encountered, I find this outrageous.

Conclusion & course of the stay: While the gardens are visually appealing and the food tastes okay, this doesn't salvage the overall impression. The hotel is noticeably outdated, run-down, completely overcrowded, and offers absolutely no 5-star experience. We will definitely not be returning.",Edited 4 days ago,2026-07-31,,"Dear Guest,

First of all, we would like to sincerely thank you for taking the time to share your impressions and experiences of your stay with us.

We are truly sorry that we were unable to fully meet your expectations in some aspects during your stay. Please be assured that we have carefully reviewed your feedback.

At Titanic Deluxe Golf Belek, the health and safety of our guests is always our highest priority. For this reason, our rooms undergo a thorough inspection by both our technical team and the relevant departments before being made available to guests. Only after all technical and hygiene checks have been successfully completed are the rooms released for guest occupancy.

Our personal assistance service, in accordance with our hotel concept, is exclusively reserved for guests who have booked a suite category. After reviewing your reservation details, we have determined that the room type you booked does not include this service. Nevertheless, our staff have voluntarily provided this service to you to make your stay even more enjoyable. Our review also revealed that a personal WhatsApp assistant group was set up for you during your stay, and you were regularly informed about the daily program and other relevant information about our hotel.

Our internal records also show that our staff were in contact with you during your stay, addressed your concerns, and took appropriate measures to ensure your satisfaction. We are very sorry that the solutions offered did not meet your expectations.

In accordance with our quality standards, all the points you raised have been forwarded to our hotel management and the relevant departments. Based on this evaluation, the necessary improvements and corresponding steps will be carefully reviewed and implemented.

Thank you again for your valuable feedback. We would be delighted to welcome you back in the future and provide you with a stay that fully meets your expectations.

Sincerely,
CRM Management",Local Guide · 31 reviews · 20 photos,Ci9DQUlRQUNvZENodHljRjlvT2psWGIzQmxTV1Y1ZVhNM05reDVaa0ZuVkY5amMxRRAB
Ozgul Lll,5.0,"This was my first time at the hotel, and we chose it specifically for the services provided for children. The dedicated children's play area and mini-club are incredibly beautiful. It was also my first time being separated from my children, my first time leaving them somewhere else. At first, I was very hesitant, but they are very trustworthy and attentive, very friendly. My daughters are 3 and 7 years old, and they constantly monitor and keep an eye on the 3-year-old. Even though it was my first time leaving my children in an unfamiliar place, I felt very comfortable.",4 days ago,2026-07-31,,"Dear Guest Ms. Ozgul Lll,

Thank you for taking the time to share your feedback with us. We are very pleased that you were satisfied with the services offered by our facility, our kids' club, the attention of our staff, and your holiday in general.
We would be happy to welcome you again soon and hope to see you again in the near future...

Sincerely,
CRM MANAGEMENT",1 review · 5 photos,Ci9DQUlRQUNvZENodHljRjlvT214Q09XSkVYMFJCZVU4NVJWcEJkM0pPTFRSaVVsRRAB
demet nart,5.0,"The hotel and the sea are very far apart. Okay, there are trains and ferries, but it's quite a distance to get there, which was very difficult with two children. My daughter fell asleep by the sea. There was a buggy available, we asked for it, but the employee was very rude. So, I think families with children shouldn't choose this hotel, and neither should those without children because walking in the sun is very difficult. The food was tasty, but very boring; it was always the same things. There was no seafood; they constantly made meatballs and neck kebab. Sometimes cooked, sometimes undercooked, and very dry. So, what they had was tasty, but it was boring... The cleanliness was good, the pool was nice.
A big thank you to the staff in the baby room ❤️ They were very attentive.",4 days ago,2026-07-31,,"Dear Guest Ms. Demet Nart,
Thank you for taking the time to share your feedback with us.
We are very pleased that you were satisfied with the services offered by our facility, the attention of our Kids Club team, and your holiday in general.
We would be happy to welcome you again soon and hope to see you again...
Sincerely,
CRM MANAGEMENT",2 reviews,Ci9DQUlRQUNvZENodHljRjlvT2taaFVWSnBNVFJaVDIxTVVFUlBVRzQyZFdrMGJVRRAB
Ebru Erün-Güven,5.0,"We are very happy with the hotel's Mini Club; the opening hours make it easy for us to take a breather during our holiday. Above all, we escape the midday sun and can therefore keep the children entertained in other ways.

5 stars from us ☺️",4 days ago,2026-07-31,,"Dear Guest,

Thank you for taking the time to share your feedback with us.

We are delighted that you enjoyed your stay with our Mini Club and your holiday in general.

It is always a pleasure to welcome you back. We hope to see you again soon.

Sincerely,

CRM Management",3 reviews,Ci9DQUlRQUNvZENodHljRjlvT2tOdFNEbDBlVmR0U1ZreGNVeFJlSE5YVW1KVmJGRRAB
Gamze Sendeniz,5.0,,5 days ago,2026-07-30,,"Dear Guest Ms. Gamze Korbalta,

First of all, thank you for taking the time to share your holiday experience at our facility with us.
We are extremely pleased that you were satisfied with the services we provided during your stay. Your valuable feedback is of great importance to us.
We will always be happy to welcome you back to our facility.

Sincerely,
CRM MANAGEMENT",3 reviews,Ci9DQUlRQUNvZENodHljRjlvT2psWFpEbDNRWGhtU1Voc1ZHSXhXV3BOWmpjNU5WRRAB
suly alkan,5.0,"I would especially like to congratulate your 7/24 bistro chef, Mr. Yunus. He took great care of us and loves his job. I would also like to thank his team for helping us in every way. As long as you have such wonderful staff, I will continue to choose this hotel.",Edited 5 days ago,2026-07-30,,"Dear Guest Mr. Suly Alkan,
Thank you for taking the time to review your holiday experience at our facility.
We are very pleased that you were satisfied with the services offered by our facility, the quality of the animation, and your holiday in general.
We would be happy to see you again soon.
Sincerely,
CRM MANAGEMENT",2 reviews,Ci9DQUlRQUNvZENodHljRjlvT25CWVRGTklaM2xIUjBsTVNFaEJaelZwT0dGaVEzYxAB
Zelal Asrak,5.0,,5 days ago,2026-07-30,,"Dear Valued Guest Ms. Zelal Asrak,

Thank you for taking the time to review your holiday experience at our facility.
We look forward to welcoming you again.

Sincerely,
CRM MANAGEMENT",3 reviews,Ci9DQUlRQUNvZENodHljRjlvT2tkS1gyeFRWa1JRTVdOc1NWUkdXV1JzUW5aM1ltYxAB
Kübra A.,5.0,,5 days ago,2026-07-30,,"Dear Valued Guest Ms. Kübra A.,

First of all, thank you for taking the time to review your stay at our facility.
We are very pleased that you were satisfied with the services offered by our facility and your holiday in general during your stay as a regular guest.
We would be happy to see you again soon.

Sincerely,
CRM MANAGEMENT",2 reviews · 1 photo,Ci9DQUlRQUNvZENodHljRjlvT21saldHZzBlbXRqVjJ0MGVFdDNjRmhzVUZoQ1gwRRAB
Ioana Negoita,5.0,"We would like to say a huge thank you to our room attendant, **Velime**, for making our stay so special. Every day she cleaned our room to a very high standard and surprised us by arranging our children’s teddy bears on the beds in the sweetest and most creative ways. Those thoughtful little touches made us feel so welcome and truly at home.

On our last day, she absolutely outdid herself with the final teddy bear arrangement—it was such a lovely surprise and a perfect way to end our holiday. Her kindness, attention to detail, and genuine care made a lasting impression on our family.

Thank you, Velime, for making our stay even more memorable. We really appreciate everything you did!",5 days ago,2026-07-30,,"Dear Ioana Negoita,
Thank you for taking the time to share your kind feedback with us. 
We are delighted to hear that you were satisfied with the cleanliness of our rooms, the attention of our team members, and your overall holiday experience.
We will be happy to welcome you among us again at all times.
We look forward to seeing you again soon...
Kind Regards,
CRM MANAGEMENT",3 reviews,Ci9DQUlRQUNvZENodHljRjlvT2xBNGVWcHNjMlJ3ZFRkaE9YcG1lakZ1VlhwaVpuYxAB
Merve Özovacık,5.0,"We would like to thank Mr. Suat and Ms. Ayşe for making us feel special at the Hasır restaurant.
We were pleased with the hotel.",5 days ago,2026-07-30,,"Dear Guest, Ms. Merve Özovacık;

Thank you for taking the time to share your feedback with us.

We are very pleased that you were satisfied with the services offered by our facility, the restaurant service, and your holiday in general.

We would be happy to welcome you again soon and hope to see you again...

Sincerely,

CRM MANAGEMENT",1 review,Ci9DQUlRQUNvZENodHljRjlvT2xoalREVm9Na0ZKY0VkTlYzWlBWVmRGVldoWk1uYxAB
Zulum D,5.0,"A wonderful hotel, perfect for a family vacation. It has everything you need, the grounds are huge, there's so much to do, it's a real paradise for kids! We'll definitely be back.",5 days ago,2026-07-30,,"Dear Guest Zulum D,
Thank you for taking the time to share your impressions with us. We are delighted that you were satisfied with our hotel services, entertainment, grounds, and overall experience.
We look forward to welcoming you back as our guest.
We hope to see you again soon...
Sincerely,
CRM MANAGEMENT",4 reviews · 8 photos,Ci9DQUlRQUNvZENodHljRjlvT25GclJHTnlTbTl2T0hkUWIyNHpVazVFUmt4S1QxRRAB
Humeyra Tunc,5.0,"We stayed 4 nights at this beautiful hotel with friendly staff. The rooms are super clean, as are the swimming pools.

Every day there are activities at the pool; you are well guided by the staff, and mainly by Berk. We participated in various activities such as darts, water polo, etc.

We enjoyed it immensely! I recommend everyone visit this hotel at least once.

A very satisfied visitor with 4 children.",5 days ago,2026-07-30,,"Dear Humeyra Tunc,

Thank you very much for taking the time to share your experiences with us. We are very pleased that you were satisfied with the cleanliness of our rooms, the swimming pools, the activities, and your overall holiday experience.
We would be happy to welcome you back anytime.

We look forward to welcoming you again soon...
Kind regards,

CRM MANAGEMENT",9 reviews,Ci9DQUlRQUNvZENodHljRjlvT213M2JWRnZXVU4yUVdsblNHVTRlRVZZUzFwM1MwRRAB
Zorbey Erkoçkar,5.0,"We've been to every Titanic hotel over the years, and they're all excellent. The service policy is top-notch, and the rooms and cuisine are incredibly enjoyable. Especially the kitchen; it might be a buffet, but you can feel the same à la carte atmosphere and taste in it. The à la carte restaurants are truly amazing, and the facilities are wonderful. The spa facilities are also top-notch; we can say they're top-notch in this business. They're very successful in every location and area they open branches in. Thank you so much for this test of service and hospitality. We've been coming for years and we'll come again.",5 days ago,2026-07-30,,"Dear Guest Mr. Zorbey Erkoçkar,
Thank you for taking the time to share your feedback with us.
We are very pleased that you were satisfied with the services offered by our facility, our gastronomic experience, our spa facilities, and your holiday in general.
We would be happy to welcome you again soon and hope to see you again in the near future...
Sincerely,
CRM MANAGEMENT",Local Guide · 62 reviews · 51 photos,Ci9DQUlRQUNvZENodHljRjlvT2tKRk1WUmxUaTFSVVhBeWExOUNTbVEyYkdjMVFrRRAB
Sude,5.0,"Everything was great, we came with my friends and we want to experience this again 👍🏻",5 days ago,2026-07-30,,"Dear Guest Ms. Sude,
Thank you for taking the time to share your feedback with us.
We are very pleased that you were satisfied with the services offered by our facility and your holiday in general.
We would be happy to welcome you again soon and hope to see you again...
Sincerely,
CRM MANAGEMENT",1 review,Ci9DQUlRQUNvZENodHljRjlvT2xoaFdXMXFMVVJLUkhkR1EzWmpRWGN6V1Y5cWJWRRAB
Иляна Ефремова,5.0,,5 days ago,2026-07-30,,"Dear Ilyana Efremova,
Thank you for taking the time to share your impressions with us.
We are very pleased that you were satisfied with our hotel's services and your overall stay.
We look forward to welcoming you back as our guest.
We hope to see you again soon...
Sincerely,
CRM MANAGEMENT",,Ci9DQUlRQUNvZENodHljRjlvT25jeVUyeGhkVUZ2TTNWTWNrOTJXV2R6VjI5dWVtYxAB
İlayda İlhan,5.0,"A big thank you to Kamile, the cleaning staff member who looked after us while we were staying on the 4th floor 🙏🏽🙏🏽🙏🏽🙏🏽",5 days ago,2026-07-30,,"Dear Valued Guest Ms. İlayda İlhan,

First of all, thank you for taking the time to share your detailed holiday experiences with us.
We are very pleased that you were satisfied with the services provided by our facility, especially the attention of the housekeeping staff, and your holiday in general.
We would be happy to see you again soon.
We hope to see you again in the near future…

Sincerely,
CRM MANAGEMENT",6 reviews,Ci9DQUlRQUNvZENodHljRjlvT2pGT2JIWnNRalpSVW5GeGMyVmhXVWN6TXpBdGFrRRAB
Esra Zahm (EZ1905),5.0,This hotel has captured our hearts for the past two years. Our children can't imagine staying anywhere else.,6 days ago,2026-07-29,,"Dear Valued Guest Ms. Esra Zehm,

First of all, thank you for taking the time to share your detailed holiday experiences with us.
We are very pleased that you were satisfied with the services offered by our facility, the comfort of your room, the hygiene standards of our facility, the services at Kikoa children's club, the quality of the food served, and your holiday in general.
We would be happy to see you again soon.
We hope to see you again soon…

Sincerely,
CRM MANAGEMENT",3 reviews · 10 photos,Ci9DQUlRQUNvZENodHljRjlvT2xGV1QxSTNOSEZDYm1kdFJHRjRUSEEzVmpGRGVFRRAB
Seham Mohammed,5.0,Excellent hotel in terms of service and entertainments,6 days ago,2026-07-29,,"Dear Seham Mohammed,

First of all, we would like to sincerely thank you for taking the time to share your holiday experiences with us.
We are delighted to hear that you were satisfied with the quality of our services and entertainment facilities. It is a great pleasure for us to know that you had an enjoyable and memorable stay at Titanic Deluxe Golf Belek.
We truly appreciate your support and look forward to welcoming you back to our hotel for another memorable holiday.

Kind regards,
CRM Management",8 reviews · 2 photos,Ci9DQUlRQUNvZENodHljRjlvT2t4U1gyaENVbmgwU3kxTU9GbFVaM1Z1ZWtsWlRuYxAB
Kevin Hudson,5.0,"Excellent stay. Staff are amazing.
Premium drinks on offer all day free if charge.
Animation entertainment excellent.",6 days ago,2026-07-29,,"Dear Kevin Hudson,

First of all, we would like to sincerely thank you for taking the time to share your holiday experience with us.
We are delighted to hear that you had an excellent stay at Titanic Deluxe Golf Belek and that you were pleased with the service provided by our team. We are also very happy to know that you enjoyed our premium beverage selection available throughout the day and our outstanding animation entertainment.
We truly appreciate your support and look forward to welcoming you back to our hotel for another memorable holiday.

Kind regards,
CRM Management",2 reviews,Ci9DQUlRQUNvZENodHljRjlvT2sxTFYyUnRibFZHZDIxRVNVdEtXbXRZUzB0MlZtYxAB
Амина Бедраева,5.0,"The animation is good, clean and cool.",6 days ago,2026-07-29,,"Dear Ms. Amina Bedraeva,

Thank you for taking the time to share your impressions of your stay at our hotel.

We are truly pleased to know that you were satisfied with the level of services provided, the quality of the entertainment program, the variety and quality of our food, our high standards of cleanliness, and your overall stay.

We look forward to welcoming you back to our hotel.

Sincerely,
CRM MANAGEMENT",1 review,Ci9DQUlRQUNvZENodHljRjlvT2pVNU0waHhaMjB4Y25WdmRuZEtTV3R5Wm1oTlIwRRAB
Вазира Исабоева,5.0,"We really enjoyed it 🥰 We stayed with 12 friends. The rooms were clean, the shows were varied, and the staff was very helpful.",6 days ago,2026-07-29,,"Dear Vazira Isaboeva,

Thank you for taking the time to share your impressions of your stay at our hotel.
We are truly delighted to hear that you were satisfied with the level of service provided, the cleanliness of your room, the quality of our entertainment programs, the hospitality of our staff, and your overall stay.
We look forward to welcoming you back to our hotel.

Sincerely,
CRM MANAGEMENT",1 review,Ci9DQUlRQUNvZENodHljRjlvT2pScWNIYzFSRlZVWWxWT1QzVnlaWGhHZWpGU1owRRAB
Nasiba Kulsahatova,5.0,"Many thanks to the kids club staff, it was a wonderful experience. We really liked the hotel's food, pools, and shows, and we will definitely come again. The best thing about the hotel was its cleanliness. You can choose it with peace of mind.",6 days ago,2026-07-29,,"Dear Valued Guest Ms. Nasiba Kulsahatova,
Thank you for taking the time to review your holiday experience at our facility.

We are very pleased that you were satisfied with the services offered by our facility, the quality of the food, our hygiene standards, the quality of the shows, the hospitality of our staff, and your holiday in general.

We would be happy to see you again soon.

Sincerely,
CRM MANAGEMENT",1 review,Ci9DQUlRQUNvZENodHljRjlvT21Nd1RGTnlOR3B0YURGQlNVczVkRTExYTNSa01XYxAB
adamkearsley,5.0,"Great hotel, we have been here 2 years on the run.
Amazing facilities, great food, great service!
We enjoyed it so much last year we had to return this year.
Travelled as a family of 5 (2 adults, 3 children (17,13 and 5).
There’s plenty to do, the hotel is beautiful and huge.
Some amazing restaurants on site and the beach.
Good size rooms and decent air conditioning in summer.
We visits 3 à la carte restaurants during our stay and they were all amazing.",6 days ago,2026-07-29,,"Dear adamkearsley,
Thank you for taking the time to share your holiday experience with us.
We are delighted to hear that you were satisfied with the services provided by our resort, the quality of our cuisine, the comfort of your room, and that you enjoyed your holiday overall.
It would be our great pleasure to welcome you back again in the future.

Kind regards,
CRM Management",Local Guide · 8 reviews · 26 photos,Ci9DQUlRQUNvZENodHljRjlvT2xwclNUTktUME4zUjJoU2QwOW9hMUV5U21STldFRRAB
Ahmet Köç,5.0,Thank you everyone for your interest and support.,6 days ago,2026-07-29,,"Dear Guest Mr. Ahmet Köç,
Thank you for taking the time to review your holiday experience at our facility.
We are very pleased that you were satisfied with the services offered by our facility, the hospitality of our staff, and your overall holiday.
We would be happy to see you again soon.
Sincerely,
CRM MANAGEMENT",8 reviews · 2 photos,Ci9DQUlRQUNvZENodHljRjlvT25od2RGQnBjWGxQU0U0eGExOTRlVXhGTWtkSVIzYxAB
Kevin Hopkin,5.0,,a week ago,2026-07-28,,"Dear Kevin Hopkin,
Thank you for taking the time to share your holiday experience at our resort.
We are delighted to learn that you were satisfied with the services provided during your stay. Your kind feedback is greatly appreciated.
It would be our pleasure to welcome you back to our resort at any time.
Kind regards,
CRM MANAGEMENT",1 review · 2 photos,Ci9DQUlRQUNvZENodHljRjlvT2tneWRERnBWMHd3TUU5ZlduUnNWRlJsT0MxRVgzYxAB
Thomas McVey,5.0,"Excellent, clean resort with great staff and facilities. Beksultan thank you for helping us during our stay.",a week ago,2026-07-28,,"Dear Thomas McVey,
Thank you for taking the time to share your holiday experience at our resort.
We are delighted to hear that you were satisfied with the services provided by our resort, our high standards of cleanliness, the hospitality of our team members, and especially the care and attention provided by Mr. Beksultan during your stay.
It would be our great pleasure to welcome you back again in the future.

Kind regards,
CRM Management",Local Guide · 18 reviews · 1 photo,Ci9DQUlRQUNvZENodHljRjlvT2toWVJYWkhWM2hEWkc5T1psbzBjV05YZHpOalVXYxAB
alaa,5.0,"We recently stayed at *Titanic Deluxe Golf Belek* and it was truly an exceptional experience from every perspective.

The *accommodation* was luxurious and immaculate. The *food* was outstanding with incredible variety, generous service, and beautiful presentation at every meal. All the *entertainment and facilities* were top-class and beautifully maintained.

We were especially impressed by:
1. *The amazing variety of dishes* - something for everyone
2. *The generosity in service and elegant food presentation*
3. *The outstanding cleanliness* throughout the hotel
4. *The neatness, elegance, and professionalism of the staff*
5. *The strong sense of safety and security*
6. *The availability of an on-site clinic and pharmacy* - very reassuring

A huge thank you to the *entire staff* - from reception and housekeeping to restaurants and entertainment. Your warmth, professionalism, and dedication made our holiday perfect and truly memorable.

Highly recommended for anyone seeking luxury, comfort, and genuine hospitality. We will definitely be back!",a week ago,2026-07-28,,"Dear alaa,
Thank you very much for taking the time to share such a wonderful review of your recent stay at Titanic Deluxe Golf Belek.
We are truly delighted to know that your holiday was an exceptional experience and that you enjoyed our luxurious accommodation, diverse culinary offerings, entertainment, facilities, and the high standards of cleanliness throughout our resort.
It is especially rewarding to hear your kind comments about the variety and presentation of our cuisine, the professionalism and dedication of our team, and the sense of comfort and security you experienced during your stay. 
Thank you once again for your recommendation and for choosing Titanic Deluxe Golf Belek. It will be our great pleasure to welcome you back for another unforgettable holiday in the near future.
Kind regards,
CRM Management",3 reviews,Ci9DQUlRQUNvZENodHljRjlvT25WaE9EUmxNa1JEZVZwWk4zUkxVMWxWTjAxcFdWRRAB
Furkan Karademir,5.0,,a week ago,2026-07-28,,"Dear Guest Mr. Furkan Karademir,
Thank you for taking the time to review your holiday experience at our facility.
We are very pleased that you were satisfied with the services offered by our facility during your stay.
We would be happy to see you again soon.
Sincerely,
CRM MANAGEMENT",1 review,Ci9DQUlRQUNvZENodHljRjlvT2sxVVZFdzVlR3MzT1RkWGJtVndjM3BGZGkxVmQwRRAB
Liliek Nelson,5.0,"Felek , aysun, ayse, gamze, all the this employees so amazing excellent service I'm so happy staying in Deluxe Titanic golf hotel.  We all as family gonna come back again for holiday in this hotel.  Many thanks for your excellent service amazing 👏 yesssssssss.  Mrs Liliek Nelson from United Kingdom.",a week ago,2026-07-28,,"Dear Liliek Nelson,
Thank you for taking the time to review your holiday experience with us.
We are delighted that you were satisfied with the services offered by our resort, the hospitality of our staff, and especially the service provided by Ms. Felek, Ms. Aysu, Ms. Ayşe, and Ms. Gamze. We would also like to thank you for your thanks, which we will convey to them.
We look forward to welcoming you again.
Kind regards,
CRM MANAGEMENT",4 reviews · 4 photos,Ci9DQUlRQUNvZENodHljRjlvT25wV1ZqQnBVRzk2V2xkTVVucHdTemw0YjBsVFduYxAB
Rob Mckenzie,5.0,"Really great holiday, entertainment was excellent every day.
Lots of variety and the party boat is a brilliant extra to the night’s entertainment  and holiday
The hotel and staff couldn’t do enough for us and would recommend to anyone to visit for a holiday.",a week ago,2026-07-28,,"Dear Rob McKenzie,
Thank you for taking the time to review your holiday experience with us.
We are delighted that you were satisfied with the services, activities, staff hospitality, and overall holiday you enjoyed during your stay.
We look forward to welcoming you again.
Kind regards,
CRM MANAGEMENT",1 review,Ci9DQUlRQUNvZENodHljRjlvT2tONE0xRk5aV3B0UkZaeFEwZFFaR00yY1hkcmVHYxAB
Cemal Gürsel Canlı,5.0,"We had a wonderful holiday. The children had a lot of fun at the kids' club; the activities were sufficient, educational, and informative.",a week ago,2026-07-28,,"Dear Guest Mr. Cemal Gürsel Canlı,
Thank you for taking the time to review your holiday experience at our facility.
We are very pleased that you were satisfied with the services offered by our facility, especially our children's club, and your holiday in general.
We would be happy to see you again soon.
Sincerely,
CRM MANAGEMENT",3 reviews,Ci9DQUlRQUNvZENodHljRjlvT2tJNVdYbHhPVzkwUXpZeVpqUTFTWFV6T0RGb1FYYxAB
Beyiç Dirlik,5.0,"It's a very successful and professional venue, only the number of children can be a little high during the peak season.",a week ago,2026-07-28,,"Dear Guest Mr. Beyiç Dirlik,
Thank you for taking the time to review your holiday experience at our facility.
We are very pleased that you were satisfied with the services offered by our facility and your holiday in general.
We would be happy to see you again soon.
Sincerely,
CRM MANAGEMENT",Local Guide · 26 reviews · 18 photos,Ci9DQUlRQUNvZENodHljRjlvT25SR1JFcFhaR1pJVmxCd1dVUk9hemRYZUY5MVdFRRAB
Stefan Rychlik,5.0,"My family and I stayed at the Hotel Titanic for our vacation, and we were wonderfully surprised. We had the best holiday we've had in a long time. We would especially like to highlight the first-class service. We received excellent service, particularly from Ms. Gülsüm, who knows exactly what it means to look after guests professionally with a touch of great humor. The management by Bilal, the head of guest services, was also simply outstanding. I can wholeheartedly recommend the hotel and its service to everyone. Thank you so much!

The Rychlik Family",a week ago,2026-07-28,,"Dear Mr. Stefan Rychlik,

Thank you for taking the time to share your holiday experience at our hotel with us.

We are delighted to hear that you were so satisfied with the services offered by our hotel, the hospitality of our staff, and especially with the service provided by Ms. Gülsüm and Mr. Bilal during your stay. We will, of course, gladly pass on your kind words and praise to both of them.

We would be very happy to welcome you back again soon.

Sincerely,
CRM Management",4 reviews,Ci9DQUlRQUNvZENodHljRjlvT21aek1uWm9VMVZVVEZsaWFHRnBWR2h2YTFwZldVRRAB
Berna Ünver,5.0,,a week ago,2026-07-28,,"Dear Valued Guest Ms. Berna Ünver,

First of all, we sincerely thank you for taking the time to rate your holiday experience with a high score.
We are extremely pleased that you were generally satisfied with your stay.
We will be delighted to see you again soon.
We hope to welcome you back and wish you healthy and happy days.

Sincerely,
CRM MANAGEMENT",,Ci9DQUlRQUNvZENodHljRjlvT2pJNVUyazJXR2c1YnpOd2N6Sm1XbEZTY0RNMlNFRRAB
S McNicholas,5.0,Excellent animation team freindly and alway trying to gwt you involved 5 star,a week ago,2026-07-28,,"Dear S McNicholas,

First of all, we would like to sincerely thank you for taking the time to share your holiday experiences with us.
We are delighted to hear that you found our animation team friendly, and you enjoyed your holiday at Titanic Deluxr Golf Belek.
We truly appreciate your support and look forward to welcoming you back to our hotel for another memorable holiday.

Kind regards,
CRM Management",1 review,Ci9DQUlRQUNvZENodHljRjlvT21GVFpuTkNNMkpMZWw4MVVtSlVWbkoxZHpSUmVuYxAB
Iain Price,5.0,,a week ago,2026-07-28,,"Dear Iain Price,

First of all, we would like to sincerely thank you for taking the time to share your holiday experience and for rating your stay so highly.
We are delighted to learn that you were overall satisfied with your holiday and that you enjoyed your stay with us.
It will be our great pleasure to welcome you back again in the near future.
We look forward to hosting you again soon and wish you good health, happiness, and all the best until then.

Kind regards,
CRM MANAGEMENT",12 reviews · 2 photos,Ci9DQUlRQUNvZENodHljRjlvT25sVU5XRnpRMFIzZGsxbWFIVmtWRGxaTFcxdlZIYxAB
Batuhan Ataş,5.0,"The food, cleanliness, and service quality were all excellent. I would also like to extend a special thank you to the Mini Club staff. Their interaction with the children was truly outstanding.",a week ago,2026-07-28,,"Dear Guest Mr. Batuhan Ataş,
Thank you for taking the time to review your holiday experience at our facility.
We are very pleased that you were satisfied with the services offered by our facility, the hygiene standards of our hotel, the quality of the food, especially our children's club, the hospitality of our staff, and your holiday in general.
We would be happy to see you again soon.
Sincerely,
CRM MANAGEMENT",4 reviews,Ci9DQUlRQUNvZENodHljRjlvT2xKaVIwZEZaalpSYjBweVJtdG5kVFpIZG5BMFVHYxAB
Nilsu Nilsu,5.0,"We really liked the hotel, everything was great, we especially enjoyed the darts and water polo activities. Berk and the animation team were very attentive, thank you very much.",a week ago,2026-07-28,,"Dear Guest, Ms. Nilsu Nilsu;

Thank you for taking the time to share your valuable feedback with us.
We are very pleased that you enjoyed your stay at our facility and especially our activities.
We would be happy to welcome you again soon.
Looking forward to seeing you again in the near future…

Sincerely,
CRM MANAGEMENT",1 review,Ci9DQUlRQUNvZENodHljRjlvT2pOalVtY3piM1ZRY21ZNFRXWk9kbnBhTnpCd2EyYxAB
Seko,4.0,,a week ago,2026-07-28,,"Dear Valued Guest Mr. Seko,

Thank you for taking the time to review your holiday experience.
We will be happy to see you again soon.

Looking forward to seeing you again in the near future…

Sincerely,
CRM MANAGEMENT",9 reviews,Ci9DQUlRQUNvZENodHljRjlvT210amFHOHljbWh4ZFdSelFUUndjWEpDU0Y5cVEwRRAB
Gizem Ertekin,3.0,,a week ago,2026-07-28,,"Dear Guest Ms. Gizem Ertekin,

Thank you for taking the time to share your valuable feedback with us.
Based on our investigations, we have learned that our team members have contacted you and held a meeting. If you have any requests or needs during your stay, please feel free to contact our Guest Assistant team, and our team members will gladly continue to assist you in making your holiday experience more comfortable and enjoyable.
We wish you even more wonderful experiences in the future.

Sincerely,
CRM MANAGEMENT",,Ci9DQUlRQUNvZENodHljRjlvT25vM1pVcGxiekp1WlZkc1VqVmllSFpIWWpVelRVRRAB
Ailin Aimakhambet,5.0,"The hotel is very nice and beautiful! The rooms are cleaned daily, and everything is spotless afterwards. The food is delicious and varied. The staff at the Kilis Kids Club is very friendly. We had a great time.",a week ago,2026-07-28,,"Dear Ms. Ailin Aimakhambet,
Thank you for taking the time to share your impressions of your stay at our hotel.
We are truly pleased to know that you were satisfied with our hotel services, the cleanliness of your room, the quality of our food, especially our kids' club, the hospitality of our staff, and your overall stay.
We look forward to welcoming you back to our hotel.
Sincerely,
CRM MANAGEMENT",1 review,Ci9DQUlRQUNvZENodHljRjlvT2tVNFFuVm9lbm95YlV0UFNESmtlRlF4UVZSS1FuYxAB
Allie Ralston,5.0,"Lovely hotel, beautiful staff always happy to help.  Really clean and always able to get a sun lounger!!  Plenty for the kids to do and always a great selection of food for everyone.

Elif from guest services was really helpful!",a week ago,2026-07-28,,"Dear Allie Ralston,

Thank you for taking the time to share your valuable feedback with us.
We are delighted to hear that you were satisfied with your stay, our team’s hospitality, cleanliness standards, sunbed availability, children’s activities, and rich culinary options. 
We would be very pleased to welcome you back for another wonderful holiday experience.
We look forward to seeing you again in the near future.

Kind regards,
CRM MANAGEMENT",2 reviews,Ci9DQUlRQUNvZENodHljRjlvT21seWEyRTVjRVZGUmxwd2IzaEVObEJRWnpKSGRWRRAB
Okay Vural,5.0,"In a word, fantastic, but if you don't have the money, it's a dream.",a week ago,2026-07-28,,"Dear Guest, Mr. Okay Vural,

Thank you for taking the time to share your valuable feedback with us.
We are very pleased that you were satisfied with the services offered by our facility and your holiday in general.
We would be happy to see you again soon.

We hope to see you again in the near future…

Sincerely,
CRM MANAGEMENT",Local Guide · 46 reviews · 19 photos,Ci9DQUlRQUNvZENodHljRjlvT21ScGNIQkRUM05wYURGUFpsa3pSVGRuVkdSQ1duYxAB
Cevdet Enes Taluy,5.0,"We had a holiday that exceeded our expectations. The food was delicious, the rooms were clean, and the overall atmosphere of the hotel was wonderful. The Mini Club was truly fantastic. There was a wide variety of activities for children, and the staff were both attentive and very energetic. Even as our child was leaving, they said they wanted to come back again. Thank you for everything.",Edited a week ago,2026-07-28,,"Dear Guest Cevdet Enes Taluy,

First of all, thank you for choosing Titanic Deluxe Golf for your stay.

We are very pleased that we were able to satisfy you during your stay, and your satisfaction will be shared with our relevant colleagues.

We would always be delighted to welcome you back to our facility as a valued member of the Titanic Deluxe Golf Family.

Sincerely,
CRM MANAGEMENT",Local Guide · 9 reviews · 3 photos,Ci9DQUlRQUNvZENodHljRjlvT2pRdFlrRlFSa2xoTUdsR1kxcEdXVVJyYnpGeE9VRRAB
Bader Traiji,3.0,"Don't be fooled; there is no sea view. You need to walk 2 km or take a cart (or boat) to reach the beach!
Frequent electricity blackouts; once lasting four hours overnight without bothering to apologise to guests!

See my other comments below.
In summary, I won't return to this hotel.",a week ago,2026-07-28,,"Dear Bader Traiji,
First of all, we would like to thank you for taking the time to share your feedback with us.
We are truly sorry to learn that your holiday did not meet your expectations. Guest feedback is of great importance to us, as it helps us continuously improve the quality of our services.
Our resort is located by the river, and access to our beach is provided via a walking path, a regular train shuttle service, and a boat service operating throughout the day. This information is shared through our promotional channels, however, we fully understand your disappointment that your expectations were not met.
We also sincerely apologize for the inconvenience you experienced due to the power outage during your stay. Such outages may occasionally occur as a result of infrastructure-related issues beyond our hotel's control. Nevertheless, we understand that you felt insufficiently informed and did not receive the level of attention you expected during this situation. Your comments have been shared with the relevant departments for careful review.
Furthermore, your feedback regarding the room standards, the variety offered at the buffet, the use of sunbeds around the pool area, and the overall occupancy of the resort will also be carefully evaluated by the respective departments. We take all guest feedback seriously in our ongoing efforts to improve our services and ensure a more comfortable experience in our shared facilities.
Once again, we sincerely regret that your experience did not meet your expectations. We hope to have the opportunity to welcome you again in the future and provide you with a much more enjoyable stay.
Kind regards,
CRM MANAGEMENT",Local Guide · 158 reviews · 258 photos,Ci9DQUlRQUNvZENodHljRjlvT2poQ1dtRlhkSE5rWkRWNlV6RjNibFkzZFVSRk1XYxAB
Duru Sınağ,5.0,"Everything was very organized and well-maintained. Our room was clean, and the common areas were constantly kept clean. Thanks to the activities at the Mini Club, our child had fun and thoroughly enjoyed the holiday. We would love to come again.",Edited a week ago,2026-07-28,,"Dear Guest, Ms. Duru Sınağ;
Thank you for taking the time to review your stay at our facility.
We are very pleased that you were satisfied with the services offered by our facility, the attention of Ms. Yağmur at Kikoa Mini Club, the fun and educational nature of the children's activities, the surroundings of the hotel, the variety and deliciousness of the food, and your overall holiday.
We would be happy to see you again soon.
Sincerely,
CRM MANAGEMENT",3 reviews,Ci9DQUlRQUNvZENodHljRjlvT25VeVoyWm5ZVlJ0ZDA1WlJsSnBSVU41UjJGM1VIYxAB
İhsan Mert Muran,5.0,"We felt very comfortable during our stay at the hotel. It's especially suitable for families with children. The Mini Club staff were very attentive, and our child participated in the activities with great enthusiasm every day. It was a wonderful experience.",a week ago,2026-07-28,,"Dear Guest Mr. İhsan Mert Muran,
Thank you for taking the time to review your holiday experience at our facility.
We are very pleased that you were satisfied with the services offered by our facility, the hospitality of our staff, and your overall holiday.
We would be happy to see you again soon.
Sincerely,",5 reviews,Ci9DQUlRQUNvZENodHljRjlvT2tkMlNFWmpXSFJOZURoWGNtWkxXSEI2TFV4WVVWRRAB
Afrodita Hajdarevic,5.0,"We were truly impressed with every detail in the hotel and its surroundings. The room overlooking the golf course was the perfect choice. The surrounding amenities and seating areas were truly commendable. We were fascinated by the places for taking photos and making memories near them, they are worth mentioning in every sense. The beach is clean, there are enough sun loungers for all guests, which is commendable in such a large hotel. I think that everything was taken care of, so my wife and I give the hotel a perfect ten, and we sincerely promise that we will be your guests again. For anyone who intends to visit it, we have a big and heartfelt recommendation ♡",a week ago,2026-07-28,,"Dear Afrodita Hajdarevic,

Thank you for taking the time to share your valuable feedback with us.
We are delighted to learn that you were satisfied with the services provided by our resort during your stay, particularly the view from your room, our social facilities, our beach, and your overall holiday experience.
It would be our great pleasure to welcome you back and have you with us again in the future.
We look forward to the opportunity of welcoming you once again in the near future.

Kind regards,
CRM MANAGEMENT",6 reviews · 1 photo,Ci9DQUlRQUNvZENodHljRjlvT2xkRk9IWkJOell6TXpCYU5sOVdURWRhVnpkUlVrRRAB
Ertan Canan,5.0,Thanks to the Kids Club team!,a week ago,2026-07-28,,"Dear Guest, Mr. Ertan Canan,

Thank you for taking the time to share your valuable feedback with us.
We are very pleased that you were satisfied with the services offered by our facility, especially the services provided at Kikoa Club, and with your holiday in general.
We would be happy to see you again soon.

We look forward to seeing you again very soon…

Sincerely,
CRM MANAGEMENT",Local Guide · 18 reviews · 4 photos,Ci9DQUlRQUNvZENodHljRjlvT25OVFJERnNhakE0Um14U2VHSXRRbWhxWWtsYWIzYxAB
Çiçek ŞENER,5.0,I sincerely thank Kikoa Club.,Edited a week ago,2026-07-28,,"Dear Guest,

Thank you for taking the time to share your valuable feedback with us.
We are very pleased that you were satisfied with the services offered by our facility, especially the services provided at Kikoa Club, and with your holiday in general.
We would be happy to welcome you again soon.
Looking forward to seeing you again soon…

Sincerely,
CRM MANAGEMENT",Local Guide · 18 reviews · 2 photos,Ci9DQUlRQUNvZENodHljRjlvT25SM1VVOVlXVkY1VG1KbGVERm9TRE5UZFdOR05sRRAB
Rose,5.0,"1. After requesting a room at reception on the first day, I was immediately assigned a garden-level room due to my fear of elevators.

The rooms are spacious and airy.

The hotel service is excellent; Gamze and Felek in the pastry section were very helpful, and Şehmuz in the restaurant was equally attentive.",a week ago,2026-07-28,,"Dear Guest Rose,

First of all, we sincerely thank you for taking the time to share your valuable feedback and the photos reflecting your beautiful memories from your holiday with us.

We are extremely happy to learn that you were satisfied with your holiday at Titanic Deluxe Golf Belek. The fact that our reception team was able to quickly assess your request and allocate you a suitable room on the garden level due to your fear of elevators, and that you were pleased with the comfort of our rooms, is of great importance to us.

Furthermore, your appreciation of the quality of service offered at our hotel, and especially your kind thanks to Ms. Gamze and Ms. Felek from our Pastry team and Mr. Şehmuz from our restaurant team, have made us especially proud. Your kind words and appreciation will be shared with our relevant team members with pleasure.

Thank you also for the photos you shared. It was a great pleasure for us to see these beautiful pictures from your holiday.

We would be delighted to welcome you back to Titanic Deluxe Golf Belek as soon as possible, and we hope to see you again on your next holiday.

Sincerely,

CRM Management",4 reviews · 3 photos,Ci9DQUlRQUNvZENodHljRjlvT2tSM00xa3dkRFJUWjJOdVoybFhaVFZ4WTFSVGNWRRAB
László Buza,5.0,"The beach is very beautiful, the complex below the hotel with the Irish pub is pleasant even in the heat. The food and drink selection is impeccable, we were satisfied with everything!",a week ago,2026-07-28,,"Dear Guest László Buza!

Thank you for taking the time to share your review with us.

We are delighted that you had a pleasant stay at Titanic Deluxe Golf Belek and that you were satisfied with our beautiful beach, the atmosphere of the Irish pub and the gastronomic offer of our hotel. We are especially pleased that the selection of food and drinks fully met your expectations.

Your kind words are a great motivation for our team and we are happy to share them with our colleagues.

We hope to welcome you again among our guests in the near future for another unforgettable vacation.

Best regards,

CRM Management",3 reviews,Ci9DQUlRQUNvZENodHljRjlvT21zMGVIUkhXQzEzVDBzMFozbDBjR2RWT0VwcVNtYxAB
Ege,5.0,"We were very pleased with everything during our holiday. The hotel was clean, tidy, and the staff were always friendly. The Mini Club team, in particular, was incredibly attentive to the children. The activities were great fun, and our child participated with great enthusiasm every day. Thanks to them, we had a relaxing and enjoyable holiday. It's definitely a hotel we would choose again.",a week ago,2026-07-28,,"Dear Guest Ece,

First of all, thank you for taking the time to share your valuable feedback with us.

We are extremely pleased to learn that you were completely satisfied with your vacation at Titanic Deluxe Golf Belek. The cleanliness and order of our hotel, and the hospitable service of our staff, met your expectations, which is a great source of satisfaction for us.

Your kind words about our Kikoa Kids Club team, in particular, made us especially proud. Your child's enthusiastic participation in the activities every day, and the attention from our team, ensured both their enjoyment and your peaceful vacation. This is one of the best reflections of the experience we aim to provide for our guests. Your valuable comments will be gladly shared with our relevant team members.

Your statement that you will choose our facility again is our greatest source of motivation. We will be delighted to welcome you and your family back to Titanic Deluxe Golf Belek as soon as possible.

Sincerely,

CRM Management",1 review,Ci9DQUlRQUNvZENodHljRjlvT2xwT2FXaFVPSFkyZHpnNGQyNUJiMGMwUldOQ2RXYxAB
Abdullah Cengizhan,2.0,"FIRST OF ALL, I'D LIKE TO THANK MR. ISA AT HASIR RESTAURANT.

AS A TURK, I'D LIKE TO SAY THAT THE EVENING ENTERTAINMENT IS ONLY FOR TOURISTS; NO TURKISH SONGS ARE PLAYED, JUST SO YOU KNOW. THE FOOD IS GOOD, THE POOL IS NICE, BUT THERE'S ZERO EVENING ENTERTAINMENT, IT'S NOT A PLACE FOR TURKS. YOU HAVE TO GO TO THE SEA BY TRAIN OR BOAT, AND THE SEA IS VERY STONY; YOU TAKE TWO STEPS AND IT GETS DEEP. The QR code system used at the pool is a nice idea; you can order from wherever you are. However, we sometimes had to order four times in a row, and it took an hour for them to deliver. Moreover, after seeing my review, they called us to talk, asking if we could correct our review and adjust our star rating, saying it wasn't unfair to all the people who had worked so hard. When we said it was for tourists, they told us that as Turks, we were actually tourists ourselves. ""We were told they would play a song if we requested one in Turkish, but not only did we not make a request, not even a single Turkish soloist sang during our entire week there. It was frankly disappointing. As a defense, they said it was a family hotel and that's why the entertainment ended at 11:30."" It was frankly even more upsetting to realize that none of our feedback was taken into account and that we were only called in for a defense and a score change. At this point, instead of defending ourselves and pursuing a policy of correcting the comment, they could have at least noted this feedback and forwarded it to the relevant authorities; they could have been more professional…",a week ago,2026-07-28,,"Dear Guest, Abdullah Cengizhan,

First of all, thank you for taking the time to share your holiday experience with us.
We would like to express our regret that some of our services did not fully meet your expectations during your stay.
Firstly, we would like to state that we will gladly share your valuable feedback about our colleague Mr. İsa at the Hasır A la Carte Restaurant with him and the relevant department managers.
Our entertainment programs and music selections are prepared taking into account the international profile of our guests staying at our facility. However, we are aware that each guest may have different tastes in music and entertainment. Your feedback has been shared with our relevant departments and senior management for evaluation.
We would also like to express our regret for the delays you experienced with the QR ordering system. The feedback you mentioned has been taken into consideration by our relevant departments to improve our service processes. We have also carefully reviewed your feedback regarding the conversation you had with our Guest Relations team. It is absolutely out of the question for our guests to be pressured to change their comments or for us to follow such a policy. As part of our standard practice, after receiving feedback from our guests, we contact them to listen in detail to any areas they believe need improvement. This information is recorded and shared with our relevant departments and senior management. Following this, necessary research is conducted on the relevant issues, and appropriate actions are planned based on the results. The primary purpose of these meetings with our guests is to better understand their feedback and improve our service quality. If, after explanations, the guest is satisfied with the matter, they are politely asked if they wish to reconsider their review. Beyond this, any approach that forces or pressures a guest to change their review is incompatible with our service philosophy.
We also regret that the conversation may have left you with a different impression. All your comments and suggestions have been shared with our relevant managers for consideration.
Thank you again for your valuable feedback, and we wish you healthy and pleasant days.
Sincerely,
CRM MANAGEMENT",10 reviews · 1 photo,Ci9DQUlRQUNvZENodHljRjlvT2xwNlIzbEVjbTVMVm5wZk5HNUtOUzFsTnpOQldWRRAB
Öykü Cengizhan,2.0,"My wife and I chose this hotel for our honeymoon. Frankly, we came with high expectations and did thorough research. We arrived expecting a deluxe hotel, but we are leaving disappointed. While everything seemed great upon arrival, this wasn't the case once we started our stay. The food was good, but after a day or two, you find the same things being served every day. The grilled meats, in particular, had a serious problem; they had a strong odor and were mostly undercooked, making them inedible. The QR system at the pool was great, but it would have been better if they had actually implemented it. Orders arrived after 1.5 hours, served in glasses that were melted and smelled bad. We had to order 3-4 times before our order finally arrived. The biggest problem for us was the terrible evening entertainment. We watched a circus show on four days of our week-long stay – only the name was changed, but it was the same thing. Afterwards, the Seashell (the boat entertainment) constantly played foreign songs. When my wife requested Turkish songs, she was briefly told they didn't have them. I can honestly say that the evenings dragged on for us. They've adopted a completely tourist-oriented entertainment concept. The pools were divided into those with and without music. Even the pool supposedly with music had no entertainment or animation team whatsoever. It was an extremely soulless hotel, frankly. They claim room cleaning is done, but it's just a half-hearted tidying up. We didn't have hand soap for a whole week, and they didn't even notice. Canned drinks sat on the table until our vacation ended. The bathrobes didn't even have belts. On the last day, because of a negative review my wife left, they called us to the lobby. We thought they were calling us to get feedback and hoped they would listen. But we were truly shocked. First, when we said the concept was tourist-oriented, they made a ridiculous statement like, ""Even though we are Turkish, you are also tourists here."" We realized this conversation was just a way to pressure us into correcting that review. At that point, the hotel's professionalism completely ended for us. The woman who spoke to us practically berated us on the spot, saying something like, ""Did you give a low rating just for fun?"" My wife realized that the situation wasn't understood and that even if we explained, they would only defend themselves, so she had to say that she wanted to give the rating as it was and wouldn't change it. And the woman, who had greeted us with a smile and thought she could get us to change our opinion, left with a very sullen expression. Overall, I can say that she made us question every minute whether she deserved that much money.",a week ago,2026-07-28,,"Dear Guest, Ms. Öykü Cengizhan;

First of all, thank you for taking the time to share your detailed holiday experience with us.
We would like to express our regret that we were unable to meet your expectations in some aspects during your stay.
Regarding your feedback on the variety of food, we would like to state that our main restaurant offers our guests a rotating menu for 14 nights. However, we are aware that tastes vary from person to person, and your feedback has been shared with our relevant departments.
Regarding our entertainment programs, we organize sports and animation activities every day between 09:00 and 17:00, and our evening programs are carried out in accordance with the determined concept. In addition, the music played throughout the facility is prepared taking into account the majority of our guest profiles and the international guest structure. However, we would like to express our regret that our entertainment concept did not match your expectations.
The purpose of the meeting conducted by our Guest Relations team was to better understand the feedback you shared, to listen to your points for improvement, and to record them. At our facility, we absolutely do not pressure or coerce any guest into changing their comments. As per our standard practice, we contact our guests regarding the feedback they share, listen to their opinions, take notes, and share all feedback with our senior management for evaluation. The relevant issues are subject to the necessary investigation process, and improvement efforts are implemented based on the results of these investigations. If, after the explanation, the guest is satisfied, they are politely asked whether they wish to reconsider their review, leaving this entirely to their discretion. We would also like to express our regret that the conversation you had may have left you with a different impression. This feedback you shared has also been recorded for evaluation by our relevant managers. Thank you once again for your valuable feedback, and we wish you healthy and pleasant days. Sincerely,
CRM MANAGEMENT",4 reviews · 1 photo,Ci9DQUlRQUNvZENodHljRjlvT21KU1YySnRUUzEzTFROWVdUSXllV1pqZFZWQ1JYYxAB
Дми́трий Аниканов,5.0,"It was a wonderful vacation from start to finish. We were very pleased with the quality of service at the hotel, the cleanliness, and the attentiveness of the staff. The mini-club team was the best part of our vacation. Their interaction with the children, the games, competitions, and the mini-disco were incredibly fun. We had an unforgettable family vacation.",a week ago,2026-07-28,,"Dear guest, Dmitry Anikanov!

First of all, thank you for taking the time to share your impressions of your stay at Titanic Deluxe Golf Belek.

We are truly delighted to learn that your vacation left you with the most pleasant memories and that you highly appreciated the quality of our service, the cleanliness of the hotel, and the attentiveness of our staff. It means a lot to our entire team to know that we met your expectations.

We are especially pleased that the Kikoa Kids Club team was the highlight of your family vacation. We are delighted that the games, competitions, mini-disco, and the care of our staff brought so much joy to your children and made your vacation truly carefree and unforgettable.

Your kind words are the best reward for our team and will be sure to pass on to all the Kikoa Kids Club staff.

We look forward to welcoming you and your family back to Titanic Deluxe Golf Belek and making your next vacation just as wonderful.

Sincerely,

CRM Management",1 review,Ci9DQUlRQUNvZENodHljRjlvT205Q01XUlFaWEZQU1MxdlVUWndUMFpJWVVSRmFVRRAB
Ahmet Mert Kara,5.0,"We had a truly peaceful and high-quality holiday experience. The hotel's facilities were excellent, and the staff were helpful in every way. I would also like to thank the Mini Club team. Their individual attention to the children, entertaining them while making them feel safe, was wonderful. We were able to enjoy our holiday without any worries.",a week ago,2026-07-28,,"Dear Guest Ahmet Mert Kara,

First of all, thank you for taking the time to share your valuable feedback with us.

We are delighted that you had a peaceful and high-quality holiday experience at Titanic Deluxe Golf Belek. It is extremely important to us that the facilities offered by our hotel met your expectations and that our team members were able to assist you in every way.

Your kind words about our Kikoa Kids Club team, in particular, made us especially proud. The attention, care, and safe environment they provided for our children allowed you to enjoy your holiday with peace of mind, which is one of the best indicators of the importance we place on guest satisfaction. Your valuable thanks will be gladly shared with our relevant team members.

We would be delighted to welcome you and your family back to our facility soon and look forward to seeing you again on your next holiday.

Sincerely,

CRM Management",1 review,Ci9DQUlRQUNvZENodHljRjlvT20xR2RWVmhha3hDYVd4blkxTmpUMVZLUlRrM2FXYxAB
Esra Çeliksoy,5.0,"I would like to thank Mr. Ibrahim at the Irish Pub Bar, and also Ms. Ayça and Mr. Emrah from customer service. They are very professional in their work and solve problems immediately. I was very satisfied and hope to come again.",a week ago,2026-07-28,,"Dear Guest Esra Çeliksoy,

First of all, thank you for taking the time to share your feedback with us.

We are extremely pleased to learn that you were satisfied with your stay at Titanic Deluxe Golf Belek. We are especially proud that you were pleased with the professional service provided by Mr. İbrahim from our Noble Irish Bar team and Ms. Ayça and Mr. Emrah from our Guest Relations team, and that you expressed your gratitude to them. Your kind words and appreciation will be gladly shared with our relevant team members.

We would be delighted to welcome you back to our resort and hope to see you again soon.

Sincerely,

CRM Management",2 reviews,Ci9DQUlRQUNvZENodHljRjlvT2pCeFYzaFZla001V0d4UGVuRnBTRzV6VlhNeGJFRRAB
Gary Bateman,5.0,,a week ago,2026-07-28,,"Dear Guest Gary Bateman,

Thank you very much for choosing Titanic Deluxe Golf Belek and for awarding us a perfect 5-star rating.

We truly appreciate your support and are delighted to know that your stay left a positive impression. Your highest rating is a wonderful compliment to our team and encourages us to continue providing exceptional service and memorable holiday experiences.

It was a pleasure to have you as our guest, and we sincerely look forward to welcoming you back for another unforgettable stay.

Kind regards,

CRM Management",,Ci9DQUlRQUNvZENodHljRjlvT2pGS1QzUnRSVnAzZWkweFYwZzBja0Z6WTFsNVoyYxAB
Burcu Ozkara,5.0,"A Wonderful Holiday Experience

We are currently on the fourth day of our five-night, six-day family vacation at Titanic Deluxe Golf Belek. We are having a truly wonderful and unforgettable holiday with our children.

We experienced a brief disruption on the first day due to a power outage. However, we were extremely pleased with the hotel management's crisis management and subsequent compensation. Their attention to detail and solution-oriented approach, prioritizing guest satisfaction, was truly commendable.

I would especially like to extend my heartfelt thanks to Manager Selahattin Bey, General Manager Murat Bey, Hatice Hanım from Guest Relations, and all the managers and staff involved. Each of them did their best to ensure our vacation was wonderful. We truly felt valued and special.

We are also extremely satisfied with the overall quality of the hotel. The beds are very comfortable and high-quality; we had a truly relaxing and pleasant sleep. The quality and taste of the food are almost at the level of a fine dining restaurant. The pools, the size of the facility, and the amenities offered are also quite successful. Despite the hotel being crowded, we never felt cramped; on the contrary, we felt quite comfortable and private.

I only have a few small suggestions. I think serving all drinks in sealed packaging would be better for hygiene and safety. Also, the absence of a towel card system would improve guest comfort. I hope these issues will be considered in the future.

Overall, we were very pleased with Titanic Deluxe Golf Belek and especially with the management and staff who truly care about guest satisfaction. We are having a pleasant and high-quality family vacation, creating beautiful memories. I thank everyone involved and wholeheartedly recommend it.",a week ago,2026-07-28,,"Dear Guest, Ms. Burcu Ozkara;

First of all, thank you for taking the time to share your detailed and valuable feedback with us while your holiday was still ongoing.
We would like to express our regrets once again that the unexpected power outage on the first day of your stay, which was beyond our control, affected your holiday.

We will gladly share your kind thanks with our teams. Receiving such positive feedback from you is the greatest source of motivation for all our colleagues.
We are also pleased that you were satisfied with the comfort of our rooms, the quality of our meals, the spacious areas of our facility, and the services we provided.

Furthermore, thank you for your valuable suggestions regarding the presentation of packaged beverages and the towel card system. We consider every suggestion from our guests as an important opportunity to improve our service quality, and we want you to know that we will share your opinions with our senior management for consideration.
Thank you once again for your valuable comments and suggestions, and we wish you an even more enjoyable remaining holiday.

Sincerely,
CRM MANAGEMENT",3 reviews,Ci9DQUlRQUNvZENodHljRjlvT21OQk0zRkRTbGQzZEZCeE1FSkdValJOVlZSamVsRRAB
şeyma barlas,4.0,"Let me share my experience from my last night at the hotel. Two nights ago, there was a serious power outage. It was terrible. The water also went out, causing complete chaos. This definitely affected my opinion of the hotel. It could be a malfunction, but for a hotel where we stayed for five nights, this problem continuing all night is a serious issue. We expected an apology, but they acted as if nothing had happened. The hotel is located by the river, and you have to use a train or boat to get to the sea. As someone with two children, I don't think this is a problem, but it could be problematic for those who don't enjoy a lot of physical activity. Being a family hotel, it's not very entertainment-focused, but there are activities. I think that was enough. The hotel is crowded, but it's large enough to accommodate many people in many areas, and the staff is quite large. However, since most of the staff are Kazakh, we sometimes had difficulty communicating. The pools are adequate. The sea gets deep quickly and is generally wavy, not suitable for children; even adults have difficulty getting in. They are very successful in terms of food and drinks. The restaurants serve very good food. We especially liked their desserts, and the quality of a hotel's food is immediately apparent from its desserts. There are many detailed activities for children. Our son (7) had a great time at the children's club. You can leave babies for 1 hour a day. I left my 2 year old son there and was pleased.",a week ago,2026-07-28,,"Dear Guest, Ms. Şeyma Barlas;

Thank you for taking the time to share your holiday experience with us.
First of all, we would like to express our regret for the negative experience you had due to the extraordinary electrical malfunction that occurred during your stay and was beyond our control. We thank you for your understanding regarding the power and water outage caused by this unexpected technical malfunction, and we apologize for the inconvenience.
However, we are very pleased that you were generally satisfied with the services offered by our facility, our restaurants, our kids' club, and our other facilities.
All your opinions and suggestions have been shared with the senior management and relevant departments of our facility to be evaluated in order to further improve our service quality.
Thank you once again for your valuable feedback, and we would be pleased to welcome you back to our facility.

Sincerely,
CRM MANAGEMENT",5 reviews,Ci9DQUlRQUNvZENodHljRjlvT21KSFpTMXVUa3A1ZVZnMWQxTkxjV3AyYmt0VGJFRRAB
Damian Biesenbeek,5.0,Good hotel i have a nice vacation the entertainment was very good there were alot of activities,a week ago,2026-07-28,,"Dear Damian Biesenbeek,

Thank you for taking the time to share your kind feedback with us.
We are delighted to hear that you had a wonderful holiday and enjoyed our entertainment program and variety of activities available throughout your stay.
It was a pleasure to have you as our guest, and we look forward to welcoming you back for another enjoyable holiday.

Kind regards,
CRM MANAGEMENT",1 review,Ci9DQUlRQUNvZENodHljRjlvT25sbmJsWmpPRlJVZUd4TGVYZHJibUphWW1WYVpIYxAB
TTVMASHIE BTW,5.0,"Nice hotel good entertainment and lovely food , we played darts it's was wonderful",a week ago,2026-07-28,,"Dear Guest,

Thank you for taking the time to share your kind feedback with us.
We are delighted to hear that you enjoyed our hotel, the food, and our entertainment activities. It is especially wonderful to know that you had a great time playing darts and that it made your holiday even more enjoyable.
We truly appreciate your kind words and look forward to welcoming you back for another memorable stay.

Kind regards,
CRM MANAGEMENT",1 review,Ci9DQUlRQUNvZENodHljRjlvT21WMGRrSk1aVkZNVG5aVFlUTkVZbmRMWkd3eFQyYxAB
May Karim,5.0,,a week ago,2026-07-28,,"Dear Ms. May Karim,

Thank you for taking the time to share your holiday experience with us.

It would always be our pleasure to welcome you back and host you again.

Kind regards,

CRM MANAGEMENT",2 reviews,Ci9DQUlRQUNvZENodHljRjlvT21vd1YyZE1ZMDFGTUVwVWEyZHBPV3hGZG1wQ09GRRAB
Sena Sarı,1.0,"First of all, this was a hotel we'd wanted to come to as a family since last year. Trusting the Titanic name, we chose this hotel this year without hesitation with our 2-year-old daughter. However, it was a complete disappointment for us. Firstly, the number of staff in the aquapark area was extremely low; only two slides had staff, resulting in numerous problems on the other slides. Specifically, international guests would have to wait in the water after sliding down the slides, or they would slide down behind you without waiting for you to get up. The hotel has never offered a solution to this problem. Also, don't wait in line anywhere in the hotel; unfortunately, international guests would jump in front of you in line for waffles, drinks, or the aquapark. And most importantly, what happened on our last night was a complete scandal. We were told the generators were broken due to a power outage – and even that information was difficult to obtain. As I write this review, the problem has been ongoing for two and a half hours. There was no electricity, no air conditioning, no running water in the rooms – nothing. Because there was nothing in the room, we walked back and forth on the hotel stairs with the stroller, hoping to find a cool spot, but there was none. My 2-year-old daughter was sleepy, but we couldn't get her to sleep because there was no air conditioning. There was no hot water, so I couldn't even feed her before bedtime. We were leaving early the next morning, but again, because there was no air conditioning or water, we couldn't pack our belongings or sleep. They couldn't solve the problem, nor did they provide clear information. We came to this hotel for a holiday, but we're experiencing a complete disaster. It's a total fiasco. Never again will we stay at Titanic hotels? Never, ever, ever!",Edited a week ago,2026-07-28,,,1 review,Ci9DQUlRQUNvZENodHljRjlvT21SRWNIRTVSbmRxT1RGSlVFdG1NRGhKTlVadVFVRRAB
Serdar Modali,5.0,"We are currently staying at the hotel with my children, and the gesture you made for us was wonderful (they gave us a pool suite room instead of our garden suite family room so we wouldn't have to walk too much with our children, which was great). Overall, the hotel is excellent, the service is superb, the food is legendary (I think your baklava master is directly from Antep because this baklava can only be made by a skilled master). The staff are attentive, and the rooms are spotless. Crossing the river by boat to reach the sea was indescribable; it had to be experienced. We will come every year. Thank you!",a week ago,2026-07-28,,"Dear Guest Mr. Serdar Modali,
Thank you for taking the time to review your holiday experience at our facility.
We are very pleased that you were satisfied with the services offered by our facility, the comfort and cleanliness of the rooms, the quality of the food, and your holiday in general.
We would be happy to see you again soon.
Sincerely,",6 reviews,Ci9DQUlRQUNvZENodHljRjlvT21seWFscFFPSGRLYzI1Q1oxOHlWRjlNVEVGSVRrRRAB
Sumeyra Gizem Baysal,5.0,"Tuğçe 😍 Very friendly and very cute girl. You can leave your children safely. Take good care of them. I am glad I knew her.

Thank you, Tuğçe. 🥰",a week ago,2026-07-28,,"Dear Guest Sumeyra Gizem Baysal,

Thank you so much for sharing your wonderful words with us.

We are delighted to hear that you had such a positive experience at our Kikoa Kids Club and that Tuğçe made a special impression on you and your family. Knowing that you felt your children were in safe and loving care means a great deal to us.

We will gladly pass on your kind words to Tuğçe. She will certainly be very pleased to learn that her kindness, care, and dedication are so appreciated.

Thank you again for your kind words. We look forward to welcoming you and your family back to Titanic Golf Belek soon and creating more wonderful holiday memories for you.

Sincerely,

CRM Management",3 reviews · 2 photos,Ci9DQUlRQUNvZENodHljRjlvT21OTWMwUjJWWGhWUVdSUk9VUXhTWE5oWjBwdFQzYxAB
Anas Berro,5.0,"We are and were in the Kids Club, and the staff is very good. Ms. Tugce, in particular, went out of her way to help and is a very lovely woman.

Highly recommended!!",a week ago,2026-07-28,,"Dear Guest Anas Berro,

Thank you so much for taking the time to share your positive review with us.

We are delighted to hear that you had such a wonderful time at our Kikoa Kids Club and were pleased with our team. Your special praise for our colleague Tuğçe means a great deal to us. We will gladly pass on your kind words to her – she will certainly be very happy to receive them.

Thank you also for your recommendation. We look forward to welcoming you and your family back to Titanic Golf Belek soon.

Sincerely,

CRM Management",2 reviews,Ci9DQUlRQUNvZENodHljRjlvT2pkVk1WWnRhblJwTVdSQ2JIRk5ZVTlLVWpOelFVRRAB
eylül asrak,5.0,"We've been staying at the hotel for 6 days, and the variety of food and drinks, the aquatic areas catering to all ages, the friendly service of the staff, and the prompt recovery of our lost belongings are all contributing to our enjoyable holiday. The hotel is a bit far from the sea, but the train and boat trips make even that pleasant. The beach and sea are perfect, and the restaurants on the beach are fantastic. Last night, there was a power outage during dinner, and the generators were insufficient in some areas, causing inconvenience, but we were simply amazed by the excessive reactions of the people to these negative situations. Measures should be taken to prevent this from happening again, but overall, we will leave satisfied.",a week ago,2026-07-28,,"Dear Guest Ms. Eylül Asrak,
Thank you for taking the time to review your holiday experience at our facility.
We are very pleased that you were satisfied with the services offered by our facility, the variety of food, the hospitality of our staff, and your overall holiday.
Your feedback has been forwarded to the senior management of our facility for consideration.
We would be happy to see you again soon.
Sincerely,
CRM MANAGEMENT",4 reviews · 1 photo,Ci9DQUlRQUNvZENodHljRjlvT25GV1JFaDNaRE01U25CbVEyWkdWekZuVjBKelFuYxAB
gillianrae2014,5.0,This is our second family holiday here and my husbands fourth trip for golf.  The people and facilities are fab.  So relaxing and excellent quality of food and service.  Nothing is too much trouble.  À la carte restaurants are great …,a week ago,2026-07-28,,,,ChdDSUhNMG9nS0VJZnY2TF8xOEtLRC1BRRAB
253ryang,5.0,"You can visit alot of 5 star holidays abroad but this is one that really feels like the best on offer. Loads to do for all ages and everything catered for. Food and drink all amazing. |Went in July so heat was more than what I was used to, didnt get below 30degrees even at night, so consider this when choosing what to wear.",a week ago,2026-07-28,,,,ChdDSUhNMG9nS0VPelNfNkw2amNXUHR3RRAB
aimeefxx,5.0,Loved this hotel was spotless aesthetically pleasing plenty of sunloungers food was good but not as good as other Turkey hotels I’ve stayed in . Have a couple of gripes first of all just one ice cream stall about a 5 minute walk away from …,a week ago,2026-07-28,,,,ChZDSUhNMG9nS0VNaTdsUFRUaVA2cUdnEAE
Yunus Doğan,5.0,The animation is very beautiful.,a week ago,2026-07-28,,,1 review,Ci9DQUlRQUNvZENodHljRjlvT2xWbk1uWXdSRTVRUTBST1FVcGhaRjkyTVRVdE5rRRAB
Bekir Seyma Odabas,4.0,We were very pleased with the hotel. Our favorite part was the kids' club. We were especially delighted by Ms. Tuğçe's attentiveness and friendly demeanor. We were able to leave our daughter there with complete peace of mind. We would like to thank Ms. Tuğçe for her efforts and genuine care.,a week ago,2026-07-28,,,1 review,Ci9DQUlRQUNvZENodHljRjlvT21aVVRHSm5MUzFmU1ZWaWJXSlVOM1JEZGpKaU1WRRAB
Birsel Oktar,5.0,,a week ago,2026-07-28,,,1 review,Ci9DQUlRQUNvZENodHljRjlvT2pkSlRsbzVWblpwT0RaeldGSmpZVm96YWxSTVptYxAB
Ahmet ATASAYDIR,5.0,We were very pleased with the children's club.,a week ago,2026-07-28,,,Local Guide · 26 reviews · 3 photos,Ci9DQUlRQUNvZENodHljRjlvT25welp6VkpOaTEzZGtKT1NXWTJjSHBMVEZCQ2FsRRAB
Даниил Родяков,5.0,The hotel is perfect and Elif from guest service helped us a lot thank you again!! We will definitely come back love you titanic!,a week ago,2026-07-28,,,1 review,Ci9DQUlRQUNvZENodHljRjlvT2tSb2NtSkhWblZRVGtWblFsQnJRemxLZW0xQ1NrRRAB
ffamily_affairs,5.0,"The best kids' club! Tons of sewing, wood, and clay crafts! We even got to paint a real car! My daughter especially loved the music lessons with Songul! She wanted to practice every day! We even learned a song with four hands! A huge thank you to Songul for your love and patience with the children! Thank you to all the teachers!",a week ago,2026-07-28,,,,ChdDSUhNMG9nS0VNU2ktTExyNjluZmdRRRAB
Aslihan Özel-Bulut,5.0,We really liked the amazing animation team. It's a hotel we've preferred for the past four years and we love it. Thank you so much for everything!,a week ago,2026-07-28,,,2 reviews,Ci9DQUlRQUNvZENodHljRjlvT2tscU9VZG1OV1JtYlVSVWQzTlJVbVZLYTNSTlJHYxAB
Jack Norton,5.0,"Animation team were fantastic with everything morning, afternoon and night!",a week ago,2026-07-28,,,5 reviews,Ci9DQUlRQUNvZENodHljRjlvT2t3d2NEUjNVWGx5YURVMlN6WlBZVGhJVDBGTmRFRRAB
Hashem Shami,5.0,Animation team did a great job.,a week ago,2026-07-28,,"Dear Hashem Shami,

Thank you for sharing your kind feedback with us.
We are delighted to hear that you are satisfied with the Entertainment team.
We truly appreciate your kind words and look forward to welcoming you back for another fun-filled holiday.

Kind regards,
CRM MANAGEMENT",3 reviews,Ci9DQUlRQUNvZENodHljRjlvT25ONVVFeDFObWR1U1daTVdFTXlaRlZTYTFOR2MzYxAB
Caner Ozbilgin,5.0,"We were very pleased with our stay at the hotel overall. The food was delicious and varied. The quality of the drinks exceeded our expectations. All the staff were friendly, polite, and truly valued guest satisfaction.

The animation team made our holiday even more enjoyable. The daytime activities, evening shows, and after-show organizations were extremely successful, fun, and professionally prepared. We were particularly pleased with the attention, friendliness, energy, and personal interaction of Mr. Resul from the animation team. We would like to thank him separately.

We thank the entire hotel management and staff for contributing to this wonderful holiday. It's a hotel that makes its guests feel special and has a high-quality service philosophy. It's a place we would consider returning to and wholeheartedly recommend to others.",a week ago,2026-07-28,,"Dear Guest Mr. Caner Ozbilgin,
Thank you for taking the time to review your holiday experience at our facility.
We are very pleased that you were satisfied with the services offered by our facility, the variety of food, the quality of activities, the hospitality of our staff, especially Mr. Resul's service, and your holiday in general.
We would be happy to see you again soon.
Sincerely,
CRM MANAGEMENT",Local Guide · 48 reviews · 27 photos,Ci9DQUlRQUNvZENodHljRjlvT2pOMk9YZFpUSHBhTW0xTVNHbHJNVkowZEdSNGEzYxAB
kristinakS750GP,3.0,"We recently stayed at Titanic Deluxe Golf Belek with our children, and overall, we had a very enjoyable vacation.||When it comes to the facilities and infrastructure, we honestly have no complaints. For families with children, this resort …",2 weeks ago,2026-07-21,,,,ChZDSUhNMG9nS0VPci04SXZDb2VhTEN3EAE
davisonf2026,2.0,"Hotel is newer and the rooms are fine - to be expected because it is on the expensive side for the area. Kids club is huge, great staff, activities and food for the children. Some staff are great, very helpful. Food is just ok - salads, …",2 weeks ago,2026-07-21,,,,ChZDSUhNMG9nS0VKbmNtOEx6a19lQ1ZREAE
AdrienT193,5.0,"A very well-equipped, luxurious, clean hotel, suitable for all ages. Highly recommended.",2 weeks ago,2026-07-21,,,,ChZDSUhNMG9nS0VLemM4Nl85OFpuMGZBEAE
Antoine F,5.0,,2 weeks ago,2026-07-21,,"Dear Antoine F,
Thank you for taking the time to share your holiday experience with us.
It will always be our pleasure to welcome you back to our hotel.
Kind regards,
CRM MANAGEMENT",6 reviews,Ci9DQUlRQUNvZENodHljRjlvT2xOWVJGSm5MV05mTVRCRGVWaHhjR2QzY2tsS1NVRRAB
Aferdita Sula,1.0,"Absolutely unacceptable! We paid for accommodation for 4 guests (2 adults and 2 children), yet the hotel provided only 3 single beds. We came as a family, not as a group of friends, so how did you expect two adults and two children to sleep in only three separate beds? After a long and exhausting journey, the last thing we expected on the first day of our vacation was to deal with such a basic and frustrating problem. Instead of relaxing, we had to spend our time trying to fix a mistake that should never have happened. We paid a premium price and did not receive what we booked. This is far below the standard of a 5-star hotel. Very poor organization and disappointing customer service. I would not recommend this hotel based on our experience.",2 weeks ago,2026-07-21,,,2 reviews,Ci9DQUlRQUNvZENodHljRjlvT25OUk1VMW5WME5rUTBoMWFXOU1ha3N3VFRZeFpsRRAB
Kristina Krevska,3.0,"We recently vacationed at the Titanic Deluxe Golf Belek with our children, and overall, our experience was positive.

As for the infrastructure, there were no issues whatsoever. It's a fantastic place for families with children: the grounds are vast, and there are plenty of entertainment and activities. The children were absolutely delighted for almost the entire vacation.

I'd also like to highlight the à la carte restaurants. The food was truly delicious. We especially enjoyed the Greek restaurant, which features a plate-smashing show during dinner. The children really enjoyed it and were thrilled. We also tried the Japanese restaurant with its teppanyaki show: not only was the food delicious, but it was also spectacular; the chef put on quite a performance.

Of course, there were some downsides. The air conditioning in the room didn't work, and the safe was broken, as was the door handle. I was also surprised by the lack of small touches like body lotion and a coffee machine. The staff, in my opinion, also didn't always show sufficient concern for guests. For the price of a five-star hotel, you'd expect more attentive service and a better attitude.

For me personally, the hotel was too big. Sometimes it felt like I was at an airport: crowded and constantly moving. I prefer a more intimate atmosphere. I couldn't help but compare it to the Titanic Luxury Collection Bodrum, and I would definitely gladly return there again.

Nevertheless, the kids were happy, so the vacation was a success. We also enjoyed it and left with fond memories. But next time, we'll likely consider other options to find a hotel that suits us even better.

We recently stayed at the Titanic Deluxe Golf Belek with our children, and overall, we had a very enjoyable vacation.

When it comes to the facilities and infrastructure, we honestly have no complaints. For families with children, this resort is fantastic. There are plenty of activities, entertainment options, and spaces designed for kids, making it an excellent choice for a family vacation.

The à la carte restaurants were also a highlight of our stay. The food was excellent, and we particularly enjoyed the Greek restaurant, where they put on a fun plate-breaking show during dinner. Our children absolutely loved it. We also visited the Japanese restaurant for the teppanyaki experience, which was both delicious and entertaining. The live cooking show added a special touch to the evening.

That said, there were some issues that we would not expect from a five-star hotel. The air conditioning in our room was not working properly, the safe was broken, and the door handle needed repair. We were also surprised to find that there was no body lotion in the bathroom and no coffee machine in the room. In addition, we felt that the staff could have been more attentive and guest-oriented. For a hotel in this price range, we expected a higher level of service and care.

On a personal note, the hotel felt a bit too large for my taste. At times, it almost felt like being in an airport, with so many people and such a vast property. I couldn't help comparing it to Titanic Luxury Collection Bodrum, which I personally preferred and would happily return to again.",2 weeks ago,2026-07-21,,"Dear Kristina Krevska,

Thank you for taking the time to share your detailed feedback with us.
First of all, we would like to sincerely apologize if we unintentionally failed to meet your expectations in certain aspects of your stay.
We are delighted to learn that you enjoyed the facilities and services offered by our hotel, the activities specially organized for children, your dining experiences at our Yamas and Teppanyaki à la carte restaurants, and that you had an enjoyable holiday overall.
As part of our brand philosophy, each of our hotels in different destinations offers its own unique concept and services. Every property has distinctive features, advantages, and facilities designed to create a memorable holiday experience for our guests. We would kindly like to share this with you while also assuring you that your valuable comments and suggestions will be forwarded to our senior management team for evaluation and continuous improvement.
It would be our great pleasure to welcome you back to our hotel in the future.

Kind regards,
CRM MANAGEMENT",Local Guide · 27 reviews · 44 photos,Ci9DQUlRQUNvZENodHljRjlvT21WV1RqSktaMmRWUkdOU1pGOTFjbE5rWjE5SVdXYxAB
saracF6536XZ,5.0,Another amazing and beautiful stay at this fantastic resort. We love it here and when we're back we fall in love all over again. We went to Greek Al-a-cart  which was unreal and we went to Turkish to accommodate all tastes. Both didn't …,2 weeks ago,2026-07-21,,,,ChdDSUhNMG9nS0VMVGxsYkN6NjlXUjBnRRAB
danny160568,4.0,"I genuinely wanted to give Titanic Deluxe Belek a 5-star review because, overall, we had an amazing holiday and have already rebooked for next year. Unfortunately, a few issues could, and should, have been handled much better, so I can’t …",2 weeks ago,2026-07-21,,,,ChdDSUhNMG9nS0VPUE5yZUd2OGJmSDNRRRAB
muhittinm2026,5.0,"We had an excellent stay at Titanic Deluxe and were extremely satisfied with every aspect of our experience.|The beach and pier areas were exceptionally clean, well maintained, and peaceful, creating the perfect atmosphere to relax. The …",2 weeks ago,2026-07-21,,,,ChZDSUhNMG9nS0VLcmVwS0Q2eEtycFJBEAE
yourstrulynav,5.0,"We’ve had the most amazing experience at this hotel. Dinner at Yamas was an amazing experience, must try it! Also the kids cub is absolutely amazing, the size of it, the activities and the cleanliness. Beyzanur especially is so friendly and …",2 weeks ago,2026-07-21,,,,ChZDSUhNMG9nS0VNbmxyNzI0MlBxZlVnEAE
stefannH230PQ,1.0,"Now I know how this hotel gets so many 5-star reviews. My son lost his flip-flops; they were with guest relations. They were returned, and they asked if I could scan a QR code. I did, and the phone automatically switched to TripAdvisor, and …",2 weeks ago,2026-07-21,,,,ChZDSUhNMG9nS0VNX29pTnY0M2FqRERREAE
sevdaseyidova,5.0,We were able to enjoy our holiday with our children to the fullest. They took excellent care of the children. Ms. Selcan and the rest of the team were very attentive to us.,2 weeks ago,2026-07-21,,,,ChdDSUhNMG9nS0VOalAxTnFyd0wzSF9RRRAB
Amina Umurzakova,5.0,"The hotel is beautiful. The atmosphere is wonderful, and everything is well maintained. The entertainment team is fantastic - they are friendly, energetic, and always create a great mood. I especially enjoyed the morning fitness activities and the evening shows, which were fun and professionally organized. We had a wonderful stay and would definitely recommend this hotel!",2 weeks ago,2026-07-21,,"Dear Amina Umurzakova,

Thank you very much for taking the time to share your wonderful feedback with us.
We are delighted to hear that you enjoyed the atmosphere of our hotel and appreciated our well-maintained facilities. It is especially rewarding to know that our Entertainment Team made such a positive impression with their professionalism. Your kind words about the morning fitness activities and evening shows will be shared with the team, who will be thrilled to receive your appreciation.
Thank you once again for your feedback and rating. It was a pleasure to have you as our guest, and we look forward to welcoming you back for another memorable holiday.

Kind regards,
CRM MANAGEMENT",1 review,Ci9DQUlRQUNvZENodHljRjlvT25wdVRITlhhVWRuU2w5c1NFbDNiemQ2TWw5ZlZXYxAB
Seda Özcan,5.0,"Every area of ​​the hotel is very spacious and clean, I've never seen such beauty. We absolutely loved the Yamas restaurant, the team managed it very well, and the shows were great. Thank you!",2 weeks ago,2026-07-21,,"Dear Guest Ms. Seda Özcan,
First of all, thank you for taking the time to share your feedback with us.
We are very pleased that you were satisfied with the services offered by our facility, the hygiene standards of our hotel, the quality of service at Yamas Restaurant, the hospitality of our staff, and your holiday in general.
We will be very happy to see you again soon.
Sincerely,
CRM Manager",2 reviews,Ci9DQUlRQUNvZENodHljRjlvT25WRGFXUnZVbFY2TTNwT1pUZFpTekpGTjFOT0xWRRAB
Борис Сушилин,5.0,Excellent hotel! It has everything you need for a great stay! I'd especially like to mention the animation team!,2 weeks ago,2026-07-21,,"Dear Guest Boris Sushilin,

Thank you for taking the time to share your impressions of your stay at the Titanic Deluxe Golf Belek.

We are truly delighted to hear that you enjoyed your stay and highly appreciated the facilities our hotel offers for a comfortable and unforgettable stay.

We are especially pleased that you praised the work of our animation team. We will be sure to pass on your kind words to our colleagues – this will be a wonderful recognition of their professionalism and sincere desire to create vibrant and unforgettable moments for our guests.

We look forward to welcoming you back to the Titanic Deluxe Golf Belek and making your next vacation just as enjoyable and memorable.

Sincerely,

CRM MANAGEMENT",2 reviews,Ci9DQUlRQUNvZENodHljRjlvT2xkalRFUXdXVFF3VW1KQlRFaFBhamN3TTFOdk1YYxAB
enkhariune,5.0,"Fantastic staff! Especially Mustafa, who anticipated our every need. We were completely satisfied.",2 weeks ago,2026-07-21,,,,ChZDSUhNMG9nS0VQR3VwNG0yM1k3UExnEAE
Carrie Ward,5.0,,2 weeks ago,2026-07-21,,"Dear Guest Carrie Ward,

Thank you for choosing Titanic Deluxe Golf Belek and for taking the time to rate your stay with a perfect 5-star score.

Your outstanding rating is greatly appreciated and serves as a wonderful encouragement to our entire team. We are delighted to know that your experience met your expectations and that you left with positive memories of your holiday.

It would be our pleasure to welcome you back again soon and provide you with another unforgettable stay.

Kind Regards,

CRM MANAGEMENT",3 reviews,Ci9DQUlRQUNvZENodHljRjlvT2pKYWRqaG9OWGRLVFhwVmVEUm5ObEJtZW5GMlMyYxAB
Мерейлім Махмудқызы,5.0,"The hotel left the warmest memories. It offered a wonderful combination of comfort, beautiful scenery, and exceptional service. Everything was top-notch—from the food to the leisure activities. We definitely recommend it!",2 weeks ago,2026-07-21,,"Dear Guest, Mereilim Mahmudkyzy,

Thank you for sharing your wonderful experience at Titanic Deluxe Golf Belek.

We are delighted to learn that your vacation left you with the warmest memories. We are especially pleased that you highly appreciated the harmonious combination of comfort, picturesque nature, high-quality service, varied dining options, and leisure activities. Such feedback is the best reward for our entire team.

We would like to express our special gratitude for recommending our hotel. Your trust and kind words inspire us to continue to do everything possible to make every vacation truly unforgettable for our guests.

We look forward to welcoming you back to Titanic Deluxe Golf Belek and offering you even more unforgettable experiences.

Sincerely,

CRM MANAGEMENT",1 review,Ci9DQUlRQUNvZENodHljRjlvT2xab1dtSk1abFpHU0c5NVZEaDZiRUV6WjFoVldIYxAB
Joe Newcombe,5.0,,2 weeks ago,2026-07-21,,"Dear Guest Joe Newcombe,

Thank you very much for awarding Titanic Deluxe Golf Belek the highest rating.

We are truly honored by your 5-star evaluation. Knowing that we were able to provide you with a memorable holiday experience is the greatest motivation for our entire team.

We sincerely appreciate your support and trust, and we look forward to welcoming you back in the near future for another exceptional stay.

Kind Regards,

CRM MANAGEMENT",,Ci9DQUlRQUNvZENodHljRjlvT2xSS1EyOUpSMkZIUjBaRk4wWmFaWGQ2YjI5UFNtYxAB
nikolay kokarev,5.0,I recommend it,2 weeks ago,2026-07-21,,"Dear Guest Nikolay Kokarev,

Thank you for taking the time to share your review.

We are delighted to learn that you recommend the Titanic Deluxe Golf Belek. This level of trust is our highest praise and inspires our entire team to continue providing the highest level of service.

We sincerely hope to welcome you back to our hotel and offer you even more wonderful experiences on your next vacation.

Sincerely,

CRM MANAGEMENT",1 review · 1 photo,Ci9DQUlRQUNvZENodHljRjlvT2xSRFgwMXhXVmc1YUZOZmIwSnpTblpUTTBSdE0zYxAB
Lola Babayeva,5.0,"I came from Azerbaijan, the food was delicious, the animation was just super.",2 weeks ago,2026-07-21,,"Dear Guest Lola Babayeva,

Thank you for taking the time to share your impressions of your stay at Titanic Deluxe Golf Belek.

We are truly delighted to learn that you enjoyed our cuisine and that you highly appreciated the work of our entertainment team. We are honored to know that we were able to make your stay vibrant, delicious, and filled with positive emotions.

Your kind words will be sure to be passed on to our chefs and entertainment team. Feedback like this motivates us to continue providing the highest level of service.

We look forward to welcoming you back to Titanic Deluxe Golf Belek and offering you another unforgettable vacation.

Sincerely,

CRM MANAGEMENT",1 review,Ci9DQUlRQUNvZENodHljRjlvT21oVU1FNU9OakZLUTBkSWVUZ3RWMk50YlRkMU5tYxAB
gianni grasso,5.0,The animation team was great!,2 weeks ago,2026-07-21,,"Dear Guest Gianni Grasso,

Thank you very much for taking the time to share your kind feedback with us.

We are delighted to hear that you had such a positive experience with our Animation Team. Knowing that their enthusiasm, friendliness, and dedication contributed to making your holiday enjoyable is truly rewarding for all of us.

Your wonderful comments will be shared with our Animation Team, who will be delighted to know they helped create memorable moments during your stay.

We sincerely look forward to welcoming you back to Titanic Deluxe Golf Belek for another enjoyable and unforgettable holiday.

Kind Regards,

CRM MANAGEMENT",3 reviews,Ci9DQUlRQUNvZENodHljRjlvT2pOdFMwd3pkMG90VUVKbU5FdzVWMnRYVm1GU05uYxAB
iklimmiss,5.0,"A huge thank you to the animation team, everyone was so friendly! The activities were great 🥰🤍",2 weeks ago,2026-07-21,,"Dear Guest İklimmiss,

Thank you for sharing your valuable feedback with us.

We are delighted to learn that the friendly and welcoming approach of our animation team added value to your holiday. Your enjoyment of the activities organized throughout the day and the positive impression our team left on you is the best indication of our service philosophy, which prioritizes guest satisfaction.

We will gladly share your kind comments with our animation team. We hope to welcome you back to our resort and ensure the same satisfaction on your next holiday.

Sincerely,",1 review,Ci9DQUlRQUNvZENodHljRjlvT2xSRlJHZFlaVTVZTkRWSk1UaGtTMEpJWlhscmVtYxAB
Oktay Tekin,5.0,We are very pleased with the friendly smiles of the animation teams ☺️,2 weeks ago,2026-07-21,,"Dear Guest Oktay Tekin,

First of all, thank you for taking the time to share your feedback with us.

We are extremely pleased that you were satisfied with the friendly, sincere, and guest-focused service of our animation team. On behalf of our team, who work diligently to provide our guests with an enjoyable and unforgettable holiday experience, we would like to thank you for your kind words.

We will gladly share your valuable feedback with our relevant department. We would be delighted to welcome you back to our facility soon and wish you healthy and pleasant days.

Sincerely,

CRM MANAGEMENT",3 reviews,Ci9DQUlRQUNvZENodHljRjlvT2xReE4xZFhPRWRTVlhWS2VYcG5VM1U1ZUZKaWEzYxAB
mehmetkS4296CV,5.0,"Hello, we stayed at this hotel last year as well. We were particularly impressed by the atmosphere, hospitality, cleanliness, the abundance of activities for children, and the friendly and welcoming staff. Therefore, this year, without even …",2 weeks ago,2026-07-21,,,,ChZDSUhNMG9nS0VObkN0N0xaa0phSmJnEAE
Craigctu,5.0,The hotel is huge! |Special tip is get down early to the beach and get on the pier. The breeze is lovely.||The steak à la carte is unbelievable. Efe looked after us from the minute we arrived. Informative demonstration of the different cuts …,2 weeks ago,2026-07-21,,,,ChZDSUhNMG9nS0VNbXItTG5HeThhQ0JBEAE
erulezzz,5.0,"We have stayed at the hotel for the past 4 seasons. The staff, who welcome us with a friendly and smiling face every time we visit the family, make us very happy, especially when you go to the hotel. It is very nice that the Gabana sections …",2 weeks ago,2026-07-21,,,,ChZDSUhNMG9nS0VOSG13Si1sNktIaUtnEAE
hasanserta_k2023,5.0,We had a wonderful holiday at Titanic Deluxe Belek Hotel; it exceeded our expectations in every way. Our daughter especially didn't want to leave the kids club for a single moment. Thank you so much for everything!,2 weeks ago,2026-07-21,,,,ChZDSUhNMG9nS0VLUGZpYU9lXzZlSE93EAE
caE7125CM,3.0,"The food selection definitely needs to be expanded. || The staff are very attentive and polite. || The gym is very spacious, but half of the equipment is at least 15 years old and urgently needs to be replaced.",2 weeks ago,2026-07-21,,,,ChZDSUhNMG9nS0VJVERuTS13N3ZQeUxREAE
K2305HW_,4.0,"Asylay - the girl on the pier is beyond praise))) the service is top notch | Tatyana - guest relations, she approaches her guests with soul)))) a super person",2 weeks ago,2026-07-21,,,,ChdDSUhNMG9nS0VJbTY1X2ZPcExxZm13RRAB
_t_ll_m2016,5.0,Amazing stay at the hotel as a family of 5. The hotel is massive and took us a while to figure out where things are! we really enjoyed going to the beach getting the wee train or boat down only takes 5 minutes and is a nice welcome break …,2 weeks ago,2026-07-21,,,,ChdDSUhNMG9nS0VMSGxodG1GMXJieDNnRRAB
Buse Turan,5.0,"Very good Animation team. Evening program impressive , show and party was great.",2 weeks ago,2026-07-21,,"Dear Guest Buse Turan,

Thank you very much for taking the time to share your feedback.

We are delighted to hear that you enjoyed our animation team and found the evening program, shows, and parties impressive. Your positive comments are a great motivation for our team and encourage us to continue providing memorable experiences for our guests.

We look forward to welcoming you back for another enjoyable stay.

Best regards,
CRM Management",10 reviews · 1 photo,Ci9DQUlRQUNvZENodHljRjlvT2xOc1gyOVpjalJqZUZGdmNYUjZhR1pTTm1jNVgzYxAB
Muzzy isitt,3.0,,2 weeks ago,2026-07-21,,"Dear Muzzy isitt,

Thank you for taking the time to complete your evaluation and share your rating with us.
As there were no comments included in your rating, we are unfortunately unable to determine which aspects of your stay you believe require improvement. We would greatly appreciate it if you could share your feedback with us in more detail at your convenience, as your valuable comments help us enhance the quality of our services and guest experience.
We look forward to hearing from you.

Kind regards,
CRM MANAGEMENT",6 reviews,Ci9DQUlRQUNvZENodHljRjlvT21GdGVETlNSQzB5Y0c5bFJFaDRkR3BhWjNGRk1VRRAB
Anastasia Kibardina,5.0,"I really liked the hotel, the grounds are very beautiful and spacious, there's a wide selection of food and everything is delicious, and the entertainment is excellent.",2 weeks ago,2026-07-21,,"Dear Guest Anastasia Kibardina,

First of all, thank you for choosing the Titanic Deluxe Golf Belek Hotel for your vacation and for sharing your high rating.
We look forward to welcoming you back.

Best wishes and see you again,
CRM MANAGEMENT",1 review,Ci9DQUlRQUNvZENodHljRjlvT2xwUk9FRnVUVjl1VG1KQ1FTMU1NMFp2VjE5c2QyYxAB
Talha Ayvaz,4.0,"The hotel is in excellent condition in terms of location. With a stream on one side and the sea on the other, it looks very beautiful. The areas are spacious. It doesn't feel crowded. The food is varied and delicious. We especially preferred the wicker restaurant and didn't regret it at all. In general, there are many staff everywhere, and orders and other things are never delayed. The staff are attentive, most are smiling, and try to do their jobs properly. Thank you to all of them. The rooms are clean, and the daily cleaning is very good. The sea is clean, the pier is well-maintained, and it leaves a good impression. The spa center is very nice and has various different pools. Regarding the shortcomings, the pool cleaning needs a little more attention. We saw underwater with goggles and wished we hadn't. I don't want to go into too much detail. Another issue is the aquapark. They don't allow anyone under 140 cm on the most fun slides. As someone who has vacationed in many places in this region (including premium hotels), I have never seen such a high height limit. If your child loves aquaparks, I recommend paying attention to the height limit. Have a great holiday everyone, thank you Titanic family.",2 weeks ago,2026-07-21,,"Dear Guest, Mr. Talha Ayaz,

First of all, thank you for taking the time to share your holiday experience and feedback with us.
We are very pleased that you were satisfied with the services offered by our facility, the quality of our food, the hospitality of our staff, the location of our hotel, our hygiene standards, and your overall holiday experience.
Your comments regarding pool cleanliness have been shared with our Technical Service department for evaluation and necessary improvements, and the necessary actions will be taken as soon as possible.
Regarding our aquapark, the health and safety of our guests is always our top priority. Therefore, the rules applied in our aquapark, which was established by an external company, are determined in accordance with the safety procedures of that company. The purpose of these rules is to prevent our valued guests from encountering any negative situations during their holidays and to ensure safe use. We thank you for your understanding in this regard.
We would like to thank you once again for sharing your valuable opinions and suggestions with us in good faith, and we would be happy to welcome you back to our hotel soon.

Best regards,
CRM Management",Local Guide · 13 reviews,Ci9DQUlRQUNvZENodHljRjlvT2pCU1FURjZNMmxNTUdwWk5rMDVORzU0YlZOVFdFRRAB
kristina paulauskyte,5.0,,2 weeks ago,2026-07-21,,"Dear Guest kristina paulauskyte,
On behalf of the hotel management & staff, we would like to express our gratitude for your wonderful rating of Titanic Deluxe Golf Belek Hotel.
We hope to have the pleasure of hosting you again very soon.
With kind regards,
CRM MANAGEMENT",1 photo,Ci9DQUlRQUNvZENodHljRjlvT25oVE9HSkhjRmgxYkRWbVRIVktOVkZYTFV4RlYzYxAB
Elnur elnurnebiyev83@mail.ru,5.0,,2 weeks ago,2026-07-21,,"Dear Guest Elnur elnurnebiyev83@mail.ru,
On behalf of the hotel management & staff, we would like to express our gratitude for your wonderful rating of Titanic Deluxe Golf Belek Hotel.
We hope to have the pleasure of hosting you again very soon.
With kind regards,
CRM MANAGEMENT",,Ci9DQUlRQUNvZENodHljRjlvT2poTVRFbHdWbW81WlRKQlRXdENaa2huVW5KdFYxRRAB
Elman Nebiyev,5.0,,2 weeks ago,2026-07-21,,"Dear Guest Elman Nebiyev,
We would like to sincerely thank you for choosing Titanic Deluxe Golf Belek Hotel and for your 5-star rating.
It will be our pleasure to welcome you back again in the near future.
With kind regards,
CRM MANAGEMENT",1 photo,Ci9DQUlRQUNvZENodHljRjlvT2xSclZuVnZiRE5HWDFVNU1WaGplRkZKU2s1clVsRRAB
Eren Tece,5.0,"I am very satisfied with the hotel overall, especially the children's play areas. They are extremely clean and tidy. The staff are very attentive. There are plenty of places for children to have a great time.",2 weeks ago,2026-07-21,,"Dear Guest Eren Tece,
First of all, thank you for choosing Titanic Deluxe Golf for your stay.
We are very pleased that we were able to satisfy you during your stay, and your satisfaction will be shared with our relevant colleagues.
We would always be delighted to welcome you back to our facility as a valued member of the Titanic Deluxe Golf Family.
Sincerely,
CRM MANAGEMENT",1 review,Ci9DQUlRQUNvZENodHljRjlvT2pGek1HaFlWek5JWmtWTGQycFFWbUpVTm1WUU5YYxAB
721olafg,5.0,Superb hotel with very friendly staff. | Special thanks to Nuri Aydas and his team for the excellent service and support at the pool and Bridge Cabana. | We'll be back in September.,2 weeks ago,2026-07-21,,,,ChZDSUhNMG9nS0VJZlUyNFRVdGVIX1FnEAE
Oğuzhan Kışlalı,5.0,"The hotel is very beautiful and very large, the food is delicious and there are many options for drinks. We especially thank the animation team; we always participate in darts and have a lot of fun. Thank you!",2 weeks ago,2026-07-21,,"Dear Guest Oğuzhan Kışlalı,

First of all, on behalf of the Titanic Deluxe Golf Belek family, we would like to thank you for rating our facility highly on Google.

Your valuable comments and suggestions are very important to us.

We are very happy to have earned your satisfaction.

We look forward to welcoming you again soon.

Sincerely,
CRM MANAGEMENT",2 reviews,Ci9DQUlRQUNvZENodHljRjlvT2tkcE5VOWtlbVUwWkhKemR6VkdTa0ZqWmxvdFRsRRAB
betül Yaman,5.0,"One of the most unforgettable experiences during our vacation at Titanic Deluxe Belek was with Ms. Betül, who looked after our child. We cannot thank her enough.

From the moment we first met, her smiling face, warm approach, and sincerity gave us great confidence. As a parent, it's not easy to entrust your child to a stranger. However, Ms. Betül quickly won the hearts of both us and our child. She was so caring, compassionate, and professional that we could entrust our child to her with complete peace of mind.

She spent wonderful time with our child, met their needs with great care, and always showed them loving attention. Seeing how happy our child was with her made us very happy too. The excitement with which our child went to see Ms. Betül at each meeting was the greatest indication of the beautiful bond they had formed.

Thanks to her, we were able to truly relax and enjoy our vacation. Being able to entrust our child to her without the slightest worry was invaluable to us. We are grateful to her for giving us this peace of mind.

Ms. Betül is not just someone who does her job; she's a wonderful person who does her job with great love and dedication, and has a truly strong connection with children. Her smiling face, patience, attention, and sincerity made our holiday even more special.

We extend our endless gratitude to Titanic Deluxe Belek and especially to Ms. Betül. Our first request when we return will be for our child to spend time with Ms. Betül again. We wholeheartedly recommend her to anyone who wants to entrust their children to reliable, loving, and professional hands. You are truly fortunate to have such valuable employees.",2 weeks ago,2026-07-21,,"Dear Guest Betül Yaman,

Thank you for entrusting your holiday to Titanic Deluxe Golf Belek and for sharing your kind review with us.

Learning that our guests are satisfied with the services we provide is very motivating for us.

We hope to see you again and wish you a pleasant day.

Sincerely,

CRM MANAGEMENT",Local Guide · 26 reviews · 5 photos,Ci9DQUlRQUNvZENodHljRjlvT2xsWVVIY3lPVzUzWlV4bGVHMHdYekZhWW5acFIyYxAB
Alena Ivanova,5.0,,2 weeks ago,2026-07-21,,"Dear Guest Alena Ivanova,

Thank you for choosing Titanic Deluxe Golf and for sharing your highest score rating.

We would be happy to welcome you here again in the near future!

Best regards,
CRM MANAGEMENT",,Ci9DQUlRQUNvZENodHljRjlvT2xKUUxWWkxSVTlIVFMwMFFXNXdlVWxDYTFsWmNuYxAB
Craig McConnell,5.0,"Fantastic resort, 10/10. Would highly recommend, great for kids with endless activities. Spa facilities are great and definitely one of the best resorts I've stated. Its our 3rd summer here, and we will be back.",2 weeks ago,2026-07-21,,"Dear Guest Craig McConnel,

Thank you very much for taking the time to share your wonderful feedback with us.

We are truly delighted to learn that you enjoyed our resort, the wide range of activities for children, and our SPA facilities. It is especially rewarding to know that this was your third summer holiday with us and that you consider our resort to be one of the best you have stayed at.

Your kind recommendation and your continued trust in Titanic Deluxe Golf Belek are the greatest compliments we could receive. Knowing that you are already planning to return motivates our entire team to continue delivering exceptional experiences.

We look forward to welcoming you back for many more memorable holidays.

Best regards,
CRM Management",4 reviews · 1 photo,Ci9DQUlRQUNvZENodHljRjlvT2xWTFJETjBaR0UyVjBkNFFtMVNkMk5SY1ZVNFMxRRAB
Zoeybogers,5.0,"It is a beautiful hotel, with friendly people. Everything is well maintained. There is a wide variety of food options.",Edited 2 weeks ago,2026-07-21,,"Dear Guest Zoeybogers,

From all Titanic Deluxe Golf Belek team let us thank your for the quite high points you have already left on Google website. We would be very appreciated if you would leave us the highest rating, in turn, we promise to provide you with the best service ever.

Waiting to host you again at Titanic Deluxe Golf Belek Hotel.

With kind regards,
CRM MANAGEMENT",2 reviews,ChdDSUhNMG9nS0VJQ0FnSUR1OFBuUHBBRRAB
ryan8980,5.0,Stunning place really doesn't disappoint on anything. Service is amazing and so much on offer,Edited 2 weeks ago,2026-07-21,,"Dear Guest,
We would like to thank you for giving our Hotel Titanic Deluxe Golf Belek a high rating on Google.
Kind regards,
CRM MANAGEMENT",8 reviews · 7 photos,ChdDSUhNMG9nS0VJQ0FnSURvc0pHRXRBRRAB
Ahmet Kaya,5.0,"The hotel is a pleasant, activity-filled, and special hotel; we had a wonderful holiday. The only thing that bothered us was the excessive number of flies due to its location; otherwise, we didn't experience any problems.",2 weeks ago,2026-07-21,,"Dear Guest Ahmet Kaya,

First of all, thank you for taking the time to share your feedback with us.

We are delighted that you had an enjoyable, activity-filled, and wonderful holiday at our facility. Your satisfaction with our services and your positive overall experience are extremely valuable to us.

We have also carefully considered your feedback regarding the high number of flies. Due to the natural environment of our facility, this situation can occur periodically, and we meticulously carry out regular pest control and preventative measures to ensure the highest level of comfort for our guests.

We look forward to welcoming you back soon and wish you healthy and pleasant days.

Sincerely,

CRM MANAGEMENT",5 reviews,Ci9DQUlRQUNvZENodHljRjlvT21sV1luUlhTbmhTUVhWU1IyWmtZekEwWjFsR00zYxAB
Nur Abdul Kariem,5.0,"This was our second stay at this hotel, and it certainly won’t be our last! We loved it so much the first time that we came back, and once again it exceeded our expectations.

The food is excellent, with a fantastic variety and something for everyone. The Kids Club is amazing and kept the children entertained with so many fun activities. The entire staff are incredibly friendly, welcoming, and always happy to help, making us feel at home throughout our stay.

The hotel is spotless, the facilities are excellent, and the atmosphere is perfect for a relaxing family holiday. We recommend this hotel to all of our friends and family, and everyone who has visited has loved it too. Thank you for another wonderful holiday—we can’t wait to return again!",2 weeks ago,2026-07-21,,"Dear Guest Nur Abdul Kariem,

Thank you very much for taking the time to share your feedback with us.

It is truly an honor to have welcomed you back for your second stay, and we are delighted to know that we were able to exceed your expectations once again. Your continued trust and loyalty mean a great deal to us.

We are especially pleased to hear that you enjoyed our culinary offerings, that your children had a memorable experience at our Kids Club, and that the friendliness and dedication of our team made you feel at home throughout your stay. Your kind words are a wonderful source of motivation for all of us.

It is also incredibly rewarding to know that you recommend our hotel to your friends and family. There is no greater compliment than returning guests and personal recommendations.

Thank you once again for choosing us for your family holiday. We look forward to welcoming you and your loved ones back for many more memorable stays in the future.

Best regards,
CRM Management",Local Guide · 42 reviews · 7 photos,Ci9DQUlRQUNvZENodHljRjlvT201blUxQlFXV1EwUTNKdVJFazRRVzlIVFZGTmQzYxAB
Tugce sobacı,5.0,"My daughter's happiness at Kikoa Club is priceless, so we would like to thank all the staff and the hotel. The service and attention were amazing.",2 weeks ago,2026-07-21,,"Dear Guest Tugce Sobacı,

First of all, on behalf of the Titanic Deluxe Golf Belek family, we would like to thank you for rating our facility on Google.

We are very happy to have earned your satisfaction.
We hope to welcome you again soon...

Sincerely,
CRM MANAGEMENT",1 review,Ci9DQUlRQUNvZENodHljRjlvT21wZmIycE9Ta2g0TUdGT2RITXpNVU5NYVMxamVGRRAB
Aydin Ok,5.0,Our child had a lot of fun at the Miniclub. We thank them for their attention and care.,2 weeks ago,2026-07-21,,"Dear Guest Aydin Ok,
Thank you for your kind review of our facility.
Every opinion you provide is very important to us.
We are very happy to have earned your satisfaction. Your satisfaction motivates our entire team and encourages us to offer even better service.
It would be a pleasure to see you again and serve you.

Sincerely,
CRM Management",2 reviews,Ci9DQUlRQUNvZENodHljRjlvT21KR1puQXpTVTluUmtWa1ozVlJkRVl5YUhKS2MzYxAB
hüseyin doğan,1.0,"DO NOT BRING YOUR FAMILY HERE. Our stay at Titanic Deluxe Belek was a terrifying experience.

First, my daughter was hospitalized due to a severe infection caused by the hotel's unacceptable hygiene standards (confirmed by medical reports). But what followed was even worse. We were physically threatened and received DEATH THREATS from other aggressive guests in front of our children. And also with my friend

The hotel management’s response was a disgrace. Instead of taking charge, the senior managers hid in their offices, leaving interns and junior staff (who had no authority) to deal with a criminal situation. Their idea of ""support"" after someone threatened to kill us? Offering a ""free drink."" This is an insult to human life and safety.

The frontline staff (Guest Relations) were polite, but they are clearly being used as shields for an incompetent and cowardly management team that refuses to ensure guest safety. We felt so unsafe that we had to flee the hotel 2 days early.

A 5-star hotel should provide safety, not a ""free drink"" for a life threat. This place is a health hazard and a security nightmare. Avoid it at all costs!",2 weeks ago,2026-07-21,,"Dear Mr. Hüseyin Doğan,

Initially we would like to thank you for taking the time to share your feedback with us.
Based on your comments, we are truly sorry to learn that we were unable to meet your expectations in certain aspects of your stay. We would also like to extend our sincere wishes for a speedy recovery to your young family member and hope that they have made a full and swift recovery.
At Titanic Hotels, the health and safety of our guests are our highest priorities, and we remain committed to maintaining the necessary standards and procedures with the utmost care. Regarding the health-related matter you brought to our attention, the necessary investigations were carried out, and throughout the process, the available information and relevant updates were communicated to you.
We are genuinely sorry to learn about the incident you stated occurred with other guests during your stay. As a resort welcoming guests from many different countries and cultural backgrounds, disagreements between guests may, on rare occasions, occur. In such situations, our teams act in accordance with our established procedures by coordinating the situation, providing the necessary guidance to the parties involved, and informing guests of their right to contact the relevant authorities should they wish to do so. With regard to the incident you mentioned, we have been informed that our team provided the necessary assistance in line with our operational procedures.
All guest feedback is regularly shared with our senior management team for evaluation and to determine any appropriate actions. Due to operational responsibilities, it may not always be possible for members of senior management to meet personally with every guest. Nevertheless, our dedicated teams act under the guidance of management to ensure effective communication and to provide the highest level of guest care and satisfaction.
We were also pleased to learn that you appreciated the courtesy, professionalism, and support provided by our Guest Assistant team. Thank you for taking the time to acknowledge their efforts.
Once again, we sincerely appreciate you sharing your experience with us. We hope to have the opportunity to welcome you back in the future and provide you with the enjoyable and memorable stay that reflects the standards we strive to deliver.

Yours sincerely,
CRM Management",8 reviews,Ci9DQUlRQUNvZENodHljRjlvT21GR1NUZGpNRTQ1VTNsVmVEQnNlbFp2TVZGd1VuYxAB
Катя Долгова,5.0,"Excellent hotel, good service. I especially liked the friendly girl, Guljan, who works at the Jakaranda bar!",2 weeks ago,2026-07-21,,"Dear Guest Katya Dolgova,

Thank you for choosing the Titanic Deluxe Golf Belek and for taking the time to share your experience.

We are delighted to learn that your stay at our hotel was a positive experience.

We sincerely hope to welcome you back as our valued guest.

Sincerely, and best wishes,
CRM Management",2 reviews,Ci9DQUlRQUNvZENodHljRjlvT2sxaU5saGpjRVJFZVZCMGJsSTJNbkF4YVd4VGFtYxAB
Yasar Gemici,5.0,,2 weeks ago,2026-07-21,,"Dear Guest Yasar Gemici,
First of all, on behalf of the Titanic Deluxe Golf Belek family, we would like to thank you for rating our facility on Google.
We are very happy to have earned your satisfaction.
We hope to welcome you again soon...
Sincerely,
CRM MANAGEMENT",4 reviews,Ci9DQUlRQUNvZENodHljRjlvT2tKcWVVOUVaMWRWUVRSWlpYVXdRVkpJTFZaT1psRRAB
Thomas,5.0,"A very nice hotel, very friendly.
Elif from guest service is very helpfull.",2 weeks ago,2026-07-21,,"Dear Guest Thomas,
Thank you for choosing Titanic Deluxe Golf Belek and for sharing your highest score rating.
We would be happy to welcome you here again in the near future!
Best regards,
CRM MANAGEMENT",2 reviews,Ci9DQUlRQUNvZENodHljRjlvT21OM05rdENkR0V5Y0Zoc2RsRTROMEpLV1dOdFVVRRAB
amir daryaei,5.0,Many thanks to the animation team. We had so much fun at the activities. The evening entertainment was also great.,Edited 2 weeks ago,2026-07-21,,"Dear Guest Amir Daryaei,

First of all, on behalf of the Titanic Deluxe Golf Belek family, we would like to thank you for rating our resort on Google.

We are very happy to have earned your satisfaction.
We look forward to welcoming you again soon...

Sincerely,
CRM MANAGEMENT",1 review · 1 photo,Ci9DQUlRQUNvZENodHljRjlvT2xkdlFsSmFPVFZHWVRCdU5GbERUMnRvYWxsTmJVRRAB
Марат Исмаилов,5.0,We've been here 3 times already and it's great.,2 weeks ago,2026-07-21,,"Dear Guest Marat Ismailov,

First of all, thank you for choosing the Titanic Deluxe Golf Belek Hotel for your vacation and for sharing your high rating.
We look forward to welcoming you back.

Best wishes and see you again,
CRM MANAGEMENT",Local Guide · 2 reviews,Ci9DQUlRQUNvZENodHljRjlvT25sQ1FUbDFaMVF5UjNaMFZreExielJEZEcxZlNHYxAB
Ilham Mammadov,5.0,"Thanks to the animation team, they are very attentive to the guests.",2 weeks ago,2026-07-21,,"Dear Guest Ilham Mammadov,
First of all, on behalf of the Titanic Deluxe Golf Belek family, we would like to thank you for reviewing our hotel on Google.

We are very happy that you were generally satisfied with your stay.
We hope to welcome you again soon.
Sincerely,
CRM MANAGEMENT",1 review,Ci9DQUlRQUNvZENodHljRjlvT25CemJXd3dlblY2YldWc1oxbHRPSEZFU0UxVFNWRRAB
Buket Petek Çevik,5.0,"It was a very enjoyable holiday in every sense, the rooms, the staff, all the details were excellent, highly recommended!!",2 weeks ago,2026-07-21,,"Dear Guest Buket Petek Çevik,
First of all, on behalf of the Titanic Deluxe Golf Belek family, we would like to thank you for rating our facility on Google.
We are very happy to have earned your satisfaction.
We hope to welcome you again soon...
Sincerely,
CRM MANAGEMENT",3 reviews,Ci9DQUlRQUNvZENodHljRjlvT2w5d1ZYUXdWV2hTUmtOb05XaERZa2xYYWt4VE0yYxAB
Murat OLUKLU,5.0,,Edited 2 weeks ago,2026-07-21,,"Dear Guest Murat OLUKLU,

First of all, thank you for taking the time to rate us highly.

We are delighted that you were satisfied with the services offered at our facility during your stay.

We look forward to welcoming you back.
We hope to see you again soon.

Sincerely,
CRM MANAGEMENT",Local Guide · 21 reviews · 2 photos,ChdDSUhNMG9nS0VJQ0FnSUNKc2FLY2tnRRAB
Samira B-va,5.0,"We were very pleased with our stay! The hotel is beautiful and cozy, with a pleasant atmosphere. We especially enjoyed the evening program, with interesting shows and entertainment. The animation team is wonderful—fun, active, and friendly.",3 weeks ago,2026-07-14,,"Dear Guest Samira B-va,

First of all, thank you for choosing the Titanic Deluxe Golf Belek for your vacation and for sharing your review. We are truly delighted that you had a positive experience at our hotel. We look forward to welcoming you back.

Best wishes and see you again,
CRM Management",2 reviews,Ci9DQUlRQUNvZENodHljRjlvT2psVmF6RlJhMmRMZG5wcGFuRkJkRmxrUkhOSWFWRRAB
Диана Бахшиева,5.0,"A very beautiful hotel, the animation is just superb, and the evening program is very interesting",3 weeks ago,2026-07-14,,"Dear Guest Diana Bakhshieva,
Thank you for choosing Titanic Deluxe Golf and for taking the time to share your experience. We are delighted to learn that your stay at our hotel was a positive experience. We sincerely hope to welcome you back as our valued guest.
Sincerely, and best wishes,
CRM Management",2 reviews,Ci9DQUlRQUNvZENodHljRjlvT2xSdmFXZzVkMjVxVVVGMFducFdjeTFaVjBkWlVuYxAB
Nur Sogut,5.0,Have a pleasant stay!,3 weeks ago,2026-07-14,,"Dear Guest Nur Sogut,

First of all we would like to thank you for choosing Titanic Deluxe Golf Belek  for your holiday!
We are very happy that you spoke highly of our service.
Your nice comments will be shared with all our staff and hotel management.
It would be our pleasure to welcome you back here for many more memorable holiday experiences!

With kind regards,
CRM Management",2 reviews,Ci9DQUlRQUNvZENodHljRjlvT2s0M1EwTkVhSGhxUTJsVlJUTXlkWG90YUhOcE5XYxAB
Alina Znamenskaya,5.0,"The hotel is beautiful, I've been here twice already. Guest service is the best.",3 weeks ago,2026-07-14,,"Dear Guest Alina Znamenskaya,
Thank you for your warm review and for choosing the Titanic Deluxe Golf Hotel. We are honored to be part of your enjoyable vacation. We are delighted to have met your expectations and look forward to seeing you again soon.
Sincerely, and best wishes,
CRM Management",2 reviews · 6 photos,Ci9DQUlRQUNvZENodHljRjlvT2xrdFFsbzRNazFsVlVKYVlrUnVNa294ZG5oc1RrRRAB
Ahmad Ahmad777,5.0,,3 weeks ago,2026-07-14,,"Dear Guest Ahmad Ahmad777,
Thank you for choosing Titanic Deluxe Golf Belek and for sharing your highest score rating.
We would be happy to welcome you here again in the near future!
Best regards,
CRM MANAGEMENT",,Ci9DQUlRQUNvZENodHljRjlvT21WNmNGVmtkSEJsZGt3MGNrWnliV2g1TXpKSlpXYxAB
Jade Mclaren,5.0,The hotel is fantastic and very family orientated. Guest relations staff are fantastic and cannot do enough to help. We will most definitely return,3 weeks ago,2026-07-14,,"Dear Guest Jade Mclaren,

Thank you very much for taking the time to share your positive holiday review about your recent vacation in Titanic Deluxe Golf Belek. We are very happy that all you expectations were fully met and that you enjoyed your time here to the fullest!

It would be our pleasure to welcome you back here for many more comfortable holiday experiences!

With kind regards,
CRM Management",2 reviews,Ci9DQUlRQUNvZENodHljRjlvT2s5YWFrOW5kRXBJTWtOalJHMTZUVFpXTUVSV1QxRRAB
Salem Ch,5.0,"An unforgettable experience in 2025, it's fantastic, I highly recommend it. Atmosphere, security, and service are amazing, thank you to the Titanic Deluxe Golf Belek team!",3 weeks ago,2026-07-14,,"Dear Guest Salem Ch,

Thank you very much for your wonderful review! We are delighted to know that your stay with us was an unforgettable experience. It is truly rewarding to hear that you enjoyed our atmosphere, felt safe throughout your stay, and were impressed by the quality of our service.

Your recommendation means a great deal to all of us. On behalf of the entire team at Titanic Deluxe Golf Belek, thank you for your kind words. We look forward to welcoming you back for another exceptional stay in the near future.

Best regards,
CRM MANAGEMENT",4 reviews,Ci9DQUlRQUNvZENodHljRjlvT2xKUGFWZG1XbXgxUkZWUFluWlhkbHBSWms1cFoyYxAB
İsmail Yıldırım,5.0,,3 weeks ago,2026-07-14,,"Dear Guest İsmail Yıldırım,
First of all, on behalf of the Titanic Deluxe Golf Belek family, we would like to thank you for rating our facility on Google.
We are very happy to have earned your satisfaction.
We hope to welcome you again soon...
Sincerely,
CRM MANAGEMENT",2 reviews · 2 photos,Ci9DQUlRQUNvZENodHljRjlvT21KSFFtdElNMEp6TmtGMFdsaGlUVzVzZUhkMlltYxAB
yağmur yılmaz,5.0,"We've been going there for about 5 years. The service is excellent. The only problem is that the furnishings in the rooms and the sun loungers in the rooms overlooking the pool are very dirty. Please stop using bed linens. The same linens have been used since the hotel opened. Some things don't suit the hotel's prestige. Plastic sun loungers are cleaner. We've booked the same rooms again this year. Hopefully, we won't encounter these issues this time 🤍
Update: Before arriving at the hotel, I had expressed some concerns and complaints. However, the attention, solution-oriented approach, and care shown from the moment we arrived truly changed all my thoughts. Every issue I raised was addressed individually and more than compensated for. They made the value they place on guest satisfaction very clear. I sincerely thank the entire team for this wonderful attention and approach. 🤍🙏🏻",Edited 3 weeks ago,2026-07-14,,"Dear Ms. Yağmur,

First of all, thank you for choosing our hotel for many years and for your trust in us. It is a great pleasure for us to welcome you back every year. We have carefully considered your feedback regarding the room linens, sun loungers, and general use equipment mentioned in your review. All the notes you shared have been shared with our relevant departments, and the necessary follow-up processes have been initiated. Our guests' opinions are of great importance in helping us improve the quality of our services. We were pleased to assist you based on your requests and feedback during your past stays. Therefore, we would like to kindly remind you that if you share similar issues directly with us during your stay, our team will be happy to provide prompt support, as always.
We are pleased to learn that you have made a reservation in the same room category this year as well. We sincerely hope that you will not experience any negative issues regarding the matters you mentioned during your future stay, and we hope to provide you with a flawless and enjoyable holiday experience.

Sincerely,
CRM MANAGEMENT",Local Guide · 22 reviews · 10 photos,Ci9DQUlRQUNvZENodHljRjlvT25wa1drWm1aVmRtWXpKcllsaFJYekZtV0daQlJXYxAB
Gonca Ozdes,5.0,"This was our first time at the Titanic Hotel, and we were very pleased with everything. First and foremost, we were delighted by the friendly, welcoming, and always helpful staff.

The separate entertainment area and dedicated section for children was a really nice touch. Both our children and we had a wonderful time.

The Kids Club was truly excellent. Especially after 3 PM, it became our go-to place. The staff there welcomed us so warmly that we felt right at home.

We sincerely thank everyone involved. It's definitely a hotel we'll consider returning to!",3 weeks ago,2026-07-14,,"Dear Guest Gonca Ozdes,
On behalf of the Titanic Deluxe Golf family, we would like to thank you very much for taking the time to share your feedback with us.
Your thoughts and evaluations, shared with us by taking the time to do so, fill us with pride and motivation.
We would always be delighted to welcome you back to our resort as valued members of the Titanic Deluxe Golf Belek Family.
Sincerely,
CRM Management",3 reviews,Ci9DQUlRQUNvZENodHljRjlvT2poclNrVktiMncxVUhWSWEzbG1XbmRJV1VacGVXYxAB
canerd192,5.0,"Titanic is one of the hotels I would definitely visit again; I thoroughly enjoyed the food, drinks, and entertainment, everything about it was fantastic.",3 weeks ago,2026-07-14,,,,ChdDSUhNMG9nS0VOQ3U0dC1iOG9LUnNnRRAB
Нина Пилавова,5.0,"The animation team is superb 👍🏻
The service is excellent 👍🏻👍🏻👍🏻",3 weeks ago,2026-07-14,,"Dear Guest Nina Pilavova,

First of all, thank you for choosing the Titanic Deluxe Golf Belek Hotel for your vacation and for sharing your high rating.
We look forward to welcoming you back.

Best wishes and see you again,
CRM MANAGEMENT",1 review,Ci9DQUlRQUNvZENodHljRjlvT2pCUExUSkJUelJoZEhOaGVFeE9kV0pKYldsRVpuYxAB
Kit Daltrey,5.0,"All round great hotel, one of the best we've been to.
The animation team were fantastic, always loads of activities going on, had the best time",3 weeks ago,2026-07-14,,"Dear Guest Kit Daltrey,

Thank you very much for taking the time to share your wonderful feedback.

We are delighted to hear that you consider our hotel one of the best you have visited. It is especially rewarding to know that our animation team made such a positive impact on your stay with their enthusiasm, engaging activities, and dedication to ensuring our guests have an enjoyable experience.

Your kind words will be shared with the entire animation team, as they will be truly encouraged by your appreciation.

We sincerely thank you for choosing our hotel and look forward to welcoming you back for another memorable holiday in the near future.

Best regards,

CRM Management",2 reviews,Ci9DQUlRQUNvZENodHljRjlvT25aTWNFUkhVVVpJTTFGdGVtUk9hVXhTVkZneGJtYxAB
D8775BMmerveb,4.0,"Overall, we greatly benefited from the Mini Club activities for our 21-month-old daughter. The play supervisors were very friendly, trustworthy, and attentive. The environment was clean. As a suggestion, the toys and the environment could be improved.",3 weeks ago,2026-07-14,,,,ChdDSUhNMG9nS0VQSHJrWTdJeDhYUjhRRRAB
L1423OW_,5.0,"We spent our entire vacation in cabanas, and we had a wonderful friend, Asylai, I can already say. ❤️ She's a wonderful girl! A beautiful Kyrgyz woman!!! She's someone who knows how to do what she loves 💯 percent! She should be a manager 😉 …",3 weeks ago,2026-07-14,,,,ChZDSUhNMG9nS0VNMkxsWmZUal9EQmVREAE
Aleyna Kavalcı,5.0,"We stayed at the hotel for 6 days. The variety of morning and evening activities (water sports, pool activities, floating disco, shows, dancing, etc.) is strong, and there are shops, a pharmacy, and a market to meet all your needs. Everything is clean and tidy. Despite being crowded, the service was very adequate everywhere. All the desserts were delicious, and the variety of food and drinks was quite good. The guest clientele consisted mainly of young foreign families; there were many children, but they were well-behaved. I recommend going to the Yamas restaurant. Things that didn't meet my expectations were: the red meat was very dry, both à la carte and buffet style. Because it's by the stream, there were an incredible number of mosquitoes. I wish it were by the sea. You can get to the sea by boat or train. The trips to the sea end around 7 pm. It's a 30-minute walk from the hotel. Some areas in the aqua park need renovation.",3 weeks ago,2026-07-14,,"Dear Guest Aleyna Kavalcıopen,

First of all, thank you for choosing Titanic Deluxe Golf Belek Hotel.
Thank you very much for taking the time to share your experience and positive feedback about our hotel after your vacation. Your complimentary words, indicating that you were generally satisfied with our facilities and services, have made us very happy and have been a great source of motivation for our team. We would like you to know that your suggestions and feedback have been shared with the relevant department heads and will be taken into consideration.

We hope to see you again soon.

Sincerely,
CRM Management",Local Guide · 75 reviews · 19 photos,Ci9DQUlRQUNvZENodHljRjlvT2xOMFJVbHRMV295WjNZMlUxcHlNVGhYVHpSaVVYYxAB
tahsin dörtler,5.0,"Absolutely recommended, lovely establishment, lovely people and very delicious food 💯",3 weeks ago,2026-07-14,,"Dear Guest Tahsin Dörtler,
Thank you for sharing your valuable comments with us.
We are pleased that you were satisfied with our service quality.
It would be a pleasure for us to see you again and serve you.
Please do not hesitate to contact us before your stay.
Sincerely,
CRM Management",10 reviews,Ci9DQUlRQUNvZENodHljRjlvT2xSaU5rUTBWazEzVTBKUVkyMTBRbWhrUjNWTk4xRRAB
Onurefe Sekizkardeş,1.0,The service at the bar on the pier was excellent; we were very pleased with Mr. Serhat.,3 weeks ago,2026-07-14,,"Dear Guest, Mr. Onur Efe Sekiz;

Thank you for taking the time to share your feedback with us.
Upon reviewing the feedback history records in the system, it has been determined that you shared your feedback with our teams upon your departure. Your opinions have been shared with the senior management of our facility.
In order to follow up on the process, we have learned that our teams tried to contact you based on your feedback, but unfortunately they were unable to reach you.

We would like to kindly inform you that your feedback will be carefully reviewed, an investigation will be conducted based on your opinions, and the necessary actions will be taken in accordance with the results of the investigation.

We would also like to express our pleasure that you were satisfied with the hospitality of our staff members whose names you provided during your stay.
We hope to see you again soon…

Sincerely,
CRM MANAGEMENT",1 review,Ci9DQUlRQUNvZENodHljRjlvT2xFNFFsOU1lRUZDUW10U2NtOVdXamhWT0RoT1UwRRAB
Steve Berry,5.0,Hotel is amazing. Food was excellent and the staff have been wonderful. Just met Elif from guest services was a pleasure to meet her,3 weeks ago,2026-07-14,,"Dear Guest Steve Berry,

Thank you very much for taking the time to share your kind feedback.

We are delighted to learn that you had such an enjoyable stay and that you were pleased with our hotel, the excellent food, and the attentive service provided by our team. It is especially rewarding to know that your meeting with Mrs. Elif from our Guest Services team was such a pleasant experience. We will be delighted to share your thoughtful compliments with her, as we are sure they will serve as great encouragement.

Your satisfaction is our greatest motivation, and we sincerely appreciate your kind words. We look forward to welcoming you back for another memorable stay in the near future.

Best regards,
CRM Management",Local Guide · 8 reviews · 43 photos,Ci9DQUlRQUNvZENodHljRjlvT20xWE5FWTRWRGx3YW1oV1NUbFhiWGs0YlVJelVYYxAB
jack mcdonald,5.0,Elite from guest service was very helpful and hotel is lovely and staff and food is great,3 weeks ago,2026-07-14,,"Dear Guest jack mcdonald,
We would like to sincerely thank you for choosing Titanic Deluxe Golf Belek Hotel and for your 5-star rating.
It will be our pleasure to welcome you back again in the near future.
With kind regards,
CRM MANAGEMENT",2 reviews,Ci9DQUlRQUNvZENodHljRjlvT25GNk5XaFVSMGRvYzNOdGNYZDJOelJOTkhCTldVRRAB
Ансар Абдрашит,5.0,"We recently stayed at this hotel and were very pleased. The rooms are clean, comfortable, and well-equipped. The staff is polite and always ready to help. The breakfasts are delicious and varied. The location is convenient, close to shops and attractions. We will definitely return again and recommend this hotel to our friends!",3 weeks ago,2026-07-14,,"Dear Guest Ansar Abdrashit,

First of all, thank you for choosing the Titanic Deluxe Golf Belek for your vacation and for sharing your review. We are truly delighted that you had a positive experience at our hotel. We look forward to welcoming you back.

Best wishes and see you again,
CRM Management",1 review,Ci9DQUlRQUNvZENodHljRjlvT2xsSFNsTk1NbE5CWTNSNVdXMUZVVkEzUTFkeWNFRRAB
tgbo2026,3.0,"- The Kids Club is great for children |
- Large and nice swimming pool |
- Clean hotel | …",3 weeks ago,2026-07-14,,,,ChdDSUhNMG9nS0VJWEw4cVBOanVQUl93RRAB
hakanu512,5.0,"As a family with children, we had a wonderful time. It's a child-friendly hotel. Our child had a fantastic time in the mini club. The mini club staff were especially attentive and caring. The activities were also very enjoyable. The mini …",3 weeks ago,2026-07-14,,,,ChdDSUhNMG9nS0VNbkw2OUwtLXBpYjR3RRAB
erkutcane2025,5.0,"The hotel is excellent, the animation team is fantastic, very attentive and friendly, the shows are successful, we loved them, the parties are also quite nice. We are staying at the hotel now and I recommend it to everyone. I would also like to thank the animation department.",3 weeks ago,2026-07-14,,,,ChZDSUhNMG9nS0VPNzBwWWZqazZiWVB3EAE
Ahmet Akyüz,5.0,The animation team was fantastic. They were so friendly and full of energy. There's nothing like them in Antalya.,3 weeks ago,2026-07-14,,"Dear Guest Ahmet Akyüz,
First of all, thank you for taking the time to rate us with a high score.
We are very pleased that you were satisfied with the services provided at our facility during your stay.
We will be happy to see you again soon.
With best regards,
CRM MANAGEMENT",1 review,Ci9DQUlRQUNvZENodHljRjlvT25aQ00yVnlVRTVJUTNjNFVURXhZV1pQVDA1MVMwRRAB
Erkut Can Emre,5.0,"The animation team was fantastic, they were very good and very friendly. The shows and activities were excellent. It's a hotel everyone would choose 🧿",3 weeks ago,2026-07-14,,"Dear Guest Erkut Can Emre,
Thank you for sharing your valuable comments with us.
We are pleased that you were satisfied with our service quality.
It would be a pleasure for us to see you again and serve you.
Please do not hesitate to contact us before your stay.
Sincerely,
CRM Management",2 reviews,Ci9DQUlRQUNvZENodHljRjlvT210S1FtOXlORkl3YjBKME9VcFBUM2cxT1ZnM1UwRRAB
Gavin Hayes,5.0,,3 weeks ago,2026-07-14,,"Dear Guest Gavin Hayes,
We would like to sincerely thank you for choosing Titanic Deluxe Golf Belek Hotel and for your 5-star rating.
It will be our pleasure to welcome you back again in the near future.
With kind regards,
CRM MANAGEMENT",Local Guide · 10 reviews · 1 photo,Ci9DQUlRQUNvZENodHljRjlvT21sYU16TmpkSFUwVTNGUU1WcDJSRmROYnpSaGMyYxAB
CANAN HİÇYILMAZ,5.0,It was a wonderful vacation we didn't want to end. A fantastic place with great service and quality.,3 weeks ago,2026-07-14,,"Dear Guest CANAN HİÇYILMAZ,
First of all, thank you for taking the time to rate us with a high score.
We are very pleased that you were satisfied with the services provided at our facility during your stay.
We will be happy to see you again soon.
With the hope of seeing you again in the near future,
Sincerely,
CRM MANAGEMENT",1 review,Ci9DQUlRQUNvZENodHljRjlvT2xoZlNtMXZTWE5FZW5sRmFYRlhVMm81VFdOSlgyYxAB
Alessandro Giordano,5.0,A second visit after a few years. We were pleasantly surprised by the improvements to the facilities. The Yamas restaurant offers an excellent dinner show. The spa and massages are of very high quality and performed in an exceptional setting. Special mention goes to Baris at reception and Muharrem for the restaurants. We will gladly return.,Edited 3 weeks ago,2026-07-14,,"Dear Guest Alessandro Giordano,

Thank you very much for choosing to visit us again and for sharing your wonderful feedback.

We are delighted to hear that your return visit was even more enjoyable and that you appreciated the improvements made to our facilities. It is truly rewarding to know that you had a memorable experience at Yamas Restaurant, enjoyed the dinner show, and were pleased with the high quality of our spa and massage services in our exceptional surroundings.

We sincerely appreciate your kind recognition of Mr. Barış at Reception and Mr. Muharrem from our Restaurant team. Your compliments will be shared with them, and we are certain they will be greatly encouraged by your thoughtful words.

It was a pleasure to welcome you back, and we are grateful for your continued trust. We look forward to hosting you again and creating another unforgettable experience during your next stay.

Kind regards,
CRM Management",Local Guide · 43 reviews · 36 photos,ChZDSUhNMG9nS0VJQ0FnSURPNkt2blZ3EAE
seval Eser,3.0,"Of our six-night stay at Titanic Deluxe Belek, we can only speak highly of the last three days. We extend our endless gratitude to Ms. Elif from the Guest Relations department, who took care of us and ensured our last three days were wonderful. Her calling us morning and evening to check on us truly made us very happy. Thank you, Ms. Elif… Also, many thanks to Ms. Madina and Ms. Birsen at the Pascarella Restaurant on the beach for their efforts. (It's unacceptable that a hotel like the Titanic didn't have towels in the room, that the mini-bar was full of water for three days, and that they charged for three adults but the third bed was made of sheet metal.)",3 weeks ago,2026-07-14,,"Dear Guest, Ms. Seval Eser;

Thank you for taking the time to share your feedback with us.
Regarding the rating you provided, we would like to express our regret that we were unable to fully meet your expectations in some aspects.
We are also pleased that our Guest Assistant, Ms. Elif, was able to make the rest of your holiday more enjoyable and comfortable.
All the opinions and evaluations you shared with our teams have been shared with the senior management of our facility, and the relevant issues have been forwarded to the relevant department officials for careful examination. Following the completion of the review process, necessary improvements and actions will be taken by us in line with the results obtained.
We would be delighted to welcome you back to our facility soon and hope to see you again in the near future.

Sincerely,
CRM MANAGEMENT",3 reviews,Ci9DQUlRQUNvZENodHljRjlvT210eU9VTTVTMDF5TFZOdlQyY3hSVlJ1TFZsUWIzYxAB
Mehtap Akgül,4.0,"It's far from the sea, but accessible by train or boat. The rooms are nice and clean. The lunch buffet isn't great, but the dinner buffet is excellent. On the beach, if you go in the morning, they only serve fruit, drinks, waffles, and ice cream until 12:30. The sea is beautiful and clean. I mentioned that the welcome was inadequate and that we had a negative experience initially, but their immediate attention and efforts to correct it were commendable. They improved the tea service at breakfast, and the thermoses made service much faster. During the day, when you request a drink on a sun lounger using a QR code, it arrives immediately, which is nice. The kids' club and playroom are very nice and large. The pools are also large, and the sun loungers are very comfortable with cushions. The practice of putting towels on the sun loungers is also present at this hotel, but there are enough sun loungers, so it's not a problem. They are trying to improve their service, and it's good that they constantly conduct surveys and call for feedback. I think having designated waiters assigned to each table would make their job easier. In the evening, the chef and staff in the Clasico section of the restaurant were truly friendly and attentive; thank you. The children's club staff were also very attentive and friendly; thank you to them as well. I would also like to thank Elif Hanım from the customer service department for her helpfulness.",Edited 3 weeks ago,2026-07-14,,"Dear Guest Ms. Mehtap Akgül;

Thank you for taking the time to share your detailed feedback with us. All your comments and feedback, both in your review and during your stay, have been recorded and forwarded to the relevant department officials to further improve our service quality. The necessary evaluation and improvement efforts will be meticulously followed up. We are also very pleased that you were generally satisfied with your holiday. We would be delighted to welcome you back to our facility soon and hope to see you again.

Sincerely,
CRM MANAGEMENT",3 reviews · 2 photos,Ci9DQUlRQUNvZENodHljRjlvT2xOVVZVYzNiamhxVGs1a1FsSmZUa2haWlVNNGNXYxAB
Nihal Ökçelik,5.0,"The staff are attentive and friendly, especially the staff in the children's play area; they are kind and interact very well with the children. They have different activities every day, separate ones for children and adults. The food is delicious and clean; we especially loved the baklava.",3 weeks ago,2026-07-14,,"Dear Guest Nihal Ökçelik,
First of all, thank you for choosing Titanic Deluxe Golf for your stay.
We are very pleased that we were able to satisfy you during your stay, and your satisfaction will be shared with our relevant colleagues.
We would always be delighted to welcome you back to our facility as a valued member of the Titanic Deluxe Golf Family.
Sincerely,
CRM MANAGEMENT",2 reviews,Ci9DQUlRQUNvZENodHljRjlvT2xOeFRFcGxlSHB6Um5aWmRrcFFSRXB1U1doWGRtYxAB
Ilona D.,5.0,"The hotel is very nice, this is our second time staying here. The staff is friendly, there's a great kids' club, lots of children's activities, and lots of delicious food. The rooms themselves are not new, but everything else makes up for it. Jakaranda Square with its flower installation is probably the most beautiful spot in the hotel. The sea is warm, I recommend it to everyone!",3 weeks ago,2026-07-14,,"Dear Guest Ilona D.,
Thank you for choosing Titanic Deluxe Golf Belek for your vacation and for sharing your review! We value your feedback and are delighted that your stay with us was excellent. We look forward to seeing you again!
Best wishes and see you again,
CRM MANAGEMENT",1 review,Ci9DQUlRQUNvZENodHljRjlvT2s5ZmRsWTBPRWcxT1hOVU9HUk5UMnRKVDNKcVRuYxAB
Gizem Taşkın,4.0,"The Kikoa Kids Club experience was wonderful for the children, especially thanks to Ms. Jeya for her attention. The children were happy, and we were happy too 😊",3 weeks ago,2026-07-14,,"Dear Guest Gizem Taşkın,
First of all, on behalf of the Titanic Deluxe Golf Belek family, we would like to thank you for rating our facility on Google.
We hope to welcome you again soon.
Sincerely,
CRM MANAGEMENT",8 reviews,Ci9DQUlRQUNvZENodHljRjlvT2xKdVNIcGtObTA1UVdGV2FGWndVMlUyT1VocGFXYxAB
W6979BN_zlema,5.0,"This was the best hotel I've ever stayed at. The cleanliness of the rooms, the delicious food, and the friendly staff made me very happy. Access to the sea and the information team by the pool were excellent. It was a very enjoyable holiday for me. I will wholeheartedly recommend you to my friends.",3 weeks ago,2026-07-14,,,,ChZDSUhNMG9nS0VJQ2J6OWVJdzhmRlhREAE
Laith Albustami,5.0,,3 weeks ago,2026-07-14,,"Dear Guest Laith Albustami,
On behalf of the hotel management & staff, we would like to express our gratitude for your wonderful rating of Titanic Deluxe Golf Belek Hotel.
We hope to have the pleasure of hosting you again very soon.
With kind regards,
CRM MANAGEMENT",1 review,Ci9DQUlRQUNvZENodHljRjlvT2t4dVZFOHhSamhmUzJjdE1GcFBUVEEyYldwemVrRRAB
hikmet eryıldız,4.0,"Negative aspects
1. There are a lot of flies. They bit us all over at every event, and those without allergy medication or cream should definitely bring some beforehand. (They apparently provide cream etc. if you want it, but it should have been in the rooms from the start. We only found out about this by word of mouth on the last day.)
2. Trips to the sea are by shuttle or sea transport. They run every 2-3 minutes, so you don't wait long, but the return trips end at 7 PM. So you can't really enjoy the sea a little longer.
3. They open the sofas as children's beds in the rooms, so there are no extra beds. The children slept next to us instead of on the sofa and said they were very uncomfortable.
4. The nightlife is insufficient. The evening entertainment is good. There's only a disco on the boat on certain days. This was really great, but it ends early and there's no after-party.
5. Note for those who don't like choppy seas: The sea is generally choppy.
6. Snack bars and other restaurants open and close at the same time. Customers should not stay in any specific time slot.
Positive aspects:
1. Breakfast and meals are fantastic.
2. Evening entertainment is great.
3. Alcoholic beverages are good.
4. The QR system on the beach is very good and fast.
5. The à la carte restaurants and entertainment are great.
6. The steam rooms, sauna, Turkish bath, and cold water areas were enjoyable.
7. The pools are fantastic.
8. The aqua park is quite adequate.

My highest rating: The waiters, staff, bartenders, etc., are all friendly and do their jobs wonderfully. I congratulate and thank them all.",3 weeks ago,2026-07-14,,"Dear Hikmet Eryıldız,
First of all, thank you for choosing Titanic Deluxe Golf Belek Hotel and for sharing your experience with us in such detail. We highly value both the aspects you were satisfied with and your valuable feedback that will contribute to our improvement.
Your kind comments about our breakfast and meals, evening entertainment, alcoholic beverages, QR service system on the beach, A'la Carte restaurants, spa areas, pools, aquapark, and especially the friendly service of our staff have made us very happy. We will gladly share your congratulations and thanks with our employees.
We would like to express our regret for the discomfort you experienced regarding flies. Our facility is located in a natural setting, in a forested area and by a river. In addition, the cooling systems in both the pool and sea areas, as well as the cool spots where food and beverage service is provided in the main restaurant and general areas, can be areas where flies from nature are more frequently seen. In order to ensure the comfort of our guests, regular pest control is carried out in our facility. We provide body lotion to guests who need it, and mosquito repellent liquid devices are available in our rooms. We will evaluate your feedback regarding the lack of sufficient information provided to you on this matter.
Thank you for your feedback regarding beach transportation. Sea transportation times are scheduled in accordance with operational planning and guest safety, taking into account that the majority of our guests return from the beach at similar times. However, guests who wish to spend more time on the beach can use our buggy service to return to the hotel after the designated times, provided they share their request with our team.

Regarding children's beds, pull-out sofa beds are available depending on the room category. An extra bed can also be provided free of charge upon request.

Thank you for your feedback regarding evening entertainment. Our hotel operates on a family concept and offers various entertainment options such as live music performances, evening shows, parties, themed events, and disco organizations on certain days, to ensure that guests of all ages have an enjoyable time. The start and end times of our entertainment programs are planned with the comfort, relaxation needs, and family-friendly concept of all our guests in mind. Thank you for your comment regarding the occasional choppy waves in our sea. This is not due to any factor originating from our facility and is entirely dependent on weather conditions and the natural characteristics of the sea. Since the safety of our guests is always our priority, sea conditions are regularly monitored by our teams, and guests are informed when necessary.
Thank you also for your feedback regarding the service hours of our snack restaurants. In line with our official concept, our snack restaurants are scheduled to serve during lunchtime. The service hours of all our food and beverage units are clearly and detailedly stated in our official hotel concept and shared with our guests before and during their stay.

Your valuable feedback guides us in continuously improving the quality of our services. We will be delighted to welcome you again in the future and hope to offer you an even more enjoyable holiday experience on your next stay. Sincerely,
CRM MANAGEMENT",Local Guide · 110 reviews · 65 photos,Ci9DQUlRQUNvZENodHljRjlvT2w5d1JsOXlhMjE1V1Y5SlFrTXlNMDQ1VTE5UFlVRRAB
Eren Yilmaz,5.0,It was a wonderful experience.,3 weeks ago,2026-07-14,,"Dear Guest Eren Yilmaz,
First of all, thank you for taking the time to rate us with a high score.
We are very pleased that you were satisfied with the services provided at our facility during your stay.
We will be happy to see you again soon.
With the hope of seeing you again in the near future,
Sincerely,
CRM MANAGEMENT",2 reviews,Ci9DQUlRQUNvZENodHljRjlvT2tWYVNXdFlPVTVNTmpoWWJIVjFNbmhuTlU1UlQxRRAB
Bakyt Mukhanbetalina,5.0,"I really liked the kids' club at this hotel, the animators are great, polite and will help you with everything",3 weeks ago,2026-07-14,,"Dear Guest Bakyt Mukhanbetalina,

First of all, thank you for choosing the Titanic Deluxe Golf Belek Hotel for your vacation and for sharing your high rating.
We look forward to welcoming you back.

Best wishes and see you again,
CRM MANAGEMENT",1 review,Ci9DQUlRQUNvZENodHljRjlvT2pGeU9FTkhSMFJVU0RsRUxYZ3diMTlMZUZCRE5VRRAB
Melike Demir,5.0,"We chose this place for our summer vacation and were very pleased. The service was excellent; the pita bread we ate at the Hasır snack restaurant is still fresh in my memory. The location was also great; we avoided Antalya traffic. I recommend it. For more detailed information, please check out my YouTube video: Melike Bostancı vlog.",3 weeks ago,2026-07-14,,"Dear Guest Melike Demir,

First of all, on behalf of the Titanic Deluxe Golf Belek family, we would like to thank you for rating our resort highly on Google.

We are very happy to have earned your satisfaction.

We look forward to welcoming you again soon.

Sincerely,
CRM MANAGEMENT",Local Guide · 8 reviews · 14 photos,Ci9DQUlRQUNvZENodHljRjlvT2tGdFkxWnZlVGRhZEhReGNIQlZVa3cxVUZRd2FIYxAB
sokol murataj,5.0,Nice place,3 weeks ago,2026-07-14,,"Dear Guest sokol murataj,
On behalf of the hotel management & staff we would like to thank you for high rating of the Titanic Deluxe Golf Belek Hotel.
We hope that very soon we will welcome you at our hotel again.
With kind regards,
CRM MANAGEMENT",1 review,Ci9DQUlRQUNvZENodHljRjlvT2w5VmF6QmhkR2RVWHpWd09WZzJOWGxVU0VWVlMyYxAB
Melten yurganoğlu,5.0,"For the past 7 years, Titanic has always been our first choice every summer. The attention, care, and cleanliness of the rooms are very important to us. Every staff member is excellent. We wish them all the best 💙 But first and foremost, we would like to thank Rabia Hanım and Gamze Hanım for cleaning our room as if it were their own child and guiding us. Thank you Titanic, thank you wonderful people 🌸🤍🙏",3 weeks ago,2026-07-14,,"Dear Guest Melten Yurganoğlu,
First of all, thank you for taking the time to share your Titanic Deluxe Golf Belek holiday experiences with us and the users of this website.
We are very pleased that you were satisfied with the services offered at our facility, the quality of the food, the hospitality of our staff, and your holiday in general.
We will be happy to see you again soon,
Looking forward to seeing you again soon...
Sincerely,
CRM MANAGEMENT",3 reviews · 1 photo,Ci9DQUlRQUNvZENodHljRjlvT2xCek5rWXhURWRrTWpCNmJrOTRRWGRFU1RnM1pXYxAB
Jo Haywood,5.0,Beautiful hotel can’t wait to come back,3 weeks ago,2026-07-14,,"Dear Guest Jo Haywood,

Thank you for choosing Titanic Deluxe Golf Belek and for sharing your highest score hereby!
We are happy that you remained satisfied with our hotel and we will happily share your kind words with our staff.
We would be happy to welcome you here again in the near future!

Best regards,
CRM Management",4 reviews,Ci9DQUlRQUNvZENodHljRjlvT2xOUVdHNU1iMmd3ZWs1Qk9FdzFkRTVqVDBWV1JHYxAB
Марина Носова,5.0,"We come to this hotel every year. It's super big, comfortable, beautiful, and most importantly, it has fantastic animation and cool games. We definitely recommend it. Thanks to the animation, our vacation was fantastic.",3 weeks ago,2026-07-14,,"Dear Guest Marina Nosova,
Thank you for choosing Titanic Deluxe Golf Belek for your vacation and for sharing your review! We value your feedback and are delighted that your stay with us was excellent. We look forward to seeing you again!
Best wishes and see you again,
CRM MANAGEMENT",1 review,Ci9DQUlRQUNvZENodHljRjlvT2pKclIyWnNWV2RrV0c5WGIxQjJOazQwYlhSclNuYxAB
Ades Ak,5.0,"We chose this hotel for our honeymoon and were very pleased. The food, service, and cleanliness were all excellent. The animation and activities were great. We will definitely choose it again 🤍 It was a super hotel, and the floating show boat was amazing too.",3 weeks ago,2026-07-14,,"Dear Guest Ades Ak,

On behalf of the Titanic Deluxe Golf Belek Family, we thank you for taking the time to share your feedback with us. We are very pleased that you were satisfied with the services offered at our facility, the quality of our services, the hospitality of our staff, and your overall stay. Your valuable comment will certainly be shared with the department manager.

We would be happy to see you again soon.
With the hope of seeing you again in the near future,

Sincerely,
CRM Management",2 reviews,Ci9DQUlRQUNvZENodHljRjlvT21SRmJVeElWVEU1WDNKTVpHVmFaRXhqT1dOTFFrRRAB
Mustafa Peker,5.0,"All the hotel staff were very attentive, especially the animation team who made every moment fun. The shows were great, thank you again, see you soon.",3 weeks ago,2026-07-14,,"Dear Guest Mustafa Peker,

Thank you for your kind review of our facility.

Every comment you make is very important to us.

We are very happy to have earned your satisfaction.

Your satisfaction motivates our entire team and encourages us to provide even better service.

It would be a pleasure to see you again and serve you.

Sincerely,
CRM Management",6 reviews,Ci9DQUlRQUNvZENodHljRjlvT2xSWFdtYzBSMlV3VGpsalJ6aHVVV0ZxWTBOUlYwRRAB
cagla cinar,5.0,"Hello...
We had a family vacation and were very pleased. However, there is one colleague I would especially like to thank:
Mr. Serhan, who works with roller skates at the main pool.
He is truly a child-friendly person and acted more like an older brother to our 7-year-old sons than just an employee. I would like to thank him once again for his dedication and sensitivity. I would also like to thank Mr. Emrullah, who also works with roller skates at the main pool; he won our hearts by offering us refreshing drinks when we were feeling overwhelmed by the heat while sunbathing.",3 weeks ago,2026-07-14,,"Dear Guest Cagla Cinar,

First of all, on behalf of the Titanic Deluxe Golf Belek family, we would like to thank you for rating our resort on Google.

We are very happy to have earned your satisfaction.
We hope to welcome you again soon...

Sincerely,
CRM MANAGEMENT",2 reviews · 2 photos,Ci9DQUlRQUNvZENodHljRjlvT210MFFrSjBSbWQyWkc5c1lXUk5SRU5CVlU5WFVIYxAB
Aimee Cutino,5.0,"We’ve just returned from a fabulous week at the Titanic. There was so much to do with our little one, the food was incredible & all of the staff were so helpful & couldn’t do enough for you. Kaan in particular at the coffee shop next to the Irish bar made our stay special. Thank you for a great stay, we will definitely be back.",3 weeks ago,2026-07-14,,"Dear Guest Aimee Cutino,

Thank you very much for taking the time to share your feedback.

We are delighted to hear that you and your family had a fabulous stay with us and that you enjoyed the wide range of activities, our culinary offerings, and the attentive service provided by our team. It is especially rewarding to know that your little one had a great time and that your holiday was such a memorable experience.

Your special recognition of Mrs. Kaan is truly appreciated. We will be delighted to share your kind compliments with him, as we are sure they will serve as a great source of motivation.

Thank you once again for your kind words and recommendation. We look forward to welcoming you and your family back for another unforgettable stay at Titanic in the near future.

Kind regards,
CRM MANAGEMENT",Local Guide · 13 reviews,Ci9DQUlRQUNvZENodHljRjlvT25wNU0wczJNazlaVTNZNGR6ZzNkVVF6ZVdac2NYYxAB
Oguzhan Tekir,5.0,The food quality is undeniable. All the staff are extremely friendly and attentive. I would like to thank them all individually. My child had a wonderful time at the mini club. Thank you very much to all the staff.,Edited 3 weeks ago,2026-07-14,,"Dear Guest Oguzhan Tekir,

Thank you for entrusting your holiday to Titanic Deluxe Golf Belek and for sharing your kind feedback with us.
It motivates us greatly to learn that our guests are satisfied with the services we provide.
We hope to see you again and wish you a pleasant day.

Sincerely,
CRM MANAGEMENT",8 reviews,Ci9DQUlRQUNvZENodHljRjlvT2s1TlkwcElZVk5uZUhGelVHcEVNVzFSUzFjd1NFRRAB
Steven Mcewan,5.0,I had so much fun at the kids club we played lots of games and I made new friends everyone was so nice and made me smile every day thank you so much Evin you are the best I can’t wait to come back,3 weeks ago,2026-07-14,,"Dear Guest Steven Mcewan,

First of all we would like to thank you for choosing Titanic Deluxe Golf Belek  for your holiday!
We are very happy that you spoke highly of the service and behavior of our staff.
Your nice comments will be shared with all our staff and hotel management.
It would be our pleasure to welcome you back here for many more memorable holiday experiences!

With kind regards,
CRM Management",4 reviews,Ci9DQUlRQUNvZENodHljRjlvT2xBMldHVlhVM1ZTTjNZNVptSktOVWhZVUhGR1dWRRAB
D K,5.0,"My four-year-old daughter and I had a wonderful holiday. While she enjoyed herself at the kids club with her older sisters, I had the chance to relax. Families with children will understand; it was absolutely amazing for me.",3 weeks ago,2026-07-14,,"Dear Guest D K,
First of all, thank you very much for choosing our hotel and sharing your feedback with us. Reading that you were satisfied with every moment of your holiday made our entire team very happy.
As the Titanic Deluxe Golf Belek Family, we would like to see you again soon and wish you pleasant days.
Sincerely,
CRM MANAGEMENT",2 reviews · 1 photo,Ci9DQUlRQUNvZENodHljRjlvT25abFdtSkRYMGRsVm5KWFYySmtRWHBRTTAxdVIxRRAB
muhammed kökmen,5.0,Everything was truly wonderful during our holiday. The staff were so friendly and everything was excellent. Words cannot express how amazing the kids club was; thank you so much for everything!,3 weeks ago,2026-07-14,,"Dear Guest Muhammed Kökmen,

First of all, we would like to express our sincere gratitude for taking the time to share your feedback about our facility. We are very pleased that you enjoyed your stay. As you will appreciate, every feedback from our guests is of great importance to us.

It would be a pleasure to see you again and serve you.

Sincerely,
CRM Management",1 review,Ci9DQUlRQUNvZENodHljRjlvT25scE1URmZWMjEzYkUxaFQwdE1kQzB3VFRGdldYYxAB
Jill Whipp,5.0,This place is stunning and has everything anyone could need and more. No complaints at all a must for having a super holiday in the sun,3 weeks ago,2026-07-14,,"Dear Guest Jill Whipp,

Thank you very much for your wonderful review and for choosing to stay with us.

We are delighted to hear that you found our hotel stunning and that it offered everything you needed for a memorable holiday. It is especially rewarding to know that you had such an enjoyable experience and that you would recommend our hotel to others.

Your kind words are greatly appreciated and serve as a wonderful motivation for our entire team. We look forward to welcoming you back for another relaxing and enjoyable holiday in the sun.

Best regards,
CRM MANAGEMENT",Local Guide · 146 reviews · 56 photos,Ci9DQUlRQUNvZENodHljRjlvT2twQmQwZ3pVVXd3ZEhZeGRXSmxaeTFZY2kwNFIzYxAB
Uljan Kablaxat,5.0,"A lovely hotel for those seeking a quiet and enjoyable holiday. The staff at the kids' club were especially energetic and friendly. We are thinking of coming back again.
A big shout-out to the kids' club team!",3 weeks ago,2026-07-14,,"Dear Guest Uljan Kablaxat,

Thank you for your kind review of our facility.

We are very honored that you enjoyed your stay. It is a great pleasure for us to have hosted you at our facility and to have contributed, even in a small way, to your happiness and satisfaction.

We would be delighted to see you again and serve you.

Sincerely,
CRM Management",1 review,Ci9DQUlRQUNvZENodHljRjlvT21oSU0weFJXRk5IWnpoQlYwMXpWbVJpY1VKeVNWRRAB
Castiaux Mélissa,5.0,"Magnificent hotel with all the necessary amenities. Super welcoming and friendly staff, and impeccable service. Exemplary cleanliness and a wide range of options. Magnificent 😍",3 weeks ago,2026-07-14,,"Dear Guest Castiaux Mélissa,

Thank you very much for taking the time to share your wonderful review.

We are delighted to hear that you had such an enjoyable stay and that you appreciated our facilities, cleanliness, wide range of amenities, and the high standard of service provided by our team. Your kind words about our welcoming and friendly staff are especially rewarding, as creating memorable experiences for our guests is our highest priority.

It was a pleasure to have you as our guest, and we sincerely hope to welcome you back for another magnificent stay in the near future.

Best regards,
CRM MANAGEMENT",4 reviews · 2 photos,Ci9DQUlRQUNvZENodHljRjlvT2xZMlpuaDRRMk42ZFZjNVdUWkVNWGh6WTJaYVJYYxAB
Beste YILMAZ,5.0,"We've been coming to this hotel every summer for the past three years. Once you come, you want to keep coming back. The service is impeccable. The children's areas are fantastic. There are different activities every day. The food is very varied. It's a wonderful hotel where you can find everything you're looking for.",3 weeks ago,2026-07-14,,"Dear Guest Beste YILMAZ,

Thank you for your kind review of our facility.

We are very honored that you were satisfied with your stay. It is a great source of pride for us to have hosted you at our facility and to have contributed, even in a small way, to your happiness and satisfaction.

It would be a pleasure to see you again and to serve you.

Sincerely,
CRM Management",3 reviews,Ci9DQUlRQUNvZENodHljRjlvT21wdFpEZzVMVVJZYkdWdU1qUkRkVEExVlZvdFEyYxAB
Tolga Saritas,5.0,We were very pleased with the kids club at the Titanic Hotel.,3 weeks ago,2026-07-14,,"Dear Guest Tolga Saritas,

Thank you for your kind review of our facility.

Every opinion you provide is very important to us.
We are very happy to have earned your satisfaction.

Your satisfaction motivates our entire team and encourages us to provide even better service.

It would be a pleasure to see you again and serve you.

Sincerely,
CRM Management",1 review,Ci9DQUlRQUNvZENodHljRjlvT2xBeFozaDRSSEJYYVhFMVIwMUlabkF3VEVsT2MxRRAB
Дмитрий Зеленков,5.0,,3 weeks ago,2026-07-14,,"Dear Guest Dmitry Zelenkov,

Thank you for choosing the Titanic Deluxe Golf Belek and for taking the time to share your experience. We are delighted to learn that your stay at our hotel was a positive one.

We sincerely hope to welcome you back as our valued guest.

Sincerely, and best wishes,
CRM Management",1 review · 1 photo,Ci9DQUlRQUNvZENodHljRjlvT2psWmVreE5lR3hvTXpsMFYwZHFaMmRhWVZaNmRuYxAB
Pınar taspınar,5.0,"The cleanliness and the staff were so lovely, and Elif Hanım from the Guest Service was so friendly and cheerful; we were very pleased 🥰🥰❤️",3 weeks ago,2026-07-14,,"Dear Guest Pınar Taspınar,

First of all, thank you for choosing Titanic Deluxe Golf Belek for your stay.
We are very pleased that we were able to satisfy you during your stay, and your satisfaction will be shared with our relevant colleagues.
We would always be delighted to welcome you back to our facility as a valued member of the Titanic Deluxe Golf Belek Family.

Sincerely,
CRM MANAGEMENT",7 reviews · 1 photo,Ci9DQUlRQUNvZENodHljRjlvT2xSME0wNTBjRVZYY0ZObk1qQjVORFJSY0hkQlYzYxAB
Burcu Demirtaş,5.0,"This was our first time staying at the hotel, and as a family with children, we were extremely pleased. The service, comfort, and quality exceeded our expectations. The entire staff was friendly and attentive. We especially thank Ms. Elif for her close attention to our needs. We can wholeheartedly recommend this hotel.",3 weeks ago,2026-07-14,,"Dear Guest Burcu Demirtaş,

First of all, on behalf of the Titanic Deluxe Golf Belek family, we would like to thank you for rating our resort on Google.

We are very happy to have earned your satisfaction.
We hope to welcome you again soon...

Sincerely,
CRM MANAGEMENT",4 reviews · 6 photos,Ci9DQUlRQUNvZENodHljRjlvT21wa2VqSmZiR2RmVGxSYU1rVkhNalpVTFUweWFsRRAB
Danni Bunnell,5.0,,3 weeks ago,2026-07-14,,"Dear Guest Danni Bunnell,

Thank you for choosing Titanic Deluxe Golf Belek and for sharing your highest score rating.

We would be happy to welcome you here again in the near future!

Best regards,
CRM MANAGEMENT",5 photos,Ci9DQUlRQUNvZENodHljRjlvT2poR1puTXpSbTVwTVZoaGVFcEdXSEJ3WWtSRGMwRRAB
Ömer Faruk Yüksel,5.0,far from the sea,Edited 3 weeks ago,2026-07-14,,"Dear Guest Ömer Faruk Yüksel,

First of all, on behalf of the Titanic Deluxe Golf Belek family, we would like to thank you for rating our resort on Google.

We are very happy to have earned your satisfaction.
We hope to welcome you again soon...

Sincerely,
CRM MANAGEMENT",Local Guide · 70 reviews · 24 photos,ChdDSUhNMG9nS0VJQ0FnSUNvNWZXTGxnRRAB
irinarT3309DP,5.0,"Music lessons at the Titanic Deluxe Golf Belek Hotel are truly amazing! We're at the hotel right now! Our music teacher, Songül, gave several lessons to my daughter! She absolutely fell in love with the piano! Everything is easy and simple, …",3 weeks ago,2026-07-14,,,,ChZDSUhNMG9nS0VNbWd0cy1RdkxiUFN3EAE
Züleyha Keles,5.0,"We came for the children and everything was wonderful, the food, the aqua park, the lake inside the hotel, everything was amazing. It's a great option for families with children, the kids' club offers many activities and workshops, and the sea was clean. We will definitely come again.",3 weeks ago,2026-07-14,,"Dear Guest Züleyha Keles,

First of all, on behalf of the Titanic Deluxe Golf Belek family, we would like to thank you for rating our resort highly on Google.

We are very happy to have earned your satisfaction.

We look forward to welcoming you again soon.

Sincerely,
CRM MANAGEMENT",2 reviews,Ci9DQUlRQUNvZENodHljRjlvT2paUWVYQnpXWEE0WlZWTFdrb3hVM2RhV1UxcU5WRRAB
Yusuf Can Yurt,5.0,We were very pleased with the hotel. It's extremely comfortable and the food is delicious. The ambiance and atmosphere are top-notch. We also really enjoyed the evening shows and live music,3 weeks ago,2026-07-14,,"Dear Guest Yusuf Can Yurt,

Thank you for choosing Titanic Deluxe Golf Belek and for sharing your highest score hereby!
We are happy that you remained satisfied with our hotel and we will happily share your kind words with our staff.
We would be happy to welcome you here again in the near future!

Best regards,
CRM Management",5 reviews,Ci9DQUlRQUNvZENodHljRjlvT210UFEycDFaRzVhYldkV04wVTBXSEkxVlVZeVNHYxAB
Gonca Tezgören,5.0,"At the pier bar, Rabia and Mesut are incredibly sweet and friendly. We had a problem and they solved it immediately. We loved it!",3 weeks ago,2026-07-14,,"Dear Guest Gonca Tezgören,

First of all, on behalf of the Titanic Deluxe Golf Belek family, we would like to thank you for rating our resort highly on Google.

Your valuable comments and suggestions are very important to us.

We are very happy to have earned your satisfaction.

We look forward to welcoming you again soon.

Sincerely,
CRM MANAGEMENT",6 reviews,Ci9DQUlRQUNvZENodHljRjlvT25SbFRXOWpiVjlzYTB4dVNXdEJNbVF5UkZod1VuYxAB
Tamer Tezgoren,5.0,"Rabia and Mesut, the Titanic pier wouldn't be the same without them, excellent employees, congratulations!",3 weeks ago,2026-07-14,,"Dear Valued Guest Tamer Tezgoren,

Thank you for your kind review of our facility.

Every opinion you provide is very important to us.
We are very happy to have earned your satisfaction. Your satisfaction motivates our entire team and encourages us to provide even better service.

It would be a pleasure to see you again and serve you.

Sincerely,
CRM Management",Local Guide · 82 reviews · 54 photos,Ci9DQUlRQUNvZENodHljRjlvT21sbFZWVjVORnBCTjNwa2FuTkVSREJ5TlMxS2NIYxAB
Savannah Peralta,5.0,"The activities at the hotel are really good, there is multiple activities going on everyday, always something to do either in the pool or on land activities too. I’ve done waterpolo, volleyball, aqua jumping and paddle boarding. The staff that run the activities are really friendly and always tell you how to do the activities. All the activities are so fun to do and I really enjoy them.",3 weeks ago,2026-07-14,,"Dear Guest Savannah Peralta,

Thank you for choosing Titanic Deluxe Golf Belek and for sharing your highest score hereby!

We are happy that you remained satisfied with our hotel and we will happily share your kind words with our staff.

We would be happy to welcome you here again in the near future!

Best regards,
CRM Management",3 reviews · 1 photo,Ci9DQUlRQUNvZENodHljRjlvT2tobE1YazRiMEozT1VwRGFuUnhNVEJEYzBSUVluYxAB
Юлия Мироненко,5.0,"Mini Club Beyza and Madina. Thank you. You're amazing! You kept our kids entertained as best you could. Our parents were relaxing on the beach, and they were playing board games. It was quiet and cool. The entertainers brought them ice cream and water. You're amazing ♥️♥️♥️, you're the best animation team. We'll miss Furkan and Kurdash 🍒",4 weeks ago,2026-07-07,,"Dear Guest Yulia Mironenko,

First of all, thank you for choosing the Titanic Deluxe Golf Belek Hotel for your vacation and for sharing your high rating.
We look forward to welcoming you back.

Best wishes and see you again,
CRM MANAGEMENT",1 review · 3 photos,Ci9DQUlRQUNvZENodHljRjlvT2pkdlNteFZTM1JITVd0R01rTjNPRzFLTjA1ZlIwRRAB
Андрей про,5.0,,4 weeks ago,2026-07-07,,"Dear Guest Andrey Pro.

First of all, thank you for choosing the Titanic Deluxe Golf Belek Hotel for your vacation and for sharing your high rating.
We look forward to welcoming you back.

Best wishes and see you again,
CRM MANAGEMENT",,Ci9DQUlRQUNvZENodHljRjlvT21sR2NIQmZRWEI2WjFkTWQzbHJXRGxZU2xCb1drRRAB
Wenneke11,5.0,"This hotel is fantastic. We were here with 6 people, including 2 teenagers, 1 preschooler, and 1 toddler. The crew, the shows in the kids' club, the food, the atmosphere… Our children had the time of their lives. We had a swim-up room and I …",4 weeks ago,2026-07-07,,,,ChZDSUhNMG9nS0VObVMzS2lKaHNiS2ZBEAE
882ekremd,1.0,"We had four rooms, 3618, 3619, 3620, and 3635, from June 22nd to June 27th. My family and I have stayed on numerous Titanic cruises before. We were all big Titanic fans, but none of us were satisfied on this trip. The quality deteriorated …",4 weeks ago,2026-07-07,,,,ChZDSUhNMG9nS0VOMnJob2VmdTl2dUpREAE
M K,5.0,"Better, entertainment is really top-notch, good staff, good hotel, I am really very satisfied!",4 weeks ago,2026-07-07,,"Dear M K,

Thank you for choosing to spend your holiday with us at the Titanic Deluxe Golf, and we are also very grateful for your positive and encouraging review. Please be assured that your kind and encouraging words will be shared with the management and staff!

We hope to welcome you back again soon for another enjoyable and unforgettable holiday!

Sincerely,

CRM Management


Thank you for choosing us for your holiday at the Titanic Deluxe Golf, and we are very grateful for your positive and encouraging review.",9 reviews,Ci9DQUlRQUNvZENodHljRjlvT2tWeFZVUjRSMVZWYzJGclFWcEpURE51UjB0QmVsRRAB
Довольный Тип,5.0,"Our personal assistant, Melek, was fantastic. Always available. A huge thank you to her, the highest praise! And we really loved the hotel itself.",4 weeks ago,2026-07-07,,"Dear Satisfied Guest,

Thank you for choosing the Titanic Deluxe Golf Belek and for taking the time to share your experience.

We are delighted to learn that your stay at our hotel was a positive experience.

We sincerely hope to welcome you back as our valued guest.

Sincerely, and best wishes,
CRM Management",1 review,Ci9DQUlRQUNvZENodHljRjlvT25SaE9YUkxNSFZVVFdwR1JsODFRa2xQY25oRmNYYxAB
Suat Sağlam,5.0,"We came here on recommendation and were very happy. We would like to thank all the staff for their hard work; everyone was very attentive to all the guests. What was important for us was the children's happiness, and they were very cheerful throughout the holiday. They enjoyed the activities they loved. Kikoa Club is a very nice place, and the PlayStation room was beautifully designed. Many thanks to all the staff at Kikoa Club for their attention.",4 weeks ago,2026-07-07,,"Dear Guest Suat Sağlam,

First of all, thank you for taking the time to share your experiences with us and Google readers. We are very happy that you were satisfied with the facilities and service quality offered by our hotel.
On behalf of the Titanic Deluxe Golf Belek family, we wish you happy and healthy days and would like you to know that we would be delighted to welcome you again.

Sincerely,
CRM MANAGEMENT",6 reviews,Ci9DQUlRQUNvZENodHljRjlvT2pGcmQxUmtWMDF5TUhGRFYwaGFiblpHZEhkbVZrRRAB
Bilal Waheed,5.0,"Thank you for everything, I had wonderful and beautiful experience. Thank you to everyone, wonderful staff and amazing hospitality.",4 weeks ago,2026-07-07,,"Dear Guest Bilal Waheed,

Thank you very much for your kind and heartwarming feedback.

We are truly delighted to hear that you had a wonderful experience with us and that you enjoyed the hospitality provided by our team. Your kind words and appreciation mean a great deal to us, and we will be pleased to share your compliments with all our colleagues.

It was our pleasure to welcome you, and we sincerely hope to have the opportunity to welcome you back again in the near future for another memorable stay.

Thank you once again for choosing our hotel.

Best regards,
CRM MANAGEMENT",7 reviews,Ci9DQUlRQUNvZENodHljRjlvT2w4MFRVZ3pUMlZsWkdVdGRua3RValZxYkRsSWExRRAB
Jimmy Sas,5.0,,4 weeks ago,2026-07-07,,"Dear Guest Jimmy Sas,

Thank you for choosing Titanic Deluxe Golf Belek and for sharing your highest score rating.

We would be happy to welcome you here again in the near future!

Best regards,
CRM MANAGEMENT",,Ci9DQUlRQUNvZENodHljRjlvT2toWWEwbENhakJHZW1STVltWmZSbXg0UnpVNVYxRRAB
Yağmur Ünlücömert,5.0,"I'm writing this from the second day of my vacation, and in one word: FANTASTIC. The food in every area was excellent! The activities were great. Thanks to Kudash and Furkan in the animation department, volleyball and darts became our favorites.",4 weeks ago,2026-07-07,,"Dear Guest Yağmur Ünlücömert,

First of all, thank you for taking the time to rate us with a high score.

We are very pleased that you were satisfied with the services provided at our facility during your stay.

We will be happy to see you again soon.

With best regards,
CRM MANAGEMENT",3 reviews,Ci9DQUlRQUNvZENodHljRjlvT2tjeFFsVTNiSEppTXpSWmRGOUVkR1F4Um1OclVWRRAB
ValentinaM2657,5.0,"Hello, we spent three weeks at the Titanic! Everything was wonderful! My sister and I had amazing help from Gulnara and Yulia! They helped us with everything and more! I'd especially like to mention the kids' club; there were so many …",4 weeks ago,2026-07-07,,,,ChZDSUhNMG9nS0VOdm1tb19kZ1lUcUd3EAE
Gazi Boyracı,5.0,,4 weeks ago,2026-07-07,,"Dear Guest Gazi Boyracı,

First of all, on behalf of the Titanic Deluxe Golf Belek family, we would like to thank you for reviewing our hotel on Google.

We are very happy that you were generally satisfied with your stay. We hope to welcome you again soon.

Sincerely,
CRM MANAGEMENT",,Ci9DQUlRQUNvZENodHljRjlvT2twdllWTm9hRmx0WTB0NVF6WjVkVVZ5VlU0eFIyYxAB
kelvin eldridge,5.0,,4 weeks ago,2026-07-07,,"Dear Guest kelvin eldridge,

Thank you for choosing Titanic Deluxe Golf and for sharing your highest score rating.

We would be happy to welcome you here again in the near future!

Best regards,
CRM MANAGEMENT",,Ci9DQUlRQUNvZENodHljRjlvT25WTGRtNVVkM2RtUmpnd1RUUkpNbXQ0YzNCc05WRRAB
iso1001 Can,5.0,,4 weeks ago,2026-07-07,,"Dear Guest, ISO1001 Can,

First of all, on behalf of the Titanic Deluxe Golf Belek family, we would like to thank you for rating our facility on Google.

We are very happy to have earned your satisfaction.
We hope to welcome you again soon...

Sincerely,
CRM MANAGEMENT",Local Guide · 51 reviews · 7 photos,Ci9DQUlRQUNvZENodHljRjlvT21oVGFGbEJUMEZ3V2tGSldWTjZXVGN0Tms1eU5VRRAB
sema boler,5.0,A huge thank you to the animation team for making our entire holiday so enjoyable 🙏🏽🥰,4 weeks ago,2026-07-07,,"Dear Guest Sema Boler,

First of all, on behalf of the Titanic Deluxe Golf Belek family, we would like to thank you for rating our resort highly on Google.

We are very happy to have earned your satisfaction.

We look forward to welcoming you again soon.

Sincerely,
CRM MANAGEMENT",6 reviews,Ci9DQUlRQUNvZENodHljRjlvT2t0SE1sOTNTWHBNVkVSMU1UaFVaWGsxVFdGdE1IYxAB
Таня Березняк,5.0,The guys who work at the hotel know what they're doing. Evenings and days at the hotel fly by. I hope I'll come here again.,4 weeks ago,2026-07-07,,"Dear Guest Tanya Bereznyak,

Thank you for choosing Titanic Deluxe Golf Belek for your vacation and for sharing your review! We value your feedback and are delighted that your stay with us was excellent. We look forward to seeing you again!

Best wishes and see you again,
CRM MANAGEMENT",1 review,Ci9DQUlRQUNvZENodHljRjlvT2tNNE1HOXlXRmQxYlRSU1RrdHNlUzFtUVROcVMzYxAB
Кайсаров Хампаш,5.0,The animation team was great. The entertainment was very satisfying. Thank you for everything.,4 weeks ago,2026-07-07,,"Dear Guest, Khampash Kaysarov,

First of all, thank you for choosing the Titanic Deluxe Golf Belek Hotel for your vacation and for sharing your high rating.
We look forward to welcoming you back.

Best wishes and see you again,
CRM MANAGEMENT",2 reviews,Ci9DQUlRQUNvZENodHljRjlvT2pRNGNteFVNRTF0Wmw4NU5uVm5TbmM0YTNOUk0wRRAB
Lica Iulian,5.0,"Very nice, clean, recommended, very clean, a stay to repeat, pleasant atmosphere, from cleanliness to service, landscapes. A beautiful experience, recommended",4 weeks ago,2026-07-07,,"Dear Guest Lica Iulian,

Thank you for choosing Titanic Deluxe Golf Belek and for sharing your highest score rating.

We would be happy to welcome you here again in the near future!

Best regards,
CRM MANAGEMENT",2 reviews · 11 photos,Ci9DQUlRQUNvZENodHljRjlvT25aM2VVcE5YekF5U2tsSU4yRlRVV2x6Umw5bVVrRRAB
Alexandru Ion,5.0,Animaton team Was very Good . Thank you for everthing,4 weeks ago,2026-07-07,,"Dear Guest Alexandru Ion,

Thank you for choosing Titanic Deluxe Golf Belek and for sharing your highest score rating.

We would be happy to welcome you here again in the near future!

Best regards,
CRM MANAGEMENT",1 review,Ci9DQUlRQUNvZENodHljRjlvT2xKb1ZFTnViMVJhZERKWk0xaE5iVVpxTVhGT01tYxAB
Alex Nis,5.0,"It was absolutely wonderful. We had eight wonderful days. Mark, our youngest son, 1.4 years old, went to the kids' club every day and stayed with the nanny, Betűl. We were very pleased.",4 weeks ago,2026-07-07,,"Dear Guest Alex Nis,

Thank you for choosing Titanic Deluxe Golf Belek for your vacation and for sharing your review! We value your feedback and are delighted that your stay with us was excellent.

We look forward to seeing you again!

Best wishes and see you again,
CRM MANAGEMENT",1 review · 1 photo,Ci9DQUlRQUNvZENodHljRjlvT2tkUWNYRTNiVWhxY1RreFRYaEpWa1ZzU2kxdGVYYxAB
695janwillemv,4.0,"We have now been to Titanic Deluxe Golf Belek for the 10th time, and that really says it all. Every time, the resort exceeds our expectations and feels like coming home. From the moment we arrived, we were welcomed incredibly warmly. The …",4 weeks ago,2026-07-07,,,,ChdDSUhNMG9nS0VPaVZvSm0wLXVEVWxRRRAB
Salim KAYABASI,4.0,"It met with my expectations since I wasn't looking for  ultra high quality.

Some of the other reviews don't sound fair to me. If you book a room near river side please expect bee and mosquitoes around you. There is literally nothing wrong here.

Food options are fitting every single person type but some meat offerings are requiring waiting in the line around 5-6 minutes. You can't complain about the food as every corner has options till 3AM.

A La Carte options are also really good and my favorite is Yamas as the show goes really top.

Shows are also fairly good. I highly recommend Madonna show if you ever get chance. Bikes in fire ball could be also amazing but it was a bit too much for my 3yo kid.

With a small kid, never had any issue food options. All places were safe enough. Kids Club is expecting at least 4yo to have them without parent supervision. But staff was kind to give a try as my kid has no diaper requirements. Kid shows are also good but could be best fit after 5yo.

Beach has some experience but it is not my best choice. Food options around the beach is also good.

Main Lobby has drink offering between 9am till midnight. Patisserie is also another great area with AC. Outside sitting area and main square are also great but could be still hot till 8pm.

Staff speaks English, Russian, Turkish quite well and respect each and every wishes you may have.

Elif and Hasan from customer service helped us via WhatsApp in super fast ways. We also met with Esra Nur from Patisserie area, she was quite welcoming and friendly to us and our kid.

Location is a bit far from city center but you don't need anything from center. If required, you can order online or request from customer service.

Rooms are getting cleaned every day as it is important but balconies are not super great. If you are smoker then it makes sense but I never stayed at balcony as it was only for chairs and small table.",4 weeks ago,2026-07-07,,"Dear Guest Salim KAYABASI,

Thank you for taking the time to share such a detailed review of your recent stay at Titanic Deluxe Golf Belek.

We are delighted to know that your holiday met your expectations and that you enjoyed the wide variety of dining options available throughout the resort, our à la carte restaurants—especially Yamas—as well as the entertainment program and the welcoming atmosphere for families with children.

It is also a pleasure to hear that our multilingual team provided attentive and professional service throughout your stay. Your kind recognition of Mrs. Elif and Mr. Hasan from our Guest Services team for their prompt assistance via WhatsApp, as well as Mrs. Esra Nur from our Patisserie for her warm hospitality, is greatly appreciated. We will be delighted to share your compliments with them.

We also sincerely appreciate your constructive observations. Guest feedback is invaluable to us, as it helps us continuously evaluate and enhance the quality of our services and facilities.

Thank you once again for choosing Titanic Deluxe Golf Belek. We hope to have the pleasure of welcoming you and your family back for another enjoyable and memorable stay in the future.

Kind regards,
CRM Management","Local Guide · 73 reviews · 2,127 photos",Ci9DQUlRQUNvZENodHljRjlvT2xRM1dYSnhRM2s0UkZoVVVrOUVlVUZYZWtoeFprRRAB
Люба Кудрина,5.0,"Excellent hotel) We stayed there for a whole month and didn't regret it one bit! The evening shows were simply wow 🤩 the entertainers were super 🙌 very nice, cool, and sociable guys. We visited the Yamas restaurant, they have a special Greek show with beautiful girls. We smashed plates, danced, and had a great time. We'll definitely be back!",4 weeks ago,2026-07-07,,"Dear Guest Lyuba Kudrina,

Thank you for choosing the Titanic Deluxe Golf Belek and for taking the time to share your experience.

We are delighted to learn that your stay at our hotel left you with nothing but positive emotions.

We sincerely hope to welcome you back as our valued guest.

Sincerely, and best wishes,
CRM Management",2 reviews,Ci9DQUlRQUNvZENodHljRjlvT25aeGRVTkpaM0pNYURSRFVsZDNWVVZYT0dReVYxRRAB
Linda Brown,5.0,,4 weeks ago,2026-07-07,,"Dear Guest Linda Brown,

We would like to sincerely thank you for choosing Titanic Deluxe Golf Belek Hotel and for your 5-star rating.

It will be our pleasure to welcome you back again in the near future.

With kind regards,
CRM MANAGEMENT",1 review,Ci9DQUlRQUNvZENodHljRjlvT2tObVdGaHVWR3RSTVhoNmFFNXVVekZKTW5aUWFFRRAB
Mahmut Gozuag,5.0,"It is our third time staying in this hotel as a family. We’ve had an amazing time and amazing experience perfect service everything was spot-on.
Ellie from the guest service helped us a lot she’s very kind and helpful. We definitely recommend this hotel to anyone who wants to have a good time.",4 weeks ago,2026-07-07,,"Dear Guest Mahmut Gozuag,

Thank you very much for your kind feedback and for choosing Titanic Deluxe Golf Belek for your third family stay.

We are truly delighted to hear that you had another amazing experience with us and that everything met your expectations, from our services to the overall holiday atmosphere. It is especially rewarding to know that our team contributed to making your stay so enjoyable.

Your kind recognition of Mrs. Ellie from our Guest Service team is greatly appreciated. We are pleased to hear that her support and helpful attitude made a positive difference during your stay. Your compliments will be shared with her and the entire team as a great source of motivation.

We sincerely thank you for your continued trust and recommendation. It is always a pleasure to welcome returning guests, and we very much look forward to seeing you and your family again for another memorable holiday.

Kind regards,
CRM Management",Local Guide · 17 reviews · 6 photos,Ci9DQUlRQUNvZENodHljRjlvT2pFNVR6VTFiVEZNTmtSNlNGRXpPRlpqY2xsTWJtYxAB
Maggie Bad,5.0,"Very good animation team and daily activities soo nice , night program also great. Show and party’s incredible",4 weeks ago,2026-07-07,,"Dear Guest Maggie Bad,

Thank you very much for sharing your kind feedback following your stay at Titanic Deluxe Golf Belek.

We are delighted to hear that you enjoyed our animation team, daily activities, and evening entertainment program. It is especially rewarding to know that the shows and parties contributed to making your holiday such an enjoyable and memorable experience.

Your positive comments will be shared with our animation and entertainment teams, as they will be very pleased to know their efforts helped enhance your stay.

We truly appreciate your kind words and hope to have the pleasure of welcoming you back again soon for another wonderful holiday experience.

Best regards,
CRM Management",2 reviews,Ci9DQUlRQUNvZENodHljRjlvT2twMFJFazFWRU5MT0ZWTU5HeDFWMkZ1YXpSbFZuYxAB
Gökhan Kaya,5.0,"First of all, thank you for the gesture of giving me a poolside room instead of a room with a French balcony. Due to my profession, I have a lot of hotel experience. The room was spacious and airy. The beds were very comfortable. Every detail in the room, from the shampoo to the mini-bar, reflected the hotel's quality. The room cleaning was excellent. The pool was very large and spotlessly clean. The pool cleaning was done professionally. Regarding the food, there are very few hotels that can match the taste and quality of the Titanic. I stayed in Gaziantep for a long time, and the baklava served here was as good as the best baklava in Gaziantep. The water pastry was excellent. A wide variety of dishes from Turkish and world cuisine were offered, and they were all delicious. I consider tourists who come to the Titanic Hotel lucky to taste the best flavors of Turkish cuisine. I congratulate the chefs and the management for providing this quality in today's economic conditions. The hotel's staff, especially the Kyrgyz and Turkish male and female employees, were very friendly and did their jobs with dedication and passion. I only saw a few Turkish female staff members with grumpy faces while doing their jobs. But the staff in general were very, very good…the QR code service on the beach was very enjoyable. The snack bars and restaurants on the beach were also very tasty. The service and venues were also fantastic. The hotel's landscaped areas, its location by the river, and the sea offer you wonderful views.
As for the negative things about the hotel: The amphitheater entertainment between 9-10 pm is quite successful. There is also a river disco after 12 pm. It can be annoying on some days between 10-12 pm. Considering that most people don't attend the river disco, I think there could be more entertainment in the central area of ​​the hotel…also, the sea in this area is a bit choppy in the afternoons…
It is a hotel that is worth every penny, you won't regret it…",a month ago,2026-07-05,,"Dear Guest Gökhan Kaya,

First of all, thank you for choosing Titanic Deluxe Golf Belek Hotel.
Thank you very much for taking the time to share your experience and positive feedback about our hotel after your vacation. Your complimentary words, indicating that you were generally satisfied with our facilities and services, have made us very happy and have been a great source of motivation for our team. Please be aware that your suggestions and feedback have been shared with the relevant department heads and will be taken into consideration.

We hope to see you again soon.

Sincerely,
CRM Management",2 reviews,Ci9DQUlRQUNvZENodHljRjlvT21kUE1HcGhjMU5wZGpVMWNrSXliMjFtTjFoWlpXYxAB
Ahmet Poyraz Günen,5.0,"I had a fantastic vacation with Zehranur! We had so much fun on the bumper cars, it was amazing! Everyone at Kikoa Kids Club was so energetic! We'll definitely come back.",a month ago,2026-07-05,,"Dear Guest Ahmet Poyraz Günen,

First of all, on behalf of the Titanic Deluxe Golf Belek family, we would like to thank you for rating our resort highly on Google.

We are very happy to have earned your satisfaction.

We look forward to welcoming you again soon.

Sincerely,
CRM MANAGEMENT",1 review,Ci9DQUlRQUNvZENodHljRjlvT2tWT2RraEdPV2R4TUY4NGNYbERWek4xTTJoalowRRAB
G.cyryl G.cyryl,5.0,,a month ago,2026-07-05,,"Dear G.cyryl,

Thank you for choosing to stay with us at the Titanic Deluxe Golf Belek, and we are very grateful for your positive and encouraging review. Please be assured that your kind and encouraging words will be shared with the management and staff!

We hope to welcome you back again soon for another enjoyable and unforgettable holiday!

Sincerely,

CRM Management


Thank you for choosing us for your holiday at the Titanic Deluxe Golf Belek.
...",2 reviews,Ci9DQUlRQUNvZENodHljRjlvT21GM1IwNXZWbFJ3TjA1aldEWmlTbE4yUzFCV1IyYxAB
Nergis Yılmaz,5.0,,a month ago,2026-07-05,,"Dear Guest Nergis Yılmaz,

Thank you for choosing Titanic Deluxe Golf Belek and for giving us your highest rating.

We would be delighted to welcome you back again in the near future.

Sincerely,
CRM MANAGEMENT","Local Guide · 254 reviews · 4,286 photos",Ci9DQUlRQUNvZENodHljRjlvT2w5TWVIcEhhR1pMZDBSSlNYQkpWblJDWm1oUk5YYxAB
Baha Sezgin,5.0,,a month ago,2026-07-05,,"Dear Guest Baha Sezgin,

First of all, on behalf of the Titanic Deluxe Golf Belek family, we would like to thank you for rating our resort highly on Google.

We are very happy to have earned your satisfaction.

We look forward to welcoming you again soon.

Sincerely,
CRM MANAGEMENT",,Ci9DQUlRQUNvZENodHljRjlvT25GamRrTkdUakpOWVZKTGVXTmljemxMTkZWRlNsRRAB
Seher Tarhan,5.0,"Many thanks to the animation team. There were plenty of activities, we weren't bored at all, there's something for everyone.",a month ago,2026-07-05,,"Dear Guest Seher Tarhan,

First of all, on behalf of the Titanic Deluxe Golf Belek family, we would like to thank you for rating our resort highly on Google.

We are very happy to have earned your satisfaction.

We look forward to welcoming you again soon.

Sincerely,
CRM MANAGEMENT",1 review,Ci9DQUlRQUNvZENodHljRjlvT2psb1owTmhjMVpOZVRGU1FXMXRVWGcyUzBsalMxRRAB
Sevgi Tarhan,5.0,It was a wonderful experience. Many thanks to the animation team.,a month ago,2026-07-05,,"Dear Valued Guest Sevgi Tarhan,

First of all, on behalf of the Titanic Deluxe Golf Belek family, we would like to thank you for rating our resort on Google.

We are very happy to have earned your satisfaction.
We hope to welcome you again soon...

Sincerely,
CRM MANAGEMENT",8 reviews,Ci9DQUlRQUNvZENodHljRjlvT2s1NlMxOW5iMDFVUkRsa2IxbDNVRmxQWlZaTFdGRRAB
E D Construction,5.0,Thanks you so much to the animation team who have made our stay so special . Great team,a month ago,2026-07-05,,"Dear Guest E D Construction,

Thank you very much for your kind words and for sharing your feedback.

We are delighted to hear that our animation team helped make your stay so special. Your appreciation will be shared with the team, as it is always a great motivation for them to know their efforts are noticed and valued.

We hope to have the pleasure of welcoming you back again soon for another enjoyable stay.

Kind regards,
CRM Management",1 review,Ci9DQUlRQUNvZENodHljRjlvT2tabmVUWm1SV28wYjB3d2NqaElPRXhEVVRKMGRHYxAB
авазхон каримов,5.0,very cool animation and I am delighted with the animation,a month ago,2026-07-05,,"Dear Guest Avazkhon Karimov,

First of all, thank you for choosing the Titanic Deluxe Golf Belek Hotel for your vacation and for sharing your high rating.
We look forward to welcoming you back.

Best wishes and see you again,
CRM MANAGEMENT",2 reviews,Ci9DQUlRQUNvZENodHljRjlvT2pOSFVHVlRURU4xWjFVeVVtVjBiSEZDWDJveFJuYxAB
CEYHUN ÖZTÜRK,5.0,A huge thank you to the animation team! Everything was great. We especially had a lot of fun at Yamas restaurant 🥰,a month ago,2026-07-05,,"Dear Valued Guest CEYHUN ÖZTÜRK,

Thank you for your kind review of our facility.

Every opinion you provide is very important to us.
We are very happy to have earned your satisfaction. Your satisfaction motivates our entire team and encourages us to provide even better service.

It would be a pleasure to see you again and serve you.

Sincerely,
CRM Management",1 review,Ci9DQUlRQUNvZENodHljRjlvT2pSdmNHUlRZV3BaYnpoWE1WVklkbWMxUTBablgyYxAB
Emre Kilickaya,5.0,Thank you to the animation team. We had a very enjoyable time at the hotel.,a month ago,2026-07-05,,"Dear Guest Emre Kilickaya,

Thank you for entrusting your holiday to Titanic Deluxe Golf Belek and for sharing your kind feedback with us.

Learning that our guests are satisfied with the services we provide is very motivating for us.

We hope to see you again and wish you a pleasant day.

Sincerely,
CRM MANAGEMENT",3 reviews,Ci9DQUlRQUNvZENodHljRjlvT21KNFlrSmpjV3hrUW5wbFQwczNkRE5oY0VGRWNHYxAB
Daniel Leedham,5.0,"Great hotel, brilliant live music and entertainment every night",a month ago,2026-07-05,,"Dear Guest Daniel Leedham,

Thank you very much for your kind feedback.

We are delighted to hear that you enjoyed your stay and appreciated the live music and entertainment offered every evening. Your positive comments are truly encouraging for our team, as we always aim to create memorable experiences for our guests.

We look forward to welcoming you back to our hotel in the near future.

Best regards,
CRM Management",1 review,Ci9DQUlRQUNvZENodHljRjlvT25Oek5WZDVUbU0wY2taMU0yczVSM2xmVVdOWFJFRRAB
Артур Масалимов,5.0,The vacation was super thanks to the animation team. We played volleyball and football. All the beach activities were great too. Thanks to the animators.,a month ago,2026-07-05,,"Dear Guest Artur Masalimo,

Thank you for choosing the Titanic Deluxe Golf Belek and for taking the time to share your experience. We are delighted to hear that your stay at our hotel was a positive one.

We sincerely hope to welcome you back as our valued guest.

Sincerely, and best wishes,
CRM Management",2 reviews,Ci9DQUlRQUNvZENodHljRjlvT25SYU1VUjFVbVJHZDNSSk9TMW1WV2xrTkV0Sk5GRRAB
Tugay Tanirgan,5.0,"From the entrance of the hotel was very fabulous,the welcoming is so nice that was speechless. The animation team was so amazing and we played boccia,darts,volleyball and the football game was so nice.we really enjoyed our holidays so much.we are coming back soon",a month ago,2026-07-05,,"Dear Guest Tugay Tanirgan,

Thank you very much for sharing your wonderful feedback regarding your recent stay with us.

We are delighted to hear that you enjoyed your holiday from the very first moment of your arrival and that our welcome made such a positive impression on you. It is also a great pleasure to know that our animation team contributed to your experience and that you had fun participating in activities such as boccia, darts, volleyball, and football.

Your kind words are truly motivating for our team, and we are very happy that you left with such great memories. We sincerely appreciate your intention to return, and we look forward to welcoming you back for another enjoyable stay very soon.

Kind regards,
CRM Management",3 reviews,Ci9DQUlRQUNvZENodHljRjlvT2twUGJtNWlVVnBxY0V4blpVOW9hVkV3UjNSek5sRRAB
Yasemin Akıncı,5.0,"First of all, the hotel has very VIP features. You truly feel like you're surrounded by quality at every moment. The food is delicious, and they've managed to present all of Turkish cuisine in its most delicious forms. The standard room size was very adequate, and the rooms were spotlessly clean. Cleaning was done daily, and each time it was as clean as the first time we arrived. There were many pool options. The aquapark was also very diverse and sufficient. Getting to the sea was very fun; there were both boat and train options. The sea was clean, calm, but pebbly, though it wasn't bothersome. The staff were very helpful; I never had to ask for anything twice. They were very professional and attentive. Only the staff in the main restaurant seemed a little unhappy. They really work very hard. There was an activity every evening, both for children and adults. We were also happy to have had the chance to see İskender Paydaş. In short, every day was wonderful, and it truly deserves the price. We would also like to thank Ms. Elif and Mr. Hasan, who took care of us and provided daily updates. We hope to see you again...",a month ago,2026-07-05,,"Dear Guest Yasemin Akıncı,

Thank you for entrusting your holiday to Titanic Deluxe Golf Belek and for sharing your kind feedback with us.

Learning that our guests are satisfied with the services we provide is very motivating for us.

We hope to see you again and wish you a pleasant day.

Sincerely,
CRM MANAGEMENT",Local Guide · 20 reviews · 49 photos,Ci9DQUlRQUNvZENodHljRjlvT2tKWlFrdERkalJhUVdwRVlVNDRWWGgzYld4WWVWRRAB
EMRE AKINCI,5.0,"A Wonderful Vacation Experience! ⭐⭐⭐⭐⭐

Our vacation at the Titanic Hotel has unfortunately come to an end, but we've been left with wonderful memories. First and foremost, we extend our endless gratitude to Ms. Elif and Mr. Hasan, who took such close and sincere care of us every moment; their attention made our vacation even more special.

The hotel was generally very large and magnificent. The cleanliness of the rooms and common areas, the pools, the aquapark, and the Turkish bath were simply flawless.

The food, however, deserves a separate mention; it was simply perfect! From the pastries to the steaks, everything at the buffet was so plentiful and delicious that the table was truly lacking nothing. Kudos to the kitchen team; we were very pleased with everything.

A small piece of constructive feedback:

Perhaps due to the hotel's busy and tiring pace, we noticed a slight expression of fatigue (a lack of smiles) on the faces of some of the staff. Of course, we think this is the pleasant fatigue that comes with running around in such a huge facility, so it didn't diminish the energy of our holiday at all. However, if the staff's energy were a little higher, everything would be simply ""perfect"".

Despite everything, we received wonderful service and had a very enjoyable holiday. Definitely a **5-star** establishment! Thank you for everything, see you again!",a month ago,2026-07-05,,"Dear Guest EMRE AKINCI,

First of all, on behalf of the Titanic Deluxe Golf Belek family, we would like to thank you for rating our resort highly on Google.

We look forward to welcoming you again soon.

Sincerely,
CRM MANAGEMENT",6 reviews,Ci9DQUlRQUNvZENodHljRjlvT2xoRlZHUnFlV3gyWm5VM00zVTJURTFyYmtjMVJWRRAB
Yavuz UZUNÇORAP,5.0,"We loved the hotel, everything was wonderful. We were very pleased with the animation team; water polo and darts were extremely enjoyable. Thank you so much for everything!",a month ago,2026-07-05,,"Dear Guest Yavuz UZUNÇORAP,

First of all, thank you for taking the time to share your Titanic Deluxe Golf Belek holiday experience with us and the users of this website.

We are very pleased that you were satisfied with the services offered at our facility, the quality of the food, the hospitality of our staff, and your overall holiday.

We will always be happy to see you among us,
Looking forward to seeing you again soon...

Sincerely,
CRM MANAGEMENT",1 review,Ci9DQUlRQUNvZENodHljRjlvT25WVVRsUlNRMW96UWpabVJrWnlXbGc0TkdOR2FHYxAB
Metin Uzuncorap,5.0,"We were extremely pleased with our holiday. The animation program was excellent, and we thoroughly enjoyed the darts and water ball. The activities were fantastic. Thank you for everything!",a month ago,2026-07-05,,"Dear Guest Metin Uzuncorap,

Thank you for entrusting your holiday to Titanic Deluxe Golf Belek and for sharing your kind feedback with us.

Learning that our guests are satisfied with the services we provide is very motivating for us.

We hope to see you again and wish you a pleasant day.

Sincerely,

CRM MANAGEMENT",4 reviews,Ci9DQUlRQUNvZENodHljRjlvT2tSNFpuUTNWelJVYlhNeFJXNXdja1pxTjFwZkxVRRAB
Furkan Uzunçorap,5.0,"We really liked the hotel, everything was great, especially the darts and volleyball activities were fantastic. Many thanks to the animation team!",a month ago,2026-07-05,,"Dear Guest Furkan Uzunçorap,

First of all, we would like to express our sincere gratitude for taking the time to share your feedback about our facility. We are very pleased that you enjoyed your stay. As you will appreciate, every feedback we receive from our guests is of great importance to us.

It would be a pleasure to see you again and serve you.

Sincerely,
CRM Management",1 review,Ci9DQUlRQUNvZENodHljRjlvT2w5elpIUjZjbUZGWjJGSUxVMXRSa0pVYjNsVFZrRRAB
Ben Leech,5.0,Great place. Wonderful experience. Food and drink plentiful and of great quality. Water temperature is spot on. All round tremendous place for a relaxed holiday.,a month ago,2026-07-05,,"Dear Guest Ben Leech,

Thank you for choosing Titanic Deluxe Golf Belek and for sharing your highest score hereby!
We are happy that you remained satisfied with our hotel and we will happily share your kind words with our staff.
We would be happy to welcome you here again in the near future!

Best regards,
CRM Management",4 reviews,Ci9DQUlRQUNvZENodHljRjlvT2tJeWIzbG9jV1p2UW1KUU4zZzJUR3hxUWxoME4yYxAB
Muhamed Sadik,5.0,,a month ago,2026-07-05,,"Dear Guest Muhamed Sadik,

First of all, on behalf of the Titanic Deluxe Golf Belek family, we would like to thank you for rating our resort on Google.

We are very happy to have earned your satisfaction.
We look forward to welcoming you again soon...

Sincerely,
CRM MANAGEMENT",1 review · 2 photos,Ci9DQUlRQUNvZENodHljRjlvT2tkcFMyTjFhbXAzTWtsc1R6TTRjR0V6TjJ4VlRIYxAB
Veysel Dedeoğlu,5.0,Great,a month ago,2026-07-05,,"Dear Guest Veysel Dedeoğlu,

First of all, thank you for taking the time to rate us with a high score.

We are very pleased that you were satisfied with the services provided at our facility during your stay.

We will be happy to see you again soon.

With best regards,
CRM MANAGEMENT",4 reviews · 7 photos,Ci9DQUlRQUNvZENodHljRjlvT25WNVZFNHhOMDAxYjI1eFdtSk9NSEl0VkV3eWNVRRAB
Dilan Aydın,5.0,,a month ago,2026-07-05,,"Dear Guest Dilan Aydın,

First of all, on behalf of the Titanic Deluxe Golf Belek family, we would like to thank you for rating our resort on Google.

We are very happy to have earned your satisfaction.
We hope to welcome you again soon...

Sincerely,
CRM MANAGEMENT",2 reviews,Ci9DQUlRQUNvZENodHljRjlvT25Kc1lsSm5Va2xaV21jMU5IVTJkSEIyUmxRM2VHYxAB
Richard Hazelwood,5.0,"Fantastic hotel , great pool , brilliant staff and
Tuğba in the irish bar is the best , all staff are so good ,",a month ago,2026-07-05,,"Dear Guest Richard Hazelwood,

Thank you very much for your feedback.

We are delighted to hear that you enjoyed your stay with us, especially our pools and the service provided by our team. Your kind words about our staff are truly appreciated, as we strive to deliver excellent hospitality to all our guests.

A special thank you for recognizing Mrs. Tuğba at the Irish Bar. We will be very pleased to share your compliments with her, as we are sure she will be motivated by your kind appreciation.

We look forward to welcoming you back for another fantastic holiday.

Kind regards,
CRM Management",1 review,Ci9DQUlRQUNvZENodHljRjlvT2tWRVdsOVZaV3B3VUV4SGVXVXdZMnRaV25sd1lrRRAB
Zina Aghayeva,5.0,"The children have fantastic opportunities and entertainment. The food is delicious, and each child receives special care. The girls at the Kids Club are simply amazing. Especially Tugce, very responsible and pleasant, she fed the children and let them play. Superb!",a month ago,2026-07-05,,"Dear Guest Zina Aghayeva,

Thank you for choosing Titanic Deluxe Golf Belek for your vacation and for sharing your review!

We value your feedback and are delighted that your stay with us was excellent. We look forward to seeing you again!

Best wishes and see you again,
CRM MANAGEMENT",3 reviews · 2 photos,Ci9DQUlRQUNvZENodHljRjlvT2xoclRWZzBlamRVUlVSa2JIZGlXbUZ4YTB4dWFsRRAB
Callum Taylor,5.0,,a month ago,2026-07-05,,"Dear Guest Callum Taylor,

On behalf of the hotel management & staff, we would like to express our gratitude for your wonderful rating of Titanic Deluxe Golf Belek Hotel.

We hope to have the pleasure of hosting you again very soon.

With kind regards,
CRM MANAGEMENT",1 review,Ci9DQUlRQUNvZENodHljRjlvT2paVlVYWk9ia2RGV0ZBMk5WQlFUVGh3T1RSWmJWRRAB
Banan Hashlamoun,5.0,"The kids club is really cool nice and perfect for kids, tuce and selcan were very friendly they did a great job thank you",a month ago,2026-07-05,,"Dear Guest Banan Hashlamoun,

Thank you very much for sharing your kind feedback.

We are delighted to hear that you found our Kids Club enjoyable and well-suited for children. It is always our goal to create a fun, safe, and engaging environment for our younger guests, and we are very pleased that we could contribute positively to your family holiday.

Your special recognition of Mrs. Tuçe and Mrs. Selcan is truly appreciated. We will be happy to share your lovely comments with them, as we are sure it will mean a great deal to know their friendliness and dedication made such a positive impression.

We look forward to welcoming you and your family again for another wonderful stay.

Kind regards,
CRM Management",3 reviews,Ci9DQUlRQUNvZENodHljRjlvT21oeGJraGlWeloxYTFsT1dFSktPRkZFU0U0MGNYYxAB
Medine Türköz,5.0,"Everything was wonderful; we were able to leave our baby with the ladies at the kids club with peace of mind, and that hour was very rewarding. The hotel in general was very clean and tidy, the food and service were excellent, and we are considering returning.",a month ago,2026-07-05,,"Dear Guest Medine Türköz,

First of all, we would like to express our sincere gratitude for taking the time to share your feedback about our facility.

We are very pleased that you enjoyed your stay. As you will appreciate, every feedback from our guests is of great importance to us.

It would be a pleasure to see you again and serve you.

Sincerely,
CRM Management",3 reviews,Ci9DQUlRQUNvZENodHljRjlvT21OUFNIRjFTVTVLY2pneU9UUnFMWEF5YzB0Q1RsRRAB
Alper Kocyigit,5.0,"Overall, the service, food, and activities were truly wonderful. Ms. Ayça from guest relations took great care of us; we would like to thank her and the Titanic family very much.",a month ago,2026-07-05,,"Dear Valued Guest Alper Kocyigit,

Thank you for your kind review of our facility.

Every comment you make is very important to us.

We are very happy to have earned your satisfaction. Your satisfaction motivates our entire team and encourages us to provide even better service.

It would be a pleasure to see you again and serve you.

Sincerely,

CRM Management",11 reviews,Ci9DQUlRQUNvZENodHljRjlvT21oNFMxbDVORUZwYVZrek1IZFROa2wzZVdacFIwRRAB
aleksandr43,5.0,A very cool hotel. Lots of entertainment for both children and adults. Delicious food. I'd especially like to mention the music teacher.,a month ago,2026-07-05,,,,ChdDSUhNMG9nS0VQcXVfdlNRZy02bmp3RRAB
Funda Birer,5.0,"I've been coming to this hotel for 4 years. This year, in particular, they've really surpassed themselves. From the welcome to the food, they are very attentive and helpful. The events organized in the Riverse section in the evenings are magnificent; you feel like you're at an international event. They put in a great deal of effort and present a wonderful visual spectacle. I would like to thank them extra for this. Well done! ❤️

And I recommend this hotel from A to Z.

Thank you very much 🧜🏾‍♀️",Edited a month ago,2026-07-05,,"Dear Guest Funda Birer,

First of all, thank you for taking the time to share your feedback, which is extremely important to us, through this website. We are very pleased that you were satisfied with the services offered at our facility, the quality of our services, and your holiday in general during your stay. Our staff works to provide you with the best service, and in this regard, your comments will definitely be shared with our colleagues and department managers. We would be delighted to see you again soon.
With the hope of seeing you again in the near future,

Sincerely,
CRM Management",Local Guide · 72 reviews · 136 photos,Ci9DQUlRQUNvZENodHljRjlvT2pBeFNUbFNVV3hHYlVWMFh6UktOVll3Vm1kMVRsRRAB
Faig Adigozalov,5.0,Super animation,a month ago,2026-07-05,,"Dear Guest Faig Adigozalov,

First of all, thank you for choosing the Titanic Deluxe Golf Belek Hotel for your vacation and for sharing your review. We are truly delighted that you had a positive experience at our hotel. We look forward to welcoming you back.

Best wishes and see you again,
CRM Management",3 reviews,Ci9DQUlRQUNvZENodHljRjlvT2w5S2IydEdiVk5mZDBoek5rOUxXR0Z5WWxkTGVXYxAB
Farid Mammadov,5.0,"Our family absolutely adored our time at the Titanic hotel! 💖 The service here truly stands out among all the hotels in Belek, making our large family of 11 feel incredibly welcome. It’s perfect for kids too! We'll definitely consider returning to this huge but wonderfully managed resort. 👨‍👩‍👧‍👦✨ …",a month ago,2026-07-05,,"Dear Guest Farid Mammadov,

Thank you very much for sharing your wonderful feedback with us. We are truly delighted to hear that your family had such a memorable stay at Titanic Hotel.

It is a great pleasure to know that our team’s service and hospitality made your family feel welcome and comfortable. We are especially happy that you enjoyed our family-friendly facilities and found our resort suitable for guests of all ages.

Your kind words about our team and hotel mean a lot to us and will be shared with everyone who works hard to create unforgettable holiday experiences for our guests.

We would be delighted to welcome you and your family back again in the future for another fantastic stay.

Best regards,
CRM Management",4 reviews,Ci9DQUlRQUNvZENodHljRjlvT25keFZEQlRXbWxvYWxKNGVrZEJMVlIwU1VKWldXYxAB
Shohruh,5.0,Ms. Felek works at the pastry shop. Thank you.,a month ago,2026-07-05,,"Dear Guest Shohruh,

First of all, thank you very much for choosing our hotel and sharing your feedback with us. Reading that you enjoyed every moment of your stay made our entire team very happy.

As the Titanic Deluxe Golf Belek Family, we would like to see you again soon and wish you pleasant days.

Sincerely,
CRM MANAGEMENT",7 reviews · 1 photo,Ci9DQUlRQUNvZENodHljRjlvT25sYVZWVXlXRXB5U0haYVVXaEZUbFpzYW1VMFIzYxAB
Ebru Kardaş,5.0,"We had been planning a vacation for a long time and we experienced the best hotel. We loved the friendliness of the staff and the hotel activities, we will definitely come again. The hotel food was fantastic, the evening meals impressed us greatly. Everything was thought of at the hotel and most importantly, the Kids Club was very comprehensive, with multiple activity areas and activities. Our child was very happy and didn't want to leave. We would also like to thank Tuğçe, the staff member at the Mini Club, for her excellent care.",a month ago,2026-07-05,,"Dear Guest Ebru Kardaş,

On behalf of the Titanic Deluxe Golf family, we would like to thank you very much for taking the time to share your feedback with us.

Learning about your satisfaction with our hotel and the service provided by our team is our greatest reward. These wonderful comments from you strengthen our work. Your feedback will be shared with our colleagues with pleasure.

We look forward to seeing you again soon,

Sincerely,
CRM MANAGEMENT",1 review · 3 photos,Ci9DQUlRQUNvZENodHljRjlvT2xCalVYZDJTVTVRVkRKZmNWUmxTalUyVDJ0S2RtYxAB
Riza Örnek,5.0,"First of all, I would like to thank Samet and Eylül working at the Sapore service bar for their energy and smiles, Chef Görkem for his help at the beach bar and for the cocktails, and also Rabia and Zafer at the pier bar.",a month ago,2026-07-05,,"Dear Guest Riza Örnek,

Thank you for your kind review of our facility.

We are very honored that you were satisfied with your stay. It is a great source of pride for us to have hosted you at our facility and to have contributed, even in a small way, to your happiness and satisfaction.

It would be a pleasure to see you again and to serve you.

Sincerely,
CRM Management",3 reviews,Ci9DQUlRQUNvZENodHljRjlvT21NNVMxZ3lhV1ZETVRKU016bHlUMUU0V0ZWQlJWRRAB
Areej s,5.0,"The resort is excellent and has a fantastic kids' club for children. This girl in the kids' club, Beyzanur, is very helpful and cooperative. May God bless her; she helped me register my daughter for the workshops offered at the kids' club. The resort is excellent in terms of service, and it also has a water park that children and adults alike enjoy. 🫰🥰",a month ago,2026-07-05,,"Dear Guest Areej s,

We would like to thank you for choosing Titanic Deluxe Golf Belek hotel as your holiday destination.
It was a great pleasure having you as our guest and we really appreciate you taking your time to write those wonderful and kind words about our hotel, we will share them with our management and staff.
It would be our pleasure to welcome you back here for many more comfortable holiday experiences!

Best regards,
CRM Management",Local Guide · 15 reviews · 4 photos,Ci9DQUlRQUNvZENodHljRjlvT2pOS01VdFhRV05VYTFNNFRucG9TSEJYWjI5bVlVRRAB
Muhammet Şafak,5.0,"We were particularly pleased with the Mini Club service during our stay. Children had the opportunity to participate in fun and educational activities throughout the day, appropriate for their age groups. The Mini Club team consisted of extremely attentive, friendly, and dedicated individuals. Their sensitivity to the children's safety and happiness was commendable. The hotel as a whole was well-maintained, clean, and aesthetically pleasing. The common areas were tidy, and we had a comfortable stay. The food was also delicious and varied; each meal offered options to suit different tastes.",a month ago,2026-07-05,,"Dear Guest Muhammet Şafak,

First of all, thank you for taking the time to rate us with a high score.

We are very pleased that you were satisfied with the services provided at our facility during your stay.

We will be happy to see you again soon.

With best regards,
CRM MANAGEMENT",2 reviews,Ci9DQUlRQUNvZENodHljRjlvT210TGMwZzNOMVJJWWpSMU5VSjBSRmd0ZVc5aFFrRRAB
burak Mısır,5.0,"We loved the hotel, everything was wonderful, we especially enjoyed the darts and water polo. Thank you for everything.",a month ago,2026-07-05,,"Dear Guest Burak Mısır,

First of all, on behalf of the Titanic Deluxe Golf Belek family, we would like to thank you for reviewing our hotel on Google.

We are very happy that you were generally satisfied with your stay.
We hope to welcome you again soon.

Sincerely,
CRM MANAGEMENT",3 reviews,Ci9DQUlRQUNvZENodHljRjlvT21oeE1rOVNVRlY2WDNWc2JXWjVValZpUXpGaWEwRRAB
james mccomb,5.0,,a month ago,2026-07-05,,"Dear Guest james mccomb,

Thank you for choosing Titanic Deluxe Golf and for sharing your highest score rating.

We would be happy to welcome you here again in the near future!

Best regards,
CRM MANAGEMENT",3 reviews,Ci9DQUlRQUNvZENodHljRjlvT21sWFNVVXlUWGd6VFdkUVJrRlhibTgwVTA5ZlFuYxAB
P5019XHkellyd,5.0,"I have been coming here for several years now, and it remains a fantastic holiday. Something for everyone! My preference is for the beach, to enjoy reading my book and listening to the sea. In the afternoon, I grab a bite to eat at Sapore, …",a month ago,2026-07-05,,,,ChZDSUhNMG9nS0VKSGd1NXlzOUxlSEJ3EAE
Kmstr,5.0,Super nice all inclusive😊 Nice shows and animations …,a month ago,2026-07-05,,,,ChdDSUhNMG9nS0VJbTdoTjJJcGZfYXJ3RRAB
Sonata,5.0,,a month ago,2026-07-05,,"Dear Guest Sonata,

We would like to sincerely thank you for choosing Titanic Deluxe Golf Belek Hotel and for your 5-star rating.

It will be our pleasure to welcome you back again in the near future.

With kind regards,
CRM MANAGEMENT",Local Guide · 14 reviews · 92 photos,Ci9DQUlRQUNvZENodHljRjlvT2sxek1rRmpiR2sxVlhGR2NtSnNhMEZzTFdKbVIxRRAB
Yassine Jedaoudi,5.0,The activities are great. I recommend it for adults and children alike. There's so much to do!,a month ago,2026-07-05,,"Dear Guest Yassine Jedaoudi,

Thank you very much for your excellent rating of Titanic Deluxe Golf Belek Hotel.
On behalf of our hotel management and staff, we truly appreciate your support and look forward to welcoming you again soon.

With kind regards,
CRM MANAGEMENT",1 review,Ci9DQUlRQUNvZENodHljRjlvT25OaGFVRjJOakJ2TmxSWU4wWm1hak5EYkdReU1XYxAB
Rabia Gültekin,5.0,"From arrival to departure, the staff's attentiveness and friendliness were wonderful. The rooms were extremely spacious, modern, and spotlessly clean; they were cleaned regularly every day. The variety and taste of the food were simply excellent, we especially loved the dessert buffet! Thanks to the kids' club and all-day activities, our son had a fantastic time without getting bored. The art workshops organized for children were both educational and very fun. As parents, we also had the opportunity to sit back and relax. It was a perfect holiday in every detail, we will definitely come again!",a month ago,2026-07-05,,"Dear Guest Rabia Gültekin,

On behalf of the Titanic Deluxe Golf Belek Family, we thank you for taking the time to share your feedback with us. We are very pleased that you were satisfied with the services offered at our facility, the quality of our services, the hospitality of our staff, and your overall stay. Your valuable comment will certainly be shared with the department manager.

We would be happy to see you again soon.
With the hope of seeing you again in the near future,

Sincerely,
CRM Management",4 reviews,Ci9DQUlRQUNvZENodHljRjlvT25wd1RWVm1VVXg1TlhoWmJEWkVOSEYzUVVONVpYYxAB
Doğukan Göçmen,5.0,Many thanks to the animation team. We had so much fun at the activities. The music and dancing at Yamas restaurant were excellent.,a month ago,2026-07-05,,"Dear Guest Doğukan Göçmen,

First of all, we would like to express our sincere gratitude for taking the time to share your feedback about our facility.

We are very pleased that you enjoyed your stay. As you will appreciate, every feedback from our guests is of great importance to us.

It would be a pleasure to see you again and serve you.

Sincerely,
CRM Management",5 reviews · 1 photo,Ci9DQUlRQUNvZENodHljRjlvT2pRM01FVmxURmMwYzNNd1YwTXpTbG8zUlRKeVJWRRAB
Necmi Can Tığlı,5.0,"The animation team was excellent, we had a lot of fun and it was very successful.",a month ago,2026-07-05,,"Dear Guest Necmi Can Tığlı,

First of all, thank you for taking the time to share your feedback, which is extremely important to us, through this website. We are very pleased that you were satisfied with the services offered at our facility, the quality of our services, and your holiday in general during your stay. Our staff works to provide you with the best service, and in this regard, your comments will definitely be shared with our colleagues and department managers.

We would be delighted to see you again soon,
With the hope of seeing you again in the near future,

Sincerely,
CRM Management",3 reviews,Ci9DQUlRQUNvZENodHljRjlvT2tkaWREVkNOM2hEYTJoT01VSjVOR2R0TFV4NFFuYxAB
Nur Yılmaz,5.0,"We specifically stayed here this month because our previous experience was very positive and satisfying. During this family holiday, the activities for children and the staff who looked after the children made us feel very comfortable. It's a hotel you'll want to keep coming back to 👌",a month ago,2026-07-05,,"Dear Valued Guest Nur Yılmaz,

Thank you for your kind review of our facility.

Every opinion you provide is very important to us.
We are very happy to have earned your satisfaction. Your satisfaction motivates our entire team and encourages us to provide even better service.

It would be a pleasure to see you again and serve you.

Sincerely,
CRM Management",5 reviews,Ci9DQUlRQUNvZENodHljRjlvT25KV1VsaENUakpTWms5Zk4ydHRlRkpQWkdsRVkxRRAB
Aydın Uslu,5.0,"We had a wonderful stay at the Titanic Deluxe Golf Belek. The Kikoa kids' club is exceptional. A huge thank you to Zehra, who was incredibly kind and attentive to the children. Her professionalism and good humor made our children's holiday unforgettable. Many thanks again to the entire team, and please give my regards to Zehra! We will gladly return.",a month ago,2026-07-05,,"Dear Guest Aydın Uslu,

We would like to thank you for choosing Titanic Deluxe Golf Belek hotel as your holiday destination.
It was a great pleasure having you as our guest and we really appreciate you taking your time to write those wonderful and kind words about our hotel, we will share them with our management and staff.
It would be our pleasure to welcome you back here for many more comfortable holiday experiences!

Best regards,
CRM Management",1 review,Ci9DQUlRQUNvZENodHljRjlvT2pCMGFVbFJZakpWUjAxRFNYUTBRVXBaU2t4aFgxRRAB
joshim Ali,5.0,"The kids club at this hotel is brilliant.
The team here are always happy to help and the workshops were amazing for my little ones to be at.
The soft play area and play room area we're excellent.  Can't recommend this place enough",a month ago,2026-07-05,,"Dear Guest joshim Ali,

Thank you for choosing Titanic Deluxe Golf Belek and for sharing your highest score hereby!
We are happy that you remained satisfied with our hotel and we will happily share your kind words with our staff.
We would be happy to welcome you here again in the near future!

Best regards,
CRM Management",Local Guide · 15 reviews,Ci9DQUlRQUNvZENodHljRjlvT2xBNFFVdDBlSFJmWjJsdE9YTjBlRVpSZGxwYWVYYxAB
Kevser Kişi,5.0,"A wonderful hotel for families with children. The mini club activities were very fun and well-organized. The most important thing for us was the children's happiness, and we saw that in abundance here. The staff was very warm and attentive. My thanks to the mini club team! 🌸",a month ago,2026-07-05,,"Dear Guest Kevser Kişi,

Your kind feedback, sharing your thoughts and evaluations with us by taking the time to do so, fills us with pride and motivation. It is very valuable for us to learn from such positive feedback that we are on the right track to achieving our goal of impeccable service quality in the pursuit of high guest satisfaction.

It would be a pleasure to see you again and serve you.

Sincerely,
CRM Management",3 reviews,Ci9DQUlRQUNvZENodHljRjlvT25SNFdXaFJlWGRhTm5VM2RsQnRaVlJsZERONWFuYxAB
Hilal Ş.,5.0,We had a wonderful 6 days with our 10-year-old and 3-year-old children without getting bored at all. All areas were hygienic and comfortable. Fast food service is available in many areas. The sea is clean and you can choose boat or train for transportation. The pools were quite adequate and the aquapark had plenty of slides. The children had unlimited fun and Kikoa Kids has an incredibly professional and friendly team in this regard. My daughter and our playmate Evin had a very enjoyable time. Thank you to the Titanic family for a pleasant holiday.,a month ago,2026-07-05,,"Dear Guest Hilal Ş.,

On behalf of the Titanic Deluxe Golf Belek Family, we thank you for taking the time to share your feedback with us.

We are very pleased that you were satisfied with the services offered at our facility, the quality of our services, the hospitality of our staff, and your overall stay. Your valuable comment will certainly be shared with the department manager.

We would be happy to see you again soon.

With best regards,
CRM Management",3 reviews · 1 photo,Ci9DQUlRQUNvZENodHljRjlvT2pkeGIwRkRTV2hWTjBwUVgwRktUMlkxVUZwRk1YYxAB
barış sevimli,4.0,,a month ago,2026-07-05,,"Dear Guest, Barış Sevimli.

First of all, on behalf of the Titanic Deluxe Golf Belek family, we would like to thank you for rating our resort on Google.

We are very happy to have earned your satisfaction.
We hope to welcome you again soon...

Sincerely,
CRM MANAGEMENT",,Ci9DQUlRQUNvZENodHljRjlvT2kxUFRqSlhPRU55UW5SdlpGRnpOV2RQVURCMk9YYxAB
Si,5.0,"We had an amazing experience at Titanic Deluxe Belek. Our 5 year old daughter had an amazing experience at the Kids club everyday and a special mention has to go to Zilan and Evin who were so fun and caring for her daughter, ensuring she was safe and included in activities. The pool is massive with a fun water park onsite and the option of a short train ride or boat to the beach. Foodwise the hotel caters for a variety of tastes and a particular highlight was the a la carte Greek restaurant, a smashing experience. Great entertainment at night and the Irish Pub was a welcome find for thirsty Dad. The room had everything a small family could want for and all staff were very professional and attentive. Thank you Titanic.",a month ago,2026-07-05,,"Dear Guest Si,

Thank you very much for taking the time to share such a wonderful review of your stay at Titanic Deluxe Golf Belek.

We are truly delighted to hear that you and your family had an amazing holiday with us. It is especially rewarding to know that your daughter enjoyed spending time at our Kikoa Kids Club and created such happy memories. We will be delighted to share your kind words with our collegues, as they will be encouraged to know that their care, enthusiasm, and dedication made such a positive impact on your family's experience.

We are also pleased that you enjoyed our extensive pool area, water park, convenient transportation to the beach, and the variety of culinary experiences available throughout the resort. It is wonderful to know that our Yamas À La Carte Restaurant, evening entertainment, and the Irish Pub all contributed to making your stay even more enjoyable.

Your compliments regarding the comfort of your room and the professionalism and attentiveness of our team mean a great deal to us. Providing exceptional hospitality and memorable experiences for our guests is always our greatest priority.

Thank you once again for your thoughtful feedback and for choosing Titanic Deluxe Golf Belek. We look forward to welcoming you and your family back for another unforgettable holiday in the near future.

Best regards,
CRM Management",2 reviews,Ci9DQUlRQUNvZENodHljRjlvT2xVeVQxTTJVMmQ0YURGeVpIRjBjekJRYVRKUVIxRRAB
Shamil Shirinov,5.0,"Hotel was very good, very good entertainment team, playing volleyball all day long",a month ago,2026-07-05,,"Dear Guest Shamil Shirinov,

Thank you for taking the time to share your kind review.

We are delighted to hear that you had a very enjoyable stay and that you particularly appreciated our entertainment team. It is wonderful to know that the volleyball activities added to your holiday experience and provided you with fun and memorable moments throughout the day.

Your positive feedback is greatly appreciated and will be shared with our entertainment team, who work hard to create an engaging and enjoyable atmosphere for all our guests.

Thank you once again for your recommendation. We look forward to welcoming you back for another fantastic holiday in the near future.

Best regards,
CRM Management",1 review,Ci9DQUlRQUNvZENodHljRjlvT25WbFVXczRaV0o1WjBSelFWOXZiSEpwZEc0MlEyYxAB
Marcus Strunge,5.0,This is a very good hotel. Great employees and the rooms are amazing. Every employee here is very sweet. There is so many activities to do here and it’s just amazing. If you want to go to a hotel with you’re family then this is you’re place.,a month ago,2026-07-05,,"Dear Guest Marcus Strunge,

Thank you very much for taking the time to share your wonderful feedback following your stay with us.

We are delighted to learn that you had such an enjoyable experience and that you appreciated our comfortable rooms, the wide range of activities, and, most importantly, the warm hospitality of our team. Your kind words about our employees are truly rewarding, and we will be pleased to share your compliments with all of them, as they are dedicated to creating memorable experiences for every guest.

It is especially gratifying to know that you consider our hotel an excellent choice for families. Providing a welcoming atmosphere where guests of all ages can relax, have fun, and create lasting memories is one of our greatest priorities.

Thank you once again for your valuable recommendation. We look forward to welcoming you and your family back for another memorable stay in the near future.

Best regards,
CRM Management",3 reviews,Ci9DQUlRQUNvZENodHljRjlvT2xjek5EazBNVVJZVlhNMmFsVkdiREoxVEhWVVQzYxAB
Ali Saberi,5.0,"Animation team , entertainment and music are great , fun programs",a month ago,2026-07-05,,"Dear Guest Ali Saberi,

Thank you for sharing your kind feedback with us.

We are delighted to hear that you enjoyed our animation team, entertainment, and music. It is wonderful to know that our fun-filled programs contributed to making your holiday enjoyable and memorable. Your appreciation is a great source of motivation for our entire team, who work hard to create a lively and entertaining atmosphere for all our guests.

We sincerely thank you for your support and look forward to welcoming you back to Titanic Deluxe Golf Belek for another unforgettable stay.

Best regards,
CRM MANAGEMENT",Local Guide · 76 reviews · 167 photos,Ci9DQUlRQUNvZENodHljRjlvT2w4MVJHRkZkMVZ6T0ZBdFZYbFZhbWRNYVhKRFUyYxAB
Ben Tang-Skinner,5.0,It’s our first visit in Titanic Otto and we are very happy firstly thank you for animation team for the energy and also program and I wanna say about night program this is wonderful because of night show,a month ago,2026-07-05,,"Dear Guest Ben Tang-Skinner,

Thank you very much for choosing Titanic Deluxe Golf Belek for your first visit and for taking the time to share your wonderful feedback.

We are delighted to know that you had such an enjoyable stay and that our animation team made a positive impression with their energy and engaging activities. Your kind words will be shared with the entire team, who will be thrilled to know their efforts contributed to your memorable holiday.

We are especially pleased that you enjoyed our evening entertainment and night shows. Creating unforgettable experiences for our guests is one of our greatest priorities, and it is rewarding to hear that our performances exceeded your expectations.

We truly appreciate your recommendation and look forward to welcoming you back to Titanic Deluxe Golf Belek for another exceptional holiday.

Best regards,
CRM MANAGEMENT",1 review,Ci9DQUlRQUNvZENodHljRjlvT25aa1dHRjRkVlIzY201M2IwZ3RUbk00ZWtkR2VWRRAB
Lorenzo Pelswijk,5.0,Animation team very nice,a month ago,2026-07-05,,"Dear Guest Lorenzo Pelswijk,

Thank you for choosing Titanic Deluxe Golf Belek and for sharing your highest score hereby!
We are happy that you remained satisfied with our hotel and we will happily share your kind words with our staff.
We would be happy to welcome you here again in the near future!

Best regards,
CRM Management",5 reviews,Ci9DQUlRQUNvZENodHljRjlvT2sxaWNWcG5PRWRuTlVac2VUbERZbkJPU1hObFprRRAB
Max Newman,5.0,The entertainment team were absolutely great. Wouldn’t go anywhere else,a month ago,2026-07-05,,"Dear Guest Max Newman,

Thank you very much for taking the time to share your positive holiday review about your recent vacation in Titanic Deluxe Golf Belek. We are very happy that all you expectations were fully met and that you enjoyed your time here to the fullest!

It would be our pleasure to welcome you back here for many more comfortable holiday experiences!

With kind regards,
CRM Management",2 reviews,Ci9DQUlRQUNvZENodHljRjlvT25ReFJuVllPWEo0U0hSRU5YcFdVblJrYlcxdVQxRRAB
Zelal Paksoy,5.0,"Our holiday at this hotel far exceeded our expectations. Everyone, from the restaurant staff to the cleaning team, was very attentive. The mini-club team did a truly wonderful job. They constantly prepared different activities for the children, entertaining them while making them feel valued. Even after our holiday, our daughter kept talking about her friends and older siblings in the mini-club. Thank you for providing such a wonderful experience.",a month ago,2026-07-05,,"Dear Guest Zelal Paksoy,

First of all, thank you for choosing Titanic Deluxe Golf for your stay.
We are very pleased that we were able to satisfy you during your stay, and your satisfaction will be shared with our relevant colleagues.
We would always be delighted to welcome you back to our facility as a valued member of the Titanic Deluxe Golf Family.

Sincerely,
CRM MANAGEMENT",1 review,Ci9DQUlRQUNvZENodHljRjlvT25kaVNtVjRSMHRUVlcxVmQzQnFWa2hJTFVaaloxRRAB
Mehtap Pak,5.0,"Personally, I am very pleased with everything. Thank you very much, Ms. Elif, for your help in every matter. I hope to see you again.",a month ago,2026-07-05,,"Dear Guest Mehtap Pak,

First of all, thank you for taking the time to share your experiences with us and Google readers. We are very happy that you were satisfied with the facilities and service quality offered by our hotel.
On behalf of the Titanic Deluxe Golf Belek family, we wish you happy and healthy days and would like you to know that we would be delighted to welcome you again.

Sincerely,
CRM MANAGEMENT",2 reviews,Ci9DQUlRQUNvZENodHljRjlvT2pJM2IyaFJPR0pYZVdaalZHOVJhek5pYmpGbmVVRRAB
Umut Pak,5.0,"An experience worth every second of. The sea, the pools, the rooms, the activities, and so much more. Truly amazing.",a month ago,2026-07-05,,"Dear Guest Umut Pak,

First of all, thank you very much for choosing our hotel and sharing your feedback with us. Reading that you were satisfied with every moment of your holiday made our entire team very happy.

As the Titanic Deluxe Golf Belek Family, we would like to see you again soon and wish you pleasant days.

Sincerely,
CRM MANAGEMENT",4 reviews,Ci9DQUlRQUNvZENodHljRjlvT2s5eU9UZEhhbVpPTjJGV05tSnpjRWwyWVY5Qk9XYxAB
arda pak,5.0,,a month ago,2026-07-05,,"Dear Guest Arda Pak,

Thank you for sharing your valuable feedback with us.
We are pleased that you were satisfied with our service quality.
It would be a pleasure for us to see you again and serve you.
Please do not hesitate to contact us before your stay.

Sincerely,
CRM Management",3 reviews,Ci9DQUlRQUNvZENodHljRjlvT2pScVVFUndhRmRzYWpRd2QzUmtOWG90WTBveWQxRRAB
Emre Gündüz,5.0,"We enjoyed the fun and exciting games, especially the darts. The activities were very enjoyable and well-organized. Thank you!",Edited a month ago,2026-07-05,,"Dear Valued Guest Emre Gündüz,

Thank you for your efforts in ensuring your customer satisfaction. We are pleased with your positive feedback regarding service and quality.

We will continue to do our best to provide you with an excellent experience. Please let us know if you have any special requests or inquiries.

We would be happy to welcome you again. We wish you healthy and happy days!

Sincerely,
CRM MANAGEMENT",4 reviews,ChZDSUhNMG9nS0VJQ0FnSUMxMmEtb0RnEAE
Ayberk Özden,5.0,"From our arrival at the hotel until our departure, everyone was incredibly attentive. We felt right at home, not like guests. The best surprise for our children was the mini-club. The staff were incredibly energetic, patient, and friendly. We really appreciated that they prepared age-appropriate activities for the children. Knowing that they were having a safe and fun time while we relaxed was a great relief.",Edited a month ago,2026-07-05,,"Dear Guest Ayberk Özden,

First of all, thank you for taking the time to rate us with a high score.
We are very pleased that you were satisfied with the services provided at our facility during your stay.
We will be happy to see you again soon.

With the hope of seeing you again in the near future,

Sincerely,
CRM MANAGEMENT",2 reviews,Ci9DQUlRQUNvZENodHljRjlvT2sxT2JYaEhYM0puUjA5UlZIRm5lakZDV21wMmFsRRAB
Исмаил Абубакаров,5.0,I've been here 3 times already and I really like it here due to the changes within the territory. 😍😍😍😍😍😍😍,a month ago,2026-07-05,,"Dear Guest Ismail Abubakarov,

First of all, thank you for choosing the Titanic Deluxe Golf Belek Hotel for your vacation and for sharing your high rating.
We look forward to welcoming you back.

Best wishes and see you again,
CRM MANAGEMENT",2 reviews,Ci9DQUlRQUNvZENodHljRjlvT21Fd1FtOTFXRE5oVEVkSGNFSjNkM3B6ZVZkZlpYYxAB
Yağmur Sarıoğlu,5.0,"The lake that runs through the hotel captivated us, and the cleanliness was excellent. We loved the food; we're usually very picky, but it was truly amazing. It's ideal for families, and the mini-club is so comprehensive it even has its own restaurant. We left our daughter there with complete peace of mind. You can choose this hotel with confidence.",a month ago,2026-07-05,,"Dear Guest Yağmur Sarıoğlu,

First of all, on behalf of the Titanic Deluxe Golf Belek family, we would like to thank you for rating our resort highly on Google.

We are very happy to have earned your satisfaction.

We look forward to welcoming you again soon.

Sincerely,
CRM MANAGEMENT",1 review,Ci9DQUlRQUNvZENodHljRjlvT25KcVlsOTVkM0YxT1RGd1dWOHpVakkzWnpjdGVYYxAB
Christian Leroyer,5.0,,a month ago,2026-07-05,,"Dear Guest Christian Leroyer,

Thank you for choosing Titanic Deluxe Golf and for sharing your highest score rating.

We would be happy to welcome you here again in the near future!

Best regards,
CRM MANAGEMENT",3 reviews,Ci9DQUlRQUNvZENodHljRjlvT21OU2FVcElZbEpqT1VwQ1MzbHFabU5SZHpWelNrRRAB
Nick Dennis,5.0,Animation team great❤️🔥,a month ago,2026-07-05,,"Dear Guest Nick Dennis,

Thank you for choosing Titanic Deluxe Golf and for taking the time to share your feedback.

We are thrilled to hear that you enjoyed our animation team. Your lovely words will be shared with the entire team, who will be delighted to know they helped make your stay even more enjoyable.

We look forward to welcoming you back to Titanic Deluxe Golf for another memorable holiday.

Best regards,
CRM MANAGEMENT",3 reviews,Ci9DQUlRQUNvZENodHljRjlvT25GSVNqUkdabTEwY1RJd2JVbGZSMlE0WW5SSWNYYxAB
Rani Abdallah,5.0,"Great hotel with excellent service and fun entertainment. The staff were friendly and attentive throughout our stay, making everything smooth and comfortable. The live shows and activities created a lively atmosphere and made the experience even more enjoyable. Highly recommended!",a month ago,2026-07-05,,"Dear Guest Rani Abdallah,

Thank you for choosing Titanic Deluxe Golf Belek and for sharing your highest score hereby!
We are happy that you remained satisfied with our hotel and we will happily share your kind words with our staff.
We would be happy to welcome you here again in the near future!

Best regards,
CRM Management",4 reviews,Ci9DQUlRQUNvZENodHljRjlvT2twUWNHOUNabU5UV0VaMVJIWlRWa0oyZDE5aGNHYxAB
Варя,5.0,very good hotel,a month ago,2026-07-05,,"Dear Guest Varya,

First of all, thank you for choosing the Titanic Deluxe Golf Belek Hotel for your vacation and for sharing your high rating.
We look forward to welcoming you back.

Best wishes and see you again,
CRM MANAGEMENT",1 review,Ci9DQUlRQUNvZENodHljRjlvT2tOaVFsOTVWSEJaVkdsbVNrSlRNRVZVTWpoYWNtYxAB
Brian Couckuyt,5.0,Arrived yesterday. Very good animation team with a lot of friendly people.,a month ago,2026-07-05,,"Dear Guest Brian Couckuyt,

On behalf of the hotel management & staff we would like to thank you for high rating of the Titanic Deluxe Golf Belek Hotel.

We hope that very soon we will welcome you at our hotel again.

With kind regards,
CRM MANAGEMENT",1 review,Ci9DQUlRQUNvZENodHljRjlvT2s1blRIVjBWSFkyTVdoelJYbFpkRVZhY0V4aE1VRRAB
Caz,5.0,"The hotel is great. Loads to do and keep my daughter entertained. Gym and Spa are excellent. Staff are friendly, attentive and helpful. Would recommend this hotel. The kids club is amazing. Special mention to Zilan and Evin who gave my daughter extra attention and really made her feel happy. They went above and beyond in their care.  My daughter doesn’t want to leave! Thanks again 🫶🏼",Edited a month ago,2026-07-05,,"Dear Guest Carolyn Alexander,

Thank you for choosing Titanic Deluxe Golf Belek and for sharing your highest score hereby!
We are happy that you remained satisfied with our hotel and we will happily share your kind words with our staff.
We would be happy to welcome you here again in the near future!

Best regards,
CRM Management",3 reviews,Ci9DQUlRQUNvZENodHljRjlvT2trNVYyeDZORGhHVFROcVJuTlJlRkZwUmtGRldWRRAB
İsmail İlaslan,2.0,"We stayed at the hotel for 4 nights as a family. The room cleaning and maintenance were very good. However, the staff were generally very unhappy. It was very difficult to find a smiling staff member. Only the staff serving the sunbeds on roller skates were friendly. As someone who goes to hotels every summer, this really caught my attention. The number of lifeguards is insufficient. A very bad incident occurred, and thankfully it didn't end badly, but people rescued themselves using their own means. The food was adequate and delicious. The most important feature for me was being able to order from the sunbeds.",a month ago,2026-07-05,,"Dear Guest Mr. İsmail İlaslan,

Thank you for taking the time to review your stay at Titanic Deluxe Golf Belek.
We would like to express our regret if, in some respects, we were unable to meet your expectations in certain areas.
We are pleased that you were satisfied with the room cleaning and maintenance, the deliciousness of our meals, and the service of ordering sun loungers during your stay.
However, your observations regarding the general attitude and friendly service of our staff, and the incident you mentioned concerning the lifeguard service, have been taken seriously by us. All relevant issues have been shared with the senior management of our facility for detailed investigation, and the necessary evaluation and action processes will be initiated.
Thank you again for taking the time to share your feedback.

Sincerely,
CRM MANAGEMENT",8 reviews,Ci9DQUlRQUNvZENodHljRjlvT21GM2RrcDBkM0YyYXpGeWNFRkNZbnBJUlVzMk1XYxAB
Ольга Королева,5.0,,a month ago,2026-07-05,,"Dear Guest Olga Koroleva,

First of all, thank you for choosing the Titanic Deluxe Golf Belek Hotel for your vacation and for sharing your high rating.

We look forward to welcoming you back.

Best wishes and see you again,
CRM MANAGEMENT",,Ci9DQUlRQUNvZENodHljRjlvT2twSGRUVmFjbWg2VFdnMWMwbFdURlJZYTFwbFRGRRAB
Mukarramxon Ganixonova,5.0,,a month ago,2026-07-05,,"Dear Guest Mukarramxon Ganixonov,

Thank you for choosing Titanic Deluxe Golf and for sharing your highest score rating.

We would be happy to welcome you here again in the near future!

Best regards,
CRM MANAGEMENT",,Ci9DQUlRQUNvZENodHljRjlvT25KTlkxWlpMVmRvVXpKM05tMVNRV2M0YzNRelRYYxAB
Muhammad Gh,5.0,,a month ago,2026-07-05,,"Dear Guest Muhammad Gh,

Thank you for choosing Titanic Deluxe Golf and for sharing your highest score rating.

We would be happy to welcome you here again in the near future!

Best regards,
CRM MANAGEMENT",,Ci9DQUlRQUNvZENodHljRjlvT2xCdVQxQjZORGhJT1dsVVFreFpMVzUyVFVkblVtYxAB
Başar Dovan,5.0,"We were extremely pleased with our family vacation. From the very beginning, we were greeted by a friendly and attentive staff. The cleanliness, comfort, and overall atmosphere of the hotel were truly excellent.

The variety and taste of the food exceeded our expectations. The amenities offered, especially for families with children, were very thoughtful. The Kids Club team ensured our children had a fulfilling and enjoyable vacation. This allowed us to relax with peace of mind.

We thank all the staff for their hospitality and hard work. It was a vacation we enjoyed immensely and would be happy to choose again. We look forward to seeing you again soon.",a month ago,2026-07-05,,"Dear Guest Başar Dovan,

First of all, on behalf of the Titanic Deluxe Golf Belek family, we would like to thank you for rating our resort highly on Google.

We are very happy to have earned your satisfaction.

We look forward to welcoming you again soon.

Sincerely,
CRM MANAGEMENT",8 reviews,Ci9DQUlRQUNvZENodHljRjlvT2s4NVNVaEljbXRhYW1kd2JreG1SRFprUzFCRWVrRRAB
Devrim Seferoğlu,5.0,The animation team is very talented and does their job professionally.,a month ago,2026-07-05,,"Dear Guest Devrim Seferoğlu,

First of all, on behalf of the Titanic Deluxe Golf Belek family, we would like to thank you for rating our resort on Google.

We are very happy to have earned your satisfaction.
We look forward to welcoming you again soon...

Sincerely,
CRM MANAGEMENT",1 review,Ci9DQUlRQUNvZENodHljRjlvT2t0UVZYaDNSMGRqY0hwWlRTMWFVRzluTmpCU0xWRRAB
Toprak Seferoğlu,5.0,"The animation team was excellent, it was fantastic.",a month ago,2026-07-05,,"Dear Guest Toprak Seferoğlu,

First of all, on behalf of the Titanic Deluxe Golf Belek family, we would like to thank you for rating our resort highly on Google.

Your valuable comments and suggestions are very important to us.

We are very happy to have earned your satisfaction.

We look forward to welcoming you again soon.

Sincerely,
CRM MANAGEMENT",1 review,Ci9DQUlRQUNvZENodHljRjlvT205Rk5uVmlVa3RGWkhCWlUwTjJMV0pDUjJocWJGRRAB
Айгерим Байкуатова,5.0,"Super hotel. We'll be back again. Thank you for a wonderful vacation. The staff were all very friendly, and I'd especially like to thank the entertainment team.",a month ago,2026-07-05,,"Dear Guest Aigerim Baikuatova,

Thank you for choosing our hotel for your vacation and taking the time to leave a review. We are truly delighted that your vacation was excellent and left you with a positive impression. We are especially pleased that you praised the friendliness of the staff and the work of the entertainment team – your kind words will be shared with our colleagues.

We look forward to welcoming you back to our hotel!

Best regards,
CRM MANAGEMENT",4 reviews,Ci9DQUlRQUNvZENodHljRjlvT25oZmVGb3pXRUZKVFdsTU5rbHdhVFl4YTNGVGIyYxAB
Serkan Hüner,5.0,We come every year and have the opportunity to compare the changes. This year they've raised the bar very high. All the shows have been revamped and there are some great evening parties. Sea Shell is simply fantastic. I can say there are many innovations that we haven't seen in other hotels before.,Edited a month ago,2026-07-05,,"Dear Guest Serkan Hüner,

First of all, on behalf of the Titanic Deluxe Golf Belek family, we would like to thank you for rating our resort highly on Google.
We look forward to welcoming you again soon.

Sincerely,
CRM MANAGEMENT",Local Guide · 2 reviews · 3 photos,Ci9DQUlRQUNvZENodHljRjlvT2xKVFltMUlhMGR0T0hGVlVqRnVPRFpUZWpoNFRtYxAB
Hanzade Hüner,5.0,We come to the Titanic Hotel every year and we are both satisfied and happy. The hotel is very large and very comfortable. We especially thank our animation staff for the wonderful time we had.,a month ago,2026-07-05,,"Dear Valued Guest Hanzade Hüner,

Thank you for your kind review of our facility.

Every comment you make is very important to us.

We are very happy to have earned your satisfaction. Your satisfaction motivates our entire team and encourages us to provide even better service.

It would be a pleasure to see you again and serve you.

Sincerely,
CRM Management",1 review,Ci9DQUlRQUNvZENodHljRjlvT2trNWNXZFFWbGg1U0ZjNFZrVjJaR1Y2WmpsYWJGRRAB
Mahmut Cem Ortaboy,3.0,"Having had the opportunity to stay at all Titanic hotels, I was disappointed in some aspects during this visit. In particular, the restaurant staff's attention to guests was quite inadequate. Even a simple order of water took about 15 minutes to arrive, negatively impacting the quality of service. In the lobby, our request for a bag was met with a ""no"" response from Ms. Esra. However, we were surprised to see bags being given to other guests at the same time. Nevertheless, we were extremely pleased with the Kikoa Club team and its activities. The staff were friendly, attentive, and professional. We entrusted our child to them with peace of mind, and they had a very enjoyable time. We would like to thank the Kikoa Club team for this wonderful experience. Overall, I believe some areas of service need improvement.",a month ago,2026-07-05,,"Dear Guest Mehmet Cem Ortaboy,
Thank you for taking the time to review your stay at Titanic Deluxe Golf Belek Hotel. In line with our service philosophy, which always prioritizes guest satisfaction, we are saddened by the experience you shared. It is particularly regrettable that the issues you mentioned were not communicated to us during your stay. Had these issues been shared with us during your stay, we would have immediately conducted the necessary checks, thoroughly investigated the matter, and taken swift action with all our resources to ensure your satisfaction. Being able to immediately address any experience our guests have during their stay is of great importance to our continuous improvement of service quality.
All feedback you have provided will be shared in detail with our relevant departments and carefully evaluated to improve our service quality.
We would be delighted to welcome you back to our hotel in the future and wish you healthy and pleasant days.
Sincerely,
CRM MANAGEMENT",5 reviews · 6 photos,Ci9DQUlRQUNvZENodHljRjlvT25CNldrZG5PVVp5UmtzdFFsWlZPVzFqZFdWRlEwRRAB
Kürsat Bakkal,5.0,Super Service !!!,a month ago,2026-07-05,,"Dear Guest Kürsat Bakkal,

Thank you very much for your excellent rating of Titanic Deluxe Golf Belek Hotel.

On behalf of our hotel management and staff, we truly appreciate your support and look forward to welcoming you again soon.

With kind regards,
CRM MANAGEMENT",1 review,Ci9DQUlRQUNvZENodHljRjlvT2xkVFJFMTFlVGRSWTNwd1pEaHdRWFJ1V0RaWE5rRRAB
Aytekin Bozkurt,5.0,"We had the opportunity to return to this hotel for a second time with our two children after our honeymoon in 2019. We had an incredibly enjoyable, happy, and peaceful holiday. The staff were friendly, and the service was beyond 5 stars in my opinion. This hotel deserves more than 5 stars in every aspect. In my opinion, the Titanic didn't sink, the Titanic is on the rise! We highly recommend it to everyone ❤️",a month ago,2026-07-05,,"Dear Valued Guest Aytekin Bozkurt,

Thank you for your kind review of our facility.

Every opinion you provide is very important to us.
We are very happy to have earned your satisfaction. Your satisfaction motivates our entire team and encourages us to provide even better service.

It would be a pleasure to see you again and serve you.

Sincerely,
CRM Management",6 reviews · 4 photos,Ci9DQUlRQUNvZENodHljRjlvT21kVWNrZzVSbEEyV2pSM2JrSXhOa3ByVTFkM01YYxAB
Gökçe,5.0,"Our holiday was wonderful; the staff were very attentive and friendly. The landscaping, decor, and cleanliness were all excellent. The mini-club had activities, evening shows, and many different areas for children to play. The food was delicious. There was a wide variety of pools and poolside areas to enjoy. The restaurants by the sea were also very pleasant. It was a wonderful holiday in every way.",a month ago,2026-07-05,,"Dear Guest Gökçe,

First of all, on behalf of the Titanic Deluxe Golf Belek family, we would like to thank you for rating our resort highly on Google.

Your valuable comments and suggestions are very important to us.

We are very happy to have earned your satisfaction.

We look forward to welcoming you again soon.

Sincerely,
CRM MANAGEMENT",4 reviews,Ci9DQUlRQUNvZENodHljRjlvT20xRU1YbHZhVWhxZHpSUVYwWTBZVXB6VEZobVMzYxAB
Tolga Gul,5.0,"We just returned from an amazing 8-night stay at the Titanic Deluxe Golf Belek, and it honestly exceeded all expectations. From start to finish, the entire experience was flawless.
The Highlights:
Service & Food: The service here is unmatched. The staff goes above and beyond to make you feel welcome, and the food was hands-down the best I have ever seen at any resort. Every meal had incredible variety and top-tier quality.
Yamas À La Carte: If you stay here, you must book the Yamas à la carte restaurant. It was an amazing, standout dining experience and an absolute must-go!
The Spa & Massages: We spent some time at the spa, and the treatments were fantastic. The massages were exceptionally professional and really added a whole new level of relaxation to the holiday.
A Quick Heads-Up:
The only slight negative would be the pricing for the on-site extra services. The aqua sports and the professional photography services are very expensive for what they are. If you plan on doing these, just be prepared for premium pricing.
Overall, it’s a stunning hotel with world-class hospitality. We had a wonderful 8 nights and would highly recommend it to anyone looking for a luxury getaway in Belek!",a month ago,2026-07-05,,"Dear Guest Tolga Gul,

Thank you very much for taking the time to share such a detailed review following your  stay at Titanic Deluxe Golf Belek.

We are truly delighted to hear that your holiday exceeded expectations and that you especially appreciated our service, culinary offerings, and overall hospitality. Your kind words about our team’s efforts to make guests feel welcome mean a great deal to us, and we are also pleased that you enjoyed the experience at our Yamas à la carte restaurant and the relaxing treatments at our spa.

At the same time, we sincerely appreciate your constructive feedback regarding the pricing. Guest comments like yours are very valuable and will be shared with the relevant departments for review.

It is wonderful to know that you had such a memorable stay and would recommend us as a luxury destination in Belek. We very much look forward to welcoming you back again for another exceptional holiday experience.

Best regards,
CRM MANAGEMENT",Local Guide · 15 reviews · 10 photos,Ci9DQUlRQUNvZENodHljRjlvT2kwM1JsVnNabVZtYVdaV2RsQnFNVlE1TUZGSlRIYxAB
gülşah yılmaz,5.0,"The hotel is wonderful for families with children. The mini club is so beautiful that it's one of the reasons we choose it every year. Especially the music teacher, Ms. Songül, is very professional. What started as a simple music workshop turned out to be a huge success for my daughter, and we discovered her areas of talent thanks to her 🤍",a month ago,2026-07-05,,"Dear Guest Gülşah Yılmaz,

First of all, on behalf of the Titanic Deluxe Golf Belek family, we would like to thank you for rating our resort highly on Google.

We are very happy to have earned your satisfaction.

We look forward to welcoming you again soon.

Sincerely,
CRM MANAGEMENT",1 review,Ci9DQUlRQUNvZENodHljRjlvT21GeWVYSm1UVkJqVFRKWGJtOVViMGN6YjJ0cE5GRRAB
Fidan Sultanova,5.0,Great hotel! The kids' room is absolutely amazing! And the girls are fantastic! Especially Zehra❤️kids club,a month ago,2026-07-05,,"Dear Guest Fidan Sultanova,

Thank you for choosing the Titanic Deluxe Golf Belek for your vacation and for sharing your review! We value your feedback and are delighted that your stay with us was excellent.

We look forward to seeing you again!

Best wishes and see you again,
CRM MANAGEMENT",1 review,Ci9DQUlRQUNvZENodHljRjlvT25relRXUTFVakpmVTJOallWazFXVkJJU1RkUFRVRRAB
Gokdeniz Tursak,5.0,,a month ago,2026-07-05,,"Dear Guest Gokdeniz Tursak,

First of all, on behalf of the Titanic Deluxe Golf Belek family, we would like to thank you for reviewing our hotel on Google.

We are very happy that you were generally satisfied with your stay.
We hope to welcome you again soon.

Sincerely,
CRM MANAGEMENT",2 reviews · 1 photo,Ci9DQUlRQUNvZENodHljRjlvT25jdFVYSTFhM1JTUWtac1ZXUmtVUzF6YjA1a1pXYxAB
samet narin,5.0,,a month ago,2026-07-05,,"Dear Guest Samet Narin,

First of all, on behalf of the Titanic Deluxe Golf Belek family, we would like to thank you for rating our resort on Google.

We are very happy to have earned your satisfaction.
We hope to welcome you again soon...

Sincerely,
CRM MANAGEMENT",3 reviews · 1 photo,Ci9DQUlRQUNvZENodHljRjlvT2t3emVFbEZRbmREZUVKQlVGZHlWRTVaT1VOTWFsRRAB
Жазира Айтжанова,5.0,"We had a wonderful stay at the Titanic Deluxe Golf Belek! Excellent service, clean and comfortable rooms, a wide selection of dishes to suit every taste, and the menu is so varied that you won't get bored during your stay.

I'd especially like to highlight the extensive entertainment program for guests of all ages—every day was engaging for both children and adults. And, of course, the friendly and helpful staff created a special atmosphere.

Special thanks to Haktan Aydınalp, Reception Manager, for her professionalism, attentive service, and genuine desire to make our stay truly comfortable. We will definitely be back!",a month ago,2026-07-05,,"Dear Guest Zhazira Aitzhanova,

Thank you for choosing the Titanic Deluxe Golf Belek and for taking the time to share your experience. We are delighted to hear that your stay at our hotel was a positive one.

We sincerely hope to welcome you back as our valued guest.

Sincerely, and best wishes,
CRM Management",2 reviews,Ci9DQUlRQUNvZENodHljRjlvT20xYVVXZDZiekZyTlhScExUSnNTMWhOTmxwWE9GRRAB
Cemile,5.0,"We were very pleased with Kikoa's kids' club and all the staff; they were all friendly and got along really well with the children. There was a wide variety of activities, and the à la carte restaurant within the kids' club was my favorite thing.",a month ago,2026-07-05,,"Dear Guest Cemile,

First of all, on behalf of the Titanic Deluxe Golf Belek family, we would like to thank you for rating our resort on Google.

We are very happy to have earned your satisfaction.
We hope to welcome you again soon...

Sincerely,
CRM MANAGEMENT",1 review,Ci9DQUlRQUNvZENodHljRjlvT2xSWVVVZzRMVkJTV1ZGSGFXRkNSR1pUVEV0RFZFRRAB
hakan pekel,5.0,"The hotel is generally nice. The area is very large, and the aquapark, entertainment, and concert areas are quite adequate. The pool is very large, but it's a bit far from the sea; transfers to the sea are available every 10 minutes via a buggy-style train, and also by small catamaran from the river. The sea is pebbly, deepening after about 3 meters. There is a pier and a pier bar. There is an entertainment hall on the lower floor of the main building. You can use bowling, billiards, foosball, table tennis, game consoles, bumper cars, etc., for free. Regarding the staff, the only issue was that the lifeguard sitting at the end of the pavilion pier was constantly blowing his whistle to stop people from jumping into the sea near the pier bar, which was very annoying. A staff member could be stationed there as well.",a month ago,2026-07-05,,"Dear Guest Hakan Pekel,

First of all, thank you for choosing Titanic Deluxe Gold Belek Hotel.
Thank you very much for taking the time to share your experience and positive feedback about our hotel after your vacation. Your complimentary words, indicating that you were generally satisfied with our facilities and services, have made us very happy and have been a great source of motivation for our team. We would like you to know that your suggestions and feedback have been shared with the relevant department heads and will be taken into consideration.

We hope to see you again soon.

Sincerely,
CRM Management",Local Guide · 19 reviews · 27 photos,Ci9DQUlRQUNvZENodHljRjlvT25WUGFuaGxWMHRzYWpRdFZXSndlbkpOY1RrNWVXYxAB
Özgür Bakır,5.0,"We chose Titanic Golf Belek for the third time between June 16th and June 21st, and it didn't disappoint us again. We had a wonderful holiday, and we especially thank them for updating our rooms. We're still under the influence of the holiday... everything was perfect. We would like to thank Mr. Yamas Özenç, Ms. Zülal and Ms. Hacer from the lobby bar for their friendliness, and Captains Ms. Seher and Mr. Durmuş for their attention and care. We also thank Ms. Ceren from the WhatsApp information line. See you next year, Titanic!",Edited a month ago,2026-07-05,,"Dear Guest Özgür Bakır,
First of all, on behalf of the Titanic Deluxe Golf Belek family, we would like to thank you for rating our facility highly on Google.
We are very happy to have earned your satisfaction. We would be grateful if you would take the time to rate us on the ""Tripadvisor"" review site as well.
We hope to welcome you again soon.
Sincerely,
CRM MANAGEMENT",2 reviews · 5 photos,ChZDSUhNMG9nS0VJQ0FnSURFbUpfeGVnEAE
Emine Özkaynak,5.0,"I would definitely recommend it for families with children.
The Mini Club was very clean, safe and tidy.
The staff are genuinely caring towards the children.
They approach each child with love. There were fun activities throughout the day and the mini disco in the evening was very enjoyable. We would like to come again next year.",a month ago,2026-07-05,,"Dear Guest Emine Özkaynak,

First of all, on behalf of the Titanic Deluxe Golf Belek family, we would like to thank you for reviewing our hotel on Google.

We are very happy that you were generally satisfied with your stay.
We hope to welcome you again soon.

Sincerely,
CRM MANAGEMENT",1 review,Ci9DQUlRQUNvZENodHljRjlvT25NMVNYRnljWFp6Um1GU2VrOVZOVkJQWDJFMFJHYxAB
Adam Harvey,5.0,,a month ago,2026-07-05,,"Dear Guest Adam Harvey,

On behalf of the hotel management & staff we would like to thank you for high rating of the Titanic Deluxe Golf Belek Hotel.

We hope that very soon we will welcome you at our hotel again.

With kind regards,
CRM MANAGEMENT",1 review,Ci9DQUlRQUNvZENodHljRjlvT20xMGNUTTVlRkZoWlRFMVpFaE9RVkJqYzFWc1RsRRAB
kris lazovik,5.0,"We had a wonderful holiday at Titanic Golf Belek. The kids' club, in particular, far exceeded our expectations. The animators were very friendly, attentive, and energetic. The children participated in different activities every day, drew pictures, played games, and had a great time at the mini disco. Our child was eager to go to the club every morning, which allowed us to relax. Thank you for everything.",a month ago,2026-07-05,,"Dear Guest Kris Lazovik,

Thank you for your kind review of our facility.

Every comment you make is very important to us.

We are very happy to have earned your satisfaction. Your satisfaction motivates our entire team and encourages us to provide even better service.

It would be a pleasure to see you again and serve you.

Sincerely,
CRM Management",2 reviews · 1 photo,Ci9DQUlRQUNvZENodHljRjlvT2pOR1V6Tk5aa3QxZERsYWJGTmlRek52TjFKUVZHYxAB
Tim Boorer,5.0,It has been amazing so far! Playing Bocchia at the beach with Kudash was brilliant! The lunch at sapore and Riva with the lovely view of the beach is amazing! The food in the hotel is equally great and plenty of sunbeds every day so all fantastic and five stars for us!,a month ago,2026-07-05,,"Dear Guest Tim Boorer,

Thank you very much for taking the time to share your positive holiday review about your recent vacation in Titanic Deluxe Golf Belek. We are very happy that all you expectations were fully met and that you enjoyed your time here to the fullest!

It would be our pleasure to welcome you back here for many more comfortable holiday experiences!

With kind regards,
CRM Management",2 reviews,Ci9DQUlRQUNvZENodHljRjlvT21sb1lWaHZha2xpTURSQ2FESnliMkpWZEVZM1VFRRAB
Armaan Akhtar,5.0,,a month ago,2026-07-05,,"Dear Guest Armaan Akhtar,

We would like to sincerely thank you for choosing Titanic Deluxe Golf Belek Hotel and for your 5-star rating.

It will be our pleasure to welcome you back again in the near future.

With kind regards,
CRM MANAGEMENT",1 review,Ci9DQUlRQUNvZENodHljRjlvT2taVmNqQlNURFZXYkZOVU5VVmtVbVpUY0RKYVpXYxAB
Berk Ergon,5.0,"As a family with children, the hotel was comfortable in every way. Although it was a bit far from the sea, they had found a solution for transportation with both boat trips and frequent train services. It's a reason why I would choose it again.",a month ago,2026-07-05,,"Dear Guest Berk Ergon,

Thank you for sharing your valuable feedback with us.
We are pleased that you were satisfied with our service quality.
It would be a pleasure for us to see you again and serve you.
Please do not hesitate to contact us before your stay.

Sincerely,
CRM Management",3 reviews · 1 photo,Ci9DQUlRQUNvZENodHljRjlvT25aMmRtODRPVk5pUzFwT2NtWlpaSGN0VkdWYWRHYxAB
Emine Özdemir,5.0,"We are on our 5th day of stay and the hotel's facilities are excellent, especially the staff who are very helpful and friendly; you won't find a single grumpy or rude person. The food is delicious and there is a great variety, all prepared with care. The staff who look after the children are also very attentive. In my opinion, it is one of the best hotels to stay in with children. I would like to thank the entire team and staff.",a month ago,2026-07-05,,"Dear Guest Emine Özdemir,

First of all, thank you for taking the time to share your experiences with us and Google readers. We are very happy that you were satisfied with the facilities and service quality offered by our hotel.
On behalf of the Titanic Deluxe Golf Belek family, we wish you happy and healthy days and would like you to know that we would be delighted to welcome you again.

Sincerely,
CRM MANAGEMENT",Local Guide · 11 reviews · 1 photo,Ci9DQUlRQUNvZENodHljRjlvT2xnd1dHZFBlbkJ3V0ZKbVIwWnVVQzB6V0RsWVJXYxAB
Ayşe Genar,5.0,"Our vacathion was really great with entertaimant team , every day we played voleybol . Also evening program was impressive . Definitely come back",a month ago,2026-07-05,,"Dear Guest Ayşe Genar,

We would like to thank you for choosing Titanic Deluxe Golf Belek hotel as your holiday destination.
It was a great pleasure having you as our guest and we really appreciate you taking your time to write those wonderful and kind words about our hotel, we will share them with our management and staff.
It would be our pleasure to welcome you back here for many more comfortable holiday experiences!

Best regards,
CRM Management",3 reviews,Ci9DQUlRQUNvZENodHljRjlvT2xKcGJVbzROWFZRVjIxVU5IaG9TVzFuTUhGU2NIYxAB
Samet Genar,5.0,"The hotel is very nice, we are especially pleased with the animation team. The animation team members are very professional and wonderful. The animation program is excellent, we liked it very much. Thank you, we are very satisfied.",a month ago,2026-07-05,,"Dear Guest Samet Genar,

Thank you for your kind review of our facility.

Every comment you make is very important to us.
We are very happy to have earned your satisfaction. Your satisfaction motivates our entire team and encourages us to provide even better service.
It would be a pleasure to see you again and serve you.

Sincerely,

CRM Management",4 reviews · 2 photos,Ci9DQUlRQUNvZENodHljRjlvT20xeFNqZHJiRXh6V2xnd1ZWQm9ZVUUxUWtWbllrRRAB
Nathan Frazer,5.0,Excellent all round,a month ago,2026-07-05,,"Dear Guest Nathan Frazer,

We would like to sincerely thank you for choosing Titanic Deluxe Golf Belek Hotel and for your 5-star rating.

It will be our pleasure to welcome you back again in the near future.

With kind regards,
CRM MANAGEMENT",2 reviews,Ci9DQUlRQUNvZENodHljRjlvT205VWVHTk5hMDVyY1cwNVdXSjVXVE5mWTFKZk1HYxAB
Oğuz Harman,5.0,The staff were very quick and friendly. This was my second visit to the hotel and I'm leaving happy again.,a month ago,2026-07-05,,"Dear Guest Oğuz Harman,

First of all, thank you very much for choosing our hotel and sharing your feedback with us. Reading that you were satisfied with every moment of your holiday made our entire team very happy.

As the Titanic Deluxe Golf Belek Family, we would like to see you again soon and wish you pleasant days.

Sincerely,
CRM MANAGEMENT",4 reviews,Ci9DQUlRQUNvZENodHljRjlvT25wRGJUQXRWbVptVEdkTE5sQnlVVmh5Y0U1VVltYxAB
BNO (BNO),5.0,"Everything was great, we were very pleased.",a month ago,2026-07-05,,"Dear Guest BNO (BNO),

First of all, thank you for choosing Titanic Deluxe Golf for your stay.
We are very pleased that we were able to satisfy you during your stay, and your satisfaction will be shared with our relevant colleagues.
We would always be delighted to welcome you back to our facility as a valued member of the Titanic Deluxe Golf Family.

Sincerely,
CRM MANAGEMENT",1 review · 1 photo,Ci9DQUlRQUNvZENodHljRjlvT2t4d2FtSklSbWxQUm14MGQwbDZhM0ZEVERGR1IyYxAB
Cveti Danova,5.0,"We arrived at the hotel, it's very large and comfortable. The entertainment was great, we played darts, volleyball, and water polo. It was really cool to take it. We recommend this hotel. The entertainment is super chic, the food is delicious, and there's a wide selection of drinks.",a month ago,2026-07-05,,"Dear Guest Cveti Danova,

Thank you for choosing the Titanic Deluxe Golf Belek and for taking the time to share your experience.

We are delighted to learn that your stay at our hotel was a positive experience.

We sincerely hope to welcome you back as our valued guest.

Sincerely, and best wishes,
CRM Management",6 reviews,Ci9DQUlRQUNvZENodHljRjlvT2psc2RYb3RNUzFWTVRWeGRHeFpiVnBqV0VjdGJsRRAB
Gary Yule,5.0,"The hotel itself is great. Food options are vast and well prepared. There are plenty of places to eat, drink, relax and socialise.
The pool areas are well maintained and well staffed. Ordering drinks is easy and convenient.
The rooms are spacious with good storage. Bathrooms are well equipped with good showers.
Most of the rooms are facing out to the nighttime entertainment areas which allows noise to enter the rooms late at night. After giving feedback to the hotel they supported us with a move to a quieter area of the hotel. It’s therefore advised to request quiet rooms ahead of time if needed.
The kids club is amazing. Well staffed and kids are in a safe area. Our kids have been daily and are always happy to stay. There are a lot of activities for them and play areas. The hotel ground are also very secure and great for letting kids old enough to have some independence and autonomy.
The beach area is private and nice with plenty of options for food, drink and activities.
The location is isolated which means you come for the hotel itself. Everything else is a taxi ride away which can be expensive. But everything you need is here.
We had a few minor issues due to noise and room set ups but the hotel guest relations team were very attentive and worked hard to find a solution that worked for us and to help make the stay more enjoyable.
Overall I would recommend the hotel especially for families with young children who are looking for a convenient holiday with everything needed in one place.",a month ago,2026-07-05,,"Dear Guest Gary Yule,

Thank you for taking the time to share such a detailed review of your stay with us.

We are delighted to learn that you enjoyed our wide variety of dining options, well-maintained facilities, spacious accommodations, private beach area, and the overall family-friendly atmosphere of our resort. It is especially rewarding to hear that your children had such a positive experience at our Kids Club and that they felt happy, safe, and engaged throughout their stay.

We also sincerely appreciate your constructive feedback. Guest comfort is extremely important to us, and we are pleased that our Guest Service team was able to assist you with a room change and help improve your overall experience. Your comments will help us continue enhancing our services.

Thank you as well for recognizing the dedication of our team members. Providing attentive and personalized service is one of our highest priorities, and your kind acknowledgment is greatly appreciated.

It was a pleasure to host you and your family. We are honored by your recommendation and look forward to welcoming you back for another enjoyable and memorable holiday in the future.

Best regards,
CRM Management",2 reviews,Ci9DQUlRQUNvZENodHljRjlvT2tSb2FWRmhhV0pIUlVjNVpVSTVabFZoV1hWU1IwRRAB
Ahmet K.,5.0,"Our favorite area at the Titanic Golf Resort, where we stayed for 5 nights, was the Kikoa Kids Club. It's open from 9 am to 12 am. The play supervisors were very attentive. There are play areas and activities for all age groups. There are many workshops. The Kids Club also has a restaurant. Different interesting workshops are held every day. We stayed with our two sons, aged 2 and 3.5. Both of them had a lot of fun. The aqua park was also very enjoyable. The only drawback was that the aqua park bar's menu was more limited compared to the bars in other areas.

We chose a Deluxe room. It was quite spacious and adequate for two children.

The sea can be choppy and gets deep quickly. For these reasons, we didn't prefer it much. Access to the sea is via a nostalgic train and a boat on the river. It's a fun experience for the children.

The food variety was extensive, but we didn't enjoy the buffet restaurant very much. Our room also had an à la carte option, and the beef restaurant was quite good. After sharing our buffet restaurant experience with guest relations, they arranged for us to go to the wicker restaurant. The food there was also quite delicious.

Our overall experience was satisfying. All the staff were happy and focused on helping. I would especially like to thank our guest relations representatives, Navruz and Beksultan. They responded quickly to all our requests and needs and tried to find solutions.",a month ago,2026-07-05,,"Dear Guest Ahmet K.,

On behalf of the Titanic Deluxe Golf Belek Family, we thank you for taking the time to share your feedback with us. We are very pleased that you were satisfied with the services offered at our facility, the quality of our services, the hospitality of our staff, and your overall stay. Your valuable comment will certainly be shared with the department manager.

We would be happy to see you again soon.

With best regards,
CRM Management",Local Guide · 24 reviews · 25 photos,Ci9DQUlRQUNvZENodHljRjlvT205eVgwRkZaMWhwZEhoZmFWVktka1pyYXpOSFNXYxAB
Muhammed Şimşek,5.0,,a month ago,2026-07-05,,"Dear Guest Muhammed Şimşek,

First of all, on behalf of the Titanic Deluxe Golf Belek family, we would like to thank you for rating our resort on Google.
We are very happy to have earned your satisfaction.
We hope to welcome you again soon...

Sincerely,
CRM MANAGEMENT",Local Guide · 19 reviews · 4 photos,Ci9DQUlRQUNvZENodHljRjlvT2pjdFZWUk9SemRRU2xocVJuQlBZV0V3VkdsUFJuYxAB
Merve Yılmaz,1.0,"Last year we stayed at the Titanic Deluxe Lara and were so satisfied that we decided to upgrade to a higher-end hotel this year, so we stayed at the Titanic Deluxe Golf Belek. Unfortunately, we were longing for the Lara location. The service was very slow, and there was a shortage of staff. While the female staff were friendly, the male bartenders were very grumpy. There was a shortage of supplies at the bars. There was a shortage of glasses in the restaurants. We witnessed someone serving us a glass that had only been rinsed with water. The kids' club had a PlayStation hourly rate, whereas in the Lara location it was constantly on. During our stay in Lara, four families spent time in the Olympic pool; in Belek, the Olympic pool has a +16 age limit, so we couldn't use it. The food was the same every day. Frankly, overall, we didn't get our money's worth. The cleanliness and service were of lower-segment hotel quality. Most of the staff were foreigners, and many didn't understand Turkish. I do not recommend this hotel for this price.",a month ago,2026-07-05,,"Dear Guest Ms. Merve Yılmaz,

Thank you for taking the time to review your stay at our facility.
We apologize if, in any way, we were unable to meet your expectations in some areas based on your feedback.
The serving utensils used in our restaurants and bars are washed at high temperatures using special equipment before being made available to our guests.

This issue, along with others, has been shared with our senior management for investigation and evaluation. Action will be taken based on the results of this investigation.

Thank you again for taking the time to share your feedback.

Sincerely,
CRM MANAGEMENT",3 reviews,Ci9DQUlRQUNvZENodHljRjlvT2tSc1JWbEVURmh6YkdkM04yUm9kV1ZGYUVkTGRtYxAB
Tiberius Gurbenesteanu,5.0,Everything was excellent! I will definitely come back!,a month ago,2026-07-05,,"Dear Guest Tiberius Gurbenesteanu,

Thank you very much for your excellent rating of Titanic Deluxe Golf Belek Hotel.
On behalf of our hotel management and staff, we truly appreciate your support and look forward to welcoming you again soon.

With kind regards,
CRM MANAGEMENT",Local Guide · 8 reviews · 55 photos,Ci9DQUlRQUNvZENodHljRjlvT2tGSlUwWjVlRnBqTUZsSU9HSXlkV3B3V0hRMWJFRRAB
Larissa Grigore,5.0,,a month ago,2026-07-05,,"Dear Guest Larissa Grigore,

On behalf of the hotel management & staff we would like to thank you for high rating of the Titanic Deluxe Golf Belek Hotel.

We hope that very soon we will welcome you at our hotel again.

With kind regards,
CRM MANAGEMENT",4 reviews,Ci9DQUlRQUNvZENodHljRjlvT2taaVRVMVdiemRDVDE4MFdqaDNkbWhWT0RnMlNGRRAB
DAVID YT,5.0,,a month ago,2026-07-05,,"Dear Guest DAVID YT,

We would like to sincerely thank you for choosing Titanic Deluxe Golf Belek Hotel and for your 5-star rating.
It will be our pleasure to welcome you back again in the near future.

With kind regards,
CRM MANAGEMENT",,Ci9DQUlRQUNvZENodHljRjlvT2sxUkxVMWZlWEUyT0ZVeVJVOXdhMDlKTmxoUFJtYxAB
Silviu Modol,5.0,,a month ago,2026-07-05,,"Dear Guest Silviu Modol,

Thank you for choosing Titanic Deluxe Golf Belek and for sharing your highest score hereby!
We are happy that you remained satisfied with our hotel and we will happily share your kind words with our staff.
We would be happy to welcome you here again in the near future!

Best regards,
CRM Management",2 reviews,Ci9DQUlRQUNvZENodHljRjlvT2xkRFVVRllhbkJKTUc1dFFUaDJRMmR6UlZOeVExRRAB
Cheryl Jackson,5.0,Hotel is amazing. We have been for the r second time this year. Elif from guest services is amazing,a month ago,2026-07-05,,"Dear Guest Cheryl Jackson,

We would like to thank you for choosing Titanic Deluxe Golf Belek hotel as your holiday destination.
It was a great pleasure having you as our guest and we really appreciate you taking your time to write those wonderful and kind words about our hotel, we will share them with our management and staff.
It would be our pleasure to welcome you back here for many more comfortable holiday experiences!

Best regards,
CRM Management",3 reviews,Ci9DQUlRQUNvZENodHljRjlvT2t4U1ZsVlBibkkwY0c4elZXSnNhVUp6YUdsblJXYxAB
Melike Kılınçarslan,5.0,"I would like to thank Ms. Nurşen for taking care of the cleaning of our room, and I would also like to thank Mr. İsmet at reception and Mr. Berksultan from guest relations for their attention and kindness. 🩷",a month ago,2026-07-05,,"Dear Guest Melike Kılınçarslan,

First of all, on behalf of the Titanic Deluxe Golf Belek family, we would like to thank you for rating our resort highly on Google.
Your valuable comments and suggestions are very important to us.

We are very happy to have earned your satisfaction.

We hope to welcome you again soon.

Sincerely,
CRM MANAGEMENT",4 reviews · 17 photos,Ci9DQUlRQUNvZENodHljRjlvT2xab2VtSlNlbXhDU1VkS1EwZENNSFF5WkRaTWVXYxAB
_R8968TW,3.0,"Well, so-so. A C. Daylight hours last until 8, and the bar on the pier closes at 18. At 19, the lifeguard asks everyone to get off the pier. He wants to sleep, not watch tourists. About the bar: they serve Turks and Germans better, Russians …",a month ago,2026-07-05,,,,ChZDSUhNMG9nS0VJcXhsWUxHajZhUWFREAE
Climber08584695107,5.0,Lovely hotel where we stayed for the 18th time. Many improvements have been added.,a month ago,2026-07-05,,,,ChdDSUhNMG9nS0VOVGJrclBWNlp5VjdnRRAB
Erdal Vural,3.0,"The sea is bad (you know, the Mediterranean is depressing)
The pools are nice and big 10/10
The food is 8/10
The bartender Ethem at the Irish pub is 20/10,
The whole hotel should take cocktail lessons from him",a month ago,2026-07-05,,"Dear Guest Erdal Vural,

First of all, we sincerely thank you for taking the time to share your feedback with us.

We are extremely pleased that you were generally satisfied with your stay at our hotel. Your satisfaction with our facilities, especially the pool and common areas, our food and beverage services, and the services we offer for children, is a great source of motivation for us.

Furthermore, your kind and positive comments about our colleague Ethem Bey, who works at the Irish Pub, have been shared with our senior management, and this feedback is a source of great pleasure and pride for both him and our hotel management.

Regarding your feedback about the sea, we regret to inform you that due to natural conditions, our ability to intervene in this matter is limited. However, our lifeguard teams regularly conduct periodic checks and necessary work to remove any foreign objects found in the sea.

We apologize for any momentary pollution you may have experienced. In the event you encounter a similar situation again, please inform our lifeguard teams so that the necessary checks can be carried out as soon as possible.

We would be delighted to welcome you back to our facility soon and wish you healthy and happy days.

Sincerely,

CRM MANAGEMENT",3 reviews,Ci9DQUlRQUNvZENodHljRjlvT2xwRmNVSkhUa2hVWVhGWVEzVnBSMko1ZHpkdlJFRRAB
kenneth smith,5.0,"Guest services excellent found missing toothbrush from April 2026 looked and low for it
Was excellent service and hotel first class",a month ago,2026-07-05,,"Dear Guest kenneth smith,

Thank you for choosing Titanic Deluxe Golf Belek and for sharing your highest score hereby!
We are happy that you remained satisfied with our hotel and we will happily share your kind words with our staff.
We would be happy to welcome you here again in the near future!

Best regards,
CRM Management",1 review,Ci9DQUlRQUNvZENodHljRjlvT25BMFJsTk5kWE0zVFRGWFJtMUpXSEk1TW0xV05sRRAB
Esra YILDIZ,5.0,It's a place that's worth every penny. The service is very fast. We'll hopefully come again next year.,a month ago,2026-07-05,,"Dear Guest Esra YILDIZ,

First of all, thank you for taking the time to share your feedback, which is extremely important to us, through this website. We are very pleased that you were satisfied with the services offered at our facility, the quality of our services, and your holiday in general during your stay. Our staff works to provide you with the best service, and in this regard, your comments will definitely be shared with our colleagues and department managers.

We would be delighted to see you again soon,
With the hope of seeing you again in the near future,

Sincerely,
CRM Management",Local Guide · 26 reviews · 43 photos,Ci9DQUlRQUNvZENodHljRjlvT25sZlYwWndOM0IyVmpkUVdESk5Wa1ZxUjBneU0yYxAB
Eren Taşkın,2.0,"I am writing this review while currently on vacation at the hotel.

IF YOU WANT TO EXPERIENCE DISGRACE AND RUDE TREATMENT FOR YOUR MONEY, YOU CAN COME HERE.

My 12-year-old child and I went into the Olympic pool. Afterwards, three people came and rudely tried to remove us from the pool, saying that children under 16 are not allowed in. First, they cited security, but when we asked why there wasn't a ban on the pier, which is deeper, they couldn't answer. Then they said the Olympic pool is for families without children, but when we asked why this wasn't stated on the website, in the reservation email, in the promotional materials, or in the agencies' reports, they still couldn't answer. Then, as if mocking us, they said that if there were no lifeguards, we should have come before 9:30, and then they wouldn't be responsible. They treat families with children as if they are harmful/unwanted/problematic. It's complete rudeness and impoliteness. Afterwards, they said that the concept information was available as a PDF on the website, we should have read it. When we showed them the website and that it wasn't there, they couldn't say anything. We overlooked issues like the room cleaning deficiencies, the poor cleanliness around the pool, and the towel card system (despite claims in the advertisements that towels were already placed on the sun loungers). However, the rudeness and disrespect cannot be ignored. The only commendable thing was the rollerblade service to the pool area and the politeness and dedication of the staff, including the rollerblader.

Those who are paying exorbitant prices for a 5-day stay should know that if you spend money at the hotel or book a private room/villa, you are valued.",a month ago,2026-07-05,,"Dear Guest Eren Taşkın,

Thank you for taking the time to share your experience at our facility with us.

First of all, we would like to express our regret for the situation you experienced during your stay. Guest satisfaction is always our priority, and all the points mentioned in your feedback have been carefully considered.

The rules for using the Olympic pool are available at our facility both on the warning signs by the pool and on information channels accessible to our guests. In this context, our lifeguard provided the necessary information in accordance with the existing rules and within the framework of courtesy. Subsequently, the same information was repeated by our guest relations team. To clarify the situation, our security manager also became involved and provided you with the necessary information in an appropriate manner.

Our guest relations team also pointed out that the relevant rule is clearly stated on our website and in the information guides, and offered their support. Furthermore, during your stay, our guest relations team can visit you at any time to show you again that the relevant information is available as a PDF on our website and that all details are clearly accessible.

All rules at our facility are shared openly and transparently for the safety and comfort of all our guests, and adherence to these rules is crucial for the provision of safe and orderly service.

We express our regret again for this situation and wish you a more enjoyable stay.

Sincerely,
CRM MANAGEMENT",1 review,Ci9DQUlRQUNvZENodHljRjlvT25wb1RtODNSa3N3UkRSbVVVOVlUMDFuVUdKdGIyYxAB
Vladimir Melnikov,5.0,"I used to go to the Irish Pub quite often. Besides the delicious Guinness beer, they have great staff. Tugba, the waitress, is a very positive girl who always greets you with a smile and sees you off. Also, the bartender, Ibrahim, is a true professional.
I recommend visiting and checking it out.",a month ago,2026-07-05,,"Dear Guest Vladimir Melnikov,

First of all, thank you for choosing the Titanic Deluxe Golf Belek Hotel for your vacation and for sharing your review.

We are truly delighted that you had a positive experience at our hotel.

We look forward to welcoming you back.

Best wishes and see you again,
CRM Management",1 review · 2 photos,Ci9DQUlRQUNvZENodHljRjlvT2tFdE1FWnFaVlpFVWpjM0xYWnVTSEpCYm1GdlZVRRAB
Sky Felon,5.0,,a month ago,2026-07-05,,"Dear Guest Sky Felon,

Thank you very much for your excellent rating of Titanic Deluxe Golf Belek Hotel.

On behalf of our hotel management and staff, we truly appreciate your support and look forward to welcoming you again soon.

With kind regards,
CRM MANAGEMENT",3 reviews,Ci9DQUlRQUNvZENodHljRjlvT21sYUxXdDVhMGhaY0MxaFIxbFlPRlZIY1hFNFkyYxAB
Endrit Berisha,5.0,We liked this hotel them activities was great I played water polo and dart it was perfect animation team is very good thanks for everything,a month ago,2026-07-05,,"Dear Guest Endrit Berisha,

First of all, on behalf of the Titanic Deluxe Golf Belek family, we would like to thank you for reviewing our hotel on Google.

We are very happy that you were generally satisfied with your stay.
We hope to welcome you again soon.

Sincerely,
CRM MANAGEMENT",3 reviews · 1 photo,Ci9DQUlRQUNvZENodHljRjlvT25OcU5GbHZZWFpJVFhoT2MwOWphRGh3ZEZobVYwRRAB
Oğuzhan Metin,5.0,,a month ago,2026-07-05,,"Dear Guest Oğuzhan Metin,

First of all, on behalf of the Titanic Deluxe Golf Belek family, we would like to thank you for rating our resort on Google.

We are very happy to have earned your satisfaction.
We hope to welcome you again soon.

Sincerely,
CRM MANAGEMENT",1 review · 1 photo,Ci9DQUlRQUNvZENodHljRjlvT2tsRGRXeGxWa2REWkc0dE9VY3dZbVExTmtwcE1IYxAB
علي عساف جاسم محمد(نقل),5.0,,a month ago,2026-07-05,,"Dear Guest علي عساف جاسم محمد(نقل),

We would like to sincerely thank you for choosing Titanic Deluxe Golf Belek Hotel and for your 5-star rating.

It will be our pleasure to welcome you back again in the near future.

With kind regards,
CRM MANAGEMENT",1 review,Ci9DQUlRQUNvZENodHljRjlvT2xoRlpWUnZWbHAxTW04NVVDMVlSMWxST1hkVlMyYxAB
Stijn,5.0,"Very nice place. Al,als Nice to be here",a month ago,2026-07-05,,"Dear Guest Stijn,

Thank you for choosing Titanic Deluxe Golf Belek and for sharing your highest score hereby!
We are happy that you remained satisfied with our hotel and we will happily share your kind words with our staff.
We would be happy to welcome you here again in the near future!

Best regards,
CRM Management",1 review,Ci9DQUlRQUNvZENodHljRjlvT25ocVpscFVNR3AxVm5Kc1FsVkdkRXhQWjBjNGFWRRAB
Ridvan Ekmen,4.0,,a month ago,2026-07-05,,"Dear Guest Ridvan Ekmen,

First of all, on behalf of the Titanic Deluxe Golf Belek family, we would like to thank you for rating our resort on Google.

We are very happy to have earned your satisfaction.

We look forward to welcoming you again soon.

Sincerely,
CRM MANAGEMENT",1 review,Ci9DQUlRQUNvZENodHljRjlvT21rNFZsSjZWV3d3ZW5OSWMwOVpRM0pzUTJOcVRHYxAB
Ahmet Mert Uslu,5.0,,a month ago,2026-07-05,,"Dear Guest Ahmet Mert Uslu,

First of all, on behalf of the Titanic Deluxe Golf Belek family, we would like to thank you for reviewing our hotel on Google.

We are very happy that you were generally satisfied with your stay. We hope to welcome you again soon.

Sincerely,
CRM MANAGEMENT",8 reviews · 1 photo,Ci9DQUlRQUNvZENodHljRjlvT21sM1FVdFFVbTV4VDBwQ1RERnpVRzlzYzI1blJIYxAB
Andrew Motion,5.0,,a month ago,2026-07-05,,"Dear Guest Andrew Motion,

Thank you for choosing Titanic Deluxe Golf and for sharing your highest score rating.
We would be happy to welcome you here again in the near future!

Best regards,
CRM MANAGEMENT",,Ci9DQUlRQUNvZENodHljRjlvT25Cb2RIWkRXbTltTVRRNVRtMTZZbWxwTVdGQ1kwRRAB
Engin ERBAŞ,5.0,"Thanks to Elif Hanım's attention and care, our breakfast was even more enjoyable. Thank you so much for your interest and attention. We were very pleased.",a month ago,2026-07-05,,"Dear Guest Engin ERBAŞ,

First of all, on behalf of the Titanic Deluxe Golf Belek family, we would like to thank you for rating our facility highly on Google.

We are very happy to have earned your satisfaction.

We look forward to welcoming you again soon.

Sincerely,
CRM MANAGEMENT",4 reviews,Ci9DQUlRQUNvZENodHljRjlvT2tsSGVuQlhaVVF5ZEdSS2FIVktRVlZpVlMxRFNIYxAB
Neslihan Vatansever,5.0,"The hotel was fantastic in every aspect; the food, entertainment, and facilities were more than adequate. Our guest assistant, Ms. Elif, was also very attentive and kind. It was a wonderful holiday experience.",a month ago,2026-07-05,,"Dear Guest Neslihan Vatansever,

First of all, thank you for taking the time to share your feedback, which is extremely important to us, through this website.

We are very pleased that you were satisfied with the services offered at our facility, the quality of our services, and your holiday in general during your stay. Our staff works to provide you with the best service, and in this regard, your comments will definitely be shared with our colleagues and department managers.

We would be delighted to see you again soon,
With the hope of seeing you again in the near future,

Sincerely,
CRM Management",2 reviews,Ci9DQUlRQUNvZENodHljRjlvT205UFRuWTJhMVpmT0VkTk5tVjBaRXRPV1RWbFVVRRAB
The Diezel,5.0,,a month ago,2026-07-05,,"Dear Guest The Diezel,

First of all, on behalf of the Titanic Deluxe Golf Belek family, we would like to thank you for reviewing our hotel on Google.

We are very happy that you were generally satisfied with your stay. We hope to welcome you again soon.

Sincerely,
CRM MANAGEMENT",2 reviews,Ci9DQUlRQUNvZENodHljRjlvT25aeVFrZHFRbkU0T0hnMFZHYzVjblEyVFZocFRWRRAB
Ellie James,5.0,"I have just returned home from the most amazing holiday ever, and I genuinely cannot find a single fault with this beautiful resort. Everything was absolutely perfect from start to finish.

I would especially like to personally thank Elif, my assistant, who made our holiday so relaxing and effortless. From arranging all of our bookings and diary requests to organising special touches for our honeymoon stay, she went above and beyond to ensure everything was perfect.

Elif is a true asset to the hotel. She is warm, friendly, professional, and could not do enough for us throughout our stay. Her attention to detail and genuine care made our experience even more special.

Thank you to Elif and the entire team for giving us such wonderful memories. We cannot wait to return. ⭐️⭐️⭐️⭐️⭐️",a month ago,2026-07-05,,"Dear Guest Ellie James,

Thank you very much for sharing such a heartfelt review.

We are truly delighted to hear that your stay was so memorable and that everything met your expectations from start to finish. It is especially rewarding to know that your honeymoon stay was made even more special through our team’s efforts.

Your kind words about Mrs. Elif are deeply appreciated. She is indeed a valued member of our team, and we are very pleased to hear that her support, attention to detail, and care contributed so positively to your experience. We will make sure your praise is personally shared with her, as recognition like yours is incredibly motivating for our staff.

Thank you once again for your generous feedback. It was our pleasure to host you, and we very much look forward to welcoming you back for another wonderful stay in the future.

Best regards,
CRM MANAGEMENT",4 reviews · 1 photo,Ci9DQUlRQUNvZENodHljRjlvT2xvM1MxazJiM0o1Wm1NMlluUldaelF3WlhwTlUyYxAB
Feriştah Şimşek,5.0,"We stayed for five nights and left the hotel very satisfied. The staff were incredibly attentive. They were especially helpful when we requested something. Our room was very clean and comfortable. The balcony view was also beautiful. We had no negative experiences with the food either. There was plenty of choice at every meal, and the food was delicious. The mini-club area is a great idea for families with children. There were activities throughout the day, and the children enjoyed it very much. The evening activities were also fun. Overall, it was a wonderful holiday where we both relaxed and had fun.",a month ago,2026-07-05,,"Dear Guest Feriştah Şimşek,

First of all, on behalf of the Titanic Deluxe Golf Belek family, we would like to thank you for rating our resort highly on Google.

Your valuable comments and suggestions are very important to us.

We are very happy to have earned your satisfaction.

We look forward to welcoming you again soon.

Sincerely,
CRM MANAGEMENT",1 review,Ci9DQUlRQUNvZENodHljRjlvT2pkNFZYVm9NSGh4WHpoRVNHUTNWR2hTWmpKWmRsRRAB
Tuba B.,5.0,"When we first read the reviews, we were a little apprehensive because it was mostly preferred by families with children, but we weren't bothered by the crowds at all because the hotel was large and had ample space. The pool area is quite spacious; if you look for a spot by the pool, you're sure to find one. Both children and adults can have a great time at the aqua park. You can reach the beach by train or boat. On the beach, you can easily spend your whole day thanks to the Sapore and Riva restaurants and the beach waffle bar. Also, thanks to the QR codes on the sun loungers, you can order from where you're lying. The food was good, varied, and delicious. We tried Yamas, one of the à la carte restaurants. We had a very enjoyable and pleasant evening with delicious food and mezes accompanied by live Greek music. In the evenings, you can also enjoy your holiday with great music at the Jakaranda bar. We had a wonderful 3-day holiday thanks to this hotel and discovered there are still areas we haven't experienced yet. The staff were also friendly, polite and attentive. We were very pleased with everything.",a month ago,2026-07-05,,"Dear Guest Tuba B.,

First of all, thank you for taking the time to share your experiences with us and Google readers. We are very happy that you were satisfied with the facilities and service quality offered by our hotel.
On behalf of the Titanic Deluxe Golf Belek family, we wish you happy and healthy days and would like you to know that we would be delighted to welcome you again.

Sincerely,
CRM MANAGEMENT",Local Guide · 115 reviews · 448 photos,Ci9DQUlRQUNvZENodHljRjlvT21Sb2REZzFPR0pHU1d4UlIwVnpkalZGV2tkbGQwRRAB
Humay Mammadli,5.0,,a month ago,2026-07-05,,"Dear Guest Humay Mammadli,

Thank you for choosing Titanic Deluxe Golf and for sharing your highest score rating.

We would be happy to welcome you here again in the near future!

Best regards,
CRM MANAGEMENT",,Ci9DQUlRQUNvZENodHljRjlvT2tFNGRuVkdkSFIyZW1kVFRYZDFWV2Q2VUhadlgyYxAB
Омар Мурадов,5.0,,a month ago,2026-07-05,,"Dear Guest Omar Muradov,

First of all, thank you for choosing the Titanic Deluxe Golf Belek Hotel for your vacation and for sharing your high rating.
We look forward to welcoming you back.

Best wishes and see you again,
CRM MANAGEMENT",2 reviews,Ci9DQUlRQUNvZENodHljRjlvT2xCWGRGTklTMjF4UzBadFRGWkZRbU50WVhGYWRWRRAB
Doniyor Mirkasimov,5.0,Excellent,a month ago,2026-07-05,,"Dear Guest Doniyor Mirkasimov,

Thank you for choosing the Titanic Deluxe Golf Belek for your vacation and for your high rating of our service.
We are truly pleased that we were able to meet your expectations.

We look forward to welcoming you back as our guest.

Best wishes and see you again,
CRM Management",1 review,Ci9DQUlRQUNvZENodHljRjlvT25OMVUwUm9kRkJ2Y1dGNE5FSnNhVU53T1hGTlJIYxAB
Артур Викторович,5.0,Fantastic animation. Very fun and cool. Attentive waiters.,a month ago,2026-07-05,,"Dear Guest Artur Viktorovich,

Thank you for choosing the Titanic Deluxe Golf Belek and sharing such a high rating. We are delighted that your stay was comfortable and left a positive impression.

We look forward to welcoming you back to our hotel!

Best wishes and see you soon,
CRM Management",1 review,Ci9DQUlRQUNvZENodHljRjlvT2pKeE4yNUxXalJvYVU1U05qY3lZakJZV0hWVmFXYxAB
Okan öztürk,5.0,The hotel is very good. Both the food and the quality of the meals are excellent. The animation team was also very successful.,a month ago,2026-07-05,,"Dear Guest Okan Öztürk,

First of all, on behalf of the Titanic Deluxe Golf Belek family, we would like to thank you for rating our resort on Google.

We are very happy to have earned your satisfaction.
We hope to welcome you again soon...

Sincerely,
CRM MANAGEMENT",4 reviews,Ci9DQUlRQUNvZENodHljRjlvT2pSNExWRTNXa0ZYY3psWmIwTk9OMkZxVkVaTFZFRRAB
рина,5.0,,a month ago,2026-07-05,,"Dear Guest Rina,

Thank you for choosing Titanic Deluxe Golf Belek and for your high rating of our service.

We look forward to seeing you again!

Best regards,
CRM Management",,Ci9DQUlRQUNvZENodHljRjlvT214NldubHljMWRwYlVOeFIzcDVjV1ZMYzE5eWFHYxAB
Lucy Shilling,5.0,Great hotel for family stay clean friendly staff great facilities we will definatly be back,a month ago,2026-07-05,,"Dear Guest Lucy Shilling,

Thank you very much for sharing your kind feedback.

We are delighted to hear that you and your family had a great stay with us and that you appreciated our clean environment, friendly team, and wide range of facilities. It is always a pleasure to know that our guests had a comfortable and enjoyable experience.

Your kind words are truly appreciated and will be shared with our team as a great source of motivation.

We are especially pleased to learn that you are planning to return, and we very much look forward to welcoming you back for another memorable family holiday.

Kind regards,
CRM Management",2 reviews,Ci9DQUlRQUNvZENodHljRjlvT2xSWFZUVktlbFpYYVVoRmR6WllPRk4zU1RjeFlYYxAB
Josh Neve,5.0,"Very good holiday, staff attentive. Something for everyone and a very good waterpark for all ages. A big resort that caters for everyone’s needs, and if you go you must try the steak restaurant, it was awesome!

1 downside was sometimes there was a few flies when eating outside at times but to be expected.

Elif from guest services was really attentive and helpful also. Thanks Titanic!",a month ago,2026-07-05,,"Dear Guest Josh Neve,

Thank you very much for taking the time to share your feedback following your recent holiday with us.

We are delighted to hear that you had a very enjoyable stay and that you appreciated the attentiveness of our staff, as well as the wide range of facilities available for guests of all ages. It is also wonderful to know that you enjoyed our waterpark and that your dining experience at our steak restaurant was a highlight of your stay.

We truly appreciate your constructive comment regarding occasional flies in outdoor dining areas. While we do implement regular pest control measures, we understand that this can sometimes be influenced by seasonal and environmental conditions, and we will continue to monitor and improve this aspect wherever possible.

We are also very pleased to read your kind recognition of Mrs. Elif from Guest Services. Your compliments will be shared with her, and we are certain she will be encouraged by your appreciation.

Thank you once again for your valuable feedback and for choosing Titanic Deluxe Golf Belek. We look forward to welcoming you back in the future.

Kind regards,
CRM Management",4 reviews,Ci9DQUlRQUNvZENodHljRjlvT2pGQ2NWTkNXR0ZhTkZkcGFFUjZjRlJFZEhwbWJYYxAB
Maria Kravchenko,5.0,,a month ago,2026-07-05,,"Dear Guest Maria Kravchenko,

We would like to sincerely thank you for choosing Titanic Deluxe Golf Belek Hotel and for your 5-star rating.

It will be our pleasure to welcome you back again in the near future.

With kind regards,
CRM MANAGEMENT",4 reviews · 2 photos,Ci9DQUlRQUNvZENodHljRjlvT2tKdGFsbHBXbVIxY2xkQlRFazRUemhPWmtsRFEyYxAB
ALECS Adrian,5.0,,a month ago,2026-07-05,,"Dear Guest ALECS Adrian,

On behalf of the hotel management & staff we would like to thank you for high rating of the Titanic Deluxe Golf Belek Hotel.

We hope that very soon we will welcome you at our hotel again.

With kind regards,
CRM MANAGEMENT",4 reviews · 4 photos,Ci9DQUlRQUNvZENodHljRjlvT2tNNFNGQnlhSEZaYnpjMVNWbHpUak0wUzNWQ1RIYxAB
Hilmi Basavci,5.0,"The activities were great.
I really enjoyed darts and water polo.
Especially my friend Berk, who was a staff member, was very helpful.
My friend Mehmet, who was in service, was also very helpful. Everything was great.",a month ago,2026-07-05,,"Dear Guest Hilmi Basavci,

Thank you for sharing your valuable feedback with us.

We are pleased that you were satisfied with our service quality.

It would be a pleasure to see you again and serve you. Please do not hesitate to contact us before your stay.

Sincerely,
CRM Management",2 reviews,Ci9DQUlRQUNvZENodHljRjlvT20xaGVHVm9XamhyVFZKbFJsTldabVJIYUVWS09FRRAB
Petre Daniel Drumea,5.0,"I would like to praise Kudas and Furkan from the Titanic staff. They are very friendly, professional, and always make guests feel welcome. Their service at the darts activities is excellent, and they create a fun and enjoyable atmosphere for everyone. They are helpful, energetic, and always encourage participants with a smile. Kudas and Furkan do a fantastic job and are a great asset to the Titanic team. Thank you for the wonderful experience!",a month ago,2026-07-05,,"Dear Guest Petre Daniel Drumea,

We would like to thank you for choosing Titanic Deluxe Golf Belek hotel as your holiday destination.
It was a great pleasure having you as our guest and we really appreciate you taking your time to write those wonderful and kind words about our hotel, we will share them with our management and staff.
It would be our pleasure to welcome you back here for many more comfortable holiday experiences!

Best regards,
CRM Management",1 review,Ci9DQUlRQUNvZENodHljRjlvT25WTlpUQmlVbXhDT0VWTGEyWjJNRlU1Y2xKaFQzYxAB
Mihaela Mihaela Sandu-Drumea,5.0,"We had an amazing stay at Titanic Deluxe Belek! The hotel is beautiful, with excellent facilities and a relaxing atmosphere. Our room was spacious, modern, very clean, and comfortable, with everything we needed for a perfect vacation. The food was delicious with a great variety, and the staff was always friendly and helpful. We also really enjoyed the darts activities—the animation team was energetic, fun, and made everyone feel included. We highly recommend this hotel and would love to come back!""",a month ago,2026-07-05,,"Dear Guest Mihaela Mihaela Sandu-Drumea,

Thank you very much for sharing your wonderful feedback regarding your recent stay at Titanic Deluxe Golf Belek.

We are delighted to learn that you had an amazing holiday and enjoyed our facilities, comfortable accommodations, diverse culinary offerings, and relaxing atmosphere. It is especially rewarding to hear that our team members contributed positively to your experience with their friendly and attentive service.

We are also pleased that you enjoyed the darts activities and that our animation team helped make your stay even more enjoyable with their energy, enthusiasm, and inclusive approach.

Your kind recommendation means a great deal to us. We truly appreciate your support and look forward to welcoming you back to Titanic Deluxe Golf Belek for another memorable stay in the future.

Kind regards,
CRM MANAGEMENT",1 review,Ci9DQUlRQUNvZENodHljRjlvT25aTGRVODJjV1ZHTjB0eU0zSjJSM0kwVEZGWlpFRRAB
Tudor Drumea,5.0,"We had a great time at the darts activity during our stay at Titanic Deluxe Golf Belek. The games were fun, well organized, and suitable for all ages. The animation team created a friendly and enjoyable atmosphere, making everyone feel welcome. It was a great way to spend some time, meet other guests, and have a few laughs. Special thanks to the staff for their enthusiasm and professionalism. Looking forward to coming back!",a month ago,2026-07-05,,"Dear Guest Tudor Drumea,

First of all we would like to thank you for choosing Titanic Deluxe Golf Belek  for your holiday!
We are very happy that you spoke highly of the service and behavior of our staff.
Your nice comments will be shared with all our staff and hotel management.
It would be our pleasure to welcome you back here for many more memorable holiday experiences!

With kind regards,
CRM Management",1 review,Ci9DQUlRQUNvZENodHljRjlvT2xwS056RnVWRU56Y0VWMk9EZ3hUbUpKZEZaS1dXYxAB
Drumea Theodora,5.0,thanks to the entertainment team and we love to be here we enjoy our holiday every day was perfect dart boccia volleybol as a family we enjoy so much,a month ago,2026-07-05,,"Dear Guest Drumea Theodora,

Thank you for choosing Titanic Deluxe Golf Belek and for sharing your highest score hereby!
We are happy that you remained satisfied with our hotel and we will happily share your kind words with our staff.
We would be happy to welcome you here again in the near future!

Best regards,
CRM Management",2 reviews · 1 photo,Ci9DQUlRQUNvZENodHljRjlvT2xWdGIxRk5WVE53V0ZOM04wNDNPRWh2WmtoVWVIYxAB
_Julia_421,5.0,"This year, we visited this hotel for the third time. We were a family vacationing with two adults and two children. Many good memories are associated with this hotel, and one of them is the very friendly captain of the boat that took us to …",a month ago,2026-07-05,,,,ChZDSUhNMG9nS0VPN09wdEMtcDZEdmZnEAE
moonsinfinity,1.0,"I just returned from my fourth stay at the Titanic. After four years, I wanted to go back because the hotel had left me with excellent memories the first three times. Unfortunately, from the first day to the last, I was shocked by the way …",a month ago,2026-07-05,,,,ChZDSUhNMG9nS0VQbVkwOE9rb3R5UFRBEAE
Sevgi Baki,5.0,"I would like to express my sincere gratitude to the hotel staff for their friendliness, attentiveness, and dedication in every aspect, from the cleanliness to the playgrounds, pool, and beach. My son and I had a wonderful three days. Thank you.",a month ago,2026-07-05,,"Dear Valued Guest Sevgi Baki,

First of all, on behalf of the Titanic Deluxe Golf Belek family, we would like to thank you for rating our resort on Google.

We are very happy to have earned your satisfaction.
We look forward to welcoming you again soon...

Sincerely,
CRM MANAGEMENT",8 reviews,Ci9DQUlRQUNvZENodHljRjlvT2sxaVVWTlNhazk0VVV4M1dVTmlTVTVHUlRCbVpXYxAB
Anna Grigore,5.0,"Everything was superlative. The food, the location, the playgrounds for the children, the cleanliness and the super staff.",a month ago,2026-07-05,,"Dear Guest Anna Grigore,

Thank you very much for your wonderful feedback.

We are truly pleased to hear that you found everything superlative during your stay, including the food, location, children’s playgrounds, cleanliness, and our team members. Your kind words are a great motivation for all of us.

We look forward to welcoming you back for another excellent holiday experience.

Kind regards,
CRM Management",2 reviews,Ci9DQUlRQUNvZENodHljRjlvT25GSVdUZGpaRzUxVXpoMVExRlVaWFJPV0d4UFZtYxAB
Hoitenbronx Sahin,5.0,"We loved the hotel, everything was wonderful, we especially loved the animation team. The darts and water polo activities were great. Thank you for everything.",a month ago,2026-07-05,,"Dear Guest Hoitenbronx Sahin,

First of all, on behalf of the Titanic Deluxe Golf Belek family, we would like to thank you for rating our resort on Google.

We are very happy to have earned your satisfaction.
We hope to welcome you again soon...

Sincerely,
CRM MANAGEMENT",8 reviews · 1 photo,Ci9DQUlRQUNvZENodHljRjlvT21SYWRuY3pZMFJRY3prd2EyeGlXRTVmVFVKb2FXYxAB
Екатерина Мельникова,5.0,"We came to the Titans Hotel for the first time, the hotel is very big and comfortable and most importantly, there is super animation and cool agimators, a cool program and we feel like the whole family is playing darts",a month ago,2026-07-05,,"Dear Guest Ekaterina Melnikova,

Thank you for choosing Titanic Deluxe Golf Belek for your vacation and for sharing your review!

We greatly value your feedback, and we are glad you had a wonderful stay with us.

We look forward to seeing you again!

Best wishes and see you again,
CRM MANAGEMENT",2 reviews,Ci9DQUlRQUNvZENodHljRjlvT2tSRWVVRnhYM3BQVkc4M1JVdGZhMmxTVlVGSGVrRRAB
Елдос Ескалиев,5.0,"Excellent hotel! We've been staying since June 14th, and everything is top-notch. We stayed at the hotel in 2019, but since then, there have been so many positive changes. I'd especially like to mention the Irish Pub with its excellent atmosphere and service, where they're showing all the 2026 World Cup matches! I'd like to thank the staff at Keremet, Tugba, and Etem 🙌🏻 you're the best 👏🏻",a month ago,2026-07-05,,"Dear Guest Yeldos Eskaliev,

First of all, thank you for choosing the Titanic Deluxe Golf Belek Hotel for your vacation and for sharing your review. We are truly delighted that you had a positive experience at our hotel. We look forward to welcoming you back.

Best wishes and see you again,
CRM Management",1 review · 12 photos,Ci9DQUlRQUNvZENodHljRjlvT2pKTGFrSlBNRnBaVURGNWJFUTRiVEZrY0Vvd2QxRRAB
Serdar Sarım,5.0,The hotel is superb.,a month ago,2026-07-05,,"Dear Guest Serdar Sarım,

Thank you for entrusting your holiday to Titanic Deluxe Golf Belek and for sharing your kind feedback with us.

Learning that our guests are satisfied with the services we provide is very motivating for us.

We hope to see you again and wish you a pleasant day.

Sincerely,
CRM MANAGEMENT",1 review,Ci9DQUlRQUNvZENodHljRjlvT2t4cldFTnFNa1JNUVRGalRrRlZMV1V4VkY5clJWRRAB
Emma McG,5.0,Amazing Hotel ❤️,a month ago,2026-07-05,,"Dear Guest Emma McG,

We would like to thank you for choosing Titanic Deluxe Golf Belek hotel as your holiday destination.
It was a great pleasure having you as our guest and we really appreciate you taking your time to write those wonderful and kind words about our hotel, we will share them with our management and staff.
It would be our pleasure to welcome you back here for many more comfortable holiday experiences!

Best regards,
CRM Management",2 reviews,Ci9DQUlRQUNvZENodHljRjlvT25kZk4xOTJSbW81YzJOWVkwWnFhemxyVkVGQ1JuYxAB
Самвел Саакян,5.0,,a month ago,2026-07-05,,"Dear Guest Samvel Sahakyan,

First of all, thank you for choosing the Titanic Deluxe Golf Belek Hotel for your vacation and for sharing your high rating.
We look forward to welcoming you back.

Best wishes and see you again,
CRM MANAGEMENT",,Ci9DQUlRQUNvZENodHljRjlvT205WFRXeDBTMEZxTkZjd1FtRjNkbGwxZHpoaFJrRRAB
Dominik Szadkowski,5.0,My assistances Melek And Hamit arę The bests ❤️❤️,a month ago,2026-07-05,,"Dear Guest Dominik Szadkowski,

Thank you for choosing Titanic Deluxe Golf and for sharing your highest score rating.

We would be happy to welcome you here again in the near future!

Best regards,
CRM MANAGEMENT",9 reviews · 2 photos,Ci9DQUlRQUNvZENodHljRjlvT2tWV1VsRllOekF0TVMwMVQzTjBlVUkxZFRGWVVHYxAB
Gary Beresford,5.0,Beksultan from guest services fantastic,a month ago,2026-07-05,,"Dear Guest Gary Beresford,

Thank you for choosing Titanic Deluxe Golf Belek and for sharing your highest score hereby!
We are happy that you remained satisfied with our hotel and we will happily share your kind words with our staff.
We would be happy to welcome you here again in the near future!

Best regards,
CRM Management",7 reviews,Ci9DQUlRQUNvZENodHljRjlvT20weVVIZERaREpyTmtKU09WUTFTWGhIYjFoa1pYYxAB
EGEMEN BOZKURT,5.0,"Mr. Hamit from guest relations provided us with information about the hotel, and we thank him for his assistance.",a month ago,2026-07-05,,"Dear Guest EGEMEN BOZKURT,

Your kind feedback, sharing your thoughts and evaluations with us by taking the time to do so, fills us with pride and motivation. It is very valuable for us to learn from such positive feedback that we are on the right track to achieving our goal of impeccable service quality in terms of high guest satisfaction.

It would be a pleasure to see you again and serve you.

Sincerely,
CRM Management",1 review · 1 photo,Ci9DQUlRQUNvZENodHljRjlvT25SVFZGTjRUbkZ6YTFsa2FVVmFMVkV0WlZwNmVHYxAB
47suu,5.0,"Nice hotel for families, lots of entertainment for young and old. Definitely recommended!",a month ago,2026-07-05,,,,ChZDSUhNMG9nS0VMUzB0dENBbnNTT1BnEAE
Alper Göktürk,5.0,We were very satisfied with all the services we received during our one-week holiday. The attention and care were more than adequate for a family with children. We would like to especially thank Ms. Ayça from guest relations for her attention.,a month ago,2026-07-05,,"Dear Guest Alper Göktürk,

First of all, thank you for choosing Titanic Deluxe Golf for your stay.
We are very pleased that we were able to satisfy you during your stay, and your satisfaction will be shared with our relevant colleagues.
We would always be delighted to welcome you back to our facility as a valued member of the Titanic Deluxe Golf Family.

Sincerely,
CRM MANAGEMENT",4 reviews,Ci9DQUlRQUNvZENodHljRjlvT2twaGVHZzFkSE00YXpOeFFWUndSRzFsTUhOdGJtYxAB
Savaş Topal,5.0,,a month ago,2026-07-05,,"Dear Guest Savaş Topal,

First of all, on behalf of the Titanic Deluxe Golf Belek family, we would like to thank you for rating our resort highly on Google.

We look forward to welcoming you again soon.

Sincerely,
CRM MANAGEMENT",1 review,Ci9DQUlRQUNvZENodHljRjlvT25KclVqWnVVell4V2xKNVlrdFJhVWxzTjJjNWVXYxAB
Fennie Venema,5.0,,a month ago,2026-07-05,,"Dear Guest Fennie Venema,

Thank you for choosing Titanic Deluxe Golf and for sharing your highest score rating.

We would be happy to welcome you here again in the near future!

Best regards,
CRM MANAGEMENT",1 review,Ci9DQUlRQUNvZENodHljRjlvT25oTmJqUnlRWEJTVW14eGNGWmtTRzV2Wlc4elFuYxAB
Елена Трофимова,5.0,,a month ago,2026-07-05,,"Dear Guest Elena Trofimova,

First of all, thank you for choosing the Titanic Deluxe Golf Belek Hotel for your vacation and for sharing your high rating.
We look forward to welcoming you back.

Best wishes and see you again,
CRM MANAGEMENT",1 review,Ci9DQUlRQUNvZENodHljRjlvT201akxXeDFhM1F6UkROVVlta3RSbHAzVjFOa1NtYxAB
Emre Karadağ,5.0,We would like to thank the animation team; they were very attentive and the activities were excellent. Thank you!,a month ago,2026-07-05,,"Dear Valued Guest Emre Karadağ,

Thank you for your kind review of our facility.

Every opinion you provide is very important to us.
We are very happy to have earned your satisfaction. Your satisfaction motivates our entire team and encourages us to provide even better service.

It would be a pleasure to see you again and serve you.

Sincerely,
CRM Management",13 reviews · 2 photos,Ci9DQUlRQUNvZENodHljRjlvT2tkTE1tMVRVRVZ1VVRNeFNsOXFZV2MyT0ZwU1MyYxAB
amgzmc,5.0,"Our stay at the Titanic Golf Belek was absolutely fantastic! This place met all our expectations, and even exceeded them. The hotel impresses with its beautiful architecture, well-maintained grounds, and unique atmosphere conducive to relaxation.

The rooms are spacious, modern, and very clean, and the staff pays attention to every detail. The food was delicious – a huge selection of dishes, fresh products, and something new every day, ensuring everyone will find something to their liking.

The staff deserves special mention. They are incredibly polite, professional, and always smiling. Their dedication made us feel truly special.

The pools, beach, entertainment, and numerous attractions ensure that both adults and children have no time for boredom. It's the perfect place for both a family vacation and a romantic getaway for two.

I wholeheartedly recommend Titanic Golf Belek to anyone dreaming of a luxurious getaway of the highest standard. We will definitely be back!",a month ago,2026-07-05,,"Dear Guest amgzmc,

Thank you very much for sharing such a wonderful review of your stay at Titanic Golf Belek.

We are truly delighted to read that your experience exceeded your expectations and that you enjoyed our architecture, well-maintained grounds, and relaxing atmosphere. It is also a great pleasure to know that you found your room spacious, modern, and clean, and that our culinary offerings with their variety and freshness contributed positively to your holiday.

Your kind words regarding our team are especially appreciated. We are proud of our colleagues who strive every day to provide friendly, professional, and attentive service, and your recognition is a great motivation for all of us.

We are also pleased that you enjoyed our pools, beach, entertainment program, and wide range of activities, making your stay enjoyable for both adults and children.

Thank you once again for your high recommendation. We sincerely hope to welcome you back soon for another memorable and relaxing stay.

Kind regards,
CRM MANAGEMENT",2 reviews,Ci9DQUlRQUNvZENodHljRjlvT2kwM1QzZFpaakozWHpGc2RFVTFUSEZxYjJoUlNWRRAB
Espresso Studios,5.0,"Really loved our whole stay! In particular loved the games by the pool led by Furkan, he was so lovely & made our stay!! Would definitely come back!",a month ago,2026-07-05,,"Dear Guest Espresso Studios,

We would like to thank you for choosing Titanic Deluxe Golf Belek hotel as your holiday destination.
It was a great pleasure having you as our guest and we really appreciate you taking your time to write those wonderful and kind words about our hotel, we will share them with our management and staff.
It would be our pleasure to welcome you back here for many more comfortable holiday experiences!

Best regards,
CRM Management",3 reviews · 14 photos,Ci9DQUlRQUNvZENodHljRjlvT2kxWGIyaEhSVXRQVHpCTE0xQnNURXhaVDJaVlZHYxAB
irem yılmaz,5.0,"The hotel is very large and spacious. The staff are very attentive and friendly. The hotel's facilities and amenities are excellent. The rooms are spacious and clean. The food is delicious, and the ingredients used are of high quality. Breakfast, in particular, is very enjoyable. The pools are large and adequate. The evening entertainment is very professional. The hotel's ambiance is very pleasant. The only negative point is that the sea is very wavy and has small pebbles.",a month ago,2026-07-05,,"Dear Guest Irem Yilmaz,

Thank you for entrusting your holiday to Titanic Deluxe Golf Belek and for sharing your kind review with us.

Learning that our guests are satisfied with the services we provide is very motivating for us.

We hope to see you again and wish you a pleasant day.

Sincerely,

CRM MANAGEMENT",Local Guide · 13 reviews · 1 photo,Ci9DQUlRQUNvZENodHljRjlvT2tFNVRrVkhPRkYyZUcxamJFVndOamwyVUVjMGFIYxAB
M6493KA_,5.0,"We returned to this hotel, which means we were satisfied the first time!) |The hotel is memorable for its excellent service and beautifully maintained grounds. Spacious, clean, and very beautiful. Thank you for keeping things tidy, it …",a month ago,2026-07-05,,,,ChdDSUhNMG9nS0VNSGE5LVNoeWJ1cnpnRRAB
olga_R9107VJ,5.0,"Excellent hotel. Everything is wonderful. The food is delicious and varied. The staff is very attentive, and I'd especially like to mention the staff at the Irish Pub: the waitresses Keremet and Tugba Arabadzhi and the bartender Etem are friendly, attentive, and polite.",a month ago,2026-07-05,,,,ChdDSUhNMG9nS0VOdl9zWWVuaFpmZGhnRRAB
Ayse Ergün,5.0,"Throughout our holiday, we were very pleased with Hamza Yilmaz's friendly demeanor and professional approach. He takes his work seriously while maintaining his sincerity. We wish him continued success.""",a month ago,2026-07-05,,"Dear Guest Ayse Ergün,

Your kind feedback, sharing your thoughts and evaluations with us by taking the time to do so, fills us with pride and motivation. It is very valuable for us to learn from such positive feedback that we are on the right track to achieving our goal of impeccable service quality in the pursuit of high guest satisfaction.

It would be a pleasure to see you again and serve you.

Sincerely,
CRM Management",4 reviews,Ci9DQUlRQUNvZENodHljRjlvT2tWWU5GVnZaWFZ2VFRGS1VWWlBObVpNY0hZd2IzYxAB
Lee Prosser,5.0,Fantastic hotel staff are amazing and facilities are excellent.,a month ago,2026-07-05,,"Dear Guest Lee Prosser,

Thank you for choosing Titanic Deluxe Golf Belek and for sharing your highest score hereby!
We are happy that you remained satisfied with our hotel and we will happily share your kind words with our staff.
We would be happy to welcome you here again in the near future!

Best regards,
CRM Management",8 reviews,Ci9DQUlRQUNvZENodHljRjlvT21GZk9XazNWVVZtZDBkVlZraHZXbEJEZFcwMlRuYxAB
orhun orhan,5.0,A huge thank you to the animation team! The events were great. Everyone was so friendly and welcoming. We had so much fun! 🙏🥰,a month ago,2026-07-05,,"Dear Guest Orhun Orhan,

First of all, on behalf of the Titanic Deluxe Golf Belek family, we would like to thank you for rating our resort on Google.

We are very happy to have earned your satisfaction.
We hope to welcome you again soon...

Sincerely,
CRM MANAGEMENT",3 reviews,Ci9DQUlRQUNvZENodHljRjlvT20wMGFXdGZka1EzT0hwS1pYSTBVbFpYYWpCelJsRRAB
serdar özçelik,5.0,,a month ago,2026-07-05,,"Dear Guest Serdar Özçelik,

First of all, on behalf of the Titanic Deluxe Golf Belek family, we would like to thank you for rating our resort highly on Google.

We look forward to welcoming you again soon.

Sincerely,
CRM MANAGEMENT",,Ci9DQUlRQUNvZENodHljRjlvT25FeGJrbGxOVnA1VHpCNU5WUnRNblpDZFRaWlVIYxAB
Sam Verry,5.0,Animation team fantastic,a month ago,2026-07-05,,"Dear Guest Sam Verry,

Thank you very much for your excellent rating of Titanic Deluxe Golf Belek Hotel.
On behalf of our hotel management and staff, we truly appreciate your support and look forward to welcoming you again soon.

With kind regards,
CRM MANAGEMENT",3 reviews,Ci9DQUlRQUNvZENodHljRjlvT2w5dFFVcEJiREJXVlhRelpVUldWbUptZUdSaWNYYxAB
Gaye Yılmaz,5.0,,a month ago,2026-07-05,,"Dear Guest Gaye Yılmaz,

First of all, thank you for taking the time to rate us with a high score.
We are very pleased that you were satisfied with the services provided at our facility during your stay.
We will be happy to see you again soon.

With the hope of seeing you again in the near future,

Sincerely,
CRM MANAGEMENT",,Ci9DQUlRQUNvZENodHljRjlvT21JeFRsOXFUSGxaU0hSWmNuVnZjRUpNZWpKVk1sRRAB
D,5.0,"The animation team is fantastic, I highly recommend them.",a month ago,2026-07-05,,"Dear Guest D,

Thank you for sharing your valuable feedback with us.
We are pleased that you were satisfied with our service quality.
It would be a pleasure for us to see you again and serve you.
Please do not hesitate to contact us before your stay.

Sincerely,
CRM Management",6 reviews · 1 photo,Ci9DQUlRQUNvZENodHljRjlvT2w5d1prMTVOMVJmYW1ST1VsbEpiMHhxYmpnMVZIYxAB
Bakhtiyor Nishanov,5.0,"We came to relax at the Titanic Hotel Delux, it's very nice and cool, and the hotel, most importantly, has great animation, they're participating in darts today, it was a lot of fun, we definitely recommend this hotel.",a month ago,2026-07-05,,"Dear Guest Bakhtiyor Nishanov,

Thank you for choosing the Titanic Deluxe Golf Belek and for taking the time to share your experience. We are delighted to learn that your stay at our hotel was a positive experience. We sincerely hope to welcome you back as our valued guest.

Sincerely, and best wishes,
CRM Management",1 review,Ci9DQUlRQUNvZENodHljRjlvT2xCeVNHRTFjbWR2VkV4cU5HZDNjWGhhTFcxaGFGRRAB
Diko DDD,5.0,"Nice hotel!
Great entertainment staff!",a month ago,2026-07-05,,"Dear Guest Diko DDD,

First of all, thank you for choosing the Titanic Deluxe Golf Belek for your vacation and for sharing your high rating.
We look forward to welcoming you back.

Best wishes and see you again,
CRM MANAGEMENT",1 review,Ci9DQUlRQUNvZENodHljRjlvT25GR1VVWnJkVkY2ZFUxR1lYZGtTVll3WkdabVdYYxAB
Harry Finch,5.0,Great service and food,a month ago,2026-07-05,,"Dear Guest Harry Finch,

We would like to thank you for choosing Titanic Deluxe Golf Belek hotel as your holiday destination.
It was a great pleasure having you as our guest and we really appreciate you taking your time to write those wonderful and kind words about our hotel, we will share them with our management and staff.
It would be our pleasure to welcome you back here for many more comfortable holiday experiences!

Best regards,
CRM Management",3 reviews,Ci9DQUlRQUNvZENodHljRjlvT20xS00wdzFjR1k0UTJ4UmR5MWtZVTlJWlhaYU1tYxAB
Jessica Paun,5.0,"Amazing , animation team was great !",a month ago,2026-07-05,,"Dear Guest Jessica Paun,

Thank you for choosing Titanic Deluxe Golf and for sharing your highest score rating.
We would be happy to welcome you here again in the near future!

Best regards,
CRM MANAGEMENT",2 reviews,Ci9DQUlRQUNvZENodHljRjlvT2tFNFRVaExkbGxKWkRndFdXOVZNblZKY0VaNVMwRRAB
Ihab H,5.0,The resort os wonderful and full of exciting activities. Water polo experience in particular was great and we really enjoyed it. Team are very helpful and friendly. We really enjoyed it,a month ago,2026-07-05,,"Dear Guest Ihab H,

We would like to thank you for choosing Titanic Deluxe Golf Belek hotel as your holiday destination.
It was a great pleasure having you as our guest and we really appreciate you taking your time to write those wonderful and kind words about our hotel, we will share them with our management and staff.
It would be our pleasure to welcome you back here for many more comfortable holiday experiences!

Best regards,
CRM Management",3 reviews · 4 photos,Ci9DQUlRQUNvZENodHljRjlvT2xnMlh6ZzVNR3hMVTFSclkxbzFSMkUyVWpSS2RXYxAB
DAMLA YÜKSEL,5.0,"Everything was wonderful, thank you!",a month ago,2026-07-05,,"Dear Guest DAMLA YÜKSEL,

First of all, on behalf of the Titanic Deluxe Golf Belek family, we would like to thank you for rating our resort on Google.
We are very happy to have earned your satisfaction.
We hope to welcome you again soon...

Sincerely,
CRM MANAGEMENT",4 reviews,Ci9DQUlRQUNvZENodHljRjlvT210MmVXcDZjbFZ3VXpkQmNuQnNWRTUzT0hFM2NrRRAB
Hakan Demirtaş,5.0,,a month ago,2026-07-05,,"Dear Guest Hakan Demirtaş,

First of all, on behalf of the Titanic Deluxe Golf Belek family, we would like to thank you for rating our resort highly on Google.

We are very happy to have earned your satisfaction.

We look forward to welcoming you again soon.

Sincerely,
CRM MANAGEMENT",3 reviews,Ci9DQUlRQUNvZENodHljRjlvT21SR1pVRmhNalZMYjFsalJ6TnhRbE5qZEVoeFVVRRAB
Seçkin Özdil,5.0,The hotel was very nice and clean. The staff were very attentive and friendly. You can stay here with peace of mind.,a month ago,2026-07-05,,"Dear Valued Guest Seçkin Özdil,

First of all, thank you for taking the time to rate us with a high score.
We are very pleased that you were satisfied with the services provided at our facility during your stay.
We will be happy to see you again soon.

With the hope of seeing you again in the near future,

Sincerely,
CRM MANAGEMENT",3 reviews,Ci9DQUlRQUNvZENodHljRjlvT25ObE4yRmFObnBPZUVGcVIzSm9lRlZFYTA5VlgxRRAB
Chloe Stuart,5.0,,a month ago,2026-07-05,,"Dear Guest Chloe Stuart,

Thank you for choosing Titanic Deluxe Golf and for sharing your highest score rating.

We would be happy to welcome you here again in the near future!

Best regards,
CRM MANAGEMENT",1 review · 1 photo,Ci9DQUlRQUNvZENodHljRjlvT2tsWVJIUllRVmxLTFhwNVZWbDBkRUpwWm1aVFlWRRAB
Kelly Stewart,5.0,Excellent service excellent rooms all in throughly enjoyed the whole holiday elif from guest services especially helpful,a month ago,2026-07-05,,"Dear Guest Kelly Stewart,

Thank you for sharing your kind feedback. We are delighted to hear that you fully enjoyed your holiday and were satisfied with both our service and accommodation. Your kind recognition of Mrs. Elif from Guest Services is especially appreciated and will be shared with her and the team.

We look forward to welcoming you again in the future.

Best regards,
CRM MANAGEMENT",1 review · 5 photos,Ci9DQUlRQUNvZENodHljRjlvT25ONVduQXRNR2xLYVhobVQyZFNWMVZMY0hCelVIYxAB
tyreece Bowers,5.0,i enjoyed the service and the happiness around the hotel and the various restaurants and foods and bars and the entertainment,a month ago,2026-07-05,,"Dear Guest tyreece Bowers,

First of all we would like to thank you for choosing Titanic Deluxe Golf Belek  for your holiday!
We are very happy that you spoke highly of the service and behavior of our staff.
Your nice comments will be shared with all our staff and hotel management.
It would be our pleasure to welcome you back here for many more memorable holiday experiences!

With kind regards,
CRM Management",2 reviews,Ci9DQUlRQUNvZENodHljRjlvT2tWblIwdFpVRGR1YldacFozSnlYMUpsU2swME5uYxAB
Katie Killigrew,5.0,,a month ago,2026-07-05,,"Dear Guest Katie Killigrew,

Thank you for choosing Titanic Deluxe Golf and for sharing your highest score rating.

We would be happy to welcome you here again in the near future!

Best regards,
CRM MANAGEMENT",7 reviews · 3 photos,Ci9DQUlRQUNvZENodHljRjlvT20xWmMwaFdNa3RqUVVwT1lYcDJTMkl0U1VWT1gxRRAB
Batu Altintas,5.0,"The hotel is wonderful, there is a lot of entertainment both during the day and in the evening, the animation team is very good and friendly, in the evening there are a lot of varied shows and parties, we will definitely come back",a month ago,2026-07-05,,"Dear Guest, Batu Altintas,

Thank you for choosing Titanic Deluxe Golf and for taking the time to share your experience. We are delighted to learn that your stay at our hotel was a positive experience. We sincerely hope to welcome you back as our valued guest.

Sincerely, and best wishes,
CRM Management",4 reviews,Ci9DQUlRQUNvZENodHljRjlvT2xBemRDMUtTM2hVYzI1aE4zcG5OaTA0Ym1wUmNrRRAB
Liliya Manikpuri,5.0,We would love to say thanks to entertainment team dart volleyball and boccia activities was awesome and we had fun a lot and night programs was perfect thanks to all team,a month ago,2026-07-05,,"Dear Guest Liliya Manikpuri,

Thank you very much for your kind feedback.

We are delighted to hear that you had such an enjoyable holiday and that you especially appreciated the entertainment team. It is wonderful to know that activities such as darts, volleyball, and boccia added to your experience, and that you enjoyed our evening shows as well.

Your kind words will be shared with our entertainment team, who will be very happy to know they made your stay memorable.

We truly appreciate you taking the time to share your comments and hope to welcome you back again for another fantastic holiday.

Kind regards,
CRM Management",2 reviews,Ci9DQUlRQUNvZENodHljRjlvT2s5UmMxWjFPVTlCTjJGTU56UktNWHBNUzBwS2VYYxAB
selim kuruca,5.0,"We were very pleased with everything, everything was wonderful, especially a big thank you to Ms. Çiğdem for taking care of the cleanliness of our room 😊",a month ago,2026-07-05,,"Dear Guest Selim Kuruca,

Thank you for your kind review of our facility.

Every comment you make is very important to us.
We are very happy to have earned your satisfaction. Your satisfaction motivates our entire team and encourages us to provide even better service.

It would be a pleasure to see you again and serve you.

Sincerely,
CRM Management",3 reviews,Ci9DQUlRQUNvZENodHljRjlvT2xKdExXZGpkMmR6WVZKWU1uRkVaMDgwTTNsbmNsRRAB
Noah,5.0,"Amazing hotel, great events/shows and a lot of games to play with animation team. Food and service is also great",a month ago,2026-07-05,,"Dear Guest Noah,

Thank you for your wonderful review. We are delighted to hear that you enjoyed your stay and appreciated our events, shows, and the variety of games organized by our animation team. It is especially rewarding to know that our food and service met your expectations.

Your kind words motivate our team to continue delivering memorable experiences for all our guests. We truly appreciate your feedback and look forward to welcoming you back for another fantastic holiday.

Kind regards,
CRM Management",6 reviews · 4 photos,Ci9DQUlRQUNvZENodHljRjlvT2pWSFVHZFlOMnBTT1V0aWRETllhMk5hUjFFMVNuYxAB
Senem -,5.0,"It’s an amazing hotel. Everything is really nice. The animation team is amazing with a lot of fun activities. On tuesday there was a survival activity. That one was amazing. But also the waterpolo, volleyball and darting is really fun!",a month ago,2026-07-05,,"Dear Guest Senem -,

Thank you for your fantastic review and for sharing your experience with us.

We are delighted to hear that you enjoyed your stay and found everything to be amazing. It is especially wonderful to know that our animation team made such a positive impression with their energy and variety of fun activities. We are thrilled that you enjoyed the Survival activity on Tuesday, as well as the water polo, volleyball, and darts games.

Your kind words will be shared with our animation team, who will be very happy to know that their efforts helped make your holiday even more enjoyable.

We sincerely appreciate your feedback and look forward to welcoming you back for another memorable stay.

Kind regards,
CRM Management",5 reviews,Ci9DQUlRQUNvZENodHljRjlvT21sc1ZuaHJlRzlrUjBGVVoyWlJWVFprTkRZNGVtYxAB
michelle Ibbs,5.0,,a month ago,2026-07-05,,"Dear Guest michelle Ibbs,

Thank you for choosing Titanic Deluxe Golf and for sharing your highest score rating.

We would be happy to welcome you here again in the near future!

Best regards,
CRM MANAGEMENT",5 reviews,Ci9DQUlRQUNvZENodHljRjlvT2tkTE4yVnBZalI0VFVwUVdGZGZNV2hCTTBWUFkxRRAB
Kevin Alcock,5.0,,a month ago,2026-07-05,,"Dear Guest Kevin Alcock,

On behalf of the hotel management & staff we would like to thank you for high rating of the Titanic Deluxe Golf Belek Hotel.

We hope that very soon we will welcome you at our hotel again.

With kind regards,
CRM MANAGEMENT",1 review,Ci9DQUlRQUNvZENodHljRjlvT2tKbFRXdExWMUZhTkc5Vlh6UXRiVXhrZGxCRmEzYxAB
Таттиса Елошвили,5.0,A stunning hotel with a huge grounds! A large children's center and really cool entertainment for kids.,a month ago,2026-07-05,,"Dear Guest Tattis Eloshvili,

First of all, thank you for choosing the Titanic Deluxe Golf Belek Hotel for your vacation and for sharing your review. We are truly delighted that you had a positive experience at our hotel. We look forward to welcoming you back.

Best wishes and see you again,
CRM Management",1 review,Ci9DQUlRQUNvZENodHljRjlvT25Fd1VXTlpkM1I2YVhwUVQzZEJSMHRRYVVab1RtYxAB
Erdal Bilsel,5.0,,a month ago,2026-07-05,,"Dear Guest Erdal Bilsel,

First of all, on behalf of the Titanic Deluxe Golf Belek family, we would like to thank you for rating our resort on Google.

We are very happy to have earned your satisfaction.
We hope to welcome you again soon...

Sincerely,
CRM MANAGEMENT",,Ci9DQUlRQUNvZENodHljRjlvT21GNE5GWjZRbVozUjJ4MlkzZHRTRTFSTFZCTVpuYxAB
Hüseyin Uzunay,5.0,The hotel exceeded our expectations this year. Thank you for everything. Special thanks to Elif from Guest Relations for her support.,a month ago,2026-07-05,,"Dear Guest Hüseyin Uzunay,

First of all, thank you for taking the time to rate us with a high score.

We are very pleased that you were satisfied with the services provided at our facility during your stay.

We will be happy to see you again soon.

With best regards,
CRM MANAGEMENT",12 reviews · 1 photo,Ci9DQUlRQUNvZENodHljRjlvT2s5SE5sZHZUbU5YY1RSS1draEZhMFl4VlhoS1QyYxAB
steven etchells,5.0,,a month ago,2026-07-05,,"Dear Guest steven etchells,

Thank you for choosing Titanic Deluxe Golf and for sharing your highest score rating.

We would be happy to welcome you here again in the near future!

Best regards,
CRM MANAGEMENT",,Ci9DQUlRQUNvZENodHljRjlvT2s5R1dXTm9XWGxJWWtsRFVsOVBXVTlVUkVadVIzYxAB
Büşra Gündoğan Uzunay,5.0,"Everything was wonderful this year, guest relations were especially great thanks to Elif ♥️",a month ago,2026-07-05,,"Dear Guest Büşra Gündoğan Uzunay,

First of all, on behalf of the Titanic Deluxe Golf Belek family, we would like to thank you for rating our resort highly on Google.

Your valuable comments and suggestions are very important to us.

We are very happy to have earned your satisfaction.

We look forward to welcoming you again soon.

Sincerely,
CRM MANAGEMENT",6 reviews · 2 photos,Ci9DQUlRQUNvZENodHljRjlvT2xkRlpISkJhelF4YUZscll6a3RZMHMyY2xaNVIwRRAB
Sayin Gökalp,5.0,"A superb stay! The hotel was clean, comfortable, and very well-maintained. The staff was friendly, attentive, and always helpful. The rooms were modernly furnished, the breakfast excellent, and the location ideal. Overall, a thoroughly positive experience – I would gladly return and can wholeheartedly recommend this hotel.",a month ago,2026-07-05,,"Dear Sayin Gökalp,

We would like to thank you for choosing the Titanic Deluxe Golf for your holiday.

We truly appreciate you taking the time to write a positive review here on the website. We are delighted that you enjoyed your stay with us!

We would be pleased to welcome you back again soon.

Sincerely,

CRM Management",1 review,Ci9DQUlRQUNvZENodHljRjlvT2xORlJUSk5RMjVsWkVFNGRWQmhNVU4wWHpkNFJGRRAB
Diyar 12,5.0,"The entertainment staff were always friendly and cheerful, creating a fantastic atmosphere. The varied program was a lot of fun and made the holiday even more enjoyable. A big thank you to the entire entertainment team!",a month ago,2026-07-05,,"Dear Diyar 12,

First of all, we would like to thank you for choosing the Titanic Deluxe Golf Belek Hotel for your vacation.

We would also like to thank you for taking the time to share your positive experience of your well-deserved vacation at our hotel.

Your kind and encouraging words are greatly appreciated and will be shared with the management and staff!

We would be delighted to welcome you back for many more comfortable vacations!

Sincerely,

CRM Management


Thank you for your kind words.",6 reviews,Ci9DQUlRQUNvZENodHljRjlvT2w5c2NHNXFNMDVHTm5ZMVExQkRaMFZuTlVsT01tYxAB
christian whittington,5.0,"We are staying at the hotel with our family. The hotel is very large and beautiful, the service is very good, the food is delicious and there is a large selection of drinks. We definitely recommend participating in all the activities. The beach activities and the evening program are fantastic. Thank you to the animation team for giving us a wonderful vacation.",a month ago,2026-07-05,,"Dear Guest, Christian Whittington,

First of all, thank you for choosing the Titanic Deluxe Golf Belek for your vacation and for sharing your review. We are truly delighted that you had a positive experience at our hotel. We look forward to welcoming you back.

Best wishes and see you again,
CRM Management",4 reviews,Ci9DQUlRQUNvZENodHljRjlvT21SUFp5MUxZMGRSVEc5b1RFcDZOR3cxTW1kdGRWRRAB
Dana Talapkerova,5.0,,a month ago,2026-07-05,,"Dear Guest Dana Talapkerova,

Thank you for choosing Titanic Deluxe Golf and for sharing your highest score rating.

We would be happy to welcome you here again in the near future!

Best regards,
CRM MANAGEMENT",,Ci9DQUlRQUNvZENodHljRjlvT2pCMk16QllVa2xhWlVSclRHeFZWSE41VERoa1RIYxAB
Ry,5.0,,a month ago,2026-07-05,,"Dear Guest Ry,

First of all, on behalf of the Titanic Deluxe Golf Belek family, we would like to thank you for reviewing our hotel on Google.

We are very happy that you were generally satisfied with your stay.
We hope to welcome you again soon.

Sincerely,
CRM MANAGEMENT",8 reviews,Ci9DQUlRQUNvZENodHljRjlvT2treVFtMWpPVXBrTVZWalRsOUNhRWxFYkdWcWRuYxAB
Ahmet Erol,5.0,,a month ago,2026-07-05,,"Dear Guest Ahmet Erol,

First of all, on behalf of the Titanic Deluxe Golf Belek family, we would like to thank you for rating our resort highly on Google.

We look forward to welcoming you again soon.

Sincerely,
CRM MANAGEMENT",3 reviews,Ci9DQUlRQUNvZENodHljRjlvT2xveVJUaHdMVUpuTFd3NVpEQjJibkUxYm5NM1luYxAB
Ziya,5.0,,a month ago,2026-07-05,,"Dear Guest Ziya,

First of all, on behalf of the Titanic Deluxe Golf Belek family, we would like to thank you for rating our resort highly on Google.

We look forward to welcoming you again soon.

Sincerely,
CRM MANAGEMENT",,Ci9DQUlRQUNvZENodHljRjlvT2xKVFJVUjROMU5hYTJGbGJGaHRWbU5NU0VWWlJVRRAB
Gezgin,5.0,This hotel holds a very special place in my heart; it's truly a beautiful hotel ❤️,a month ago,2026-07-05,,"Dear Guest Traveler,

Thank you for entrusting your holiday to Titanic Deluxe Golf Belek and for sharing your kind review with us.

It motivates us greatly to learn that our guests are satisfied with the services we provide.

We hope to see you again and wish you a pleasant day.

Sincerely,
CRM MANAGEMENT",Local Guide · 83 reviews · 161 photos,Ci9DQUlRQUNvZENodHljRjlvT2sxdGNWVjNkak5PYUhwTE1GbzNiVGRtZWpsaVRtYxAB
72simbac,5.0,"In a word: fantastic. I can't think of anything that wasn't right; everything was top-notch. This is my second time at this hotel, and certainly not my last. The restaurants, service, room, cleanliness, reception—everything, absolutely everything, is magnificent.",a month ago,2026-07-05,,,,ChZDSUhNMG9nS0VMTHpxNGYtbUxEc0RnEAE
Максим Дубовицкий,5.0,"Great hotel. The room was superb. The food was varied and delicious. High-quality drinks. Special thanks to the Irish Pub staff, Keremet and Tugba Arabazhi, and bartender Etem.",a month ago,2026-07-05,,"Dear Guest, Maxim Dubovitsky,

First of all, thank you for choosing the Titanic Deluxe Golf Belek Hotel for your vacation and for sharing your review. We are truly delighted that you had a positive experience at our hotel. We look forward to welcoming you back.

Best wishes and see you again,
CRM Management",2 reviews · 5 photos,Ci9DQUlRQUNvZENodHljRjlvT25Vek4wUmZkRGx3YUZobmRrNDJhVjlJTVU5V1NtYxAB
Cenk Erözkan,5.0,"We received wonderful and impeccable service throughout our 3-day visit to the Irish Pub. Many thanks to Mr. Ibrahim, Ms. Tugba, and Ms. Keremet for their warm and professional service.",a month ago,2026-07-05,,"Dear Guest Cenk Erözkan,

First of all, on behalf of the Titanic Deluxe Golf Belek family, we would like to thank you for rating our resort on Google.

We are very happy to have earned your satisfaction.
We hope to welcome you again soon...

Sincerely,
CRM MANAGEMENT",Local Guide · 13 reviews · 7 photos,Ci9DQUlRQUNvZENodHljRjlvT25VNVgzcFpaMDFZZURCRWEyZFhSa2hQWmt4ZmRXYxAB
Doğukan Demir,5.0,"Thanks to Ms. Elif from customer relations.
She took care of everything for us.",a month ago,2026-07-05,,"Dear Guest Doğukan Demir,

On behalf of the Titanic Deluxe Golf family, we would like to thank you very much for taking the time to share your feedback with us.

Your thoughts and evaluations, shared with us by taking the time to do so, fill us with pride and motivation.

We would always be delighted to welcome you back to our resort as valued members of the Titanic Deluxe Golf Belek Family.

Sincerely,
CRM Management",10 reviews · 7 photos,Ci9DQUlRQUNvZENodHljRjlvT2twUk5YcEphMkp0ZG1aRVZEUXlaVVJLVDBKbkxWRRAB
Mert Yenibayrak,5.0,,a month ago,2026-07-05,,"Dear Guest Mert Yenibayrak,

First of all, on behalf of the Titanic Deluxe Golf Belek family, we would like to thank you for rating our resort highly on Google.

We look forward to welcoming you again soon.

Sincerely,
CRM MANAGEMENT",1 review,Ci9DQUlRQUNvZENodHljRjlvT2pSek5sTklTVzlLYUVrMFRsVkJjM2R0YkdOYU9GRRAB
Tomasz Tulibacki,5.0,Elif was really helpful,a month ago,2026-07-05,,"Dear Guest Tomasz Tulibacki,

Thank you for choosing Titanic Deluxe Golf and for sharing your highest score rating.

We would be happy to welcome you here again in the near future!

Best regards,
CRM MANAGEMENT",8 reviews,Ci9DQUlRQUNvZENodHljRjlvT21nMVFVcG9UM2RzTmw5b1MwbFlVM2xGZHpsNVRsRRAB
Sami m,5.0,"good service

And elif from guest service doing good job",a month ago,2026-07-05,,"Dear Guest Sami m,

First of all we would like to thank you for choosing Titanic Deluxe Golf Belek  for your holiday!
We are very happy that you spoke highly of the service and behavior of our staff.
Your nice comments will be shared with all our staff and hotel management.
It would be our pleasure to welcome you back here for many more memorable holiday experiences!

With kind regards,
CRM Management",Local Guide · 69 reviews · 75 photos,Ci9DQUlRQUNvZENodHljRjlvT25obGJWOWZNVmcxU3pSZmVXMWxkMDlqVVc1NVZIYxAB
danni van steenhoven,5.0,"Second time we arw in the hotel, still a verry good place. Would always recommend it to someone",a month ago,2026-07-05,,"Dear Guest danni van steenhoven,

Thank you for taking the time to share your feedback and for choosing to stay with us for a second time. We are truly pleased to hear that you continue to enjoy your experience at our hotel and that we were able to meet your expectations once again.

Your kind words and recommendation are greatly appreciated and will be shared with our team, as they serve as a strong motivation to maintain and further improve the quality of our services. Guest satisfaction and consistency in service delivery are our top priorities, and feedback such as yours is very valuable in this regard.

We sincerely appreciate your loyalty and trust, and we look forward to welcoming you back in the near future for another comfortable and pleasant stay.

Best regards,
CRM Management",3 reviews,Ci9DQUlRQUNvZENodHljRjlvT21GRlQycEVWemxQYTJ0clN5MDRSRmxZYTJ4MU5XYxAB
Merve Bal,5.0,"We stayed for 4 nights and were very pleased with everything. The food we ate and the alcoholic and non-alcoholic drinks we had were all top quality. The staff were very positive and clearly enjoyed their work, but what impressed us most was how much Berke Bey loved his job. I especially wanted to thank him for his attention, care, and friendly demeanor.",a month ago,2026-07-05,,"Dear Valued Guest Merve Bal,

Thank you for your kind review of our facility.

Every opinion you provide is very important to us.
We are very happy to have earned your satisfaction. Your satisfaction motivates our entire team and encourages us to provide even better service.

It would be a pleasure to see you again and serve you.

Sincerely,

CRM Management",12 reviews,Ci9DQUlRQUNvZENodHljRjlvT2s1MGMxQkJkMVJIY0hCaFFYZERVRVEyZG5wUlFuYxAB
Tracey,5.0,"Boys played water polo and really enjoyed it. They were very understanding about my autistic son. Berek was fantastic and very friendly, we need more of him.

Watts app has been helpful in booking cabana before we arrived. Again, worth booking the pier one, amazing.",a month ago,2026-07-05,,"Dear Guest Tracey,

We would like to thank you for choosing Titanic Deluxe Golf Belek hotel as your holiday destination.
It was a great pleasure having you as our guest and we really appreciate you taking your time to write those wonderful and kind words about our hotel, we will share them with our management and staff.
It would be our pleasure to welcome you back here for many more comfortable holiday experiences!

Best regards,
CRM Management",3 reviews,Ci9DQUlRQUNvZENodHljRjlvT2pCc1dsUnVabFp6Um5CcFRGa3hWRk4yT0dSa1RFRRAB
ceren anayurt,5.0,"We thank the team; we had so much fun in activities like volleyball, darts, and water polo. Thank you to the entire sports team.",a month ago,2026-07-05,,"Dear Guest Ceren Anayurt,

First of all, thank you for taking the time to share your experiences with us and Google readers. We are very happy that you were satisfied with the facilities and service quality offered by our hotel.
On behalf of the Titanic Deluxe Golf Belek family, we wish you happy and healthy days and would like you to know that we would be delighted to welcome you again.

Sincerely,
CRM MANAGEMENT",6 reviews,Ci9DQUlRQUNvZENodHljRjlvT25OQlZFNWhjMGhOU21oRWFqZzJUVVZKZHpaRGVVRRAB
Emin Mert Önder,5.0,"We thank the animation team; we had so much fun with activities like darts, volleyball, and football. The evening programs were truly entertaining and professional. Thank you to the entire team.",a month ago,2026-07-05,,"Dear Guest Emin Mert Önder,

First of all, we would like to express our sincere gratitude for taking the time to share your feedback about our facility.

We are very pleased that you enjoyed your stay. As you will appreciate, every feedback from our guests is of great importance to us.

It would be a pleasure to see you again and serve you.

Sincerely,
CRM Management",1 review,Ci9DQUlRQUNvZENodHljRjlvT2pSbVdGRldNelZYUkZsdVUybEtPRkUwWlhaaVpYYxAB
Marlen Abdikasimov,5.0,Today I was invited to a game of darts. The entertainment staff is simply wonderful. The service is first-class. Thanks to them for their enthusiasm.,Edited a month ago,2026-07-05,,"Dear Guest Marlen Abdikasimov,

First of all, thank you for choosing the Titanic Deluxe Golf Hotel for your vacation and for sharing your review. We are truly delighted that you had a positive experience at our hotel. We look forward to welcoming you back.

Best wishes and see you again,
CRM Management",1 review,Ci9DQUlRQUNvZENodHljRjlvT25nMFlrUk9WM2xrWjA5R04zSlNjazVRV201NFlrRRAB
Дарина Куватова,5.0,"The hotel is family-run and very nice, the staff is friendly. Thank you, Melek, for your personal approach to all our issues.",Edited a month ago,2026-07-05,,"Dear Guest Darina Kuvatova,

First of all, thank you for choosing the Titanic Deluxe Golf Belek Hotel for your vacation and for sharing your high rating.
We look forward to welcoming you back.

Best wishes and see you again,
CRM MANAGEMENT",1 review,Ci9DQUlRQUNvZENodHljRjlvT2xGaWFFaGpWRnB4VVRkMGQwaG5XRXRVVVMxYVduYxAB
Jason Bourne,5.0,"The hotel is incredible, the service, food, and amenities are all top-notch. There's nothing to complain about, although there is one caveat: there's too much food and alcohol. Otherwise, everything is excellent. The quality of service, attentive staff, and care allow you to completely relax and focus on nothing but relaxation. The early summer weather is pleasantly mild with gentle heat and a gentle breeze. The water park is perfect for both children and adults, a real thrill. The daily shows are varied and spectacular. A truly wonderful family hotel.",a month ago,2026-07-05,,"Dear Guest Jason Bourne,

Thank you for choosing the Titanic Deluxe Golf Belek and for taking the time to share your experience.

We are delighted to learn that your stay at our hotel was a positive experience.

We sincerely hope to welcome you back as our valued guest.

Sincerely, and best wishes,
CRM Management",Local Guide · 40 reviews · 298 photos,Ci9DQUlRQUNvZENodHljRjlvT2tadU9WbFlkMWRVZDFsdGNWOXJMV2RMVkVwc2VWRRAB
Marianna Stepanova,5.0,"Most of the staff speaks Russian! The hotel grounds are huge! Any lost item is always there; just ask the staff, and they'll find it! The internet works great throughout the hotel grounds and on the beach. 👌🏼Thank you so much for the excellent service!",a month ago,2026-07-05,,"Dear Guest Marianna Stepanova,

First of all, thank you for choosing the Titanic Deluxe Golf Hotel for your vacation and for sharing your review. We are truly delighted that you had a positive experience at our hotel. We look forward to welcoming you back.

Best wishes and see you again,
CRM Management",1 review,Ci9DQUlRQUNvZENodHljRjlvT2tnMU9YRXdZM0ZWU0dSUFoyZHdORVZKWmtSQk0zYxAB
Şemsettin Akkuş,5.0,,a month ago,2026-07-05,,"Dear Guest Şemsettin Akkuş,

First of all, on behalf of the Titanic Deluxe Golf Belek family, we would like to thank you for reviewing our hotel on Google.

We are very happy that you were generally satisfied with your stay. We hope to welcome you again soon.

Sincerely,
CRM MANAGEMENT",6 reviews · 3 photos,Ci9DQUlRQUNvZENodHljRjlvT21sbVdrSmFSa0ZVU0hRMFFYWkxYMFo1UjJKTmFuYxAB
Ali Kurul,5.0,Everything was wonderful. Gulnara was very helpful to us. Thank you.,a month ago,2026-07-05,,"Dear Guest Ali Kurul,

First of all, on behalf of the Titanic Deluxe Golf Belek family, we would like to thank you for rating our resort on Google.

We are very happy to have earned your satisfaction.
We hope to welcome you again soon...

Sincerely,
CRM MANAGEMENT",4 reviews,Ci9DQUlRQUNvZENodHljRjlvT2xkaWVuVnFUa2s0TkRGcFZEUlRjV010ZUVObmIzYxAB
Jordan Fraser,5.0,"The hotel is massive and amazing with amazing entertainment team, pools and restaurants.",a month ago,2026-07-05,,"Dear Guest Jordan Fraser,

On behalf of the hotel management & staff we would like to thank you for high rating of the Titanic Deluxe Golf Belek Hotel.

We hope that very soon we will welcome you at our hotel again.

With kind regards,
CRM MANAGEMENT",1 review,Ci9DQUlRQUNvZENodHljRjlvT2tSTVdrOXlaMGRwTVhrMmFIZDJTRzFJWVdNeGVsRRAB
Nathaniel Keall,5.0,Great experience- excellent service and entertainment,a month ago,2026-07-05,,"Dear Guest Nathaniel Keall,

Thank you for choosing Titanic Deluxe Golf Belek and for sharing your highest score hereby!
We are happy that you remained satisfied with our hotel and we will happily share your kind words with our staff.
We would be happy to welcome you here again in the near future!

Best regards,
CRM Management",2 reviews,Ci9DQUlRQUNvZENodHljRjlvT2xvM1prbDVlV3BUZUd4ME1tRktOMkk0VW1kNmVYYxAB
Gürkan Sarkin,5.0,We are very satisfied with the staff.,a month ago,2026-07-05,,"Dear Gürkan Sarkin,

Thank you for choosing to stay with us at the Titanic Deluxe Golf Belek, and we are very grateful for your positive and encouraging review. Please be assured that your kind and encouraging words will be shared with management!

We hope to welcome you back again soon for another enjoyable and unforgettable holiday!

Sincerely,

CRM Management


Thank you for choosing us for your holiday at the Titanic Deluxe Golf Belek.
...",5 reviews,Ci9DQUlRQUNvZENodHljRjlvT25oVE9XUlZlRFZMYlZKalJIaDBMV1JmWTJaeFgxRRAB
İsmail Karan,5.0,"We had our honeymoon at the hotel, and thanks to the hotel's general manager, Mr. Murat, and especially the head chef, Hakan, our holiday was wonderful. It's a very enjoyable resort. The kitchen has truly elevated this resort to a higher level with its fantastic food.",a month ago,2026-07-05,,"Dear Guest İsmail Karan,

First of all, on behalf of the Titanic Deluxe Golf Belek family, we would like to thank you for rating our resort on Google.

We are very happy to have earned your satisfaction.
We hope to welcome you again soon...

Sincerely,
CRM MANAGEMENT",1 review,Ci9DQUlRQUNvZENodHljRjlvT2xNeWRuWjNXRFUzWldKS01sQmtWVVpVV1V3eE5tYxAB
Olie Turner,5.0,Hotel was fantastic and the atmosphere was brilliant,a month ago,2026-07-05,,"Dear Guest Olie Turner,

We would like to thank you for choosing Titanic Deluxe Golf Belek hotel as your holiday destination.
It was a great pleasure having you as our guest and we really appreciate you taking your time to write those wonderful and kind words about our hotel, we will share them with our management and staff.
It would be our pleasure to welcome you back here for many more comfortable holiday experiences!

Best regards,
CRM Management",1 review,Ci9DQUlRQUNvZENodHljRjlvT21oRE1IVmhSRXh5V1Uxa1RYaExkMDlHYW1rdFoxRRAB
Muhannad Khirallah,5.0,Melek is the best assistant you can get,a month ago,2026-07-05,,"Dear Guest Muhannad Khirallah,

Thank you for choosing Titanic Deluxe Golf and for sharing your highest score rating.

We would be happy to welcome you here again in the near future!

Best regards,
CRM MANAGEMENT",1 review,Ci9DQUlRQUNvZENodHljRjlvT2tweWQyaHdjMHhsVFU5V1pVSkpZVGw1YUVSeWVuYxAB
Evgenii Stepanov,5.0,,a month ago,2026-07-05,,"Dear Guest Evgenii Stepanov,

Thank you very much for your excellent rating of Titanic Deluxe Golf Belek Hotel.

On behalf of our hotel management and staff, we truly appreciate your support and look forward to welcoming you again soon.

With kind regards,
CRM MANAGEMENT",1 review,Ci9DQUlRQUNvZENodHljRjlvT21jMlRuTjRVR2cwZWtSWE5WOWhUa3c0U21obFRrRRAB
SEMA KARATAŞ,5.0,We chose this hotel for our honeymoon and were extremely pleased. We especially want to thank Elif Hanım and Hasan Bey for their help and attention 😊,a month ago,2026-07-05,,"Dear Guest SEMA KARATAŞ,

First of all, on behalf of the Titanic Deluxe Golf Belek family, we would like to thank you for rating our resort highly on Google.

Your valuable comments and suggestions are very important to us.

We are very happy to have earned your satisfaction.

We look forward to welcoming you again soon.

Sincerely,
CRM MANAGEMENT",10 reviews · 4 photos,Ci9DQUlRQUNvZENodHljRjlvT2pFMU9VTkxUelJTVnpaeVRGODFOakJtUlZWdFpGRRAB
Nisa Malkoç,5.0,"We were very pleased with Mr. Abdullah, who served the terrace area during our stay at the Maldive Suites.",a month ago,2026-07-05,,"Dear Guest Nisa Malkoç,

First of all, on behalf of the Titanic Deluxe Golf Belek family, we would like to thank you for rating our resort on Google.

We are very happy to have earned your satisfaction.
We hope to welcome you again soon...

Sincerely,
CRM MANAGEMENT",4 reviews,Ci9DQUlRQUNvZENodHljRjlvT21oclQxcFdhR2syYkRkSWJtRlJNelpKVWpadE9WRRAB
Alina Damian,5.0,,a month ago,2026-07-05,,"Dear Guest Alina Damian,

Thank you for choosing Titanic Deluxe Golf and for sharing your highest score rating.

We would be happy to welcome you here again in the near future!

Best regards,
CRM MANAGEMENT",,Ci9DQUlRQUNvZENodHljRjlvT210d2NuRk1VMU5STUdZNVNWUjRhVk5sVW1VNWFGRRAB
Efsane Baybars,5.0,"We had a 4-night, 5-day stay, and the friendliness, attention, and care of the staff from the entrance to the dining area and event spaces were undeniable. They are incredibly dedicated to customer satisfaction.
We had a dinner reservation at Yamas for a birthday celebration, and Mr. Berke, whom we met at the restaurant, was so helpful. From what I observed, he showed the same care and attention not only to us but to all Turkish and foreign customers. His interaction with children was especially amazing. I hope he reaches the positions he deserves as soon as possible. He deserves more.",a month ago,2026-07-05,,"Dear Valued Guest Efsane Baybars,

Thank you for your kind review of our facility.

Every opinion you provide is very important to us.
We are very happy to have earned your satisfaction. Your satisfaction motivates our entire team and encourages us to provide even better service.

It would be a pleasure to see you again and serve you.

Sincerely,
CRM Management",4 reviews,Ci9DQUlRQUNvZENodHljRjlvT25ocVNXSkViamhrWkVZeVJXOHpXR00zVDFBMGRHYxAB
A4294SXsophiah,5.0,We had a great stay.,a month ago,2026-07-05,,,,ChZDSUhNMG9nS0VJdlA0S0hEajd2ZGVnEAE
Krystian Kapusta,5.0,"The hotel is super big and comfortable, clean, and most importantly, delicious food and a large selection of drinks. The evening program is superb and the animation is great. We play volleyball in Turkey. It was really cool. Thank you very much to the animator.",a month ago,2026-07-05,,"Dear Guest Krystian Kapusta,

Thank you for choosing the Titanic Deluxe Golf Belek and for taking the time to share your experience. We are delighted to learn that your stay at our hotel was a positive experience. We sincerely hope to welcome you back as our valued guest.

Sincerely, and best wishes,
CRM Management",4 reviews,Ci9DQUlRQUNvZENodHljRjlvT21oQlFYcHNUME5UUkZCMU9VNDVSMFp6UjBZMGNYYxAB
Марат Токторов,5.0,"We spent an unforgettable week with the kids, a wonderful vacation at a wonderful hotel. We chose it based on recommendations from friends, and everything was top notch. Special thanks to the guest relations staff, especially Ms. Melek and Mr. Yusuf, for their unexpected and pleasant attention. They noticed my daughter's birthday in her passport and prepared a surprise. They took a very thoughtful and professional approach to each guest. The kids were delighted and full of emotions and joy!",a month ago,2026-07-05,,"Dear Guest Marat Toktorov,

First of all, thank you for choosing the Titanic Deluxe Golf Hotel for your vacation and for sharing your review. We are truly delighted that you had a positive experience at our hotel. We look forward to welcoming you back.

Best wishes and see you again,
CRM Management",1 review,Ci9DQUlRQUNvZENodHljRjlvT2psS2MzaEhkM2d4WlVsUVRrcEhNMVJwV25wMFZrRRAB
Mecit Bas,5.0,,a month ago,2026-07-05,,"Dear Guest Mecit Bas,

Thank you for choosing Titanic Deluxe Golf and for sharing your highest score rating.

We would be happy to welcome you here again in the near future!

Best regards,
CRM MANAGEMENT",2 reviews,Ci9DQUlRQUNvZENodHljRjlvT2poRldHcFdUeTB0VFc5bVRXZDJSRzB0VmxKelIxRRAB
Spiritual Angel,5.0,❤️ beautiful Hooley,a month ago,2026-07-05,,"Dear Guest Spiritual Angel,

We would like to sincerely thank you for choosing Titanic Deluxe Golf Belek Hotel and for your 5-star rating.

It will be our pleasure to welcome you back again in the near future.

With kind regards,
CRM MANAGEMENT",5 reviews,Ci9DQUlRQUNvZENodHljRjlvT2t4amF6VlJSMEpUVkdscWMyWlRURFZuTVhaNWNWRRAB
BARIŞ DÖNEN,5.0,,a month ago,2026-07-05,,"Dear Guest, BARIS DÖNEN,

First of all, on behalf of the Titanic Deluxe Golf Belek family, we would like to thank you for rating our resort on Google.

We are very happy to have earned your satisfaction.
We hope to welcome you again soon...

Sincerely,
CRM MANAGEMENT",,Ci9DQUlRQUNvZENodHljRjlvT25WbVdXdFNRa0ZVV1dsaE1sUlllVEk0WjFCRVJGRRAB
Serdar Gökçe,5.0,"Elif Hanım and Hasan Bey, along with the entire hotel staff, are completely professional, attentive, and helpful. Thank you for everything; we will definitely choose this hotel again soon. 🙏🏻🙏🏻",a month ago,2026-07-05,,"Dear Guest Serdar Gökçe,

First of all, on behalf of the Titanic Deluxe Golf Belek family, we would like to thank you for rating our resort on Google.

We are very happy to have earned your satisfaction.
We hope to welcome you again soon...

Sincerely,
CRM MANAGEMENT",1 review,Ci9DQUlRQUNvZENodHljRjlvT2pkRmFFcG1MVWxpU0ZCTmFtdFVXRzloVFVJMmVFRRAB
Şeyda Kızıl,5.0,"We chose this hotel for our honeymoon. We initially thought we'd get bored staying indoors and opted for a hotel close to the center, but we ended up choosing one with lots of activities to explore inside without having to go out. We were very pleased with everything; the food, room service, and everything else was excellent. We would like to thank Elif and Hasan for their support and for being there for us throughout our stay, answering all our questions and taking care of us. We hope to see you again next time 🙏🏻",a month ago,2026-07-05,,"Dear Guest Şeyda Kızıl,

First of all, thank you for taking the time to rate us with a high score. We are very pleased that you were satisfied with the services provided at our facility during your stay. We will be happy to see you again soon.

With the hope of seeing you again in the near future,

Sincerely,
CRM MANAGEMENT",4 reviews,Ci9DQUlRQUNvZENodHljRjlvT2tzMk1GTk5TMUpNWTJGR1NVUnpTMVpJY0MxMlgwRRAB
Lee Webber,5.0,Love the place.,a month ago,2026-07-05,,"Dear Guest Lee Webber,

On behalf of the hotel management & staff we would like to thank you for high rating of the Titanic Deluxe Golf Belek Hotel.

We hope that very soon we will welcome you at our hotel again.

With kind regards,
CRM MANAGEMENT",4 reviews · 6 photos,Ci9DQUlRQUNvZENodHljRjlvT25GMlQwcHRTVmN4VmxsNGNtNU5UM0pZTFZCUlpXYxAB
Cedric Lie,5.0,I m here second and its great!,a month ago,2026-07-05,,"Dear Guest Cedric Lie,

Thank you for your kind feedback and for choosing to stay again at Titanic Deluxe Golf Belek.
We are delighted to hear that you are enjoying your second visit and that everything is going great. Your continued trust and support mean a lot to us.
We look forward to welcoming you back again for many more enjoyable stays.

Best regards,
CRM Management",1 review,Ci9DQUlRQUNvZENodHljRjlvT21STlZFdHdSMUpqUkZkblZFVllkMUJvT0d4T1YwRRAB
Graeme Coulson,5.0,,a month ago,2026-07-05,,"Dear Guest Graeme Coulson,

On behalf of the hotel management & staff, we would like to express our gratitude for your wonderful rating of Titanic Deluxe Golf Belek Hotel.

We hope to have the pleasure of hosting you again very soon.

With kind regards,
CRM MANAGEMENT",,Ci9DQUlRQUNvZENodHljRjlvT21WaVYycFNaa3hFY0VSUVJIaHFNMUpDVWkxVVJHYxAB
مرام سعيد,5.0,The best entertainment and animation team,a month ago,2026-07-05,,"Dear Guest مرام سعيد,

Thank you for your kind feedback regarding your stay at Titanic Deluxe Golf Belek.

We are very pleased to hear your positive comments about our entertainment and animation team. Your recognition is truly appreciated and will be shared with the team, as it is a great motivation for them.
We look forward to welcoming you back again soon for another enjoyable stay.

Best regards,
CRM Management",1 review,Ci9DQUlRQUNvZENodHljRjlvT2xOUVNEaFNMV3BRVFZKc1pEZE1lRk0yTlZSWlgyYxAB
Yusuf Akdaş,5.0,Beautiful animation.,a month ago,2026-07-05,,"Dear Guest Yusuf Akdaş,

First of all, on behalf of the Titanic Deluxe Golf Belek family, we would like to thank you for rating our resort on Google.

We are very happy to have earned your satisfaction.
We hope to welcome you again soon...

Sincerely,
CRM MANAGEMENT",6 reviews,Ci9DQUlRQUNvZENodHljRjlvT21GbFkyVkpabmRwTWtsblRraFhVVFZvY0hocVNHYxAB
Yasin Önder,5.0,"We chose this hotel after seeing it on social media, but honestly, we didn't expect to be so pleased 😊 Everything was truly wonderful. The rooms were spotlessly clean and very comfortable. The beds were incredibly comfortable. The hotel was also excellent in terms of food; there were different options every day, and they were all delicious. We were particularly impressed by the attentiveness of the staff. Everyone was very kind and helpful. The mini club exceeded our expectations. Our children had an amazing time throughout their holiday. The daytime activities were very enjoyable and age-appropriate for the children. The evening activities were also very fun. I would like to especially thank the staff there; they were very attentive to the children and constantly tried to make them happy. Having such staff makes the hotel even more special. It has definitely become a place we will choose again.",a month ago,2026-07-05,,"Dear Valued Guest Yasin Önder,

Thank you for your kind review of our facility.

Every comment you make is very important to us.

We are very happy to have earned your satisfaction. Your satisfaction motivates our entire team and encourages us to provide even better service.

It would be a pleasure to see you again and serve you.

Sincerely,
CRM Management",6 reviews,Ci9DQUlRQUNvZENodHljRjlvT25oWlVFMUxSWEZMYUdaeVoyUnZTblZ3V1U5RlNrRRAB
Terry Turner,5.0,"The whole Experience was very good, food, accommodation was excellent and beach restaurants were very good. Many thanks",a month ago,2026-07-05,,"Dear Guest Terry Turner,

Thank you for sharing your kind feedback following your stay at Titanic Deluxe Golf Belek.

We are delighted to hear that you had a very good overall experience and that you were pleased with the food, accommodation, and our beach restaurants. Your positive comments are greatly appreciated and will be shared with our team.

We truly value your feedback and hope to have the pleasure of welcoming you back again in the future.

Best regards,
CRM Management",4 reviews,Ci9DQUlRQUNvZENodHljRjlvT2xWR2JIRndZbHBRVlhBd1lYcHZlbXh5ZHpSd1JWRRAB
Ahmet ŞİMŞEK,5.0,A huge thank you to the animation team! Everyone was so friendly. We had so much fun at the activities. The evening entertainment was great. Yamas restaurant was especially fantastic 🥰,a month ago,2026-07-05,,"Dear Guest Ahmet ŞİMŞEK,

First of all, on behalf of the Titanic Deluxe Golf Belek family, we would like to thank you for rating our resort on Google.

We are very happy to have earned your satisfaction.
We hope to welcome you again soon...

Sincerely,
CRM MANAGEMENT",4 reviews,Ci9DQUlRQUNvZENodHljRjlvT2tSSVVYcG9jVTB6Tm5sNU5XOU1aakZaYmxWcmFFRRAB
coc R4WERKA,5.0,,a month ago,2026-07-05,,"Dear Guest coc R4WERKA,

Thank you very much for your excellent rating of Titanic Deluxe Golf Belek Hotel.

On behalf of our hotel management and staff, we truly appreciate your support and look forward to welcoming you again soon.

With kind regards,
CRM MANAGEMENT",2 reviews,Ci9DQUlRQUNvZENodHljRjlvT2tORmRWSm1VaTFwTUhoVVVtVktVMloxVUVSeE1IYxAB
sam elsy,5.0,"Amazing stay at the titantic belek. Staff lovely friendly and helpfu
Excellent service.. amazing amenities. Nothing qas a problem for all staff
Evening shows where outstanding
Would definately recommend",a month ago,2026-07-05,,"Dear Guest sam elsy,

Thank you for sharing your wonderful feedback following your stay at Titanic Deluxe Golf Belek.

We are delighted to hear that you had an amazing stay and that you found our staff to be friendly, helpful, and attentive. Your kind words regarding our service and facilities are greatly appreciated and will be shared with the entire team.

It is also a pleasure to know that you enjoyed the evening shows and overall entertainment program. Creating memorable experiences for our guests is always our top priority.

Thank you for your recommendation. We look forward to welcoming you back again in the future for another exceptional stay.

Best regards,
CRM Management",3 reviews,Ci9DQUlRQUNvZENodHljRjlvT2s0MVNUWjJjVWxYT1RsWGFrcHZTRzl5T0VSQ1lYYxAB
Alfie Mansell,5.0,,a month ago,2026-07-05,,"Dear Guest Alfie Mansell,

On behalf of the hotel management & staff, we would like to express our gratitude for your wonderful rating of Titanic Deluxe Golf Belek Hotel.

We hope to have the pleasure of hosting you again very soon.

With kind regards,
CRM MANAGEMENT",,Ci9DQUlRQUNvZENodHljRjlvT20weWFXNDJaRkZ0Tms1VVNEZENZVFpOZVhaVmIzYxAB
Марина Попова,5.0,,a month ago,2026-07-05,,"Dear Guest Marina Popova,

Thank you for choosing the Titanic Deluxe Golf Belek for your vacation and for your high rating of our service.
We are truly pleased that we were able to meet your expectations.

We look forward to welcoming you back to our hotel.

Best wishes and see you soon,
CRM MANAGEMENT",,Ci9DQUlRQUNvZENodHljRjlvT2t4d1RGbGpjRGswVmpWWGJIUlFSa1Y0WmtadWVIYxAB
Alyn Cousins,5.0,,a month ago,2026-07-05,,"Dear Guest Alyn Cousins,

On behalf of the hotel management & staff we would like to thank you for high rating of the Titanic Deluxe Golf Belek Hotel.

We hope that very soon we will welcome you at our hotel again.

With kind regards,
CRM MANAGEMENT",1 review,Ci9DQUlRQUNvZENodHljRjlvT2xGRGQwOUNXR1kzTWs1QlgzSnRaRXhFYUhwM0xYYxAB
Mert Saltaoglu,5.0,Many thanks to the animation team. I would love to come back again.,a month ago,2026-07-05,,"Dear Guest Mert Saltaoglu,

First of all, on behalf of the Titanic Deluxe Golf Belek family, we would like to thank you for rating our resort on Google.

We are very happy to have earned your satisfaction.
We hope to welcome you again soon...

Sincerely,
CRM MANAGEMENT",1 review,Ci9DQUlRQUNvZENodHljRjlvT21wNGRWcGpjSHBqWld0ZlptTlhObXMzZVZjdE0wRRAB
Serkan Yavuzaslan,5.0,"Thank you for everything. Especially the animation team, they were all so friendly and helpful 🙏",a month ago,2026-07-05,,"Dear Guest Serkan Yavuzaslan,

First of all, on behalf of the Titanic Deluxe Golf Belek family, we would like to thank you for rating our resort highly on Google.

We look forward to welcoming you again soon.

Sincerely,
CRM MANAGEMENT",1 review,Ci9DQUlRQUNvZENodHljRjlvT2pCcmRXcDRWRmxMTVc0eU1tRmFVVUo0TFdSbVpWRRAB
Hüseyin Güner,5.0,"We were very pleased with everything about the hotel. The animation team, in particular, was very friendly and welcoming. And the entertainment at the Yamas restaurant was very enjoyable. Thank you for everything!",a month ago,2026-07-05,,"Dear Valued Guest Hüseyin Güner,

Thank you for your kind review of our facility.

Every comment you make is very important to us.
We are very happy to have earned your satisfaction. Your satisfaction motivates our entire team and encourages us to provide even better service.

It would be a pleasure to see you again and serve you.

Sincerely,

CRM Management",2 reviews,Ci9DQUlRQUNvZENodHljRjlvT21oU2VXa3hWVkV3VFRkM1FYWlNlVGt4TTNaZlMxRRAB
Jack Horton,5.0,"Great stay at the hotel, service also great",a month ago,2026-07-05,,"Dear Guest Jack Horton,

Thank you for your kind feedback regarding your stay at Titanic Deluxe Golf Belek.

We are very pleased to hear that you enjoyed your stay and found the service to be great. Your comments are truly appreciated and will be shared with our team.

We look forward to welcoming you back again soon.

Best regards,
CRM Management",1 review,Ci9DQUlRQUNvZENodHljRjlvT2xOelJGZFliR1JpWkZCR1JsTmFTRVJhU2kwME5YYxAB
Faruk Acipinar,5.0,"The animations were very nice and fun, thank you for everything.",a month ago,2026-07-05,,"Dear Guest Faruk Acipinar,

First of all, thank you very much for choosing our hotel and sharing your feedback with us. Reading that you were satisfied with every moment of your holiday made our entire team very happy.

As the Titanic Deluxe Golf Belek Family, we would like to see you again soon and wish you pleasant days.

Sincerely,
CRM MANAGEMENT",1 review,Ci9DQUlRQUNvZENodHljRjlvT2xWNGNVMUlVakJYUmxaQ2VWTkRkVzQzUXpGbVlWRRAB
ryan maxwell,5.0,It’s a great place great staff lovely place.very good staff good to me and very helpful whenever I need them,a month ago,2026-07-05,,"Dear Guest ryan maxwell,

First of all we would like to thank you for choosing Titanic Deluxe Golf Belek  for your holiday!
We are very happy that you spoke highly of the service and behavior of our staff.
Your nice comments will be shared with all our staff and hotel management.
It would be our pleasure to welcome you back here for many more memorable holiday experiences!

With kind regards,
CRM Management",1 review,Ci9DQUlRQUNvZENodHljRjlvT2pSWFVVbFFOMmRxVEcxU2JtWnFVMU5IY0VsMGRGRRAB
Aryan Zahediseysan,5.0,"My wife and I really liked the Titanic Hotel. It's very large and very comfortable, the food and drinks are plentiful and delicious, and the animation program and the animation staff are wonderful and professional. We participated in all the activities and it was great and very fun 💕",a month ago,2026-07-05,,"Dear Guest Aryan Zahediseysan,

First of all, thank you for taking the time to share your experiences with us and Google readers. We are very happy that you were satisfied with the facilities and service quality offered by our hotel.

As the Titanic Deluxe Golf Belek family, we wish you happy and healthy days and would like you to know that we would be delighted to welcome you again.

Sincerely,
CRM MANAGEMENT",1 review,Ci9DQUlRQUNvZENodHljRjlvT2pGRGVsZFRlbVV4U1ZGb1pEUk1PV3RXUlVJemExRRAB
Melissa VB,5.0,We are here for the 4th time now and it never disappoints us. It really feels like a holiday here and the service is truly top-notch. Highly recommended.,a month ago,2026-07-05,,"Dear Guest Melissa VB,

Thank you for choosing Titanic Deluxe Golf Belek and for sharing your highest score hereby!
We are happy that you remained satisfied with our hotel and we will happily share your kind words with our staff.
We would be happy to welcome you here again in the near future!

Best regards,
CRM Management",10 reviews · 3 photos,Ci9DQUlRQUNvZENodHljRjlvT2tZdGR6VlhaVTlVU2tWVmJsZFNaemxUTjFwblUwRRAB
Станислав Кочергин,5.0,Third time at this hotel,a month ago,2026-07-05,,"Dear Guest Stanislav Kochergin,

First of all, thank you for choosing the Titanic Deluxe Golf Hotel for your vacation and for sharing your review. We are truly delighted that you had a positive experience at our hotel. We look forward to welcoming you back.

Best wishes and see you again,
CRM Management",Local Guide · 19 reviews · 20 photos,Ci9DQUlRQUNvZENodHljRjlvT25ZdFJuVXpNVGR6Ym05dVIySmZXbDl1Y0V4cmJFRRAB
Michelle Henderson,5.0,,Edited a month ago,2026-07-05,,"Dear Michelle Henderson,
Thank you for taking the time to share your experience regarding your stay at our property.
We are delighted to hear that you were pleased with the services provided by our hotel and that you enjoyed your overall stay.
We would be very pleased to welcome you back at any time.
Sincerely,
CRM MANAGEMENT",,Ci9DQUlRQUNvZENodHljRjlvT21WNlJXUldNM28wV1ZKQmMxcHpVV2h0Ylc5RFQxRRAB
almagulo2022,3.0,"The first time we stayed was in the fall of 2023, this time in May-June 2026. Unfortunately, the hotel has changed for the worse. The biggest downsides are the residents, who don't know how to behave, and the staff, who don't like their …",a month ago,2026-07-05,,,,ChdDSUhNMG9nS0VJUzlnb1MxckpfNnhRRRAB
Brian greslow,5.0,"First time here, come back no problem, brilliant",a month ago,2026-07-05,,"Dear Guest Brian greslow,

We would like to thank you for choosing Titanic Deluxe Golf Belek hotel as your … More",1 review,Ci9DQUlRQUNvZENodHljRjlvT2xCbFNXVXpZemhWVkY5NFN6QkZXVGxLZDBWMFJWRRAB
Jeffrey Yeates,5.0,"Very good, unbelievable experience.",a month ago,2026-07-05,,"Dear Guest Jeffrey Yeates,

Thank you for choosing Titanic Deluxe Golf and for sharing your highest score … More",3 reviews,Ci9DQUlRQUNvZENodHljRjlvT2s1aGFUTlFNRGxCUmpkdFNIWlhaVWR6T0daSFpuYxAB
Fatih Pekkolay,5.0,,a month ago,2026-07-05,,"Dear Guest Fatih Pekkolay,

First of all, on behalf of the Titanic Deluxe Golf Belek family, we would like … More",1 review,Ci9DQUlRQUNvZENodHljRjlvT2pCUVkxOTFZekZmYkdkWVJsOTJhbmR6WmpKMk1tYxAB
Eyup Kılıçtaş,5.0,,a month ago,2026-07-05,,"Dear Guest Eyup Kılıçtaş,

First of all, on behalf of the Titanic Deluxe Golf Belek family, we would like … More",2 reviews,Ci9DQUlRQUNvZENodHljRjlvT2tNd1ZYTndOVzU2VlhOR1VtdEJkV1Z1VFRSdmQxRRAB
Fatih Fenerbahçe,5.0,,a month ago,2026-07-05,,"Dear Guest Fatih Fenerbahçe,

First of all, thank you for taking the time to rate us with a high score. … More",,Ci9DQUlRQUNvZENodHljRjlvT2xoV1VDMW5iazFEWkY5cWIzcElUR1J2V0dsSFZuYxAB
Ayan Zeynalova,5.0,"I really liked this hotel, it has everything, absolutely EVERYTHING! What I loved most was the mini club because I socialized there. There were a few really beautiful girls there, their names were Zilan and Nehir 🎀💐 …",a month ago,2026-07-05,,"Dear Guest Ayan Zeynalova,

First of all, on behalf of the Titanic Deluxe Golf Belek family, we would like … More",2 reviews,Ci9DQUlRQUNvZENodHljRjlvT2t4NWNWRlZWVmR6VDIxMVZXbE1SazlYTnpkWFgyYxAB
Mehmet Yıldırım,5.0,,a month ago,2026-07-05,,"Dear Guest Mehmet Yıldırım,

Thank you for sharing your valuable feedback with us. … More",1 review,Ci9DQUlRQUNvZENodHljRjlvT2xvMmQyUkdObUZhWW05U1dtOTVXbHAwT0Y5emNGRRAB
Антон Макентош,5.0,,a month ago,2026-07-05,,"Dear Guest Anton Makentosh,

First of all, thank you for choosing the Titanic Deluxe Golf Belek Hotel for … More",,Ci9DQUlRQUNvZENodHljRjlvT25weFYySnBha1JxVkcweFIxSnNVRVpxUXpKbWNrRRAB
Mathieu Verjans,5.0,,a month ago,2026-07-05,,"Dear Guest Mathieu Verjans,

Thank you for choosing Titanic Deluxe Golf and for sharing your highest score … More",10 reviews · 5 photos,Ci9DQUlRQUNvZENodHljRjlvT2s5YVgxcHFPVEZyZUc5NlZEZElZVXBtYTBKUFdGRRAB
